
 ===================================================
  XFOIL Version 6.99
  Copyright (C) 2000   Mark Drela, Harold Youngren

  This software comes with ABSOLUTELY NO WARRANTY,
    subject to the GNU General Public License.

  Caveat computor
 ===================================================

 File  xfoil.def  not found

   QUIT    Exit program

  .OPER    Direct operating point(s)
  .MDES    Complex mapping design routine
  .QDES    Surface speed design routine
  .GDES    Geometry design routine

   SAVE f  Write airfoil to labeled coordinate file
   PSAV f  Write airfoil to plain coordinate file
   ISAV f  Write airfoil to ISES coordinate file
   MSAV f  Write airfoil to MSES coordinate file
   REVE    Reverse written-airfoil node ordering

   LOAD f  Read buffer airfoil from coordinate file
   NACA i  Set NACA 4,5-digit airfoil and buffer airfoil
   INTE    Set buffer airfoil by interpolating two airfoils
   NORM    Buffer airfoil normalization toggle
   XYCM rr Change CM reference location, currently  0.25000 0.00000

   BEND    Display structural properties of current airfoil

   PCOP    Set current-airfoil panel nodes directly from buffer airfoil points
   PANE    Set current-airfoil panel nodes ( 160 ) based on curvature
  .PPAR    Show/change paneling

  .PLOP    Plotting options

   WDEF f  Write  current-settings file
   RDEF f  Reread current-settings file
   NAME s  Specify new airfoil name
   NINC    Increment name version number

   Z       Zoom    | (available in all menus)
   U       Unzoom  | 

 XFOIL   c>  
 Labeled airfoil file.  Name:  NACA 64A223 STANDARD - PDAS/NASA TM-X-3069 6A ge

 Number of input coordinate points: 801
 Counterclockwise ordering
 Max thickness =     0.230026  at x =   0.378
 Max camber    =     0.011962  at x =   0.571

  LE  x,y  =  -0.00023   0.00291  |   Chord =   1.00024
  TE  x,y  =   1.00000   0.00000  |
 Maximum number of panel nodes  :          495
 Number of buffer airfoil points:          801
 Current airfoil cannot be set.
 Try executing PANE at Top Level instead.

 XFOIL   c>  
 Sharp trailing edge

 Paneling parameters used...
   Number of panel nodes       160
   Panel bunching parameter    1.000
   TE/LE panel density ratio   0.150
   Refined-area/LE panel density ratio    0.200
   Top    side refined area x/c limits  1.000 1.000
   Bottom side refined area x/c limits  1.000 1.000

 XFOIL   c>  
.OPERi   c>  
 M  =    0.0000
 Re =    600000

.OPERv   c>  
.OPERv   c>  
.OPERv   c>  
 Polar  1 newly created for accumulation
 Airfoil archived with polar: NACA 64A223 STANDARD - PDAS/NASA TM-X-3069 6A ge

Enter  polar save filename  OR  <return> for no file   s>  
 New polar save file available

Enter  polar dump filename  OR  <return> for no file   s>  
 Polar dump file will NOT be written

 Polar accumulation enabled

.OPERva   c>   Calculating unit vorticity distributions ...
 Calculating wake trajectory ...
 Calculating source influence matrix ...

 Solving BL system ...

 Initializing BL ...
    side            1  ...
 MRCHUE: Inverse mode at  48     Hk =   4.247
 MRCHUE: Inverse mode at  49     Hk =   5.351
 MRCHUE: Inverse mode at  50     Hk =   6.430
 MRCHUE: Inverse mode at  51     Hk =   7.501
 MRCHUE: Inverse mode at  52     Hk =   8.573
 MRCHUE: Inverse mode at  53     Hk =   9.639
 MRCHUE: Inverse mode at  54     Hk =   4.778
 MRCHUE: Inverse mode at  55     Hk =   2.507
 MRCHUE: Convergence failed at  81  side 1    Res =  0.7127E+01
    side            2  ...
 MRCHUE: Inverse mode at  48     Hk =   4.182
 MRCHUE: Inverse mode at  49     Hk =   5.238
 MRCHUE: Inverse mode at  50     Hk =   6.276
 MRCHUE: Inverse mode at  51     Hk =   7.298
 MRCHUE: Inverse mode at  52     Hk =   8.325
 MRCHUE: Inverse mode at  53     Hk =   9.348
 MRCHUE: Inverse mode at  54     Hk =   6.771
 MRCHUE: Inverse mode at  55     Hk =   3.513
 MRCHUE: Convergence failed at  81  side 2    Res =  0.6169E+01

 MRCHDU: Convergence failed at  81  side 1    Res =  0.7469E+01
 MRCHDU: Convergence failed at  81  side 2    Res =  0.1769E+01
 Side 1  free  transition at x/c =  0.5548   54
 Side 2  free  transition at x/c =  0.5557   54

   1   rms: 0.6145E+00   max: 0.2842E+01   D at   83  2   RLX: 0.317
       a =  0.000      CL =  0.1922
      Cm = -0.0410     CD =  0.00163   =>   CDf =  0.00695    CDp = -0.00532

 Side 1  free  transition at x/c =  0.5619   54
 Side 2  free  transition at x/c =  0.5622   54

   2   rms: 0.4915E+00   max: 0.2246E+01   D at   84  2   RLX: 0.608
       a =  0.000      CL =  0.1504
      Cm = -0.0321     CD =  0.00429   =>   CDf =  0.00679    CDp = -0.00250

 MRCHDU: Convergence failed at  81  side 2    Res =  0.1454E+00
 Side 1  free  transition at x/c =  0.5775   55
 Side 2  free  transition at x/c =  0.5739   55
 idif Ue xi dudx           1  0.25026834      4.48548794E-03   55.795120    
 Uenew xinew           2  0.11697635      2.09653378E-03

   3   rms: 0.2951E+00   max: 0.1228E+01   D at   85  2
       a =  0.000      CL = -0.0864
      Cm =  0.0206     CD =  0.00691   =>   CDf =  0.00651    CDp =  0.00040

 MRCHDU: Convergence failed at  82  side 2    Res =  0.1021E+01
 Side 1  free  transition at x/c =  0.5903   54
 Side 2  free  transition at x/c =  0.5812   56
 idif Ue xi dudx           1  0.23090385      4.09710407E-03   56.357819    
 Uenew xinew           2  9.43327099E-02  1.67381763E-03

   4   rms: 0.1224E+00   max: 0.1275E+01   D at   82  2
       a =  0.000      CL = -0.2159
      Cm =  0.0496     CD =  0.00779   =>   CDf =  0.00641    CDp =  0.00138

 MRCHDU: Convergence failed at  83  side 2    Res =  0.1235E+01
 Side 1  free  transition at x/c =  0.5923   54
 Side 2  free  transition at x/c =  0.5799   57
 idif Ue xi dudx           1  0.17102653      3.97801399E-03   42.992943    
 Uenew xinew           2  6.42899871E-02  1.49536133E-03

   5   rms: 0.1653E+00   max: 0.5118E+00   D at   86  2   RLX: 0.870
       a =  0.000      CL = -0.3577
      Cm =  0.0818     CD =  0.00672   =>   CDf =  0.00641    CDp =  0.00031

 MRCHDU: Convergence failed at  84  side 2    Res =  0.1791E+01
 Side 1  free  transition at x/c =  0.5929   53
 Side 2  free  transition at x/c =  0.5789   58
 idif Ue xi dudx           1  0.15926655      3.94892693E-03   40.331600    
 Uenew xinew           2  5.63966818E-02  1.39832497E-03

   6   rms: 0.2181E+00   max: 0.6282E+00   D at   86  2   RLX: 0.614
       a =  0.000      CL = -0.4993
      Cm =  0.1147     CD =  0.00555   =>   CDf =  0.00646    CDp = -0.00091

 MRCHDU: Convergence failed at  85  side 2    Res =  0.2099E+01
 Side 1  free  transition at x/c =  0.5933   52
 Side 2  free  transition at x/c =  0.5779   59
 idif Ue xi dudx           1  0.14811538      3.81040573E-03   38.871288    
 Uenew xinew           2  4.57821302E-02  1.17778778E-03

   7   rms: 0.2875E+00   max: -.8311E+00   U at   85  2   RLX: 0.451
       a =  0.000      CL = -0.6447
      Cm =  0.1490     CD =  0.00478   =>   CDf =  0.00656    CDp = -0.00177

 MRCHDU: Convergence failed at  86  side 2    Res =  0.2185E+01
 Side 1  free  transition at x/c =  0.5934   51
 Side 2  free  transition at x/c =  0.5769   60
 idif Ue xi dudx           1  0.13472521      3.10933590E-03   43.329258    
 Uenew xinew           2  1.62188858E-02  3.74317169E-04

   8   rms: 0.3487E+00   max: -.1066E+01   U at   86  2   RLX: 0.352
       a =  0.000      CL = -0.7861
      Cm =  0.1829     CD =  0.00429   =>   CDf =  0.00668    CDp = -0.00239

 MRCHDU: Convergence failed at  87  side 2    Res =  0.2581E+00
 Side 1  free  transition at x/c =  0.5933   50
 Side 2  free  transition at x/c =  0.5758   61

   9   rms: 0.3989E+00   max: -.1297E+01   U at   87  2   RLX: 0.289
       a =  0.000      CL = -0.9177
      Cm =  0.2151     CD =  0.00398   =>   CDf =  0.00661    CDp = -0.00264

 Side 1  free  transition at x/c =  0.5932   50
 Side 2  free  transition at x/c =  0.5734   61

  10   rms: 0.4453E+00   max: -.8227E+00   U at   87  2   RLX: 0.426
       a =  0.000      CL = -0.6612
      Cm =  0.1532     CD =  0.00469   =>   CDf =  0.00642    CDp = -0.00173

 MRCHDU: Convergence failed at  86  side 2    Res =  0.3209E+00
 Side 1  free  transition at x/c =  0.5941   51
 Side 2  free  transition at x/c =  0.5724   60
 idif Ue xi dudx           1  0.13816975      3.22926044E-03   42.786808    
 Uenew xinew           2  2.11470257E-02  4.94241714E-04

  11   rms: 0.3364E+00   max: -.1094E+01   U at   86  2   RLX: 0.343
       a =  0.000      CL = -0.7875
      Cm =  0.1832     CD =  0.00426   =>   CDf =  0.00674    CDp = -0.00248

 Side 1  free  transition at x/c =  0.5938   50
 Side 2  free  transition at x/c =  0.5730   61

  12   rms: 0.4351E+00   max: -.6473E+00   U at   87  2   RLX: 0.435
       a =  0.000      CL = -0.5307
      Cm =  0.1224     CD =  0.00516   =>   CDf =  0.00624    CDp = -0.00108

 MRCHDU: Convergence failed at  85  side 2    Res =  0.2660E+01
 Side 1  free  transition at x/c =  0.5942   52
 Side 2  free  transition at x/c =  0.5758   59
 idif Ue xi dudx           1  0.16201484      4.22918797E-03   38.308735    
 Uenew xinew           2  6.11625761E-02  1.59657001E-03

  13   rms: 0.3007E+00   max: -.8877E+00   U at   85  2   RLX: 0.422
       a =  0.000      CL = -0.6718
      Cm =  0.1553     CD =  0.00462   =>   CDf =  0.00659    CDp = -0.00197

 MRCHDU: Convergence failed at  86  side 2    Res =  0.7223E+00
 Side 1  free  transition at x/c =  0.5939   51
 Side 2  free  transition at x/c =  0.5757   60
 idif Ue xi dudx           1  0.14868294      3.51202488E-03   42.335388    
 Uenew xinew           2  3.28948572E-02  7.77006149E-04

  14   rms: 0.3575E+00   max: -.1115E+01   U at   86  2   RLX: 0.336
       a =  0.000      CL = -0.8104
      Cm =  0.1887     CD =  0.00421   =>   CDf =  0.00672    CDp = -0.00251

 MRCHDU: Convergence failed at  87  side 2    Res =  0.2744E+00
 Side 1  free  transition at x/c =  0.5936   50
 Side 2  free  transition at x/c =  0.5750   61

  15   rms: 0.4075E+00   max: -.1339E+01   U at   87  2   RLX: 0.280
       a =  0.000      CL = -0.9426
      Cm =  0.2211     CD =  0.00392   =>   CDf =  0.00664    CDp = -0.00272

 Side 1  free  transition at x/c =  0.5933   50
 Side 2  free  transition at x/c =  0.5718   61

  16   rms: 0.4361E+00   max: -.8661E+00   U at   87  2   RLX: 0.433
       a =  0.000      CL = -0.6898
      Cm =  0.1599     CD =  0.00460   =>   CDf =  0.00644    CDp = -0.00184

 MRCHDU: Convergence failed at  86  side 2    Res =  0.4263E+00
 Side 1  free  transition at x/c =  0.5942   51
 Side 2  free  transition at x/c =  0.5706   60
 idif Ue xi dudx           1  0.15190944      3.55887413E-03   42.684692    
 Uenew xinew           2  3.51660140E-02  8.23855400E-04

  17   rms: 0.3387E+00   max: -.1141E+01   U at   86  2   RLX: 0.329
       a =  0.000      CL = -0.8093
      Cm =  0.1884     CD =  0.00420   =>   CDf =  0.00678    CDp = -0.00258

 Side 1  free  transition at x/c =  0.5938   50
 Side 2  free  transition at x/c =  0.5718   61

  18   rms: 0.4289E+00   max: -.6769E+00   U at   87  2   RLX: 0.439
       a =  0.000      CL = -0.5535
      Cm =  0.1277     CD =  0.00509   =>   CDf =  0.00626    CDp = -0.00117

 MRCHDU: Convergence failed at  85  side 2    Res =  0.5462E+00
 Side 1  free  transition at x/c =  0.5943   52
 Side 2  free  transition at x/c =  0.5749   59
 idif Ue xi dudx           1  0.13713881      3.70442867E-03   37.020233    
 Uenew xinew           2  3.96786816E-02  1.07181072E-03

  19   rms: 0.3244E+00   max: -.9250E+00   U at   85  2   RLX: 0.239
       a =  0.000      CL = -0.6346
      Cm =  0.1472     CD =  0.00449   =>   CDf =  0.00662    CDp = -0.00213

 Side 1  free  transition at x/c =  0.5941   51
 Side 2  free  transition at x/c =  0.5751   60

  20   rms: 0.1896E+00   max: -.6567E+00   U at   86  2   RLX: 0.571
       a =  0.000      CL = -0.5333
      Cm =  0.1226     CD =  0.00533   =>   CDf =  0.00634    CDp = -0.00102

 MRCHDU: Convergence failed at  85  side 2    Res =  0.6562E+00
 Side 1  free  transition at x/c =  0.5936   52
 Side 2  free  transition at x/c =  0.5769   59
 idif Ue xi dudx           1  0.16465344      4.23455238E-03   38.883316    
 Uenew xinew           2  6.22885227E-02  1.60193443E-03

  21   rms: 0.3044E+00   max: -.8989E+00   U at   85  2   RLX: 0.417
       a =  0.000      CL = -0.6770
      Cm =  0.1567     CD =  0.00460   =>   CDf =  0.00659    CDp = -0.00199

 MRCHDU: Convergence failed at  86  side 2    Res =  0.1980E+01
 Side 1  free  transition at x/c =  0.5936   51
 Side 2  free  transition at x/c =  0.5762   60
 idif Ue xi dudx           1  0.15071996      3.55386734E-03   42.410126    
 Uenew xinew           2  3.47274728E-02  8.18848610E-04

  22   rms: 0.3617E+00   max: -.1128E+01   U at   86  2   RLX: 0.333
       a =  0.000      CL = -0.8161
      Cm =  0.1903     CD =  0.00419   =>   CDf =  0.00672    CDp = -0.00254

 MRCHDU: Convergence failed at  87  side 2    Res =  0.1965E+00
 Side 1  free  transition at x/c =  0.5934   50
 Side 2  free  transition at x/c =  0.5753   61

  23   rms: 0.4106E+00   max: -.1352E+01   U at   87  2   RLX: 0.277
       a =  0.000      CL = -0.9480
      Cm =  0.2225     CD =  0.00390   =>   CDf =  0.00664    CDp = -0.00274

 Side 1  free  transition at x/c =  0.5932   50
 Side 2  free  transition at x/c =  0.5718   61

  24   rms: 0.4314E+00   max: -.8784E+00   U at   87  2   RLX: 0.427
       a =  0.000      CL = -0.7025
      Cm =  0.1629     CD =  0.00457   =>   CDf =  0.00644    CDp = -0.00187

 MRCHDU: Convergence failed at  86  side 2    Res =  0.5022E+00
 Side 1  free  transition at x/c =  0.5940   51
 Side 2  free  transition at x/c =  0.5707   60
 idif Ue xi dudx           1  0.16203390      3.80289555E-03   42.608032    
 Uenew xinew           2  4.55001295E-02  1.06787682E-03

  25   rms: 0.3521E+00   max: -.1162E+01   U at   86  2   RLX: 0.323
       a =  0.000      CL = -0.8265
      Cm =  0.1926     CD =  0.00417   =>   CDf =  0.00680    CDp = -0.00263

 Side 1  free  transition at x/c =  0.5937   50
 Side 2  free  transition at x/c =  0.5717   61

  26   rms: 0.4320E+00   max: -.6976E+00   U at   87  2   RLX: 0.434
       a =  0.000      CL = -0.5715
      Cm =  0.1319     CD =  0.00503   =>   CDf =  0.00642    CDp = -0.00138

 MRCHDU: Convergence failed at  86  side 2    Res =  0.3951E+01
 Side 1  free  transition at x/c =  0.5943   51
 Side 2  free  transition at x/c =  0.5744   60

  27   rms: 0.3135E+00   max: -.9525E+00   U at   86  2   RLX: 0.394
       a =  0.000      CL = -0.7099
      Cm =  0.1644     CD =  0.00451   =>   CDf =  0.00650    CDp = -0.00199

 MRCHDU: Convergence failed at  86  side 2    Res =  0.3337E+00
 Side 1  free  transition at x/c =  0.5939   51
 Side 2  free  transition at x/c =  0.5747   60
 idif Ue xi dudx           1  0.17287533      4.00507450E-03   43.164074    
 Uenew xinew           2  5.48207797E-02  1.27005577E-03

  28   rms: 0.3632E+00   max: -.1176E+01   U at   86  2   RLX: 0.319
       a =  0.000      CL = -0.8427
      Cm =  0.1966     CD =  0.00413   =>   CDf =  0.00677    CDp = -0.00263

 Side 1  free  transition at x/c =  0.5936   50
 Side 2  free  transition at x/c =  0.5741   61

  29   rms: 0.4591E+00   max: -.7123E+00   U at   87  2   RLX: 0.409
       a =  0.000      CL = -0.5858
      Cm =  0.1355     CD =  0.00493   =>   CDf =  0.00639    CDp = -0.00146

 MRCHDU: Convergence failed at  86  side 2    Res =  0.6779E+00
 Side 1  free  transition at x/c =  0.5943   51
 Side 2  free  transition at x/c =  0.5755   60

  30   rms: 0.3277E+00   max: -.9760E+00   U at   86  2   RLX: 0.384
       a =  0.000      CL = -0.7283
      Cm =  0.1688     CD =  0.00443   =>   CDf =  0.00649    CDp = -0.00207

 MRCHDU: Convergence failed at  86  side 2    Res =  0.4185E+00
 Side 1  free  transition at x/c =  0.5939   51
 Side 2  free  transition at x/c =  0.5752   60
 idif Ue xi dudx           1  0.18534750      4.28462029E-03   43.258793    
 Uenew xinew           2  6.70338944E-02  1.54960155E-03

  31   rms: 0.3745E+00   max: -.1207E+01   U at   86  2   RLX: 0.311
       a =  0.000      CL = -0.8626
      Cm =  0.2014     CD =  0.00408   =>   CDf =  0.00678    CDp = -0.00270

 Side 1  free  transition at x/c =  0.5937   50
 Side 2  free  transition at x/c =  0.5742   61

  32   rms: 0.4620E+00   max: -.7392E+00   U at   87  2   RLX: 0.406
       a =  0.000      CL = -0.6061
      Cm =  0.1402     CD =  0.00484   =>   CDf =  0.00639    CDp = -0.00155

 MRCHDU: Convergence failed at  86  side 2    Res =  0.1346E+00
 Side 1  free  transition at x/c =  0.5944   51
 Side 2  free  transition at x/c =  0.5753   60

  33   rms: 0.3379E+00   max: -.1009E+01   U at   86  2   RLX: 0.372
       a =  0.000      CL = -0.7487
      Cm =  0.1737     CD =  0.00436   =>   CDf =  0.00651    CDp = -0.00214

 MRCHDU: Convergence failed at  86  side 2    Res =  0.2927E+00
 Side 1  free  transition at x/c =  0.5940   51
 Side 2  free  transition at x/c =  0.5750   60
 idif Ue xi dudx           1  0.19825390      4.59361076E-03   43.158619    
 Uenew xinew           2  8.02142620E-02  1.85859203E-03

  34   rms: 0.3849E+00   max: -.1240E+01   U at   86  2   RLX: 0.302
       a =  0.000      CL = -0.8835
      Cm =  0.2065     CD =  0.00403   =>   CDf =  0.00680    CDp = -0.00277

 Side 1  free  transition at x/c =  0.5937   50
 Side 2  free  transition at x/c =  0.5737   61

  35   rms: 0.4584E+00   max: -.7693E+00   U at   87  2   RLX: 0.410
       a =  0.000      CL = -0.6273
      Cm =  0.1452     CD =  0.00478   =>   CDf =  0.00640    CDp = -0.00162

 MRCHDU: Convergence failed at  86  side 2    Res =  0.4180E+00
 Side 1  free  transition at x/c =  0.5944   51
 Side 2  free  transition at x/c =  0.5744   60
 idif Ue xi dudx           1  0.12536681      2.92479992E-03   42.863380    
 Uenew xinew           2  8.13466311E-03  1.89781189E-04

  36   rms: 0.3382E+00   max: -.1043E+01   U at   86  2   RLX: 0.360
       a =  0.000      CL = -0.7640
      Cm =  0.1774     CD =  0.00431   =>   CDf =  0.00668    CDp = -0.00237

 MRCHDU: Convergence failed at  87  side 2    Res =  0.2666E+00
 Side 1  free  transition at x/c =  0.5940   50
 Side 2  free  transition at x/c =  0.5744   61

  37   rms: 0.4020E+00   max: -.1266E+01   U at   87  2   RLX: 0.296
       a =  0.000      CL = -0.8994
      Cm =  0.2104     CD =  0.00400   =>   CDf =  0.00661    CDp = -0.00261

 Side 1  free  transition at x/c =  0.5936   50
 Side 2  free  transition at x/c =  0.5730   61

  38   rms: 0.4528E+00   max: -.7940E+00   U at   87  2   RLX: 0.416
       a =  0.000      CL = -0.6435
      Cm =  0.1489     CD =  0.00473   =>   CDf =  0.00641    CDp = -0.00168

 MRCHDU: Convergence failed at  86  side 2    Res =  0.3556E+00
 Side 1  free  transition at x/c =  0.5944   51
 Side 2  free  transition at x/c =  0.5730   60
 idif Ue xi dudx           1  0.13033687      3.04532051E-03   42.799065    
 Uenew xinew           2  1.32806264E-02  3.10301781E-04

  39   rms: 0.3351E+00   max: -.1068E+01   U at   86  2   RLX: 0.351
       a =  0.000      CL = -0.7735
      Cm =  0.1797     CD =  0.00428   =>   CDf =  0.00671    CDp = -0.00243

 Side 1  free  transition at x/c =  0.5940   50
 Side 2  free  transition at x/c =  0.5735   61

  40   rms: 0.3326E+00   max: -.7094E+00   U at   87  2   RLX: 0.529
       a =  0.000      CL = -0.5502
      Cm =  0.1268     CD =  0.00510   =>   CDf =  0.00624    CDp = -0.00113

 MRCHDU: Convergence failed at  85  side 2    Res =  0.4887E+00
 Side 1  free  transition at x/c =  0.5941   52
 Side 2  free  transition at x/c =  0.5762   59
 idif Ue xi dudx           1  0.12690200      3.51130962E-03   36.140930    
 Uenew xinew           2  3.17567326E-02  8.78691673E-04

  41   rms: 0.3400E+00   max: -.9227E+00   U at   85  2   RLX: 0.199
       a =  0.000      CL = -0.6208
      Cm =  0.1442     CD =  0.00446   =>   CDf =  0.00661    CDp = -0.00214

 Side 1  free  transition at x/c =  0.5939   51
 Side 2  free  transition at x/c =  0.5760   60

  42   rms: 0.1593E+00   max: -.7009E+00   U at   86  2   RLX: 0.535
       a =  0.000      CL = -0.5821
      Cm =  0.1340     CD =  0.00513   =>   CDf =  0.00648    CDp = -0.00135

 MRCHDU: Convergence failed at  86  side 2    Res =  0.1115E+01
 Side 1  free  transition at x/c =  0.5935   51
 Side 2  free  transition at x/c =  0.5768   60

  43   rms: 0.3332E+00   max: -.9783E+00   U at   86  2   RLX: 0.383
       a =  0.000      CL = -0.7308
      Cm =  0.1696     CD =  0.00444   =>   CDf =  0.00649    CDp = -0.00205

 MRCHDU: Convergence failed at  86  side 2    Res =  0.4907E+00
 Side 1  free  transition at x/c =  0.5934   51
 Side 2  free  transition at x/c =  0.5760   60
 idif Ue xi dudx           1  0.18876213      4.35972214E-03   43.296825    
 Uenew xinew           2  7.03445002E-02  1.62470341E-03

  44   rms: 0.3861E+00   max: -.1215E+01   U at   86  2   RLX: 0.309
       a =  0.000      CL = -0.8703
      Cm =  0.2034     CD =  0.00408   =>   CDf =  0.00678    CDp = -0.00270

 Side 1  free  transition at x/c =  0.5933   50
 Side 2  free  transition at x/c =  0.5746   61

  45   rms: 0.4689E+00   max: -.7478E+00   U at   87  2   RLX: 0.398
       a =  0.000      CL = -0.6145
      Cm =  0.1423     CD =  0.00483   =>   CDf =  0.00639    CDp = -0.00156

 MRCHDU: Convergence failed at  86  side 2    Res =  0.2011E+00
 Side 1  free  transition at x/c =  0.5942   51
 Side 2  free  transition at x/c =  0.5754   60
 idif Ue xi dudx           1  0.11971558      2.78759003E-03   42.945908    
 Uenew xinew           2  2.25772196E-03  5.25712967E-05

  46   rms: 0.3390E+00   max: -.1024E+01   U at   86  2   RLX: 0.366
       a =  0.000      CL = -0.7556
      Cm =  0.1754     CD =  0.00434   =>   CDf =  0.00666    CDp = -0.00232

 MRCHDU: Convergence failed at  87  side 2    Res =  0.3024E+00
 Side 1  free  transition at x/c =  0.5938   50
 Side 2  free  transition at x/c =  0.5750   61

  47   rms: 0.5003E+00   max: 0.5313E+01   D at    2  2   RLX: 0.186
       a =  0.000      CL = -0.8426
      Cm =  0.1975     CD =  0.00401   =>   CDf =  0.00660    CDp = -0.00259

 Side 1  free  transition at x/c =  0.5936   50
 Side 2  free  transition at x/c =  0.5744   61

  48   rms: 0.1999E+00   max: -.9680E+00   U at   87  2   RLX: 0.387
       a =  0.000      CL = -0.7962
      Cm =  0.1850     CD =  0.00438   =>   CDf =  0.00661    CDp = -0.00223

 MRCHDU: Convergence failed at  87  side 2    Res =  0.4817E+00
 Side 1  free  transition at x/c =  0.5934   50
 Side 2  free  transition at x/c =  0.5751   61

  49   rms: 0.3969E+00   max: -.1323E+01   U at   87  2   RLX: 0.284
       a =  0.000      CL = -0.9272
      Cm =  0.2175     CD =  0.00394   =>   CDf =  0.00663    CDp = -0.00269

 Side 1  free  transition at x/c =  0.5932   50
 Side 2  free  transition at x/c =  0.5726   61

  50   rms: 0.4292E+00   max: -.8496E+00   U at   87  2   RLX: 0.441
       a =  0.000      CL = -0.6734
      Cm =  0.1560     CD =  0.00465   =>   CDf =  0.00643    CDp = -0.00178

 MRCHDU: Convergence failed at  86  side 2    Res =  0.3434E+00
 Side 1  free  transition at x/c =  0.5941   51
 Side 2  free  transition at x/c =  0.5715   60
 idif Ue xi dudx           1  0.14446980      3.36885452E-03   42.883953    
 Uenew xinew           2  2.71813851E-02  6.33835793E-04

  51   rms: 0.3374E+00   max: -.1117E+01   U at   86  2   RLX: 0.336
       a =  0.000      CL = -0.7966
      Cm =  0.1854     CD =  0.00423   =>   CDf =  0.00676    CDp = -0.00253

 Side 1  free  transition at x/c =  0.5938   50
 Side 2  free  transition at x/c =  0.5725   61

  52   rms: 0.4386E+00   max: -.6559E+00   U at   87  2   RLX: 0.428
       a =  0.000      CL = -0.5410
      Cm =  0.1248     CD =  0.00513   =>   CDf =  0.00625    CDp = -0.00112

 MRCHDU: Convergence failed at  85  side 2    Res =  0.1197E+01
 Side 1  free  transition at x/c =  0.5943   52
 Side 2  free  transition at x/c =  0.5754   59
 idif Ue xi dudx           1  0.16733289      4.34732437E-03   38.491005    
 Uenew xinew           2  6.60007745E-02  1.71470642E-03

  53   rms: 0.3056E+00   max: -.9055E+00   U at   85  2   RLX: 0.414
       a =  0.000      CL = -0.6799
      Cm =  0.1573     CD =  0.00459   =>   CDf =  0.00661    CDp = -0.00201

 MRCHDU: Convergence failed at  86  side 2    Res =  0.1725E+01
 Side 1  free  transition at x/c =  0.5939   51
 Side 2  free  transition at x/c =  0.5755   60
 idif Ue xi dudx           1  0.15223861      3.60429287E-03   42.238136    
 Uenew xinew           2  3.67165208E-02  8.69274139E-04

  54   rms: 0.3578E+00   max: -.1129E+01   U at   86  2   RLX: 0.332
       a =  0.000      CL = -0.8165
      Cm =  0.1902     CD =  0.00418   =>   CDf =  0.00673    CDp = -0.00255

 MRCHDU: Convergence failed at  87  side 2    Res =  0.1823E+00
 Side 1  free  transition at x/c =  0.5936   50
 Side 2  free  transition at x/c =  0.5748   61

  55   rms: 0.4101E+00   max: -.1350E+01   U at   87  2   RLX: 0.278
       a =  0.000      CL = -0.9485
      Cm =  0.2226     CD =  0.00390   =>   CDf =  0.00664    CDp = -0.00274

 Side 1  free  transition at x/c =  0.5934   50
 Side 2  free  transition at x/c =  0.5715   61

  56   rms: 0.4348E+00   max: -.8777E+00   U at   87  2   RLX: 0.427
       a =  0.000      CL = -0.7011
      Cm =  0.1626     CD =  0.00457   =>   CDf =  0.00645    CDp = -0.00188

 MRCHDU: Convergence failed at  86  side 2    Res =  0.3900E+00
 Side 1  free  transition at x/c =  0.5942   51
 Side 2  free  transition at x/c =  0.5704   60
 idif Ue xi dudx           1  0.16025317      3.75974178E-03   42.623451    
 Uenew xinew           2  4.36772332E-02  1.02472305E-03

  57   rms: 0.3479E+00   max: -.1159E+01   U at   86  2   RLX: 0.323
       a =  0.000      CL = -0.8229
      Cm =  0.1916     CD =  0.00417   =>   CDf =  0.00679    CDp = -0.00262

 Side 1  free  transition at x/c =  0.5938   50
 Side 2  free  transition at x/c =  0.5716   61

  58   rms: 0.4279E+00   max: -.6952E+00   U at   87  2   RLX: 0.440
       a =  0.000      CL = -0.5676
      Cm =  0.1310     CD =  0.00504   =>   CDf =  0.00642    CDp = -0.00137

 MRCHDU: Convergence failed at  86  side 2    Res =  0.4977E+00
 Side 1  free  transition at x/c =  0.5943   51
 Side 2  free  transition at x/c =  0.5744   60

  59   rms: 0.3098E+00   max: -.9466E+00   U at   86  2   RLX: 0.396
       a =  0.000      CL = -0.7045
      Cm =  0.1631     CD =  0.00452   =>   CDf =  0.00649    CDp = -0.00198

 MRCHDU: Convergence failed at  86  side 2    Res =  0.2262E+01
 Side 1  free  transition at x/c =  0.5939   51
 Side 2  free  transition at x/c =  0.5747   60
 idif Ue xi dudx           1  0.16939655      3.92401218E-03   43.169220    
 Uenew xinew           2  5.13279215E-02  1.18899345E-03

  60   rms: 0.3605E+00   max: -.1168E+01   U at   86  2   RLX: 0.321
       a =  0.000      CL = -0.8370
      Cm =  0.1952     CD =  0.00414   =>   CDf =  0.00676    CDp = -0.00262

 Side 1  free  transition at x/c =  0.5937   50
 Side 2  free  transition at x/c =  0.5742   61

  61   rms: 0.4581E+00   max: -.7054E+00   U at   87  2   RLX: 0.410
       a =  0.000      CL = -0.5801
      Cm =  0.1341     CD =  0.00494   =>   CDf =  0.00639    CDp = -0.00145

 MRCHDU: Convergence failed at  86  side 2    Res =  0.2165E+00
 Side 1  free  transition at x/c =  0.5944   51
 Side 2  free  transition at x/c =  0.5757   60

  62   rms: 0.3221E+00   max: -.9675E+00   U at   86  2   RLX: 0.388
       a =  0.000      CL = -0.7206
      Cm =  0.1670     CD =  0.00444   =>   CDf =  0.00649    CDp = -0.00205

 MRCHDU: Convergence failed at  86  side 2    Res =  0.3181E+00
 Side 1  free  transition at x/c =  0.5940   51
 Side 2  free  transition at x/c =  0.5754   60
 idif Ue xi dudx           1  0.18083616      4.17983532E-03   43.263943    
 Uenew xinew           2  6.25084639E-02  1.44481659E-03

  63   rms: 0.3722E+00   max: -.1196E+01   U at   86  2   RLX: 0.314
       a =  0.000      CL = -0.8552
      Cm =  0.1997     CD =  0.00408   =>   CDf =  0.00677    CDp = -0.00269

 Side 1  free  transition at x/c =  0.5937   50
 Side 2  free  transition at x/c =  0.5744   61

  64   rms: 0.4627E+00   max: -.7296E+00   U at   87  2   RLX: 0.405
       a =  0.000      CL = -0.5987
      Cm =  0.1385     CD =  0.00486   =>   CDf =  0.00639    CDp = -0.00153

 MRCHDU: Convergence failed at  86  side 2    Res =  0.1974E+02
 Side 1  free  transition at x/c =  0.5944   51
 Side 2  free  transition at x/c =  0.5755   60

  65   rms: 0.3354E+00   max: -.9975E+00   U at   86  2   RLX: 0.376
       a =  0.000      CL = -0.7419
      Cm =  0.1720     CD =  0.00438   =>   CDf =  0.00650    CDp = -0.00212

 MRCHDU: Convergence failed at  86  side 2    Res =  0.3718E+00
 Side 1  free  transition at x/c =  0.5940   51
 Side 2  free  transition at x/c =  0.5751   60
 idif Ue xi dudx           1  0.19398427      4.48477268E-03   43.253979    
 Uenew xinew           2  7.56838173E-02  1.74975395E-03

  66   rms: 0.3816E+00   max: -.1230E+01   U at   86  2   RLX: 0.305
       a =  0.000      CL = -0.8765
      Cm =  0.2048     CD =  0.00404   =>   CDf =  0.00679    CDp = -0.00275

 Side 1  free  transition at x/c =  0.5937   50
 Side 2  free  transition at x/c =  0.5740   61

  67   rms: 0.4602E+00   max: -.7593E+00   U at   87  2   RLX: 0.408
       a =  0.000      CL = -0.6202
      Cm =  0.1435     CD =  0.00479   =>   CDf =  0.00640    CDp = -0.00160

 MRCHDU: Convergence failed at  86  side 2    Res =  0.7627E+00
 Side 1  free  transition at x/c =  0.5944   51
 Side 2  free  transition at x/c =  0.5748   60
 idif Ue xi dudx           1  0.12289486      2.86257267E-03   42.931614    
 Uenew xinew           2  5.47609664E-03  1.27553940E-04

  68   rms: 0.3399E+00   max: -.1032E+01   U at   86  2   RLX: 0.363
       a =  0.000      CL = -0.7600
      Cm =  0.1764     CD =  0.00432   =>   CDf =  0.00667    CDp = -0.00235

 MRCHDU: Convergence failed at  87  side 2    Res =  0.6629E+00
 Side 1  free  transition at x/c =  0.5940   50
 Side 2  free  transition at x/c =  0.5746   61

  69   rms: 0.4096E+00   max: -.1259E+01   U at   87  2   RLX: 0.298
       a =  0.000      CL = -0.8950
      Cm =  0.2093     CD =  0.00401   =>   CDf =  0.00660    CDp = -0.00260

 Side 1  free  transition at x/c =  0.5937   50
 Side 2  free  transition at x/c =  0.5733   61

  70   rms: 0.4543E+00   max: -.7873E+00   U at   87  2   RLX: 0.414
       a =  0.000      CL = -0.6390
      Cm =  0.1479     CD =  0.00474   =>   CDf =  0.00641    CDp = -0.00167

 MRCHDU: Convergence failed at  86  side 2    Res =  0.2957E+00
 Side 1  free  transition at x/c =  0.5944   51
 Side 2  free  transition at x/c =  0.5735   60
 idif Ue xi dudx           1  0.12849812      3.00681591E-03   42.735615    
 Uenew xinew           2  1.16154198E-02  2.71797180E-04

  71   rms: 0.3363E+00   max: -.1061E+01   U at   86  2   RLX: 0.353
       a =  0.000      CL = -0.7711
      Cm =  0.1791     CD =  0.00429   =>   CDf =  0.00670    CDp = -0.00242

 MRCHDU: Convergence failed at  87  side 2    Res =  0.3995E+00
 Side 1  free  transition at x/c =  0.5940   50
 Side 2  free  transition at x/c =  0.5738   61

  72   rms: 0.3993E+00   max: -.1278E+01   U at   87  2   RLX: 0.294
       a =  0.000      CL = -0.9053
      Cm =  0.2118     CD =  0.00399   =>   CDf =  0.00662    CDp = -0.00264

 Side 1  free  transition at x/c =  0.5936   50
 Side 2  free  transition at x/c =  0.5724   61

  73   rms: 0.4455E+00   max: -.8064E+00   U at   87  2   RLX: 0.424
       a =  0.000      CL = -0.6496
      Cm =  0.1504     CD =  0.00472   =>   CDf =  0.00642    CDp = -0.00171

 MRCHDU: Convergence failed at  86  side 2    Res =  0.6467E+00
 Side 1  free  transition at x/c =  0.5944   51
 Side 2  free  transition at x/c =  0.5723   60
 idif Ue xi dudx           1  0.13221444      3.09062004E-03   42.779263    
 Uenew xinew           2  1.52123617E-02  3.55601311E-04

  74   rms: 0.3334E+00   max: -.1078E+01   U at   86  2   RLX: 0.348
       a =  0.000      CL = -0.7767
      Cm =  0.1805     CD =  0.00427   =>   CDf =  0.00673    CDp = -0.00245

 MRCHDU: Convergence failed at  87  side 2    Res =  0.1644E+00
 Side 1  free  transition at x/c =  0.5940   50
 Side 2  free  transition at x/c =  0.5730   61

  75   rms: 0.3945E+00   max: -.1287E+01   U at   87  2   RLX: 0.291
       a =  0.000      CL = -0.9081
      Cm =  0.2125     CD =  0.00398   =>   CDf =  0.00664    CDp = -0.00266

 Side 1  free  transition at x/c =  0.5936   50
 Side 2  free  transition at x/c =  0.5719   61

  76   rms: 0.4343E+00   max: -.8169E+00   U at   87  2   RLX: 0.437
       a =  0.000      CL = -0.6525
      Cm =  0.1510     CD =  0.00471   =>   CDf =  0.00643    CDp = -0.00172

 Side 1  free  transition at x/c =  0.5944   51
 Side 2  free  transition at x/c =  0.5718   60

  77   rms: 0.3783E+00   max: -.4921E+00   U at   86  2   RLX: 0.506
       a =  0.000      CL = -0.3903
      Cm =  0.0897     CD =  0.00590   =>   CDf =  0.00625    CDp = -0.00035

 Side 1  free  transition at x/c =  0.5941   53
 Side 2  free  transition at x/c =  0.5759   58

  78   rms: 0.2797E+00   max: 0.3853E+00   D at   97  2   RLX: 0.523
       a =  0.000      CL = -0.1988
      Cm =  0.0460     CD =  0.00721   =>   CDf =  0.00631    CDp =  0.00090

 Side 1  free  transition at x/c =  0.5931   54
 Side 2  free  transition at x/c =  0.5787   57

  79   rms: 0.1797E+00   max: 0.2677E+00   D at   95  2
       a =  0.000      CL =  0.0419
      Cm = -0.0082     CD =  0.00912   =>   CDf =  0.00628    CDp =  0.00284

 Side 1  free  transition at x/c =  0.5914   54
 Side 2  free  transition at x/c =  0.5818   56

  80   rms: 0.3137E-01   max: 0.2162E+00   D at    3  1
       a =  0.000      CL =  0.0728
      Cm = -0.0153     CD =  0.00980   =>   CDf =  0.00629    CDp =  0.00351

 Side 1  free  transition at x/c =  0.5912   54
 Side 2  free  transition at x/c =  0.5819   56

  81   rms: 0.1884E-02   max: -.1743E-01   D at   77  1
       a =  0.000      CL =  0.0723
      Cm = -0.0152     CD =  0.00981   =>   CDf =  0.00628    CDp =  0.00353

 Side 1  free  transition at x/c =  0.5911   54
 Side 2  free  transition at x/c =  0.5818   56

  82   rms: 0.8991E-04   max: -.4621E-03   D at   77  1
       a =  0.000      CL =  0.0724
      Cm = -0.0152     CD =  0.00981   =>   CDf =  0.00628    CDp =  0.00353
 plradd ia,ip,cpol            1           0  0.37224060    

 Point added to stored polar  1
 Point written to save file  polar.txt                                       
 Dump file unspecified or not available
 Calculating wake trajectory ...
 Calculating source influence matrix ...

 Solving BL system ...

 Side 1  free  transition at x/c =  0.5911   54
 Side 2  free  transition at x/c =  0.5818   56
 idif Ue xi dudx           1  0.16292059      2.72405148E-03   59.808193    
 Uenew xinew           2  1.79882143E-02  3.00765038E-04

   1   rms: 0.1165E+00   max: 0.2607E+00   T at   56  2
       a = -1.000      CL =  0.0018
      Cm = -0.0235     CD =  0.00986   =>   CDf =  0.00629    CDp =  0.00358

 MRCHDU: Convergence failed at  54  side 1    Res =  0.1103E+02
 MRCHDU: Convergence failed at  55  side 1    Res =  0.1785E+01
 MRCHDU: Convergence failed at  56  side 1    Res =  0.1413E+02
 MRCHDU: Convergence failed at  57  side 1    Res =  0.1640E+02
 MRCHDU: Convergence failed at  58  side 1    Res =  0.1118E+02
 MRCHDU: Convergence failed at  59  side 1    Res =  0.1192E+02
 MRCHDU: Convergence failed at  60  side 1    Res =  0.1527E+02
 MRCHDU: Convergence failed at  61  side 1    Res =  0.2452E+02
 MRCHDU: Convergence failed at  62  side 1    Res =  0.7580E+02
 MRCHDU: Convergence failed at  63  side 1    Res =  0.7431E+02
 MRCHDU: Convergence failed at  64  side 1    Res =  0.2619E+02
 MRCHDU: Convergence failed at  65  side 1    Res =  0.1589E+02
 MRCHDU: Convergence failed at  66  side 1    Res =  0.1149E+02
 MRCHDU: Convergence failed at  67  side 1    Res =  0.1093E+02
 MRCHDU: Convergence failed at  68  side 1    Res =  0.9861E+01
 MRCHDU: Convergence failed at  69  side 1    Res =  0.7657E+01
 MRCHDU: Convergence failed at  70  side 1    Res =  0.9507E+01
 MRCHDU: Convergence failed at  71  side 1    Res =  0.1286E+02
 MRCHDU: Convergence failed at  72  side 1    Res =  0.1931E+02
 MRCHDU: Convergence failed at  73  side 1    Res =  0.3368E+02
 MRCHDU: Convergence failed at  74  side 1    Res =  0.2059E+02
 MRCHDU: Convergence failed at  75  side 1    Res =  0.4190E+02
 MRCHDU: Convergence failed at  76  side 1    Res =  0.4557E+02
 MRCHDU: Convergence failed at  77  side 1    Res =  0.1973E+02
 MRCHDU: Convergence failed at  78  side 1    Res =  0.1619E+02
 MRCHDU: Convergence failed at  79  side 1    Res =  0.1433E+02
 Side 1  free  transition at x/c =  0.6050   54
 Side 2  free  transition at x/c =  0.5712   57

   2   rms: 0.5790E+00   max: 0.4792E+01   D at   79  1   RLX: 0.313
       a = -1.000      CL =  0.0872
      Cm = -0.0952     CD =  0.00623   =>   CDf =  0.00494    CDp =  0.00129

 Side 1  free  transition at x/c =  0.6013   54
 Side 2  free  transition at x/c =  0.5707   57

   3   rms: 0.1812E+00   max: -.2440E+00   U at   79  1   RLX: 0.736
       a = -1.000      CL = -0.0620
      Cm = -0.0191     CD =  0.00881   =>   CDf =  0.00659    CDp =  0.00222

 Side 1  free  transition at x/c =  0.6058   54
 Side 2  free  transition at x/c =  0.5710   57

   4   rms: 0.7271E-01   max: -.4573E+00   D at   78  1
       a = -1.000      CL = -0.0037
      Cm = -0.0221     CD =  0.00951   =>   CDf =  0.00635    CDp =  0.00316

 Side 1  free  transition at x/c =  0.6051   54
 Side 2  free  transition at x/c =  0.5715   57

   5   rms: 0.1222E-01   max: -.1551E+00   D at   78  1
       a = -1.000      CL = -0.0171
      Cm = -0.0193     CD =  0.00972   =>   CDf =  0.00619    CDp =  0.00354

 Side 1  free  transition at x/c =  0.6048   54
 Side 2  free  transition at x/c =  0.5713   57

   6   rms: 0.4956E-02   max: 0.2636E-01   D at   79  1
       a = -1.000      CL = -0.0238
      Cm = -0.0178     CD =  0.00972   =>   CDf =  0.00618    CDp =  0.00354

 Side 1  free  transition at x/c =  0.6048   54
 Side 2  free  transition at x/c =  0.5713   57

   7   rms: 0.7861E-04   max: 0.4324E-03   D at   79  1
       a = -1.000      CL = -0.0239
      Cm = -0.0178     CD =  0.00972   =>   CDf =  0.00618    CDp =  0.00354
 plradd ia,ip,cpol            2           0  0.38938251    

 Point added to stored polar  1
 Point written to save file  polar.txt                                       
 Dump file unspecified or not available
 Calculating wake trajectory ...
 Calculating source influence matrix ...

 Solving BL system ...

 Side 1  free  transition at x/c =  0.6048   54
 Side 2  free  transition at x/c =  0.5713   57
 idif Ue xi dudx           1  0.18561447      4.24659252E-03   43.709038    
 Uenew xinew           2  7.71001130E-02  1.76393986E-03

   1   rms: 0.1251E+00   max: 0.3019E+00   T at   57  2
       a = -2.000      CL = -0.1114
      Cm = -0.0223     CD =  0.00985   =>   CDf =  0.00617    CDp =  0.00367

 Side 1  free  transition at x/c =  0.6198   54
 Side 2  free  transition at x/c =  0.5626   57

   2   rms: 0.1531E-01   max: -.1226E+00   D at   57  2
       a = -2.000      CL = -0.1113
      Cm = -0.0223     CD =  0.00979   =>   CDf =  0.00612    CDp =  0.00367

 Side 1  free  transition at x/c =  0.6199   54
 Side 2  free  transition at x/c =  0.5613   57

   3   rms: 0.1814E-02   max: 0.1078E-01   D at   78  1
       a = -2.000      CL = -0.1136
      Cm = -0.0218     CD =  0.00980   =>   CDf =  0.00609    CDp =  0.00371

 Side 1  free  transition at x/c =  0.6198   54
 Side 2  free  transition at x/c =  0.5612   57

   4   rms: 0.3325E-04   max: 0.2396E-03   D at   78  1
       a = -2.000      CL = -0.1137
      Cm = -0.0218     CD =  0.00980   =>   CDf =  0.00610    CDp =  0.00370
 plradd ia,ip,cpol            3           0  0.34812275    

 Point added to stored polar  1
 Point written to save file  polar.txt                                       
 Dump file unspecified or not available
 Calculating wake trajectory ...
 Calculating source influence matrix ...

 Solving BL system ...

 Side 1  free  transition at x/c =  0.6198   54
 Side 2  free  transition at x/c =  0.5612   57
 idif Ue xi dudx           2  0.22585678      5.61165810E-03   40.247780    
 Uenew xinew           3  0.12320071      3.06105614E-03

   1   rms: 0.1227E+00   max: 0.2574E+00   T at   57  2
       a = -3.000      CL = -0.1952
      Cm = -0.0277     CD =  0.00984   =>   CDf =  0.00604    CDp =  0.00381

 Side 1  free  transition at x/c =  0.6318   53
 Side 2  free  transition at x/c =  0.5467   58

   2   rms: 0.5818E-01   max: -.5003E+00   D at   59  2   RLX: 0.999
       a = -3.000      CL = -0.2412
      Cm = -0.0174     CD =  0.00979   =>   CDf =  0.00623    CDp =  0.00356

 Side 1  free  transition at x/c =  0.6426   53
 Side 2  free  transition at x/c =  0.5496   59

   3   rms: 0.2851E-01   max: 0.2190E+00   C at   53  1
       a = -3.000      CL = -0.2074
      Cm = -0.0250     CD =  0.00982   =>   CDf =  0.00596    CDp =  0.00386

 Side 1  free  transition at x/c =  0.6369   53
 Side 2  free  transition at x/c =  0.5492   59

   4   rms: 0.9051E-02   max: -.5667E-01   D at   76  1
       a = -3.000      CL = -0.1958
      Cm = -0.0276     CD =  0.00987   =>   CDf =  0.00603    CDp =  0.00384

 Side 1  free  transition at x/c =  0.6366   53
 Side 2  free  transition at x/c =  0.5494   59

   5   rms: 0.1593E-02   max: 0.1164E-01   D at   76  1
       a = -3.000      CL = -0.1978
      Cm = -0.0271     CD =  0.00986   =>   CDf =  0.00603    CDp =  0.00383

 Side 1  free  transition at x/c =  0.6366   53
 Side 2  free  transition at x/c =  0.5494   59

   6   rms: 0.3263E-04   max: 0.2066E-03   D at   76  1
       a = -3.000      CL = -0.1979
      Cm = -0.0271     CD =  0.00986   =>   CDf =  0.00603    CDp =  0.00383
 plradd ia,ip,cpol            4           0  0.22444899    

 Point added to stored polar  1
 Point written to save file  polar.txt                                       
 Dump file unspecified or not available
 Calculating wake trajectory ...
 Calculating source influence matrix ...

 Solving BL system ...

 Side 1  free  transition at x/c =  0.6366   53
 Side 2  free  transition at x/c =  0.5494   59
 idif Ue xi dudx           1  0.16348508      4.02498245E-03   40.617588    
 Uenew xinew           2  5.23952134E-02  1.28996372E-03

   1   rms: 0.1383E+00   max: 0.4201E+00   T at   59  2
       a = -4.000      CL = -0.3063
      Cm = -0.0270     CD =  0.01010   =>   CDf =  0.00599    CDp =  0.00410

 Side 1  free  transition at x/c =  0.6510   52
 Side 2  free  transition at x/c =  0.5310   59

   2   rms: 0.6357E-01   max: -.4924E+00   D at   59  2
       a = -4.000      CL = -0.2634
      Cm = -0.0366     CD =  0.00995   =>   CDf =  0.00599    CDp =  0.00396

 Side 1  free  transition at x/c =  0.6548   53
 Side 2  free  transition at x/c =  0.5355   59

   3   rms: 0.1097E-01   max: 0.8428E-01   D at   75  1
       a = -4.000      CL = -0.2728
      Cm = -0.0345     CD =  0.00987   =>   CDf =  0.00590    CDp =  0.00397

 Side 1  free  transition at x/c =  0.6548   53
 Side 2  free  transition at x/c =  0.5343   59

   4   rms: 0.1487E-02   max: 0.1135E-01   D at   75  1
       a = -4.000      CL = -0.2746
      Cm = -0.0341     CD =  0.00987   =>   CDf =  0.00590    CDp =  0.00397

 Side 1  free  transition at x/c =  0.6547   53
 Side 2  free  transition at x/c =  0.5342   59

   5   rms: 0.3170E-04   max: 0.1889E-03   D at   75  1
       a = -4.000      CL = -0.2747
      Cm = -0.0341     CD =  0.00987   =>   CDf =  0.00590    CDp =  0.00397
 plradd ia,ip,cpol            5           0  5.06032631E-02

 Point added to stored polar  1
 Point written to save file  polar.txt                                       
 Dump file unspecified or not available
 Calculating wake trajectory ...
 Calculating source influence matrix ...

 Solving BL system ...

 Side 1  free  transition at x/c =  0.6547   53
 Side 2  free  transition at x/c =  0.5342   59
 idif Ue xi dudx           1  0.16583905      4.97925282E-03   33.306011    
 Uenew xinew           2  7.05736130E-02  2.11894512E-03

   1   rms: 0.1304E+00   max: 0.4698E+00   T at   59  2
       a = -5.000      CL = -0.3624
      Cm = -0.0386     CD =  0.00971   =>   CDf =  0.00583    CDp =  0.00387

 Side 1  free  transition at x/c =  0.6710   52
 Side 2  free  transition at x/c =  0.5155   59

   2   rms: 0.4975E-01   max: -.3204E+00   D at   59  2
       a = -5.000      CL = -0.3301
      Cm = -0.0457     CD =  0.00993   =>   CDf =  0.00586    CDp =  0.00406

 Side 1  free  transition at x/c =  0.6744   53
 Side 2  free  transition at x/c =  0.5188   59

   3   rms: 0.1399E-01   max: 0.9884E-01   D at   74  1
       a = -5.000      CL = -0.3470
      Cm = -0.0419     CD =  0.00989   =>   CDf =  0.00577    CDp =  0.00412

 Side 1  free  transition at x/c =  0.6742   53
 Side 2  free  transition at x/c =  0.5169   59

   4   rms: 0.1899E-02   max: 0.1389E-01   D at   74  1
       a = -5.000      CL = -0.3491
      Cm = -0.0415     CD =  0.00989   =>   CDf =  0.00576    CDp =  0.00413

 Side 1  free  transition at x/c =  0.6742   53
 Side 2  free  transition at x/c =  0.5168   59

   5   rms: 0.5669E-04   max: 0.3147E-03   D at   74  1
       a = -5.000      CL = -0.3492
      Cm = -0.0415     CD =  0.00989   =>   CDf =  0.00576    CDp =  0.00413
 plradd ia,ip,cpol            6           0  5.06032631E-02

 Point added to stored polar  1
 Point written to save file  polar.txt                                       
 Dump file unspecified or not available
 Calculating wake trajectory ...
 Calculating source influence matrix ...

 Solving BL system ...

 Side 1  free  transition at x/c =  0.6742   53
 Side 2  free  transition at x/c =  0.5168   59
 idif Ue xi dudx           1  0.11916972      5.21051884E-03   22.870989    
 Uenew xinew           2  5.03136180E-02  2.19988823E-03

   1   rms: 0.1357E+00   max: -.6079E+00   D at   59  2   RLX: 0.823
       a = -6.000      CL = -0.4063
      Cm = -0.0485     CD =  0.00962   =>   CDf =  0.00568    CDp =  0.00395

 MRCHDU: Convergence failed at  60  side 2    Res =  0.1987E+01
 MRCHDU: Convergence failed at  61  side 2    Res =  0.1165E+01
 MRCHDU: Convergence failed at  62  side 2    Res =  0.2631E+01
 MRCHDU: Convergence failed at  63  side 2    Res =  0.3259E+01
 MRCHDU: Convergence failed at  64  side 2    Res =  0.3513E+01
 MRCHDU: Convergence failed at  65  side 2    Res =  0.3881E+01
 MRCHDU: Convergence failed at  66  side 2    Res =  0.4546E+01
 MRCHDU: Convergence failed at  67  side 2    Res =  0.5450E+01
 MRCHDU: Convergence failed at  68  side 2    Res =  0.6701E+01
 MRCHDU: Convergence failed at  69  side 2    Res =  0.8636E+01
 MRCHDU: Convergence failed at  70  side 2    Res =  0.1170E+02
 MRCHDU: Convergence failed at  71  side 2    Res =  0.1936E+02
 MRCHDU: Convergence failed at  72  side 2    Res =  0.6220E+02
 MRCHDU: Convergence failed at  73  side 2    Res =  0.4111E+02
 MRCHDU: Convergence failed at  74  side 2    Res =  0.1418E+02
 MRCHDU: Convergence failed at  75  side 2    Res =  0.1670E+02
 MRCHDU: Convergence failed at  76  side 2    Res =  0.1941E+02
 MRCHDU: Convergence failed at  77  side 2    Res =  0.2667E+02
 MRCHDU: Convergence failed at  78  side 2    Res =  0.2449E+02
 MRCHDU: Convergence failed at  79  side 2    Res =  0.1453E+02
 MRCHDU: Convergence failed at  80  side 2    Res =  0.2906E+02
 MRCHDU: Convergence failed at  81  side 2    Res =  0.9432E+01
 MRCHDU: Convergence failed at  82  side 2    Res =  0.5982E+02
 MRCHDU: Convergence failed at  83  side 2    Res =  0.5101E+02
 MRCHDU: Convergence failed at  84  side 2    Res =  0.1659E+02
 MRCHDU: Convergence failed at  85  side 2    Res =  0.2421E+02
 MRCHDU: Convergence failed at  86  side 2    Res =  0.1267E+02
 MRCHDU: Convergence failed at  87  side 2    Res =  0.2155E+02
 MRCHDU: Convergence failed at  88  side 2    Res =  0.9756E+02
 MRCHDU: Convergence failed at  89  side 2    Res =  0.1784E+02
 Side 1  free  transition at x/c =  0.6901   52
 Side 2  free  transition at x/c =  0.5054   59

   2   rms: 0.6482E+00   max: 0.5131E+01   D at   89  2   RLX: 0.292
       a = -6.000      CL = -0.6140
      Cm =  0.0774     CD =  0.00533   =>   CDf =  0.00427    CDp =  0.00106

 Side 1  free  transition at x/c =  0.6910   52
 Side 2  free  transition at x/c =  0.4994   59
 idif Ue xi dudx           1  0.11322826      3.90946865E-03   28.962570    
 Uenew xinew           2  2.09642313E-02  7.23838806E-04

   3   rms: 0.2555E+00   max: -.3577E+00   U at   89  2   RLX: 0.991
       a = -6.000      CL = -0.4776
      Cm = -0.0386     CD =  0.00784   =>   CDf =  0.00675    CDp =  0.00109

 MRCHDU: Convergence failed at  85  side 2    Res =  0.4501E+00
 MRCHDU: Convergence failed at  86  side 2    Res =  0.2133E+01
 MRCHDU: Convergence failed at  87  side 2    Res =  0.5878E+01
 MRCHDU: Convergence failed at  88  side 2    Res =  0.2064E+01
 MRCHDU: Convergence failed at  89  side 2    Res =  0.1175E+01
 MRCHDU: Convergence failed at  90  side 2    Res =  0.3543E+01
 Side 1  free  transition at x/c =  0.6962   52
 Side 2  free  transition at x/c =  0.4974   60
 idif Ue xi dudx           1  0.10178548      3.87740135E-03   26.250954    
 Uenew xinew           2  1.29993511E-02  4.95195389E-04

   4   rms: 0.1457E+00   max: 0.1254E+01   D at   90  2
       a = -6.000      CL = -0.6342
      Cm = -0.0025     CD =  0.00845   =>   CDf =  0.00563    CDp =  0.00282

 MRCHDU: Convergence failed at  91  side 2    Res =  0.1549E+01
 Side 1  free  transition at x/c =  0.6955   51
 Side 2  free  transition at x/c =  0.4864   60

   5   rms: 0.1224E+00   max: 0.9142E+00   D at   91  2
       a = -6.000      CL = -0.5512
      Cm = -0.0208     CD =  0.00891   =>   CDf =  0.00564    CDp =  0.00327

 MRCHDU: Convergence failed at  90  side 2    Res =  0.2216E+01
 Side 1  free  transition at x/c =  0.6955   52
 Side 2  free  transition at x/c =  0.4911   60

   6   rms: 0.7734E-01   max: 0.7383E+00   D at   90  2
       a = -6.000      CL = -0.5127
      Cm = -0.0292     CD =  0.00943   =>   CDf =  0.00560    CDp =  0.00382

 Side 1  free  transition at x/c =  0.6956   52
 Side 2  free  transition at x/c =  0.4938   60

   7   rms: 0.7668E-01   max: 0.2633E+00   D at   92  2
       a = -6.000      CL = -0.4221
      Cm = -0.0492     CD =  0.00978   =>   CDf =  0.00565    CDp =  0.00413

 Side 1  free  transition at x/c =  0.6960   53
 Side 2  free  transition at x/c =  0.4971   59

   8   rms: 0.5981E-02   max: -.3776E-01   D at    2  1
       a = -6.000      CL = -0.4163
      Cm = -0.0504     CD =  0.00990   =>   CDf =  0.00559    CDp =  0.00431

 Side 1  free  transition at x/c =  0.6959   53
 Side 2  free  transition at x/c =  0.4977   59

   9   rms: 0.6628E-03   max: 0.5811E-02   D at   91  2
       a = -6.000      CL = -0.4158
      Cm = -0.0505     CD =  0.00991   =>   CDf =  0.00558    CDp =  0.00432

 Side 1  free  transition at x/c =  0.6959   53
 Side 2  free  transition at x/c =  0.4977   59

  10   rms: 0.2184E-05   max: -.2754E-04   D at   91  2
       a = -6.000      CL = -0.4158
      Cm = -0.0505     CD =  0.00991   =>   CDf =  0.00558    CDp =  0.00432
 plradd ia,ip,cpol            7           0  3.90869118E-02

 Point added to stored polar  1
 Point written to save file  polar.txt                                       
 Dump file unspecified or not available
 Calculating wake trajectory ...
 Calculating source influence matrix ...

 Solving BL system ...

 Side 1  free  transition at x/c =  0.6959   53
 Side 2  free  transition at x/c =  0.4977   59
 idif Ue xi dudx           2  0.17476983      6.73162937E-03   25.962486    
 Uenew xinew           3  9.20629650E-02  3.54599953E-03

   1   rms: 0.1293E+00   max: 0.3386E+00   T at   59  2   RLX: 0.956
       a = -7.000      CL = -0.4870
      Cm = -0.0574     CD =  0.00989   =>   CDf =  0.00539    CDp =  0.00451

 Side 1  free  transition at x/c =  0.7116   52
 Side 2  free  transition at x/c =  0.4744   60

   2   rms: 0.6065E-01   max: -.4923E+00   D at   60  2
       a = -7.000      CL = -0.5141
      Cm = -0.0523     CD =  0.00982   =>   CDf =  0.00560    CDp =  0.00422

 Side 1  free  transition at x/c =  0.7275   52
 Side 2  free  transition at x/c =  0.4763   60

   3   rms: 0.2284E-01   max: -.2333E+00   C at   52  1
       a = -7.000      CL = -0.4967
      Cm = -0.0561     CD =  0.01001   =>   CDf =  0.00534    CDp =  0.00467

 Side 1  free  transition at x/c =  0.7177   52
 Side 2  free  transition at x/c =  0.4757   60

   4   rms: 0.1014E-01   max: -.7013E-01   D at   71  1
       a = -7.000      CL = -0.4855
      Cm = -0.0586     CD =  0.01004   =>   CDf =  0.00540    CDp =  0.00464

 Side 1  free  transition at x/c =  0.7191   52
 Side 2  free  transition at x/c =  0.4765   60

   5   rms: 0.9239E-03   max: 0.7176E-02   D at   71  1
       a = -7.000      CL = -0.4866
      Cm = -0.0583     CD =  0.01005   =>   CDf =  0.00539    CDp =  0.00466

 Side 1  free  transition at x/c =  0.7191   52
 Side 2  free  transition at x/c =  0.4764   60

   6   rms: 0.1709E-04   max: -.6215E-04   D at   88  2
       a = -7.000      CL = -0.4866
      Cm = -0.0583     CD =  0.01004   =>   CDf =  0.00539    CDp =  0.00466
 plradd ia,ip,cpol            8           0  1.91027932E-02

 Point added to stored polar  1
 Point written to save file  polar.txt                                       
 Dump file unspecified or not available
 Calculating wake trajectory ...
 Calculating source influence matrix ...

 Solving BL system ...

 Side 1  free  transition at x/c =  0.7191   52
 Side 2  free  transition at x/c =  0.4764   60

   1   rms: 0.1346E+00   max: -.6678E+00   D at   60  2   RLX: 0.749
       a = -8.000      CL = -0.5421
      Cm = -0.0635     CD =  0.01020   =>   CDf =  0.00539    CDp =  0.00481

 Side 1  free  transition at x/c =  0.7321   53
 Side 2  free  transition at x/c =  0.4511   58
 idif Ue xi dudx           1  0.13939804      5.61761856E-03   24.814436    
 Uenew xinew           2  5.00068702E-02  2.01523304E-03

   2   rms: 0.6875E-01   max: -.3646E+00   C at   58  2
       a = -8.000      CL = -0.6085
      Cm = -0.0545     CD =  0.01021   =>   CDf =  0.00528    CDp =  0.00493

 Side 1  free  transition at x/c =  0.7508   52
 Side 2  free  transition at x/c =  0.4264   58

   3   rms: 0.3260E-01   max: 0.2392E+00   T at    2  1
       a = -8.000      CL = -0.5803
      Cm = -0.0606     CD =  0.01033   =>   CDf =  0.00525    CDp =  0.00508

 Side 1  free  transition at x/c =  0.7432   52
 Side 2  free  transition at x/c =  0.4347   58

   4   rms: 0.1316E-01   max: -.6762E-01   D at   70  1
       a = -8.000      CL = -0.5634
      Cm = -0.0642     CD =  0.01040   =>   CDf =  0.00524    CDp =  0.00515

 Side 1  free  transition at x/c =  0.7441   52
 Side 2  free  transition at x/c =  0.4417   59

   5   rms: 0.8445E-02   max: 0.1373E+00   C at   59  2
       a = -8.000      CL = -0.5634
      Cm = -0.0643     CD =  0.01034   =>   CDf =  0.00516    CDp =  0.00518

 Side 1  free  transition at x/c =  0.7441   52
 Side 2  free  transition at x/c =  0.4389   59

   6   rms: 0.5278E-03   max: -.8976E-02   D at   60  2
       a = -8.000      CL = -0.5634
      Cm = -0.0643     CD =  0.01036   =>   CDf =  0.00521    CDp =  0.00516

 Side 1  free  transition at x/c =  0.7441   52
 Side 2  free  transition at x/c =  0.4387   59

   7   rms: 0.5088E-05   max: -.5981E-04   D at   60  2
       a = -8.000      CL = -0.5634
      Cm = -0.0643     CD =  0.01036   =>   CDf =  0.00521    CDp =  0.00515
 plradd ia,ip,cpol            9           0  8.91487300E-03

 Point added to stored polar  1
 Point written to save file  polar.txt                                       
 Dump file unspecified or not available
 Calculating wake trajectory ...
 Calculating source influence matrix ...

 Solving BL system ...

 Side 1  free  transition at x/c =  0.7441   52
 Side 2  free  transition at x/c =  0.4387   59
 idif Ue xi dudx           1  6.39978126E-02  3.88967991E-03   16.453234    
 Uenew xinew           2  6.74714160E-04  4.10079956E-05

   1   rms: 0.1500E+00   max: -.9126E+00   D at   59  2   RLX: 0.548
       a = -9.000      CL = -0.5999
      Cm = -0.0683     CD =  0.01072   =>   CDf =  0.00509    CDp =  0.00562

 Side 1  free  transition at x/c =  0.7577   52
 Side 2  free  transition at x/c =  0.3826   56

   2   rms: 0.2859E+00   max: -.4817E+01   T at    2  2   RLX: 0.104
       a = -9.000      CL = -0.6045
      Cm = -0.0677     CD =  0.01089   =>   CDf =  0.00532    CDp =  0.00558

 Side 1  free  transition at x/c =  0.7591   52
 Side 2  free  transition at x/c =  0.3752   56

   3   rms: 0.9359E-01   max: 0.1325E+01   C at   56  2   RLX: 0.981
       a = -9.000      CL = -0.6207
      Cm = -0.0716     CD =  0.01170   =>   CDf =  0.00532    CDp =  0.00638

 Side 1  free  transition at x/c =  0.7695   52
 Side 2  free  transition at x/c =  0.3057   52

   4   rms: 0.3273E-01   max: -.4959E+00   C at   52  2
       a = -9.000      CL = -0.6010
      Cm = -0.0749     CD =  0.01218   =>   CDf =  0.00566    CDp =  0.00652

 Side 1  free  transition at x/c =  0.7744   53
 Side 2  free  transition at x/c =  0.3241   53

   5   rms: 0.7563E-02   max: 0.1266E+00   C at   53  2
       a = -9.000      CL = -0.6052
      Cm = -0.0742     CD =  0.01216   =>   CDf =  0.00548    CDp =  0.00668

 Side 1  free  transition at x/c =  0.7741   53
 Side 2  free  transition at x/c =  0.3199   53

   6   rms: 0.9349E-03   max: -.1681E-01   C at   53  2
       a = -9.000      CL = -0.6048
      Cm = -0.0742     CD =  0.01216   =>   CDf =  0.00549    CDp =  0.00668

 Side 1  free  transition at x/c =  0.7740   53
 Side 2  free  transition at x/c =  0.3204   53

   7   rms: 0.1341E-04   max: -.8686E-04   D at   99  2
       a = -9.000      CL = -0.6048
      Cm = -0.0742     CD =  0.01216   =>   CDf =  0.00548    CDp =  0.00668
 plradd ia,ip,cpol           10           0  8.91487300E-03

 Point added to stored polar  1
 Point written to save file  polar.txt                                       
 Dump file unspecified or not available
 Calculating wake trajectory ...
 Calculating source influence matrix ...

 Solving BL system ...

 Side 1  free  transition at x/c =  0.7740   53
 Side 2  free  transition at x/c =  0.3204   53

   1   rms: 0.3021E+00   max: 0.4923E+01   C at   53  2   RLX: 0.305
       a =-10.000      CL = -0.6082
      Cm = -0.0778     CD =  0.01318   =>   CDf =  0.00548    CDp =  0.00770

 Side 1  free  transition at x/c =  0.7835   53
 Side 2  free  transition at x/c =  0.2773   50
 idif Ue xi dudx           1  0.11995102      4.19127941E-03   28.619188    
 Uenew xinew           2  2.01629871E-03  7.04526901E-05

   2   rms: 0.1201E+00   max: 0.1423E+01   C at   50  2
       a =-10.000      CL = -0.6400
      Cm = -0.0828     CD =  0.01478   =>   CDf =  0.00554    CDp =  0.00924

 Side 1  free  transition at x/c =  0.8098   54
 Side 2  free  transition at x/c =  0.1954   47

   3   rms: 0.1572E+00   max: -.2600E+01   D at    2  2   RLX: 0.192
       a =-10.000      CL = -0.6408
      Cm = -0.0795     CD =  0.01539   =>   CDf =  0.00608    CDp =  0.00931

 Side 1  free  transition at x/c =  0.8104   55
 Side 2  free  transition at x/c =  0.1974   46

   4   rms: 0.2156E+00   max: -.3694E+01   T at    2  1   RLX: 0.135
       a =-10.000      CL = -0.6374
      Cm = -0.0801     CD =  0.01551   =>   CDf =  0.00594    CDp =  0.00957

 Side 1  free  transition at x/c =  0.8107   55
 Side 2  free  transition at x/c =  0.1986   46

   5   rms: 0.3542E-01   max: -.3277E+00   C at   46  2
       a =-10.000      CL = -0.6152
      Cm = -0.0844     CD =  0.01620   =>   CDf =  0.00591    CDp =  0.01028

 Side 1  free  transition at x/c =  0.8137   55
 Side 2  free  transition at x/c =  0.2071   46

   6   rms: 0.3660E-02   max: -.6193E-01   C at   46  2
       a =-10.000      CL = -0.6133
      Cm = -0.0847     CD =  0.01627   =>   CDf =  0.00578    CDp =  0.01049

 Side 1  free  transition at x/c =  0.8138   55
 Side 2  free  transition at x/c =  0.2078   47

   7   rms: 0.2227E-02   max: -.2664E-01   C at   47  2
       a =-10.000      CL = -0.6136
      Cm = -0.0847     CD =  0.01626   =>   CDf =  0.00578    CDp =  0.01047

 Side 1  free  transition at x/c =  0.8138   55
 Side 2  free  transition at x/c =  0.2085   47

   8   rms: 0.1729E-03   max: 0.2306E-02   C at   47  2
       a =-10.000      CL = -0.6137
      Cm = -0.0846     CD =  0.01625   =>   CDf =  0.00577    CDp =  0.01048

 Side 1  free  transition at x/c =  0.8138   55
 Side 2  free  transition at x/c =  0.2084   47

   9   rms: 0.4149E-05   max: 0.1795E-04   D at  101  2
       a =-10.000      CL = -0.6137
      Cm = -0.0846     CD =  0.01625   =>   CDf =  0.00577    CDp =  0.01048
 plradd ia,ip,cpol           11           0  8.91487300E-03

 Point added to stored polar  1
 Point written to save file  polar.txt                                       
 Dump file unspecified or not available
 Calculating wake trajectory ...
 Calculating source influence matrix ...

 Solving BL system ...

 Side 1  free  transition at x/c =  0.8138   55
 Side 2  free  transition at x/c =  0.2084   47
 idif Ue xi dudx           1  0.12660663      5.13088703E-03   24.675388    
 Uenew xinew           2  2.49236301E-02  1.01006031E-03

   1   rms: 0.2091E+00   max: 0.1533E+01   C at   47  2   RLX: 0.417
       a =-11.000      CL = -0.6208
      Cm = -0.0876     CD =  0.01815   =>   CDf =  0.00565    CDp =  0.01250

 Side 1  free  transition at x/c =  0.8307   55
 Side 2  free  transition at x/c =  0.1819   46

   2   rms: 0.1119E+00   max: 0.1133E+01   C at   46  2
       a =-11.000      CL = -0.6415
      Cm = -0.0904     CD =  0.02051   =>   CDf =  0.00579    CDp =  0.01472

 Side 1  free  transition at x/c =  0.8650   58
 Side 2  free  transition at x/c =  0.1477   44

   3   rms: 0.1883E-01   max: -.1513E+00   C at   58  1
       a =-11.000      CL = -0.6427
      Cm = -0.0899     CD =  0.02064   =>   CDf =  0.00575    CDp =  0.01489

 Side 1  free  transition at x/c =  0.8688   58
 Side 2  free  transition at x/c =  0.1480   44

   4   rms: 0.1302E-02   max: 0.1354E-01   C at   44  2
       a =-11.000      CL = -0.6420
      Cm = -0.0901     CD =  0.02062   =>   CDf =  0.00570    CDp =  0.01492

 Side 1  free  transition at x/c =  0.8688   58
 Side 2  free  transition at x/c =  0.1477   44

   5   rms: 0.3800E-04   max: 0.2680E-03   D at   74  2
       a =-11.000      CL = -0.6420
      Cm = -0.0901     CD =  0.02062   =>   CDf =  0.00570    CDp =  0.01492
 plradd ia,ip,cpol           12           0  6.97993673E-03

 Point added to stored polar  1
 Point written to save file  polar.txt                                       
 Dump file unspecified or not available
 Calculating wake trajectory ...
 Calculating source influence matrix ...

 Solving BL system ...

 Side 1  free  transition at x/c =  0.8688   58
 Side 2  free  transition at x/c =  0.1477   44
 idif Ue xi dudx           1  8.54208246E-02  5.31446934E-03   16.073256    
 Uenew xinew           2  1.44050997E-02  8.96215439E-04

   1   rms: 0.1894E+00   max: 0.1384E+01   C at   44  2   RLX: 0.476
       a =-12.000      CL = -0.6497
      Cm = -0.0929     CD =  0.02314   =>   CDf =  0.00556    CDp =  0.01758

 Side 1  free  transition at x/c =  0.8993   59
 Side 2  free  transition at x/c =  0.1280   43

   2   rms: 0.7652E-01   max: -.3644E+00   T at   59  1
       a =-12.000      CL = -0.6717
      Cm = -0.0957     CD =  0.02483   =>   CDf =  0.00567    CDp =  0.01916

 MRCHDU: Convergence failed at  66  side 1    Res =  0.1393E+01
 Side 1  free  transition at x/c =  0.9791   65
 Side 2  free  transition at x/c =  0.1086   42

   3   rms: 0.1475E+00   max: 0.2435E+01   C at   65  1   RLX: 0.616
       a =-12.000      CL = -0.6717
      Cm = -0.0958     CD =  0.02457   =>   CDf =  0.00555    CDp =  0.01902

 Side 1  free  transition at x/c =  0.9559   63
 Side 2  free  transition at x/c =  0.1087   42

   4   rms: 0.3429E-01   max: 0.4797E+00   C at   63  1
       a =-12.000      CL = -0.6846
      Cm = -0.0920     CD =  0.02528   =>   CDf =  0.00554    CDp =  0.01974

 Side 1  free  transition at x/c =  0.9329   61
 Side 2  free  transition at x/c =  0.1071   42

   5   rms: 0.1047E-01   max: -.1876E+00   D at   62  1
       a =-12.000      CL = -0.6817
      Cm = -0.0924     CD =  0.02533   =>   CDf =  0.00560    CDp =  0.01974

 Side 1  free  transition at x/c =  0.9343   61
 Side 2  free  transition at x/c =  0.1076   42

   6   rms: 0.5112E-02   max: -.9336E-01   C at   61  1
       a =-12.000      CL = -0.6814
      Cm = -0.0925     CD =  0.02535   =>   CDf =  0.00561    CDp =  0.01974

 Side 1  free  transition at x/c =  0.9340   61
 Side 2  free  transition at x/c =  0.1076   42

   7   rms: 0.5241E-02   max: -.9584E-01   C at   61  1
       a =-12.000      CL = -0.6813
      Cm = -0.0925     CD =  0.02534   =>   CDf =  0.00560    CDp =  0.01974

 Side 1  free  transition at x/c =  0.9341   61
 Side 2  free  transition at x/c =  0.1076   42

   8   rms: 0.5184E-02   max: -.9496E-01   C at   61  1
       a =-12.000      CL = -0.6813
      Cm = -0.0925     CD =  0.02534   =>   CDf =  0.00560    CDp =  0.01974

 Side 1  free  transition at x/c =  0.9341   61
 Side 2  free  transition at x/c =  0.1076   42

   9   rms: 0.5201E-02   max: -.9522E-01   C at   61  1
       a =-12.000      CL = -0.6813
      Cm = -0.0925     CD =  0.02534   =>   CDf =  0.00560    CDp =  0.01974

 Side 1  free  transition at x/c =  0.9341   61
 Side 2  free  transition at x/c =  0.1076   42

  10   rms: 0.5196E-02   max: -.9515E-01   C at   61  1
       a =-12.000      CL = -0.6813
      Cm = -0.0925     CD =  0.02534   =>   CDf =  0.00560    CDp =  0.01974

 Side 1  free  transition at x/c =  0.9341   61
 Side 2  free  transition at x/c =  0.1076   42

  11   rms: 0.5197E-02   max: -.9516E-01   C at   61  1
       a =-12.000      CL = -0.6813
      Cm = -0.0925     CD =  0.02534   =>   CDf =  0.00560    CDp =  0.01974

 Side 1  free  transition at x/c =  0.9341   61
 Side 2  free  transition at x/c =  0.1076   42

  12   rms: 0.5197E-02   max: -.9516E-01   C at   61  1
       a =-12.000      CL = -0.6813
      Cm = -0.0925     CD =  0.02534   =>   CDf =  0.00560    CDp =  0.01974

 Side 1  free  transition at x/c =  0.9341   61
 Side 2  free  transition at x/c =  0.1076   42

  13   rms: 0.5197E-02   max: -.9517E-01   C at   61  1
       a =-12.000      CL = -0.6813
      Cm = -0.0925     CD =  0.02534   =>   CDf =  0.00560    CDp =  0.01974

 Side 1  free  transition at x/c =  0.9341   61
 Side 2  free  transition at x/c =  0.1076   42

  14   rms: 0.5197E-02   max: -.9516E-01   C at   61  1
       a =-12.000      CL = -0.6813
      Cm = -0.0925     CD =  0.02534   =>   CDf =  0.00560    CDp =  0.01974

 Side 1  free  transition at x/c =  0.9341   61
 Side 2  free  transition at x/c =  0.1076   42

  15   rms: 0.5197E-02   max: -.9516E-01   C at   61  1
       a =-12.000      CL = -0.6813
      Cm = -0.0925     CD =  0.02534   =>   CDf =  0.00560    CDp =  0.01974

 Side 1  free  transition at x/c =  0.9341   61
 Side 2  free  transition at x/c =  0.1076   42

  16   rms: 0.5197E-02   max: -.9516E-01   C at   61  1
       a =-12.000      CL = -0.6813
      Cm = -0.0925     CD =  0.02534   =>   CDf =  0.00560    CDp =  0.01974

 Side 1  free  transition at x/c =  0.9341   61
 Side 2  free  transition at x/c =  0.1076   42

  17   rms: 0.5197E-02   max: -.9516E-01   C at   61  1
       a =-12.000      CL = -0.6813
      Cm = -0.0925     CD =  0.02534   =>   CDf =  0.00560    CDp =  0.01974

 Side 1  free  transition at x/c =  0.9341   61
 Side 2  free  transition at x/c =  0.1076   42

  18   rms: 0.5197E-02   max: -.9516E-01   C at   61  1
       a =-12.000      CL = -0.6813
      Cm = -0.0925     CD =  0.02534   =>   CDf =  0.00560    CDp =  0.01974

 Side 1  free  transition at x/c =  0.9341   61
 Side 2  free  transition at x/c =  0.1076   42

  19   rms: 0.5197E-02   max: -.9516E-01   C at   61  1
       a =-12.000      CL = -0.6813
      Cm = -0.0925     CD =  0.02534   =>   CDf =  0.00560    CDp =  0.01974

 Side 1  free  transition at x/c =  0.9341   61
 Side 2  free  transition at x/c =  0.1076   42

  20   rms: 0.5197E-02   max: -.9516E-01   C at   61  1
       a =-12.000      CL = -0.6813
      Cm = -0.0925     CD =  0.02534   =>   CDf =  0.00560    CDp =  0.01974

 Side 1  free  transition at x/c =  0.9341   61
 Side 2  free  transition at x/c =  0.1076   42

  21   rms: 0.5197E-02   max: -.9516E-01   C at   61  1
       a =-12.000      CL = -0.6813
      Cm = -0.0925     CD =  0.02534   =>   CDf =  0.00560    CDp =  0.01974

 Side 1  free  transition at x/c =  0.9341   61
 Side 2  free  transition at x/c =  0.1076   42

  22   rms: 0.5197E-02   max: -.9516E-01   C at   61  1
       a =-12.000      CL = -0.6813
      Cm = -0.0925     CD =  0.02534   =>   CDf =  0.00560    CDp =  0.01974

 Side 1  free  transition at x/c =  0.9341   61
 Side 2  free  transition at x/c =  0.1076   42

  23   rms: 0.5197E-02   max: -.9516E-01   C at   61  1
       a =-12.000      CL = -0.6813
      Cm = -0.0925     CD =  0.02534   =>   CDf =  0.00560    CDp =  0.01974

 Side 1  free  transition at x/c =  0.9341   61
 Side 2  free  transition at x/c =  0.1076   42

  24   rms: 0.5197E-02   max: -.9516E-01   C at   61  1
       a =-12.000      CL = -0.6813
      Cm = -0.0925     CD =  0.02534   =>   CDf =  0.00560    CDp =  0.01974

 Side 1  free  transition at x/c =  0.9341   61
 Side 2  free  transition at x/c =  0.1076   42

  25   rms: 0.5197E-02   max: -.9516E-01   C at   61  1
       a =-12.000      CL = -0.6813
      Cm = -0.0925     CD =  0.02534   =>   CDf =  0.00560    CDp =  0.01974

 Side 1  free  transition at x/c =  0.9341   61
 Side 2  free  transition at x/c =  0.1076   42

  26   rms: 0.5197E-02   max: -.9516E-01   C at   61  1
       a =-12.000      CL = -0.6813
      Cm = -0.0925     CD =  0.02534   =>   CDf =  0.00560    CDp =  0.01974

 Side 1  free  transition at x/c =  0.9341   61
 Side 2  free  transition at x/c =  0.1076   42

  27   rms: 0.5197E-02   max: -.9517E-01   C at   61  1
       a =-12.000      CL = -0.6813
      Cm = -0.0925     CD =  0.02534   =>   CDf =  0.00560    CDp =  0.01974

 Side 1  free  transition at x/c =  0.9341   61
 Side 2  free  transition at x/c =  0.1076   42

  28   rms: 0.5197E-02   max: -.9516E-01   C at   61  1
       a =-12.000      CL = -0.6813
      Cm = -0.0925     CD =  0.02534   =>   CDf =  0.00560    CDp =  0.01974

 Side 1  free  transition at x/c =  0.9341   61
 Side 2  free  transition at x/c =  0.1076   42

  29   rms: 0.5197E-02   max: -.9516E-01   C at   61  1
       a =-12.000      CL = -0.6813
      Cm = -0.0925     CD =  0.02534   =>   CDf =  0.00560    CDp =  0.01974

 Side 1  free  transition at x/c =  0.9341   61
 Side 2  free  transition at x/c =  0.1076   42

  30   rms: 0.5197E-02   max: -.9516E-01   C at   61  1
       a =-12.000      CL = -0.6813
      Cm = -0.0925     CD =  0.02534   =>   CDf =  0.00560    CDp =  0.01974

 Side 1  free  transition at x/c =  0.9341   61
 Side 2  free  transition at x/c =  0.1076   42

  31   rms: 0.5197E-02   max: -.9516E-01   C at   61  1
       a =-12.000      CL = -0.6813
      Cm = -0.0925     CD =  0.02534   =>   CDf =  0.00560    CDp =  0.01974

 Side 1  free  transition at x/c =  0.9341   61
 Side 2  free  transition at x/c =  0.1076   42

  32   rms: 0.5197E-02   max: -.9516E-01   C at   61  1
       a =-12.000      CL = -0.6813
      Cm = -0.0925     CD =  0.02534   =>   CDf =  0.00560    CDp =  0.01974

 Side 1  free  transition at x/c =  0.9341   61
 Side 2  free  transition at x/c =  0.1076   42

  33   rms: 0.5197E-02   max: -.9516E-01   C at   61  1
       a =-12.000      CL = -0.6813
      Cm = -0.0925     CD =  0.02534   =>   CDf =  0.00560    CDp =  0.01974

 Side 1  free  transition at x/c =  0.9341   61
 Side 2  free  transition at x/c =  0.1076   42

  34   rms: 0.5197E-02   max: -.9516E-01   C at   61  1
       a =-12.000      CL = -0.6813
      Cm = -0.0925     CD =  0.02534   =>   CDf =  0.00560    CDp =  0.01974

 Side 1  free  transition at x/c =  0.9341   61
 Side 2  free  transition at x/c =  0.1076   42

  35   rms: 0.5197E-02   max: -.9516E-01   C at   61  1
       a =-12.000      CL = -0.6813
      Cm = -0.0925     CD =  0.02534   =>   CDf =  0.00560    CDp =  0.01974

 Side 1  free  transition at x/c =  0.9341   61
 Side 2  free  transition at x/c =  0.1076   42

  36   rms: 0.5197E-02   max: -.9516E-01   C at   61  1
       a =-12.000      CL = -0.6813
      Cm = -0.0925     CD =  0.02534   =>   CDf =  0.00560    CDp =  0.01974

 Side 1  free  transition at x/c =  0.9341   61
 Side 2  free  transition at x/c =  0.1076   42

  37   rms: 0.5197E-02   max: -.9516E-01   C at   61  1
       a =-12.000      CL = -0.6813
      Cm = -0.0925     CD =  0.02534   =>   CDf =  0.00560    CDp =  0.01974

 Side 1  free  transition at x/c =  0.9341   61
 Side 2  free  transition at x/c =  0.1076   42

  38   rms: 0.5197E-02   max: -.9516E-01   C at   61  1
       a =-12.000      CL = -0.6813
      Cm = -0.0925     CD =  0.02534   =>   CDf =  0.00560    CDp =  0.01974

 Side 1  free  transition at x/c =  0.9341   61
 Side 2  free  transition at x/c =  0.1076   42

  39   rms: 0.5197E-02   max: -.9516E-01   C at   61  1
       a =-12.000      CL = -0.6813
      Cm = -0.0925     CD =  0.02534   =>   CDf =  0.00560    CDp =  0.01974

 Side 1  free  transition at x/c =  0.9341   61
 Side 2  free  transition at x/c =  0.1076   42

  40   rms: 0.5197E-02   max: -.9516E-01   C at   61  1
       a =-12.000      CL = -0.6813
      Cm = -0.0925     CD =  0.02534   =>   CDf =  0.00560    CDp =  0.01974

 Side 1  free  transition at x/c =  0.9341   61
 Side 2  free  transition at x/c =  0.1076   42

  41   rms: 0.5197E-02   max: -.9516E-01   C at   61  1
       a =-12.000      CL = -0.6813
      Cm = -0.0925     CD =  0.02534   =>   CDf =  0.00560    CDp =  0.01974

 Side 1  free  transition at x/c =  0.9341   61
 Side 2  free  transition at x/c =  0.1076   42

  42   rms: 0.5197E-02   max: -.9516E-01   C at   61  1
       a =-12.000      CL = -0.6813
      Cm = -0.0925     CD =  0.02534   =>   CDf =  0.00560    CDp =  0.01974

 Side 1  free  transition at x/c =  0.9341   61
 Side 2  free  transition at x/c =  0.1076   42

  43   rms: 0.5197E-02   max: -.9516E-01   C at   61  1
       a =-12.000      CL = -0.6813
      Cm = -0.0925     CD =  0.02534   =>   CDf =  0.00560    CDp =  0.01974

 Side 1  free  transition at x/c =  0.9341   61
 Side 2  free  transition at x/c =  0.1076   42

  44   rms: 0.5197E-02   max: -.9516E-01   C at   61  1
       a =-12.000      CL = -0.6813
      Cm = -0.0925     CD =  0.02534   =>   CDf =  0.00560    CDp =  0.01974

 Side 1  free  transition at x/c =  0.9341   61
 Side 2  free  transition at x/c =  0.1076   42

  45   rms: 0.5197E-02   max: -.9516E-01   C at   61  1
       a =-12.000      CL = -0.6813
      Cm = -0.0925     CD =  0.02534   =>   CDf =  0.00560    CDp =  0.01974

 Side 1  free  transition at x/c =  0.9341   61
 Side 2  free  transition at x/c =  0.1076   42

  46   rms: 0.5197E-02   max: -.9516E-01   C at   61  1
       a =-12.000      CL = -0.6813
      Cm = -0.0925     CD =  0.02534   =>   CDf =  0.00560    CDp =  0.01974

 Side 1  free  transition at x/c =  0.9341   61
 Side 2  free  transition at x/c =  0.1076   42

  47   rms: 0.5197E-02   max: -.9516E-01   C at   61  1
       a =-12.000      CL = -0.6813
      Cm = -0.0925     CD =  0.02534   =>   CDf =  0.00560    CDp =  0.01974

 Side 1  free  transition at x/c =  0.9341   61
 Side 2  free  transition at x/c =  0.1076   42

  48   rms: 0.5197E-02   max: -.9516E-01   C at   61  1
       a =-12.000      CL = -0.6813
      Cm = -0.0925     CD =  0.02534   =>   CDf =  0.00560    CDp =  0.01974

 Side 1  free  transition at x/c =  0.9341   61
 Side 2  free  transition at x/c =  0.1076   42

  49   rms: 0.5197E-02   max: -.9516E-01   C at   61  1
       a =-12.000      CL = -0.6813
      Cm = -0.0925     CD =  0.02534   =>   CDf =  0.00560    CDp =  0.01974

 Side 1  free  transition at x/c =  0.9341   61
 Side 2  free  transition at x/c =  0.1076   42

  50   rms: 0.5197E-02   max: -.9516E-01   C at   61  1
       a =-12.000      CL = -0.6813
      Cm = -0.0925     CD =  0.02534   =>   CDf =  0.00560    CDp =  0.01974

 Side 1  free  transition at x/c =  0.9341   61
 Side 2  free  transition at x/c =  0.1076   42

  51   rms: 0.5197E-02   max: -.9516E-01   C at   61  1
       a =-12.000      CL = -0.6813
      Cm = -0.0925     CD =  0.02534   =>   CDf =  0.00560    CDp =  0.01974

 Side 1  free  transition at x/c =  0.9341   61
 Side 2  free  transition at x/c =  0.1076   42

  52   rms: 0.5197E-02   max: -.9516E-01   C at   61  1
       a =-12.000      CL = -0.6813
      Cm = -0.0925     CD =  0.02534   =>   CDf =  0.00560    CDp =  0.01974

 Side 1  free  transition at x/c =  0.9341   61
 Side 2  free  transition at x/c =  0.1076   42

  53   rms: 0.5197E-02   max: -.9516E-01   C at   61  1
       a =-12.000      CL = -0.6813
      Cm = -0.0925     CD =  0.02534   =>   CDf =  0.00560    CDp =  0.01974

 Side 1  free  transition at x/c =  0.9341   61
 Side 2  free  transition at x/c =  0.1076   42

  54   rms: 0.5197E-02   max: -.9516E-01   C at   61  1
       a =-12.000      CL = -0.6813
      Cm = -0.0925     CD =  0.02534   =>   CDf =  0.00560    CDp =  0.01974

 Side 1  free  transition at x/c =  0.9341   61
 Side 2  free  transition at x/c =  0.1076   42

  55   rms: 0.5197E-02   max: -.9516E-01   C at   61  1
       a =-12.000      CL = -0.6813
      Cm = -0.0925     CD =  0.02534   =>   CDf =  0.00560    CDp =  0.01974

 Side 1  free  transition at x/c =  0.9341   61
 Side 2  free  transition at x/c =  0.1076   42

  56   rms: 0.5197E-02   max: -.9516E-01   C at   61  1
       a =-12.000      CL = -0.6813
      Cm = -0.0925     CD =  0.02534   =>   CDf =  0.00560    CDp =  0.01974

 Side 1  free  transition at x/c =  0.9341   61
 Side 2  free  transition at x/c =  0.1076   42

  57   rms: 0.5197E-02   max: -.9516E-01   C at   61  1
       a =-12.000      CL = -0.6813
      Cm = -0.0925     CD =  0.02534   =>   CDf =  0.00560    CDp =  0.01974

 Side 1  free  transition at x/c =  0.9341   61
 Side 2  free  transition at x/c =  0.1076   42

  58   rms: 0.5197E-02   max: -.9516E-01   C at   61  1
       a =-12.000      CL = -0.6813
      Cm = -0.0925     CD =  0.02534   =>   CDf =  0.00560    CDp =  0.01974

 Side 1  free  transition at x/c =  0.9341   61
 Side 2  free  transition at x/c =  0.1076   42

  59   rms: 0.5197E-02   max: -.9516E-01   C at   61  1
       a =-12.000      CL = -0.6813
      Cm = -0.0925     CD =  0.02534   =>   CDf =  0.00560    CDp =  0.01974

 Side 1  free  transition at x/c =  0.9341   61
 Side 2  free  transition at x/c =  0.1076   42

  60   rms: 0.5197E-02   max: -.9516E-01   C at   61  1
       a =-12.000      CL = -0.6813
      Cm = -0.0925     CD =  0.02534   =>   CDf =  0.00560    CDp =  0.01974

 Side 1  free  transition at x/c =  0.9341   61
 Side 2  free  transition at x/c =  0.1076   42

  61   rms: 0.5197E-02   max: -.9516E-01   C at   61  1
       a =-12.000      CL = -0.6813
      Cm = -0.0925     CD =  0.02534   =>   CDf =  0.00560    CDp =  0.01974

 Side 1  free  transition at x/c =  0.9341   61
 Side 2  free  transition at x/c =  0.1076   42

  62   rms: 0.5197E-02   max: -.9517E-01   C at   61  1
       a =-12.000      CL = -0.6813
      Cm = -0.0925     CD =  0.02534   =>   CDf =  0.00560    CDp =  0.01974

 Side 1  free  transition at x/c =  0.9341   61
 Side 2  free  transition at x/c =  0.1076   42

  63   rms: 0.5197E-02   max: -.9516E-01   C at   61  1
       a =-12.000      CL = -0.6813
      Cm = -0.0925     CD =  0.02534   =>   CDf =  0.00560    CDp =  0.01974

 Side 1  free  transition at x/c =  0.9341   61
 Side 2  free  transition at x/c =  0.1076   42

  64   rms: 0.5197E-02   max: -.9516E-01   C at   61  1
       a =-12.000      CL = -0.6813
      Cm = -0.0925     CD =  0.02534   =>   CDf =  0.00560    CDp =  0.01974

 Side 1  free  transition at x/c =  0.9341   61
 Side 2  free  transition at x/c =  0.1076   42

  65   rms: 0.5197E-02   max: -.9516E-01   C at   61  1
       a =-12.000      CL = -0.6813
      Cm = -0.0925     CD =  0.02534   =>   CDf =  0.00560    CDp =  0.01974

 Side 1  free  transition at x/c =  0.9341   61
 Side 2  free  transition at x/c =  0.1076   42

  66   rms: 0.5197E-02   max: -.9516E-01   C at   61  1
       a =-12.000      CL = -0.6813
      Cm = -0.0925     CD =  0.02534   =>   CDf =  0.00560    CDp =  0.01974

 Side 1  free  transition at x/c =  0.9341   61
 Side 2  free  transition at x/c =  0.1076   42

  67   rms: 0.5197E-02   max: -.9516E-01   C at   61  1
       a =-12.000      CL = -0.6813
      Cm = -0.0925     CD =  0.02534   =>   CDf =  0.00560    CDp =  0.01974

 Side 1  free  transition at x/c =  0.9341   61
 Side 2  free  transition at x/c =  0.1076   42

  68   rms: 0.5197E-02   max: -.9516E-01   C at   61  1
       a =-12.000      CL = -0.6813
      Cm = -0.0925     CD =  0.02534   =>   CDf =  0.00560    CDp =  0.01974

 Side 1  free  transition at x/c =  0.9341   61
 Side 2  free  transition at x/c =  0.1076   42

  69   rms: 0.5197E-02   max: -.9516E-01   C at   61  1
       a =-12.000      CL = -0.6813
      Cm = -0.0925     CD =  0.02534   =>   CDf =  0.00560    CDp =  0.01974

 Side 1  free  transition at x/c =  0.9341   61
 Side 2  free  transition at x/c =  0.1076   42

  70   rms: 0.5197E-02   max: -.9516E-01   C at   61  1
       a =-12.000      CL = -0.6813
      Cm = -0.0925     CD =  0.02534   =>   CDf =  0.00560    CDp =  0.01974

 Side 1  free  transition at x/c =  0.9341   61
 Side 2  free  transition at x/c =  0.1076   42

  71   rms: 0.5197E-02   max: -.9516E-01   C at   61  1
       a =-12.000      CL = -0.6813
      Cm = -0.0925     CD =  0.02534   =>   CDf =  0.00560    CDp =  0.01974

 Side 1  free  transition at x/c =  0.9341   61
 Side 2  free  transition at x/c =  0.1076   42

  72   rms: 0.5197E-02   max: -.9516E-01   C at   61  1
       a =-12.000      CL = -0.6813
      Cm = -0.0925     CD =  0.02534   =>   CDf =  0.00560    CDp =  0.01974

 Side 1  free  transition at x/c =  0.9341   61
 Side 2  free  transition at x/c =  0.1076   42

  73   rms: 0.5197E-02   max: -.9516E-01   C at   61  1
       a =-12.000      CL = -0.6813
      Cm = -0.0925     CD =  0.02534   =>   CDf =  0.00560    CDp =  0.01974

 Side 1  free  transition at x/c =  0.9341   61
 Side 2  free  transition at x/c =  0.1076   42

  74   rms: 0.5197E-02   max: -.9516E-01   C at   61  1
       a =-12.000      CL = -0.6813
      Cm = -0.0925     CD =  0.02534   =>   CDf =  0.00560    CDp =  0.01974

 Side 1  free  transition at x/c =  0.9341   61
 Side 2  free  transition at x/c =  0.1076   42

  75   rms: 0.5197E-02   max: -.9516E-01   C at   61  1
       a =-12.000      CL = -0.6813
      Cm = -0.0925     CD =  0.02534   =>   CDf =  0.00560    CDp =  0.01974

 Side 1  free  transition at x/c =  0.9341   61
 Side 2  free  transition at x/c =  0.1076   42

  76   rms: 0.5197E-02   max: -.9516E-01   C at   61  1
       a =-12.000      CL = -0.6813
      Cm = -0.0925     CD =  0.02534   =>   CDf =  0.00560    CDp =  0.01974

 Side 1  free  transition at x/c =  0.9341   61
 Side 2  free  transition at x/c =  0.1076   42

  77   rms: 0.5197E-02   max: -.9516E-01   C at   61  1
       a =-12.000      CL = -0.6813
      Cm = -0.0925     CD =  0.02534   =>   CDf =  0.00560    CDp =  0.01974

 Side 1  free  transition at x/c =  0.9341   61
 Side 2  free  transition at x/c =  0.1076   42

  78   rms: 0.5197E-02   max: -.9516E-01   C at   61  1
       a =-12.000      CL = -0.6813
      Cm = -0.0925     CD =  0.02534   =>   CDf =  0.00560    CDp =  0.01974

 Side 1  free  transition at x/c =  0.9341   61
 Side 2  free  transition at x/c =  0.1076   42

  79   rms: 0.5197E-02   max: -.9517E-01   C at   61  1
       a =-12.000      CL = -0.6813
      Cm = -0.0925     CD =  0.02534   =>   CDf =  0.00560    CDp =  0.01974

 Side 1  free  transition at x/c =  0.9341   61
 Side 2  free  transition at x/c =  0.1076   42

  80   rms: 0.5197E-02   max: -.9516E-01   C at   61  1
       a =-12.000      CL = -0.6813
      Cm = -0.0925     CD =  0.02534   =>   CDf =  0.00560    CDp =  0.01974

 Side 1  free  transition at x/c =  0.9341   61
 Side 2  free  transition at x/c =  0.1076   42

  81   rms: 0.5197E-02   max: -.9516E-01   C at   61  1
       a =-12.000      CL = -0.6813
      Cm = -0.0925     CD =  0.02534   =>   CDf =  0.00560    CDp =  0.01974

 Side 1  free  transition at x/c =  0.9341   61
 Side 2  free  transition at x/c =  0.1076   42

  82   rms: 0.5197E-02   max: -.9516E-01   C at   61  1
       a =-12.000      CL = -0.6813
      Cm = -0.0925     CD =  0.02534   =>   CDf =  0.00560    CDp =  0.01974

 Side 1  free  transition at x/c =  0.9341   61
 Side 2  free  transition at x/c =  0.1076   42

  83   rms: 0.5197E-02   max: -.9516E-01   C at   61  1
       a =-12.000      CL = -0.6813
      Cm = -0.0925     CD =  0.02534   =>   CDf =  0.00560    CDp =  0.01974

 Side 1  free  transition at x/c =  0.9341   61
 Side 2  free  transition at x/c =  0.1076   42

  84   rms: 0.5197E-02   max: -.9516E-01   C at   61  1
       a =-12.000      CL = -0.6813
      Cm = -0.0925     CD =  0.02534   =>   CDf =  0.00560    CDp =  0.01974

 Side 1  free  transition at x/c =  0.9341   61
 Side 2  free  transition at x/c =  0.1076   42

  85   rms: 0.5197E-02   max: -.9516E-01   C at   61  1
       a =-12.000      CL = -0.6813
      Cm = -0.0925     CD =  0.02534   =>   CDf =  0.00560    CDp =  0.01974

 Side 1  free  transition at x/c =  0.9341   61
 Side 2  free  transition at x/c =  0.1076   42

  86   rms: 0.5197E-02   max: -.9516E-01   C at   61  1
       a =-12.000      CL = -0.6813
      Cm = -0.0925     CD =  0.02534   =>   CDf =  0.00560    CDp =  0.01974

 Side 1  free  transition at x/c =  0.9341   61
 Side 2  free  transition at x/c =  0.1076   42

  87   rms: 0.5197E-02   max: -.9516E-01   C at   61  1
       a =-12.000      CL = -0.6813
      Cm = -0.0925     CD =  0.02534   =>   CDf =  0.00560    CDp =  0.01974

 Side 1  free  transition at x/c =  0.9341   61
 Side 2  free  transition at x/c =  0.1076   42

  88   rms: 0.5197E-02   max: -.9516E-01   C at   61  1
       a =-12.000      CL = -0.6813
      Cm = -0.0925     CD =  0.02534   =>   CDf =  0.00560    CDp =  0.01974

 Side 1  free  transition at x/c =  0.9341   61
 Side 2  free  transition at x/c =  0.1076   42

  89   rms: 0.5197E-02   max: -.9516E-01   C at   61  1
       a =-12.000      CL = -0.6813
      Cm = -0.0925     CD =  0.02534   =>   CDf =  0.00560    CDp =  0.01974

 Side 1  free  transition at x/c =  0.9341   61
 Side 2  free  transition at x/c =  0.1076   42

  90   rms: 0.5197E-02   max: -.9516E-01   C at   61  1
       a =-12.000      CL = -0.6813
      Cm = -0.0925     CD =  0.02534   =>   CDf =  0.00560    CDp =  0.01974

 Side 1  free  transition at x/c =  0.9341   61
 Side 2  free  transition at x/c =  0.1076   42

  91   rms: 0.5197E-02   max: -.9516E-01   C at   61  1
       a =-12.000      CL = -0.6813
      Cm = -0.0925     CD =  0.02534   =>   CDf =  0.00560    CDp =  0.01974

 Side 1  free  transition at x/c =  0.9341   61
 Side 2  free  transition at x/c =  0.1076   42

  92   rms: 0.5197E-02   max: -.9516E-01   C at   61  1
       a =-12.000      CL = -0.6813
      Cm = -0.0925     CD =  0.02534   =>   CDf =  0.00560    CDp =  0.01974

 Side 1  free  transition at x/c =  0.9341   61
 Side 2  free  transition at x/c =  0.1076   42

  93   rms: 0.5197E-02   max: -.9516E-01   C at   61  1
       a =-12.000      CL = -0.6813
      Cm = -0.0925     CD =  0.02534   =>   CDf =  0.00560    CDp =  0.01974

 Side 1  free  transition at x/c =  0.9341   61
 Side 2  free  transition at x/c =  0.1076   42

  94   rms: 0.5197E-02   max: -.9516E-01   C at   61  1
       a =-12.000      CL = -0.6813
      Cm = -0.0925     CD =  0.02534   =>   CDf =  0.00560    CDp =  0.01974

 Side 1  free  transition at x/c =  0.9341   61
 Side 2  free  transition at x/c =  0.1076   42

  95   rms: 0.5197E-02   max: -.9516E-01   C at   61  1
       a =-12.000      CL = -0.6813
      Cm = -0.0925     CD =  0.02534   =>   CDf =  0.00560    CDp =  0.01974

 Side 1  free  transition at x/c =  0.9341   61
 Side 2  free  transition at x/c =  0.1076   42

  96   rms: 0.5197E-02   max: -.9516E-01   C at   61  1
       a =-12.000      CL = -0.6813
      Cm = -0.0925     CD =  0.02534   =>   CDf =  0.00560    CDp =  0.01974

 Side 1  free  transition at x/c =  0.9341   61
 Side 2  free  transition at x/c =  0.1076   42

  97   rms: 0.5197E-02   max: -.9516E-01   C at   61  1
       a =-12.000      CL = -0.6813
      Cm = -0.0925     CD =  0.02534   =>   CDf =  0.00560    CDp =  0.01974

 Side 1  free  transition at x/c =  0.9341   61
 Side 2  free  transition at x/c =  0.1076   42

  98   rms: 0.5197E-02   max: -.9516E-01   C at   61  1
       a =-12.000      CL = -0.6813
      Cm = -0.0925     CD =  0.02534   =>   CDf =  0.00560    CDp =  0.01974

 Side 1  free  transition at x/c =  0.9341   61
 Side 2  free  transition at x/c =  0.1076   42

  99   rms: 0.5197E-02   max: -.9516E-01   C at   61  1
       a =-12.000      CL = -0.6813
      Cm = -0.0925     CD =  0.02534   =>   CDf =  0.00560    CDp =  0.01974

 Side 1  free  transition at x/c =  0.9341   61
 Side 2  free  transition at x/c =  0.1076   42

 100   rms: 0.5197E-02   max: -.9516E-01   C at   61  1
       a =-12.000      CL = -0.6813
      Cm = -0.0925     CD =  0.02534   =>   CDf =  0.00560    CDp =  0.01974

 Side 1  free  transition at x/c =  0.9341   61
 Side 2  free  transition at x/c =  0.1076   42

 101   rms: 0.5197E-02   max: -.9516E-01   C at   61  1
       a =-12.000      CL = -0.6813
      Cm = -0.0925     CD =  0.02534   =>   CDf =  0.00560    CDp =  0.01974

 Side 1  free  transition at x/c =  0.9341   61
 Side 2  free  transition at x/c =  0.1076   42

 102   rms: 0.5197E-02   max: -.9517E-01   C at   61  1
       a =-12.000      CL = -0.6813
      Cm = -0.0925     CD =  0.02534   =>   CDf =  0.00560    CDp =  0.01974

 Side 1  free  transition at x/c =  0.9341   61
 Side 2  free  transition at x/c =  0.1076   42

 103   rms: 0.5197E-02   max: -.9516E-01   C at   61  1
       a =-12.000      CL = -0.6813
      Cm = -0.0925     CD =  0.02534   =>   CDf =  0.00560    CDp =  0.01974

 Side 1  free  transition at x/c =  0.9341   61
 Side 2  free  transition at x/c =  0.1076   42

 104   rms: 0.5197E-02   max: -.9516E-01   C at   61  1
       a =-12.000      CL = -0.6813
      Cm = -0.0925     CD =  0.02534   =>   CDf =  0.00560    CDp =  0.01974

 Side 1  free  transition at x/c =  0.9341   61
 Side 2  free  transition at x/c =  0.1076   42

 105   rms: 0.5197E-02   max: -.9516E-01   C at   61  1
       a =-12.000      CL = -0.6813
      Cm = -0.0925     CD =  0.02534   =>   CDf =  0.00560    CDp =  0.01974

 Side 1  free  transition at x/c =  0.9341   61
 Side 2  free  transition at x/c =  0.1076   42

 106   rms: 0.5197E-02   max: -.9516E-01   C at   61  1
       a =-12.000      CL = -0.6813
      Cm = -0.0925     CD =  0.02534   =>   CDf =  0.00560    CDp =  0.01974

 Side 1  free  transition at x/c =  0.9341   61
 Side 2  free  transition at x/c =  0.1076   42

 107   rms: 0.5197E-02   max: -.9516E-01   C at   61  1
       a =-12.000      CL = -0.6813
      Cm = -0.0925     CD =  0.02534   =>   CDf =  0.00560    CDp =  0.01974

 Side 1  free  transition at x/c =  0.9341   61
 Side 2  free  transition at x/c =  0.1076   42

 108   rms: 0.5197E-02   max: -.9515E-01   C at   61  1
       a =-12.000      CL = -0.6813
      Cm = -0.0925     CD =  0.02534   =>   CDf =  0.00560    CDp =  0.01974

 Side 1  free  transition at x/c =  0.9341   61
 Side 2  free  transition at x/c =  0.1076   42

 109   rms: 0.5197E-02   max: -.9516E-01   C at   61  1
       a =-12.000      CL = -0.6813
      Cm = -0.0925     CD =  0.02534   =>   CDf =  0.00560    CDp =  0.01974

 Side 1  free  transition at x/c =  0.9341   61
 Side 2  free  transition at x/c =  0.1076   42

 110   rms: 0.5197E-02   max: -.9516E-01   C at   61  1
       a =-12.000      CL = -0.6813
      Cm = -0.0925     CD =  0.02534   =>   CDf =  0.00560    CDp =  0.01974

 Side 1  free  transition at x/c =  0.9341   61
 Side 2  free  transition at x/c =  0.1076   42

 111   rms: 0.5197E-02   max: -.9516E-01   C at   61  1
       a =-12.000      CL = -0.6813
      Cm = -0.0925     CD =  0.02534   =>   CDf =  0.00560    CDp =  0.01974

 Side 1  free  transition at x/c =  0.9341   61
 Side 2  free  transition at x/c =  0.1076   42

 112   rms: 0.5197E-02   max: -.9516E-01   C at   61  1
       a =-12.000      CL = -0.6813
      Cm = -0.0925     CD =  0.02534   =>   CDf =  0.00560    CDp =  0.01974

 Side 1  free  transition at x/c =  0.9341   61
 Side 2  free  transition at x/c =  0.1076   42

 113   rms: 0.5197E-02   max: -.9516E-01   C at   61  1
       a =-12.000      CL = -0.6813
      Cm = -0.0925     CD =  0.02534   =>   CDf =  0.00560    CDp =  0.01974

 Side 1  free  transition at x/c =  0.9341   61
 Side 2  free  transition at x/c =  0.1076   42

 114   rms: 0.5197E-02   max: -.9516E-01   C at   61  1
       a =-12.000      CL = -0.6813
      Cm = -0.0925     CD =  0.02534   =>   CDf =  0.00560    CDp =  0.01974

 Side 1  free  transition at x/c =  0.9341   61
 Side 2  free  transition at x/c =  0.1076   42

 115   rms: 0.5197E-02   max: -.9516E-01   C at   61  1
       a =-12.000      CL = -0.6813
      Cm = -0.0925     CD =  0.02534   =>   CDf =  0.00560    CDp =  0.01974

 Side 1  free  transition at x/c =  0.9341   61
 Side 2  free  transition at x/c =  0.1076   42

 116   rms: 0.5197E-02   max: -.9516E-01   C at   61  1
       a =-12.000      CL = -0.6813
      Cm = -0.0925     CD =  0.02534   =>   CDf =  0.00560    CDp =  0.01974

 Side 1  free  transition at x/c =  0.9341   61
 Side 2  free  transition at x/c =  0.1076   42

 117   rms: 0.5197E-02   max: -.9516E-01   C at   61  1
       a =-12.000      CL = -0.6813
      Cm = -0.0925     CD =  0.02534   =>   CDf =  0.00560    CDp =  0.01974

 Side 1  free  transition at x/c =  0.9341   61
 Side 2  free  transition at x/c =  0.1076   42

 118   rms: 0.5197E-02   max: -.9516E-01   C at   61  1
       a =-12.000      CL = -0.6813
      Cm = -0.0925     CD =  0.02534   =>   CDf =  0.00560    CDp =  0.01974

 Side 1  free  transition at x/c =  0.9341   61
 Side 2  free  transition at x/c =  0.1076   42

 119   rms: 0.5197E-02   max: -.9516E-01   C at   61  1
       a =-12.000      CL = -0.6813
      Cm = -0.0925     CD =  0.02534   =>   CDf =  0.00560    CDp =  0.01974

 Side 1  free  transition at x/c =  0.9341   61
 Side 2  free  transition at x/c =  0.1076   42

 120   rms: 0.5197E-02   max: -.9516E-01   C at   61  1
       a =-12.000      CL = -0.6813
      Cm = -0.0925     CD =  0.02534   =>   CDf =  0.00560    CDp =  0.01974

 Side 1  free  transition at x/c =  0.9341   61
 Side 2  free  transition at x/c =  0.1076   42

 121   rms: 0.5197E-02   max: -.9516E-01   C at   61  1
       a =-12.000      CL = -0.6813
      Cm = -0.0925     CD =  0.02534   =>   CDf =  0.00560    CDp =  0.01974

 Side 1  free  transition at x/c =  0.9341   61
 Side 2  free  transition at x/c =  0.1076   42

 122   rms: 0.5197E-02   max: -.9516E-01   C at   61  1
       a =-12.000      CL = -0.6813
      Cm = -0.0925     CD =  0.02534   =>   CDf =  0.00560    CDp =  0.01974

 Side 1  free  transition at x/c =  0.9341   61
 Side 2  free  transition at x/c =  0.1076   42

 123   rms: 0.5197E-02   max: -.9516E-01   C at   61  1
       a =-12.000      CL = -0.6813
      Cm = -0.0925     CD =  0.02534   =>   CDf =  0.00560    CDp =  0.01974

 Side 1  free  transition at x/c =  0.9341   61
 Side 2  free  transition at x/c =  0.1076   42

 124   rms: 0.5197E-02   max: -.9516E-01   C at   61  1
       a =-12.000      CL = -0.6813
      Cm = -0.0925     CD =  0.02534   =>   CDf =  0.00560    CDp =  0.01974

 Side 1  free  transition at x/c =  0.9341   61
 Side 2  free  transition at x/c =  0.1076   42

 125   rms: 0.5197E-02   max: -.9516E-01   C at   61  1
       a =-12.000      CL = -0.6813
      Cm = -0.0925     CD =  0.02534   =>   CDf =  0.00560    CDp =  0.01974

 Side 1  free  transition at x/c =  0.9341   61
 Side 2  free  transition at x/c =  0.1076   42

 126   rms: 0.5197E-02   max: -.9516E-01   C at   61  1
       a =-12.000      CL = -0.6813
      Cm = -0.0925     CD =  0.02534   =>   CDf =  0.00560    CDp =  0.01974

 Side 1  free  transition at x/c =  0.9341   61
 Side 2  free  transition at x/c =  0.1076   42

 127   rms: 0.5197E-02   max: -.9516E-01   C at   61  1
       a =-12.000      CL = -0.6813
      Cm = -0.0925     CD =  0.02534   =>   CDf =  0.00560    CDp =  0.01974

 Side 1  free  transition at x/c =  0.9341   61
 Side 2  free  transition at x/c =  0.1076   42

 128   rms: 0.5197E-02   max: -.9516E-01   C at   61  1
       a =-12.000      CL = -0.6813
      Cm = -0.0925     CD =  0.02534   =>   CDf =  0.00560    CDp =  0.01974

 Side 1  free  transition at x/c =  0.9341   61
 Side 2  free  transition at x/c =  0.1076   42

 129   rms: 0.5197E-02   max: -.9516E-01   C at   61  1
       a =-12.000      CL = -0.6813
      Cm = -0.0925     CD =  0.02534   =>   CDf =  0.00560    CDp =  0.01974

 Side 1  free  transition at x/c =  0.9341   61
 Side 2  free  transition at x/c =  0.1076   42

 130   rms: 0.5197E-02   max: -.9516E-01   C at   61  1
       a =-12.000      CL = -0.6813
      Cm = -0.0925     CD =  0.02534   =>   CDf =  0.00560    CDp =  0.01974

 Side 1  free  transition at x/c =  0.9341   61
 Side 2  free  transition at x/c =  0.1076   42

 131   rms: 0.5197E-02   max: -.9517E-01   C at   61  1
       a =-12.000      CL = -0.6813
      Cm = -0.0925     CD =  0.02534   =>   CDf =  0.00560    CDp =  0.01974

 Side 1  free  transition at x/c =  0.9341   61
 Side 2  free  transition at x/c =  0.1076   42

 132   rms: 0.5197E-02   max: -.9516E-01   C at   61  1
       a =-12.000      CL = -0.6813
      Cm = -0.0925     CD =  0.02534   =>   CDf =  0.00560    CDp =  0.01974

 Side 1  free  transition at x/c =  0.9341   61
 Side 2  free  transition at x/c =  0.1076   42

 133   rms: 0.5197E-02   max: -.9516E-01   C at   61  1
       a =-12.000      CL = -0.6813
      Cm = -0.0925     CD =  0.02534   =>   CDf =  0.00560    CDp =  0.01974

 Side 1  free  transition at x/c =  0.9341   61
 Side 2  free  transition at x/c =  0.1076   42

 134   rms: 0.5197E-02   max: -.9516E-01   C at   61  1
       a =-12.000      CL = -0.6813
      Cm = -0.0925     CD =  0.02534   =>   CDf =  0.00560    CDp =  0.01974

 Side 1  free  transition at x/c =  0.9341   61
 Side 2  free  transition at x/c =  0.1076   42

 135   rms: 0.5197E-02   max: -.9516E-01   C at   61  1
       a =-12.000      CL = -0.6813
      Cm = -0.0925     CD =  0.02534   =>   CDf =  0.00560    CDp =  0.01974

 Side 1  free  transition at x/c =  0.9341   61
 Side 2  free  transition at x/c =  0.1076   42

 136   rms: 0.5197E-02   max: -.9516E-01   C at   61  1
       a =-12.000      CL = -0.6813
      Cm = -0.0925     CD =  0.02534   =>   CDf =  0.00560    CDp =  0.01974

 Side 1  free  transition at x/c =  0.9341   61
 Side 2  free  transition at x/c =  0.1076   42

 137   rms: 0.5197E-02   max: -.9516E-01   C at   61  1
       a =-12.000      CL = -0.6813
      Cm = -0.0925     CD =  0.02534   =>   CDf =  0.00560    CDp =  0.01974

 Side 1  free  transition at x/c =  0.9341   61
 Side 2  free  transition at x/c =  0.1076   42

 138   rms: 0.5197E-02   max: -.9516E-01   C at   61  1
       a =-12.000      CL = -0.6813
      Cm = -0.0925     CD =  0.02534   =>   CDf =  0.00560    CDp =  0.01974

 Side 1  free  transition at x/c =  0.9341   61
 Side 2  free  transition at x/c =  0.1076   42

 139   rms: 0.5197E-02   max: -.9516E-01   C at   61  1
       a =-12.000      CL = -0.6813
      Cm = -0.0925     CD =  0.02534   =>   CDf =  0.00560    CDp =  0.01974

 Side 1  free  transition at x/c =  0.9341   61
 Side 2  free  transition at x/c =  0.1076   42

 140   rms: 0.5197E-02   max: -.9516E-01   C at   61  1
       a =-12.000      CL = -0.6813
      Cm = -0.0925     CD =  0.02534   =>   CDf =  0.00560    CDp =  0.01974

 Side 1  free  transition at x/c =  0.9341   61
 Side 2  free  transition at x/c =  0.1076   42

 141   rms: 0.5197E-02   max: -.9516E-01   C at   61  1
       a =-12.000      CL = -0.6813
      Cm = -0.0925     CD =  0.02534   =>   CDf =  0.00560    CDp =  0.01974

 Side 1  free  transition at x/c =  0.9341   61
 Side 2  free  transition at x/c =  0.1076   42

 142   rms: 0.5197E-02   max: -.9516E-01   C at   61  1
       a =-12.000      CL = -0.6813
      Cm = -0.0925     CD =  0.02534   =>   CDf =  0.00560    CDp =  0.01974

 Side 1  free  transition at x/c =  0.9341   61
 Side 2  free  transition at x/c =  0.1076   42

 143   rms: 0.5197E-02   max: -.9516E-01   C at   61  1
       a =-12.000      CL = -0.6813
      Cm = -0.0925     CD =  0.02534   =>   CDf =  0.00560    CDp =  0.01974

 Side 1  free  transition at x/c =  0.9341   61
 Side 2  free  transition at x/c =  0.1076   42

 144   rms: 0.5197E-02   max: -.9516E-01   C at   61  1
       a =-12.000      CL = -0.6813
      Cm = -0.0925     CD =  0.02534   =>   CDf =  0.00560    CDp =  0.01974

 Side 1  free  transition at x/c =  0.9341   61
 Side 2  free  transition at x/c =  0.1076   42

 145   rms: 0.5197E-02   max: -.9516E-01   C at   61  1
       a =-12.000      CL = -0.6813
      Cm = -0.0925     CD =  0.02534   =>   CDf =  0.00560    CDp =  0.01974

 Side 1  free  transition at x/c =  0.9341   61
 Side 2  free  transition at x/c =  0.1076   42

 146   rms: 0.5197E-02   max: -.9516E-01   C at   61  1
       a =-12.000      CL = -0.6813
      Cm = -0.0925     CD =  0.02534   =>   CDf =  0.00560    CDp =  0.01974

 Side 1  free  transition at x/c =  0.9341   61
 Side 2  free  transition at x/c =  0.1076   42

 147   rms: 0.5197E-02   max: -.9516E-01   C at   61  1
       a =-12.000      CL = -0.6813
      Cm = -0.0925     CD =  0.02534   =>   CDf =  0.00560    CDp =  0.01974

 Side 1  free  transition at x/c =  0.9341   61
 Side 2  free  transition at x/c =  0.1076   42

 148   rms: 0.5197E-02   max: -.9516E-01   C at   61  1
       a =-12.000      CL = -0.6813
      Cm = -0.0925     CD =  0.02534   =>   CDf =  0.00560    CDp =  0.01974

 Side 1  free  transition at x/c =  0.9341   61
 Side 2  free  transition at x/c =  0.1076   42

 149   rms: 0.5197E-02   max: -.9516E-01   C at   61  1
       a =-12.000      CL = -0.6813
      Cm = -0.0925     CD =  0.02534   =>   CDf =  0.00560    CDp =  0.01974

 Side 1  free  transition at x/c =  0.9341   61
 Side 2  free  transition at x/c =  0.1076   42

 150   rms: 0.5197E-02   max: -.9516E-01   C at   61  1
       a =-12.000      CL = -0.6813
      Cm = -0.0925     CD =  0.02534   =>   CDf =  0.00560    CDp =  0.01974

 Side 1  free  transition at x/c =  0.9341   61
 Side 2  free  transition at x/c =  0.1076   42

 151   rms: 0.5197E-02   max: -.9516E-01   C at   61  1
       a =-12.000      CL = -0.6813
      Cm = -0.0925     CD =  0.02534   =>   CDf =  0.00560    CDp =  0.01974

 Side 1  free  transition at x/c =  0.9341   61
 Side 2  free  transition at x/c =  0.1076   42

 152   rms: 0.5197E-02   max: -.9516E-01   C at   61  1
       a =-12.000      CL = -0.6813
      Cm = -0.0925     CD =  0.02534   =>   CDf =  0.00560    CDp =  0.01974

 Side 1  free  transition at x/c =  0.9341   61
 Side 2  free  transition at x/c =  0.1076   42

 153   rms: 0.5197E-02   max: -.9516E-01   C at   61  1
       a =-12.000      CL = -0.6813
      Cm = -0.0925     CD =  0.02534   =>   CDf =  0.00560    CDp =  0.01974

 Side 1  free  transition at x/c =  0.9341   61
 Side 2  free  transition at x/c =  0.1076   42

 154   rms: 0.5197E-02   max: -.9517E-01   C at   61  1
       a =-12.000      CL = -0.6813
      Cm = -0.0925     CD =  0.02534   =>   CDf =  0.00560    CDp =  0.01974

 Side 1  free  transition at x/c =  0.9341   61
 Side 2  free  transition at x/c =  0.1076   42

 155   rms: 0.5197E-02   max: -.9516E-01   C at   61  1
       a =-12.000      CL = -0.6813
      Cm = -0.0925     CD =  0.02534   =>   CDf =  0.00560    CDp =  0.01974

 Side 1  free  transition at x/c =  0.9341   61
 Side 2  free  transition at x/c =  0.1076   42

 156   rms: 0.5197E-02   max: -.9516E-01   C at   61  1
       a =-12.000      CL = -0.6813
      Cm = -0.0925     CD =  0.02534   =>   CDf =  0.00560    CDp =  0.01974

 Side 1  free  transition at x/c =  0.9341   61
 Side 2  free  transition at x/c =  0.1076   42

 157   rms: 0.5197E-02   max: -.9516E-01   C at   61  1
       a =-12.000      CL = -0.6813
      Cm = -0.0925     CD =  0.02534   =>   CDf =  0.00560    CDp =  0.01974

 Side 1  free  transition at x/c =  0.9341   61
 Side 2  free  transition at x/c =  0.1076   42

 158   rms: 0.5197E-02   max: -.9516E-01   C at   61  1
       a =-12.000      CL = -0.6813
      Cm = -0.0925     CD =  0.02534   =>   CDf =  0.00560    CDp =  0.01974

 Side 1  free  transition at x/c =  0.9341   61
 Side 2  free  transition at x/c =  0.1076   42

 159   rms: 0.5197E-02   max: -.9516E-01   C at   61  1
       a =-12.000      CL = -0.6813
      Cm = -0.0925     CD =  0.02534   =>   CDf =  0.00560    CDp =  0.01974

 Side 1  free  transition at x/c =  0.9341   61
 Side 2  free  transition at x/c =  0.1076   42

 160   rms: 0.5197E-02   max: -.9516E-01   C at   61  1
       a =-12.000      CL = -0.6813
      Cm = -0.0925     CD =  0.02534   =>   CDf =  0.00560    CDp =  0.01974

 Side 1  free  transition at x/c =  0.9341   61
 Side 2  free  transition at x/c =  0.1076   42

 161   rms: 0.5197E-02   max: -.9516E-01   C at   61  1
       a =-12.000      CL = -0.6813
      Cm = -0.0925     CD =  0.02534   =>   CDf =  0.00560    CDp =  0.01974

 Side 1  free  transition at x/c =  0.9341   61
 Side 2  free  transition at x/c =  0.1076   42

 162   rms: 0.5197E-02   max: -.9516E-01   C at   61  1
       a =-12.000      CL = -0.6813
      Cm = -0.0925     CD =  0.02534   =>   CDf =  0.00560    CDp =  0.01974

 Side 1  free  transition at x/c =  0.9341   61
 Side 2  free  transition at x/c =  0.1076   42

 163   rms: 0.5197E-02   max: -.9516E-01   C at   61  1
       a =-12.000      CL = -0.6813
      Cm = -0.0925     CD =  0.02534   =>   CDf =  0.00560    CDp =  0.01974

 Side 1  free  transition at x/c =  0.9341   61
 Side 2  free  transition at x/c =  0.1076   42

 164   rms: 0.5197E-02   max: -.9516E-01   C at   61  1
       a =-12.000      CL = -0.6813
      Cm = -0.0925     CD =  0.02534   =>   CDf =  0.00560    CDp =  0.01974

 Side 1  free  transition at x/c =  0.9341   61
 Side 2  free  transition at x/c =  0.1076   42

 165   rms: 0.5197E-02   max: -.9516E-01   C at   61  1
       a =-12.000      CL = -0.6813
      Cm = -0.0925     CD =  0.02534   =>   CDf =  0.00560    CDp =  0.01974

 Side 1  free  transition at x/c =  0.9341   61
 Side 2  free  transition at x/c =  0.1076   42

 166   rms: 0.5197E-02   max: -.9516E-01   C at   61  1
       a =-12.000      CL = -0.6813
      Cm = -0.0925     CD =  0.02534   =>   CDf =  0.00560    CDp =  0.01974

 Side 1  free  transition at x/c =  0.9341   61
 Side 2  free  transition at x/c =  0.1076   42

 167   rms: 0.5197E-02   max: -.9516E-01   C at   61  1
       a =-12.000      CL = -0.6813
      Cm = -0.0925     CD =  0.02534   =>   CDf =  0.00560    CDp =  0.01974

 Side 1  free  transition at x/c =  0.9341   61
 Side 2  free  transition at x/c =  0.1076   42

 168   rms: 0.5197E-02   max: -.9516E-01   C at   61  1
       a =-12.000      CL = -0.6813
      Cm = -0.0925     CD =  0.02534   =>   CDf =  0.00560    CDp =  0.01974

 Side 1  free  transition at x/c =  0.9341   61
 Side 2  free  transition at x/c =  0.1076   42

 169   rms: 0.5197E-02   max: -.9516E-01   C at   61  1
       a =-12.000      CL = -0.6813
      Cm = -0.0925     CD =  0.02534   =>   CDf =  0.00560    CDp =  0.01974

 Side 1  free  transition at x/c =  0.9341   61
 Side 2  free  transition at x/c =  0.1076   42

 170   rms: 0.5197E-02   max: -.9516E-01   C at   61  1
       a =-12.000      CL = -0.6813
      Cm = -0.0925     CD =  0.02534   =>   CDf =  0.00560    CDp =  0.01974

 Side 1  free  transition at x/c =  0.9341   61
 Side 2  free  transition at x/c =  0.1076   42

 171   rms: 0.5197E-02   max: -.9516E-01   C at   61  1
       a =-12.000      CL = -0.6813
      Cm = -0.0925     CD =  0.02534   =>   CDf =  0.00560    CDp =  0.01974

 Side 1  free  transition at x/c =  0.9341   61
 Side 2  free  transition at x/c =  0.1076   42

 172   rms: 0.5197E-02   max: -.9516E-01   C at   61  1
       a =-12.000      CL = -0.6813
      Cm = -0.0925     CD =  0.02534   =>   CDf =  0.00560    CDp =  0.01974

 Side 1  free  transition at x/c =  0.9341   61
 Side 2  free  transition at x/c =  0.1076   42

 173   rms: 0.5197E-02   max: -.9516E-01   C at   61  1
       a =-12.000      CL = -0.6813
      Cm = -0.0925     CD =  0.02534   =>   CDf =  0.00560    CDp =  0.01974

 Side 1  free  transition at x/c =  0.9341   61
 Side 2  free  transition at x/c =  0.1076   42

 174   rms: 0.5197E-02   max: -.9516E-01   C at   61  1
       a =-12.000      CL = -0.6813
      Cm = -0.0925     CD =  0.02534   =>   CDf =  0.00560    CDp =  0.01974

 Side 1  free  transition at x/c =  0.9341   61
 Side 2  free  transition at x/c =  0.1076   42

 175   rms: 0.5197E-02   max: -.9516E-01   C at   61  1
       a =-12.000      CL = -0.6813
      Cm = -0.0925     CD =  0.02534   =>   CDf =  0.00560    CDp =  0.01974

 Side 1  free  transition at x/c =  0.9341   61
 Side 2  free  transition at x/c =  0.1076   42

 176   rms: 0.5197E-02   max: -.9516E-01   C at   61  1
       a =-12.000      CL = -0.6813
      Cm = -0.0925     CD =  0.02534   =>   CDf =  0.00560    CDp =  0.01974

 Side 1  free  transition at x/c =  0.9341   61
 Side 2  free  transition at x/c =  0.1076   42

 177   rms: 0.5197E-02   max: -.9516E-01   C at   61  1
       a =-12.000      CL = -0.6813
      Cm = -0.0925     CD =  0.02534   =>   CDf =  0.00560    CDp =  0.01974

 Side 1  free  transition at x/c =  0.9341   61
 Side 2  free  transition at x/c =  0.1076   42

 178   rms: 0.5197E-02   max: -.9516E-01   C at   61  1
       a =-12.000      CL = -0.6813
      Cm = -0.0925     CD =  0.02534   =>   CDf =  0.00560    CDp =  0.01974

 Side 1  free  transition at x/c =  0.9341   61
 Side 2  free  transition at x/c =  0.1076   42

 179   rms: 0.5197E-02   max: -.9516E-01   C at   61  1
       a =-12.000      CL = -0.6813
      Cm = -0.0925     CD =  0.02534   =>   CDf =  0.00560    CDp =  0.01974

 Side 1  free  transition at x/c =  0.9341   61
 Side 2  free  transition at x/c =  0.1076   42

 180   rms: 0.5197E-02   max: -.9516E-01   C at   61  1
       a =-12.000      CL = -0.6813
      Cm = -0.0925     CD =  0.02534   =>   CDf =  0.00560    CDp =  0.01974

 Side 1  free  transition at x/c =  0.9341   61
 Side 2  free  transition at x/c =  0.1076   42

 181   rms: 0.5197E-02   max: -.9516E-01   C at   61  1
       a =-12.000      CL = -0.6813
      Cm = -0.0925     CD =  0.02534   =>   CDf =  0.00560    CDp =  0.01974

 Side 1  free  transition at x/c =  0.9341   61
 Side 2  free  transition at x/c =  0.1076   42

 182   rms: 0.5197E-02   max: -.9516E-01   C at   61  1
       a =-12.000      CL = -0.6813
      Cm = -0.0925     CD =  0.02534   =>   CDf =  0.00560    CDp =  0.01974

 Side 1  free  transition at x/c =  0.9341   61
 Side 2  free  transition at x/c =  0.1076   42

 183   rms: 0.5197E-02   max: -.9517E-01   C at   61  1
       a =-12.000      CL = -0.6813
      Cm = -0.0925     CD =  0.02534   =>   CDf =  0.00560    CDp =  0.01974

 Side 1  free  transition at x/c =  0.9341   61
 Side 2  free  transition at x/c =  0.1076   42

 184   rms: 0.5197E-02   max: -.9517E-01   C at   61  1
       a =-12.000      CL = -0.6813
      Cm = -0.0925     CD =  0.02534   =>   CDf =  0.00560    CDp =  0.01974

 Side 1  free  transition at x/c =  0.9341   61
 Side 2  free  transition at x/c =  0.1076   42

 185   rms: 0.5197E-02   max: -.9517E-01   C at   61  1
       a =-12.000      CL = -0.6813
      Cm = -0.0925     CD =  0.02534   =>   CDf =  0.00560    CDp =  0.01974

 Side 1  free  transition at x/c =  0.9341   61
 Side 2  free  transition at x/c =  0.1076   42

 186   rms: 0.5197E-02   max: -.9516E-01   C at   61  1
       a =-12.000      CL = -0.6813
      Cm = -0.0925     CD =  0.02534   =>   CDf =  0.00560    CDp =  0.01974

 Side 1  free  transition at x/c =  0.9341   61
 Side 2  free  transition at x/c =  0.1076   42

 187   rms: 0.5197E-02   max: -.9516E-01   C at   61  1
       a =-12.000      CL = -0.6813
      Cm = -0.0925     CD =  0.02534   =>   CDf =  0.00560    CDp =  0.01974

 Side 1  free  transition at x/c =  0.9341   61
 Side 2  free  transition at x/c =  0.1076   42

 188   rms: 0.5197E-02   max: -.9516E-01   C at   61  1
       a =-12.000      CL = -0.6813
      Cm = -0.0925     CD =  0.02534   =>   CDf =  0.00560    CDp =  0.01974

 Side 1  free  transition at x/c =  0.9341   61
 Side 2  free  transition at x/c =  0.1076   42

 189   rms: 0.5197E-02   max: -.9516E-01   C at   61  1
       a =-12.000      CL = -0.6813
      Cm = -0.0925     CD =  0.02534   =>   CDf =  0.00560    CDp =  0.01974

 Side 1  free  transition at x/c =  0.9341   61
 Side 2  free  transition at x/c =  0.1076   42

 190   rms: 0.5197E-02   max: -.9516E-01   C at   61  1
       a =-12.000      CL = -0.6813
      Cm = -0.0925     CD =  0.02534   =>   CDf =  0.00560    CDp =  0.01974

 Side 1  free  transition at x/c =  0.9341   61
 Side 2  free  transition at x/c =  0.1076   42

 191   rms: 0.5197E-02   max: -.9516E-01   C at   61  1
       a =-12.000      CL = -0.6813
      Cm = -0.0925     CD =  0.02534   =>   CDf =  0.00560    CDp =  0.01974

 Side 1  free  transition at x/c =  0.9341   61
 Side 2  free  transition at x/c =  0.1076   42

 192   rms: 0.5197E-02   max: -.9516E-01   C at   61  1
       a =-12.000      CL = -0.6813
      Cm = -0.0925     CD =  0.02534   =>   CDf =  0.00560    CDp =  0.01974

 Side 1  free  transition at x/c =  0.9341   61
 Side 2  free  transition at x/c =  0.1076   42

 193   rms: 0.5197E-02   max: -.9516E-01   C at   61  1
       a =-12.000      CL = -0.6813
      Cm = -0.0925     CD =  0.02534   =>   CDf =  0.00560    CDp =  0.01974

 Side 1  free  transition at x/c =  0.9341   61
 Side 2  free  transition at x/c =  0.1076   42

 194   rms: 0.5197E-02   max: -.9516E-01   C at   61  1
       a =-12.000      CL = -0.6813
      Cm = -0.0925     CD =  0.02534   =>   CDf =  0.00560    CDp =  0.01974

 Side 1  free  transition at x/c =  0.9341   61
 Side 2  free  transition at x/c =  0.1076   42

 195   rms: 0.5197E-02   max: -.9516E-01   C at   61  1
       a =-12.000      CL = -0.6813
      Cm = -0.0925     CD =  0.02534   =>   CDf =  0.00560    CDp =  0.01974

 Side 1  free  transition at x/c =  0.9341   61
 Side 2  free  transition at x/c =  0.1076   42

 196   rms: 0.5197E-02   max: -.9516E-01   C at   61  1
       a =-12.000      CL = -0.6813
      Cm = -0.0925     CD =  0.02534   =>   CDf =  0.00560    CDp =  0.01974

 Side 1  free  transition at x/c =  0.9341   61
 Side 2  free  transition at x/c =  0.1076   42

 197   rms: 0.5197E-02   max: -.9516E-01   C at   61  1
       a =-12.000      CL = -0.6813
      Cm = -0.0925     CD =  0.02534   =>   CDf =  0.00560    CDp =  0.01974

 Side 1  free  transition at x/c =  0.9341   61
 Side 2  free  transition at x/c =  0.1076   42

 198   rms: 0.5197E-02   max: -.9516E-01   C at   61  1
       a =-12.000      CL = -0.6813
      Cm = -0.0925     CD =  0.02534   =>   CDf =  0.00560    CDp =  0.01974

 Side 1  free  transition at x/c =  0.9341   61
 Side 2  free  transition at x/c =  0.1076   42

 199   rms: 0.5197E-02   max: -.9516E-01   C at   61  1
       a =-12.000      CL = -0.6813
      Cm = -0.0925     CD =  0.02534   =>   CDf =  0.00560    CDp =  0.01974

 Side 1  free  transition at x/c =  0.9341   61
 Side 2  free  transition at x/c =  0.1076   42

 200   rms: 0.5197E-02   max: -.9516E-01   C at   61  1
       a =-12.000      CL = -0.6813
      Cm = -0.0925     CD =  0.02534   =>   CDf =  0.00560    CDp =  0.01974

 Side 1  free  transition at x/c =  0.9341   61
 Side 2  free  transition at x/c =  0.1076   42

 201   rms: 0.5197E-02   max: -.9516E-01   C at   61  1
       a =-12.000      CL = -0.6813
      Cm = -0.0925     CD =  0.02534   =>   CDf =  0.00560    CDp =  0.01974

 Side 1  free  transition at x/c =  0.9341   61
 Side 2  free  transition at x/c =  0.1076   42

 202   rms: 0.5197E-02   max: -.9516E-01   C at   61  1
       a =-12.000      CL = -0.6813
      Cm = -0.0925     CD =  0.02534   =>   CDf =  0.00560    CDp =  0.01974

 Side 1  free  transition at x/c =  0.9341   61
 Side 2  free  transition at x/c =  0.1076   42

 203   rms: 0.5197E-02   max: -.9516E-01   C at   61  1
       a =-12.000      CL = -0.6813
      Cm = -0.0925     CD =  0.02534   =>   CDf =  0.00560    CDp =  0.01974

 Side 1  free  transition at x/c =  0.9341   61
 Side 2  free  transition at x/c =  0.1076   42

 204   rms: 0.5197E-02   max: -.9516E-01   C at   61  1
       a =-12.000      CL = -0.6813
      Cm = -0.0925     CD =  0.02534   =>   CDf =  0.00560    CDp =  0.01974

 Side 1  free  transition at x/c =  0.9341   61
 Side 2  free  transition at x/c =  0.1076   42

 205   rms: 0.5197E-02   max: -.9516E-01   C at   61  1
       a =-12.000      CL = -0.6813
      Cm = -0.0925     CD =  0.02534   =>   CDf =  0.00560    CDp =  0.01974

 Side 1  free  transition at x/c =  0.9341   61
 Side 2  free  transition at x/c =  0.1076   42

 206   rms: 0.5197E-02   max: -.9516E-01   C at   61  1
       a =-12.000      CL = -0.6813
      Cm = -0.0925     CD =  0.02534   =>   CDf =  0.00560    CDp =  0.01974

 Side 1  free  transition at x/c =  0.9341   61
 Side 2  free  transition at x/c =  0.1076   42

 207   rms: 0.5197E-02   max: -.9516E-01   C at   61  1
       a =-12.000      CL = -0.6813
      Cm = -0.0925     CD =  0.02534   =>   CDf =  0.00560    CDp =  0.01974

 Side 1  free  transition at x/c =  0.9341   61
 Side 2  free  transition at x/c =  0.1076   42

 208   rms: 0.5197E-02   max: -.9516E-01   C at   61  1
       a =-12.000      CL = -0.6813
      Cm = -0.0925     CD =  0.02534   =>   CDf =  0.00560    CDp =  0.01974

 Side 1  free  transition at x/c =  0.9341   61
 Side 2  free  transition at x/c =  0.1076   42

 209   rms: 0.5197E-02   max: -.9516E-01   C at   61  1
       a =-12.000      CL = -0.6813
      Cm = -0.0925     CD =  0.02534   =>   CDf =  0.00560    CDp =  0.01974

 Side 1  free  transition at x/c =  0.9341   61
 Side 2  free  transition at x/c =  0.1076   42

 210   rms: 0.5197E-02   max: -.9516E-01   C at   61  1
       a =-12.000      CL = -0.6813
      Cm = -0.0925     CD =  0.02534   =>   CDf =  0.00560    CDp =  0.01974

 Side 1  free  transition at x/c =  0.9341   61
 Side 2  free  transition at x/c =  0.1076   42

 211   rms: 0.5197E-02   max: -.9516E-01   C at   61  1
       a =-12.000      CL = -0.6813
      Cm = -0.0925     CD =  0.02534   =>   CDf =  0.00560    CDp =  0.01974

 Side 1  free  transition at x/c =  0.9341   61
 Side 2  free  transition at x/c =  0.1076   42

 212   rms: 0.5197E-02   max: -.9516E-01   C at   61  1
       a =-12.000      CL = -0.6813
      Cm = -0.0925     CD =  0.02534   =>   CDf =  0.00560    CDp =  0.01974

 Side 1  free  transition at x/c =  0.9341   61
 Side 2  free  transition at x/c =  0.1076   42

 213   rms: 0.5197E-02   max: -.9516E-01   C at   61  1
       a =-12.000      CL = -0.6813
      Cm = -0.0925     CD =  0.02534   =>   CDf =  0.00560    CDp =  0.01974

 Side 1  free  transition at x/c =  0.9341   61
 Side 2  free  transition at x/c =  0.1076   42

 214   rms: 0.5197E-02   max: -.9516E-01   C at   61  1
       a =-12.000      CL = -0.6813
      Cm = -0.0925     CD =  0.02534   =>   CDf =  0.00560    CDp =  0.01974

 Side 1  free  transition at x/c =  0.9341   61
 Side 2  free  transition at x/c =  0.1076   42

 215   rms: 0.5197E-02   max: -.9516E-01   C at   61  1
       a =-12.000      CL = -0.6813
      Cm = -0.0925     CD =  0.02534   =>   CDf =  0.00560    CDp =  0.01974

 Side 1  free  transition at x/c =  0.9341   61
 Side 2  free  transition at x/c =  0.1076   42

 216   rms: 0.5197E-02   max: -.9516E-01   C at   61  1
       a =-12.000      CL = -0.6813
      Cm = -0.0925     CD =  0.02534   =>   CDf =  0.00560    CDp =  0.01974

 Side 1  free  transition at x/c =  0.9341   61
 Side 2  free  transition at x/c =  0.1076   42

 217   rms: 0.5197E-02   max: -.9516E-01   C at   61  1
       a =-12.000      CL = -0.6813
      Cm = -0.0925     CD =  0.02534   =>   CDf =  0.00560    CDp =  0.01974

 Side 1  free  transition at x/c =  0.9341   61
 Side 2  free  transition at x/c =  0.1076   42

 218   rms: 0.5197E-02   max: -.9516E-01   C at   61  1
       a =-12.000      CL = -0.6813
      Cm = -0.0925     CD =  0.02534   =>   CDf =  0.00560    CDp =  0.01974

 Side 1  free  transition at x/c =  0.9341   61
 Side 2  free  transition at x/c =  0.1076   42

 219   rms: 0.5197E-02   max: -.9516E-01   C at   61  1
       a =-12.000      CL = -0.6813
      Cm = -0.0925     CD =  0.02534   =>   CDf =  0.00560    CDp =  0.01974

 Side 1  free  transition at x/c =  0.9341   61
 Side 2  free  transition at x/c =  0.1076   42

 220   rms: 0.5197E-02   max: -.9516E-01   C at   61  1
       a =-12.000      CL = -0.6813
      Cm = -0.0925     CD =  0.02534   =>   CDf =  0.00560    CDp =  0.01974

 Side 1  free  transition at x/c =  0.9341   61
 Side 2  free  transition at x/c =  0.1076   42

 221   rms: 0.5197E-02   max: -.9516E-01   C at   61  1
       a =-12.000      CL = -0.6813
      Cm = -0.0925     CD =  0.02534   =>   CDf =  0.00560    CDp =  0.01974

 Side 1  free  transition at x/c =  0.9341   61
 Side 2  free  transition at x/c =  0.1076   42

 222   rms: 0.5197E-02   max: -.9516E-01   C at   61  1
       a =-12.000      CL = -0.6813
      Cm = -0.0925     CD =  0.02534   =>   CDf =  0.00560    CDp =  0.01974

 Side 1  free  transition at x/c =  0.9341   61
 Side 2  free  transition at x/c =  0.1076   42

 223   rms: 0.5197E-02   max: -.9516E-01   C at   61  1
       a =-12.000      CL = -0.6813
      Cm = -0.0925     CD =  0.02534   =>   CDf =  0.00560    CDp =  0.01974

 Side 1  free  transition at x/c =  0.9341   61
 Side 2  free  transition at x/c =  0.1076   42

 224   rms: 0.5197E-02   max: -.9517E-01   C at   61  1
       a =-12.000      CL = -0.6813
      Cm = -0.0925     CD =  0.02534   =>   CDf =  0.00560    CDp =  0.01974

 Side 1  free  transition at x/c =  0.9341   61
 Side 2  free  transition at x/c =  0.1076   42

 225   rms: 0.5197E-02   max: -.9516E-01   C at   61  1
       a =-12.000      CL = -0.6813
      Cm = -0.0925     CD =  0.02534   =>   CDf =  0.00560    CDp =  0.01974

 Side 1  free  transition at x/c =  0.9341   61
 Side 2  free  transition at x/c =  0.1076   42

 226   rms: 0.5197E-02   max: -.9516E-01   C at   61  1
       a =-12.000      CL = -0.6813
      Cm = -0.0925     CD =  0.02534   =>   CDf =  0.00560    CDp =  0.01974

 Side 1  free  transition at x/c =  0.9341   61
 Side 2  free  transition at x/c =  0.1076   42

 227   rms: 0.5197E-02   max: -.9516E-01   C at   61  1
       a =-12.000      CL = -0.6813
      Cm = -0.0925     CD =  0.02534   =>   CDf =  0.00560    CDp =  0.01974

 Side 1  free  transition at x/c =  0.9341   61
 Side 2  free  transition at x/c =  0.1076   42

 228   rms: 0.5197E-02   max: -.9516E-01   C at   61  1
       a =-12.000      CL = -0.6813
      Cm = -0.0925     CD =  0.02534   =>   CDf =  0.00560    CDp =  0.01974

 Side 1  free  transition at x/c =  0.9341   61
 Side 2  free  transition at x/c =  0.1076   42

 229   rms: 0.5197E-02   max: -.9516E-01   C at   61  1
       a =-12.000      CL = -0.6813
      Cm = -0.0925     CD =  0.02534   =>   CDf =  0.00560    CDp =  0.01974

 Side 1  free  transition at x/c =  0.9341   61
 Side 2  free  transition at x/c =  0.1076   42

 230   rms: 0.5197E-02   max: -.9516E-01   C at   61  1
       a =-12.000      CL = -0.6813
      Cm = -0.0925     CD =  0.02534   =>   CDf =  0.00560    CDp =  0.01974

 Side 1  free  transition at x/c =  0.9341   61
 Side 2  free  transition at x/c =  0.1076   42

 231   rms: 0.5197E-02   max: -.9516E-01   C at   61  1
       a =-12.000      CL = -0.6813
      Cm = -0.0925     CD =  0.02534   =>   CDf =  0.00560    CDp =  0.01974

 Side 1  free  transition at x/c =  0.9341   61
 Side 2  free  transition at x/c =  0.1076   42

 232   rms: 0.5197E-02   max: -.9516E-01   C at   61  1
       a =-12.000      CL = -0.6813
      Cm = -0.0925     CD =  0.02534   =>   CDf =  0.00560    CDp =  0.01974

 Side 1  free  transition at x/c =  0.9341   61
 Side 2  free  transition at x/c =  0.1076   42

 233   rms: 0.5197E-02   max: -.9516E-01   C at   61  1
       a =-12.000      CL = -0.6813
      Cm = -0.0925     CD =  0.02534   =>   CDf =  0.00560    CDp =  0.01974

 Side 1  free  transition at x/c =  0.9341   61
 Side 2  free  transition at x/c =  0.1076   42

 234   rms: 0.5197E-02   max: -.9516E-01   C at   61  1
       a =-12.000      CL = -0.6813
      Cm = -0.0925     CD =  0.02534   =>   CDf =  0.00560    CDp =  0.01974

 Side 1  free  transition at x/c =  0.9341   61
 Side 2  free  transition at x/c =  0.1076   42

 235   rms: 0.5197E-02   max: -.9516E-01   C at   61  1
       a =-12.000      CL = -0.6813
      Cm = -0.0925     CD =  0.02534   =>   CDf =  0.00560    CDp =  0.01974

 Side 1  free  transition at x/c =  0.9341   61
 Side 2  free  transition at x/c =  0.1076   42

 236   rms: 0.5197E-02   max: -.9516E-01   C at   61  1
       a =-12.000      CL = -0.6813
      Cm = -0.0925     CD =  0.02534   =>   CDf =  0.00560    CDp =  0.01974

 Side 1  free  transition at x/c =  0.9341   61
 Side 2  free  transition at x/c =  0.1076   42

 237   rms: 0.5197E-02   max: -.9516E-01   C at   61  1
       a =-12.000      CL = -0.6813
      Cm = -0.0925     CD =  0.02534   =>   CDf =  0.00560    CDp =  0.01974

 Side 1  free  transition at x/c =  0.9341   61
 Side 2  free  transition at x/c =  0.1076   42

 238   rms: 0.5197E-02   max: -.9516E-01   C at   61  1
       a =-12.000      CL = -0.6813
      Cm = -0.0925     CD =  0.02534   =>   CDf =  0.00560    CDp =  0.01974

 Side 1  free  transition at x/c =  0.9341   61
 Side 2  free  transition at x/c =  0.1076   42

 239   rms: 0.5197E-02   max: -.9516E-01   C at   61  1
       a =-12.000      CL = -0.6813
      Cm = -0.0925     CD =  0.02534   =>   CDf =  0.00560    CDp =  0.01974

 Side 1  free  transition at x/c =  0.9341   61
 Side 2  free  transition at x/c =  0.1076   42

 240   rms: 0.5197E-02   max: -.9516E-01   C at   61  1
       a =-12.000      CL = -0.6813
      Cm = -0.0925     CD =  0.02534   =>   CDf =  0.00560    CDp =  0.01974

 Side 1  free  transition at x/c =  0.9341   61
 Side 2  free  transition at x/c =  0.1076   42

 241   rms: 0.5197E-02   max: -.9516E-01   C at   61  1
       a =-12.000      CL = -0.6813
      Cm = -0.0925     CD =  0.02534   =>   CDf =  0.00560    CDp =  0.01974

 Side 1  free  transition at x/c =  0.9341   61
 Side 2  free  transition at x/c =  0.1076   42

 242   rms: 0.5197E-02   max: -.9516E-01   C at   61  1
       a =-12.000      CL = -0.6813
      Cm = -0.0925     CD =  0.02534   =>   CDf =  0.00560    CDp =  0.01974

 Side 1  free  transition at x/c =  0.9341   61
 Side 2  free  transition at x/c =  0.1076   42

 243   rms: 0.5197E-02   max: -.9516E-01   C at   61  1
       a =-12.000      CL = -0.6813
      Cm = -0.0925     CD =  0.02534   =>   CDf =  0.00560    CDp =  0.01974

 Side 1  free  transition at x/c =  0.9341   61
 Side 2  free  transition at x/c =  0.1076   42

 244   rms: 0.5197E-02   max: -.9516E-01   C at   61  1
       a =-12.000      CL = -0.6813
      Cm = -0.0925     CD =  0.02534   =>   CDf =  0.00560    CDp =  0.01974

 Side 1  free  transition at x/c =  0.9341   61
 Side 2  free  transition at x/c =  0.1076   42

 245   rms: 0.5197E-02   max: -.9516E-01   C at   61  1
       a =-12.000      CL = -0.6813
      Cm = -0.0925     CD =  0.02534   =>   CDf =  0.00560    CDp =  0.01974

 Side 1  free  transition at x/c =  0.9341   61
 Side 2  free  transition at x/c =  0.1076   42

 246   rms: 0.5197E-02   max: -.9516E-01   C at   61  1
       a =-12.000      CL = -0.6813
      Cm = -0.0925     CD =  0.02534   =>   CDf =  0.00560    CDp =  0.01974

 Side 1  free  transition at x/c =  0.9341   61
 Side 2  free  transition at x/c =  0.1076   42

 247   rms: 0.5197E-02   max: -.9516E-01   C at   61  1
       a =-12.000      CL = -0.6813
      Cm = -0.0925     CD =  0.02534   =>   CDf =  0.00560    CDp =  0.01974

 Side 1  free  transition at x/c =  0.9341   61
 Side 2  free  transition at x/c =  0.1076   42

 248   rms: 0.5197E-02   max: -.9516E-01   C at   61  1
       a =-12.000      CL = -0.6813
      Cm = -0.0925     CD =  0.02534   =>   CDf =  0.00560    CDp =  0.01974

 Side 1  free  transition at x/c =  0.9341   61
 Side 2  free  transition at x/c =  0.1076   42

 249   rms: 0.5197E-02   max: -.9516E-01   C at   61  1
       a =-12.000      CL = -0.6813
      Cm = -0.0925     CD =  0.02534   =>   CDf =  0.00560    CDp =  0.01974

 Side 1  free  transition at x/c =  0.9341   61
 Side 2  free  transition at x/c =  0.1076   42

 250   rms: 0.5197E-02   max: -.9516E-01   C at   61  1
       a =-12.000      CL = -0.6813
      Cm = -0.0925     CD =  0.02534   =>   CDf =  0.00560    CDp =  0.01974

 Side 1  free  transition at x/c =  0.9341   61
 Side 2  free  transition at x/c =  0.1076   42

 251   rms: 0.5197E-02   max: -.9516E-01   C at   61  1
       a =-12.000      CL = -0.6813
      Cm = -0.0925     CD =  0.02534   =>   CDf =  0.00560    CDp =  0.01974

 Side 1  free  transition at x/c =  0.9341   61
 Side 2  free  transition at x/c =  0.1076   42

 252   rms: 0.5197E-02   max: -.9516E-01   C at   61  1
       a =-12.000      CL = -0.6813
      Cm = -0.0925     CD =  0.02534   =>   CDf =  0.00560    CDp =  0.01974

 Side 1  free  transition at x/c =  0.9341   61
 Side 2  free  transition at x/c =  0.1076   42

 253   rms: 0.5197E-02   max: -.9516E-01   C at   61  1
       a =-12.000      CL = -0.6813
      Cm = -0.0925     CD =  0.02534   =>   CDf =  0.00560    CDp =  0.01974

 Side 1  free  transition at x/c =  0.9341   61
 Side 2  free  transition at x/c =  0.1076   42

 254   rms: 0.5197E-02   max: -.9516E-01   C at   61  1
       a =-12.000      CL = -0.6813
      Cm = -0.0925     CD =  0.02534   =>   CDf =  0.00560    CDp =  0.01974

 Side 1  free  transition at x/c =  0.9341   61
 Side 2  free  transition at x/c =  0.1076   42

 255   rms: 0.5197E-02   max: -.9517E-01   C at   61  1
       a =-12.000      CL = -0.6813
      Cm = -0.0925     CD =  0.02534   =>   CDf =  0.00560    CDp =  0.01974

 Side 1  free  transition at x/c =  0.9341   61
 Side 2  free  transition at x/c =  0.1076   42

 256   rms: 0.5197E-02   max: -.9516E-01   C at   61  1
       a =-12.000      CL = -0.6813
      Cm = -0.0925     CD =  0.02534   =>   CDf =  0.00560    CDp =  0.01974

 Side 1  free  transition at x/c =  0.9341   61
 Side 2  free  transition at x/c =  0.1076   42

 257   rms: 0.5197E-02   max: -.9516E-01   C at   61  1
       a =-12.000      CL = -0.6813
      Cm = -0.0925     CD =  0.02534   =>   CDf =  0.00560    CDp =  0.01974

 Side 1  free  transition at x/c =  0.9341   61
 Side 2  free  transition at x/c =  0.1076   42

 258   rms: 0.5197E-02   max: -.9516E-01   C at   61  1
       a =-12.000      CL = -0.6813
      Cm = -0.0925     CD =  0.02534   =>   CDf =  0.00560    CDp =  0.01974

 Side 1  free  transition at x/c =  0.9341   61
 Side 2  free  transition at x/c =  0.1076   42

 259   rms: 0.5197E-02   max: -.9516E-01   C at   61  1
       a =-12.000      CL = -0.6813
      Cm = -0.0925     CD =  0.02534   =>   CDf =  0.00560    CDp =  0.01974

 Side 1  free  transition at x/c =  0.9341   61
 Side 2  free  transition at x/c =  0.1076   42

 260   rms: 0.5197E-02   max: -.9516E-01   C at   61  1
       a =-12.000      CL = -0.6813
      Cm = -0.0925     CD =  0.02534   =>   CDf =  0.00560    CDp =  0.01974

 Side 1  free  transition at x/c =  0.9341   61
 Side 2  free  transition at x/c =  0.1076   42

 261   rms: 0.5197E-02   max: -.9516E-01   C at   61  1
       a =-12.000      CL = -0.6813
      Cm = -0.0925     CD =  0.02534   =>   CDf =  0.00560    CDp =  0.01974

 Side 1  free  transition at x/c =  0.9341   61
 Side 2  free  transition at x/c =  0.1076   42

 262   rms: 0.5197E-02   max: -.9516E-01   C at   61  1
       a =-12.000      CL = -0.6813
      Cm = -0.0925     CD =  0.02534   =>   CDf =  0.00560    CDp =  0.01974

 Side 1  free  transition at x/c =  0.9341   61
 Side 2  free  transition at x/c =  0.1076   42

 263   rms: 0.5197E-02   max: -.9516E-01   C at   61  1
       a =-12.000      CL = -0.6813
      Cm = -0.0925     CD =  0.02534   =>   CDf =  0.00560    CDp =  0.01974

 Side 1  free  transition at x/c =  0.9341   61
 Side 2  free  transition at x/c =  0.1076   42

 264   rms: 0.5197E-02   max: -.9516E-01   C at   61  1
       a =-12.000      CL = -0.6813
      Cm = -0.0925     CD =  0.02534   =>   CDf =  0.00560    CDp =  0.01974

 Side 1  free  transition at x/c =  0.9341   61
 Side 2  free  transition at x/c =  0.1076   42

 265   rms: 0.5197E-02   max: -.9516E-01   C at   61  1
       a =-12.000      CL = -0.6813
      Cm = -0.0925     CD =  0.02534   =>   CDf =  0.00560    CDp =  0.01974
 VISCAL:  Convergence failed
 Calculating wake trajectory ...
 Calculating source influence matrix ...

 Solving BL system ...

 Side 1  free  transition at x/c =  0.9341   61
 Side 2  free  transition at x/c =  0.1076   42
 idif Ue xi dudx           1  9.04160514E-02  5.85937500E-03   15.431006    
 Uenew xinew           2  1.70964934E-02  1.10793114E-03

   1   rms: 0.1463E+00   max: 0.7352E+00   C at   42  2   RLX: 0.645
       a =-13.000      CL = -0.6808
      Cm = -0.0990     CD =  0.02854   =>   CDf =  0.00546    CDp =  0.02308

 MRCHDU: Convergence failed at  65  side 1    Res =  0.1594E+01
 Side 1 forced transition at x/c =  1.0000   66
 Side 2  free  transition at x/c =  0.0969   42

   2   rms: 0.2071E+00   max: 0.1562E+01   D at   65  1   RLX: 0.543
       a =-13.000      CL = -0.7834
      Cm = -0.0791     CD =  0.03110   =>   CDf =  0.00557    CDp =  0.02553

 Side 1  free  transition at x/c =  0.9808   64
 Side 2  free  transition at x/c =  0.0849   41

   3   rms: 0.5050E-01   max: -.5651E+00   C at   64  1   RLX: 0.885
       a =-13.000      CL = -0.7899
      Cm = -0.0792     CD =  0.03146   =>   CDf =  0.00556    CDp =  0.02589

 Side 1  free  transition at x/c =  0.9549   62
 Side 2  free  transition at x/c =  0.0819   40

   4   rms: 0.4127E-01   max: -.4064E+00   D at   65  1
       a =-13.000      CL = -0.7624
      Cm = -0.0853     CD =  0.03106   =>   CDf =  0.00555    CDp =  0.02552

 Side 1  free  transition at x/c =  0.9737   63
 Side 2  free  transition at x/c =  0.0830   41

   5   rms: 0.2892E-01   max: -.2837E+00   C at   63  1
       a =-13.000      CL = -0.7854
      Cm = -0.0796     CD =  0.03174   =>   CDf =  0.00558    CDp =  0.02617

 Side 1  free  transition at x/c =  0.9529   62
 Side 2  free  transition at x/c =  0.0815   40

   6   rms: 0.5764E-01   max: -.5198E+00   T at   62  1   RLX: 0.962
       a =-13.000      CL = -0.7339
      Cm = -0.0909     CD =  0.03080   =>   CDf =  0.00557    CDp =  0.02523

 MRCHDU: Convergence failed at  65  side 1    Res =  0.1962E+01
 Side 1  free  transition at x/c =  0.9867   65
 Side 2  free  transition at x/c =  0.0852   41

   7   rms: 0.5197E-01   max: 0.7723E+00   C at   65  1
       a =-13.000      CL = -0.7658
      Cm = -0.0845     CD =  0.03122   =>   CDf =  0.00553    CDp =  0.02569

 Side 1  free  transition at x/c =  0.9636   63
 Side 2  free  transition at x/c =  0.0835   41

   8   rms: 0.2106E-01   max: -.3355E+00   D at   64  1
       a =-13.000      CL = -0.7756
      Cm = -0.0824     CD =  0.03125   =>   CDf =  0.00553    CDp =  0.02571

 Side 1  free  transition at x/c =  0.9657   63
 Side 2  free  transition at x/c =  0.0825   40

   9   rms: 0.5027E-02   max: 0.5351E-01   C at   63  1
       a =-13.000      CL = -0.7739
      Cm = -0.0826     CD =  0.03135   =>   CDf =  0.00556    CDp =  0.02579

 Side 1  free  transition at x/c =  0.9649   63
 Side 2  free  transition at x/c =  0.0827   40

  10   rms: 0.1729E-03   max: -.1170E-02   D at   71  2
       a =-13.000      CL = -0.7739
      Cm = -0.0826     CD =  0.03133   =>   CDf =  0.00555    CDp =  0.02578

 Side 1  free  transition at x/c =  0.9648   63
 Side 2  free  transition at x/c =  0.0827   40

  11   rms: 0.7716E-05   max: -.4489E-04   D at  106  2
       a =-13.000      CL = -0.7739
      Cm = -0.0826     CD =  0.03133   =>   CDf =  0.00555    CDp =  0.02578
 plradd ia,ip,cpol           13           0  3.83087946E-03

 Point added to stored polar  1
 Point written to save file  polar.txt                                       
 Dump file unspecified or not available
 Calculating wake trajectory ...
 Calculating source influence matrix ...

 Solving BL system ...

 Side 1  free  transition at x/c =  0.9648   63
 Side 2  free  transition at x/c =  0.0827   40
 idif Ue xi dudx           1  0.14812495      8.95774364E-03   16.535967    
 Uenew xinew           2  6.29496053E-02  3.80682945E-03

   1   rms: 0.1537E+00   max: -.5955E+00   C at   40  2   RLX: 0.720
       a =-14.000      CL = -0.8564
      Cm = -0.0748     CD =  0.03495   =>   CDf =  0.00540    CDp =  0.02955

 Side 1  free  transition at x/c =  0.9729   62
 Side 2  free  transition at x/c =  0.0671   40

   2   rms: 0.4812E-01   max: -.5830E+00   D at   40  2   RLX: 0.858
       a =-14.000      CL = -0.8503
      Cm = -0.0767     CD =  0.03673   =>   CDf =  0.00556    CDp =  0.03117

 Side 1  free  transition at x/c =  0.9889   64
 Side 2  free  transition at x/c =  0.0664   40

   3   rms: 0.1948E-01   max: -.1642E+00   D at   40  2
       a =-14.000      CL = -0.8491
      Cm = -0.0760     CD =  0.03778   =>   CDf =  0.00552    CDp =  0.03226

 Side 1  free  transition at x/c =  0.9867   64
 Side 2  free  transition at x/c =  0.0649   39

   4   rms: 0.1846E-02   max: -.2098E-01   C at   39  2
       a =-14.000      CL = -0.8488
      Cm = -0.0761     CD =  0.03770   =>   CDf =  0.00553    CDp =  0.03217

 Side 1  free  transition at x/c =  0.9866   64
 Side 2  free  transition at x/c =  0.0648   39

   5   rms: 0.5246E-04   max: 0.3539E-03   C at   39  2
       a =-14.000      CL = -0.8489
      Cm = -0.0761     CD =  0.03770   =>   CDf =  0.00552    CDp =  0.03218
 plradd ia,ip,cpol           14           0  3.83087946E-03

 Point added to stored polar  1
 Point written to save file  polar.txt                                       
 Dump file unspecified or not available
 Calculating wake trajectory ...
 Calculating source influence matrix ...

 Solving BL system ...

 Side 1  free  transition at x/c =  0.9866   64
 Side 2  free  transition at x/c =  0.0648   39
 idif Ue xi dudx           1  0.10531563      8.93747807E-03   11.783595    
 Uenew xinew           2  3.89534198E-02  3.30573320E-03

   1   rms: 0.1407E+00   max: 0.3440E+00   D at   69  2   RLX: 0.649
       a =-15.000      CL = -0.9070
      Cm = -0.0702     CD =  0.04203   =>   CDf =  0.00534    CDp =  0.03669

 Side 1  free  transition at x/c =  0.9952   64
 Side 2  free  transition at x/c =  0.0562   39

   2   rms: 0.5776E-01   max: -.5380E+00   C at   64  1   RLX: 0.929
       a =-15.000      CL = -0.9305
      Cm = -0.0672     CD =  0.04397   =>   CDf =  0.00553    CDp =  0.03844

 Side 1  free  transition at x/c =  0.9924   63
 Side 2  free  transition at x/c =  0.0520   39

   3   rms: 0.1957E-01   max: -.2310E+00   T at   63  1
       a =-15.000      CL = -0.9212
      Cm = -0.0682     CD =  0.04531   =>   CDf =  0.00546    CDp =  0.03985

 Side 1  free  transition at x/c =  0.9992   64
 Side 2  free  transition at x/c =  0.0517   39

   4   rms: 0.1094E-01   max: 0.2471E+00   D at   63  1
       a =-15.000      CL = -0.9259
      Cm = -0.0673     CD =  0.04545   =>   CDf =  0.00546    CDp =  0.03999

 Side 1  free  transition at x/c =  0.9998   64
 Side 2  free  transition at x/c =  0.0513   39

   5   rms: 0.1517E-02   max: 0.2621E-01   D at   64  1
       a =-15.000      CL = -0.9258
      Cm = -0.0672     CD =  0.04548   =>   CDf =  0.00547    CDp =  0.04001

 Side 1  free  transition at x/c =  0.9996   64
 Side 2  free  transition at x/c =  0.0513   39

   6   rms: 0.4818E-04   max: 0.4886E-03   T at   64  1
       a =-15.000      CL = -0.9258
      Cm = -0.0672     CD =  0.04548   =>   CDf =  0.00547    CDp =  0.04001
 plradd ia,ip,cpol           15           0  3.83087946E-03

 Point added to stored polar  1
 Point written to save file  polar.txt                                       
 Dump file unspecified or not available
 Calculating wake trajectory ...
 Calculating source influence matrix ...

 Solving BL system ...

 Side 1  free  transition at x/c =  0.9996   64
 Side 2  free  transition at x/c =  0.0513   39
 idif Ue xi dudx           1  9.93757173E-02  7.72547722E-03   12.863376    
 Uenew xinew           2  1.97881982E-02  1.53833628E-03

   1   rms: 0.1664E+00   max: -.9948E+00   D at   39  2   RLX: 0.503
       a =-16.000      CL = -0.9593
      Cm = -0.0615     CD =  0.05074   =>   CDf =  0.00526    CDp =  0.04549

 Side 1 forced transition at x/c =  1.0000   63
 Side 2  free  transition at x/c =  0.0453   39

   2   rms: 0.9150E-01   max: -.6419E+00   D at   60  1   RLX: 0.779
       a =-16.000      CL = -0.9301
      Cm = -0.0715     CD =  0.05187   =>   CDf =  0.00546    CDp =  0.04641

 Side 1 forced transition at x/c =  1.0000   63
 Side 2  free  transition at x/c =  0.0434   38

   3   rms: 0.2348E-01   max: -.1941E+00   D at   38  2
       a =-16.000      CL = -0.9316
      Cm = -0.0719     CD =  0.05196   =>   CDf =  0.00549    CDp =  0.04647

 Side 1 forced transition at x/c =  1.0000   63
 Side 2  free  transition at x/c =  0.0426   38

   4   rms: 0.3561E-02   max: 0.3393E-01   D at   60  1
       a =-16.000      CL = -0.9321
      Cm = -0.0717     CD =  0.05187   =>   CDf =  0.00542    CDp =  0.04645

 Side 1 forced transition at x/c =  1.0000   63
 Side 2  free  transition at x/c =  0.0425   38

   5   rms: 0.3483E-03   max: 0.2495E-02   D at   60  1
       a =-16.000      CL = -0.9324
      Cm = -0.0717     CD =  0.05185   =>   CDf =  0.00541    CDp =  0.04643

 Side 1 forced transition at x/c =  1.0000   63
 Side 2  free  transition at x/c =  0.0425   38

   6   rms: 0.3323E-04   max: -.1569E-03   D at  114  2
       a =-16.000      CL = -0.9324
      Cm = -0.0717     CD =  0.05185   =>   CDf =  0.00541    CDp =  0.04644
 plradd ia,ip,cpol           16           0  5.29714068E-03

 Point added to stored polar  1
 Point written to save file  polar.txt                                       
 Dump file unspecified or not available
 Calculating wake trajectory ...
 Calculating source influence matrix ...

 Solving BL system ...

 Side 1 forced transition at x/c =  1.0000   63
 Side 2  free  transition at x/c =  0.0425   38

   1   rms: 0.1165E+00   max: 0.4970E+00   T at   38  2   RLX: 0.494
       a =-17.000      CL = -0.9392
      Cm = -0.0732     CD =  0.05582   =>   CDf =  0.00542    CDp =  0.05040

 Side 1 forced transition at x/c =  1.0000   63
 Side 2  free  transition at x/c =  0.0387   37

   2   rms: 0.5682E-01   max: -.3217E+00   C at   37  2
       a =-17.000      CL = -0.9488
      Cm = -0.0740     CD =  0.05934   =>   CDf =  0.00544    CDp =  0.05391

 Side 1 forced transition at x/c =  1.0000   63
 Side 2  free  transition at x/c =  0.0350   37

   3   rms: 0.1364E-01   max: -.7608E-01   T at   37  2
       a =-17.000      CL = -0.9391
      Cm = -0.0741     CD =  0.05972   =>   CDf =  0.00542    CDp =  0.05431

 Side 1 forced transition at x/c =  1.0000   63
 Side 2  free  transition at x/c =  0.0357   37

   4   rms: 0.2544E-02   max: 0.1920E-01   D at   67  2
       a =-17.000      CL = -0.9372
      Cm = -0.0741     CD =  0.05986   =>   CDf =  0.00535    CDp =  0.05450

 Side 1 forced transition at x/c =  1.0000   63
 Side 2  free  transition at x/c =  0.0357   37

   5   rms: 0.1786E-03   max: 0.7476E-03   D at  112  2
       a =-17.000      CL = -0.9371
      Cm = -0.0741     CD =  0.05984   =>   CDf =  0.00535    CDp =  0.05449

 Side 1 forced transition at x/c =  1.0000   63
 Side 2  free  transition at x/c =  0.0357   37

   6   rms: 0.4732E-05   max: 0.3163E-04   D at  112  2
       a =-17.000      CL = -0.9371
      Cm = -0.0741     CD =  0.05984   =>   CDf =  0.00535    CDp =  0.05449
 plradd ia,ip,cpol           17           0  3.83087946E-03

 Point added to stored polar  1
 Point written to save file  polar.txt                                       
 Dump file unspecified or not available
 Calculating wake trajectory ...
 Calculating source influence matrix ...

 Solving BL system ...

 Side 1 forced transition at x/c =  1.0000   63
 Side 2  free  transition at x/c =  0.0357   37
 idif Ue xi dudx           1  9.83924642E-02  7.99447298E-03   12.307561    
 Uenew xinew           2  1.46211386E-02  1.18798018E-03

   1   rms: 0.1107E+00   max: 0.4674E+00   D at   65  2   RLX: 0.438
       a =-18.000      CL = -0.9390
      Cm = -0.0744     CD =  0.06436   =>   CDf =  0.00510    CDp =  0.05926

 Side 1 forced transition at x/c =  1.0000   62
 Side 2  free  transition at x/c =  0.0344   37

   2   rms: 0.5808E-01   max: -.2296E+00   C at   37  2
       a =-18.000      CL = -0.9529
      Cm = -0.0746     CD =  0.06832   =>   CDf =  0.00532    CDp =  0.06300

 Side 1 forced transition at x/c =  1.0000   62
 Side 2  free  transition at x/c =  0.0321   37

   3   rms: 0.1329E-01   max: -.9748E-01   D at   37  2
       a =-18.000      CL = -0.9442
      Cm = -0.0745     CD =  0.06887   =>   CDf =  0.00521    CDp =  0.06366

 Side 1 forced transition at x/c =  1.0000   62
 Side 2  free  transition at x/c =  0.0326   37

   4   rms: 0.9269E-03   max: -.9385E-02   D at   67  2
       a =-18.000      CL = -0.9445
      Cm = -0.0746     CD =  0.06863   =>   CDf =  0.00517    CDp =  0.06346

 Side 1 forced transition at x/c =  1.0000   62
 Side 2  free  transition at x/c =  0.0326   37

   5   rms: 0.8902E-04   max: -.4041E-03   D at  116  2
       a =-18.000      CL = -0.9445
      Cm = -0.0746     CD =  0.06864   =>   CDf =  0.00518    CDp =  0.06346
 plradd ia,ip,cpol           18           0  3.83087946E-03

 Point added to stored polar  1
 Point written to save file  polar.txt                                       
 Dump file unspecified or not available
 Calculating wake trajectory ...
 Calculating source influence matrix ...

 Solving BL system ...

 Side 1 forced transition at x/c =  1.0000   62
 Side 2  free  transition at x/c =  0.0326   37

   1   rms: 0.1060E+00   max: 0.4243E+00   D at   65  2   RLX: 0.400
       a =-19.000      CL = -0.9494
      Cm = -0.0743     CD =  0.07292   =>   CDf =  0.00519    CDp =  0.06773

 Side 1 forced transition at x/c =  1.0000   62
 Side 2  free  transition at x/c =  0.0311   37

   2   rms: 0.6917E-01   max: 0.3412E+00   D at   65  2
       a =-19.000      CL = -0.9431
      Cm = -0.0732     CD =  0.08089   =>   CDf =  0.00515    CDp =  0.07573

 Side 1 forced transition at x/c =  1.0000   62
 Side 2  free  transition at x/c =  0.0296   36

   3   rms: 0.1535E-01   max: -.1269E+00   D at   36  2
       a =-19.000      CL = -0.9375
      Cm = -0.0733     CD =  0.08008   =>   CDf =  0.00505    CDp =  0.07503

 Side 1 forced transition at x/c =  1.0000   62
 Side 2  free  transition at x/c =  0.0296   36

   4   rms: 0.3361E-02   max: -.2594E-01   D at   65  2
       a =-19.000      CL = -0.9398
      Cm = -0.0735     CD =  0.07950   =>   CDf =  0.00502    CDp =  0.07449

 Side 1 forced transition at x/c =  1.0000   62
 Side 2  free  transition at x/c =  0.0296   36

   5   rms: 0.2820E-03   max: -.1509E-02   D at  117  2
       a =-19.000      CL = -0.9400
      Cm = -0.0735     CD =  0.07957   =>   CDf =  0.00502    CDp =  0.07455

 Side 1 forced transition at x/c =  1.0000   62
 Side 2  free  transition at x/c =  0.0296   36

   6   rms: 0.6301E-05   max: -.7596E-04   D at  115  2
       a =-19.000      CL = -0.9400
      Cm = -0.0735     CD =  0.07958   =>   CDf =  0.00502    CDp =  0.07456
 plradd ia,ip,cpol           19           0  3.83087946E-03

 Point added to stored polar  1
 Point written to save file  polar.txt                                       
 Dump file unspecified or not available
 Calculating wake trajectory ...
 Calculating source influence matrix ...

 Solving BL system ...

 Side 1 forced transition at x/c =  1.0000   62
 Side 2  free  transition at x/c =  0.0296   36
 idif Ue xi dudx           1  9.50194970E-02  8.25852156E-03   11.505630    
 Uenew xinew           2  8.89879838E-03  7.73429871E-04

   1   rms: 0.9770E-01   max: 0.4213E+00   T at   36  2   RLX: 0.366
       a =-20.000      CL = -0.9479
      Cm = -0.0727     CD =  0.08345   =>   CDf =  0.00475    CDp =  0.07870

 Side 1 forced transition at x/c =  1.0000   61
 Side 2  free  transition at x/c =  0.0282   37

   2   rms: 0.6976E-01   max: 0.4956E+00   D at    2  2
       a =-20.000      CL = -0.9518
      Cm = -0.0707     CD =  0.09132   =>   CDf =  0.00496    CDp =  0.08636

 Side 1 forced transition at x/c =  1.0000   61
 Side 2  free  transition at x/c =  0.0269   37

   3   rms: 0.1383E-01   max: 0.1299E+00   D at   64  2
       a =-20.000      CL = -0.9422
      Cm = -0.0707     CD =  0.09103   =>   CDf =  0.00486    CDp =  0.08618

 Side 1 forced transition at x/c =  1.0000   61
 Side 2  free  transition at x/c =  0.0269   37

   4   rms: 0.1151E-02   max: -.1341E-01   D at   64  2
       a =-20.000      CL = -0.9426
      Cm = -0.0709     CD =  0.09054   =>   CDf =  0.00483    CDp =  0.08571

 Side 1 forced transition at x/c =  1.0000   61
 Side 2  free  transition at x/c =  0.0269   37

   5   rms: 0.8649E-04   max: -.4233E-03   D at  118  2
       a =-20.000      CL = -0.9427
      Cm = -0.0709     CD =  0.09054   =>   CDf =  0.00483    CDp =  0.08571
 plradd ia,ip,cpol           20           0  3.83087946E-03

 Point added to stored polar  1
 Point written to save file  polar.txt                                       
 Dump file unspecified or not available
 Calculating wake trajectory ...
 Calculating source influence matrix ...

 Solving BL system ...

 Side 1 forced transition at x/c =  1.0000   61
 Side 2  free  transition at x/c =  0.0269   37

   1   rms: 0.1069E+00   max: 0.5604E+00   D at   62  2   RLX: 0.330
       a =-21.000      CL = -0.9394
      Cm = -0.0694     CD =  0.09603   =>   CDf =  0.00485    CDp =  0.09119

 Side 1 forced transition at x/c =  1.0000   61
 Side 2  free  transition at x/c =  0.0263   37

   2   rms: 0.7524E-01   max: 0.3922E+00   D at   62  2
       a =-21.000      CL = -0.9284
      Cm = -0.0666     CD =  0.10695   =>   CDf =  0.00480    CDp =  0.10215

 Side 1 forced transition at x/c =  1.0000   61
 Side 2  free  transition at x/c =  0.0251   36

   3   rms: 0.2492E-01   max: -.2812E+00   D at   36  2
       a =-21.000      CL = -0.9283
      Cm = -0.0663     CD =  0.10480   =>   CDf =  0.00463    CDp =  0.10017

 Side 1 forced transition at x/c =  1.0000   61
 Side 2  free  transition at x/c =  0.0254   36

   4   rms: 0.7116E-02   max: -.4601E-01   D at   62  2
       a =-21.000      CL = -0.9330
      Cm = -0.0668     CD =  0.10343   =>   CDf =  0.00457    CDp =  0.09886

 Side 1 forced transition at x/c =  1.0000   61
 Side 2  free  transition at x/c =  0.0253   36

   5   rms: 0.6430E-03   max: -.3536E-02   D at  119  2
       a =-21.000      CL = -0.9335
      Cm = -0.0668     CD =  0.10362   =>   CDf =  0.00459    CDp =  0.09903

 Side 1 forced transition at x/c =  1.0000   61
 Side 2  free  transition at x/c =  0.0253   36

   6   rms: 0.2342E-04   max: -.2655E-03   D at  117  2
       a =-21.000      CL = -0.9335
      Cm = -0.0668     CD =  0.10364   =>   CDf =  0.00459    CDp =  0.09906
 plradd ia,ip,cpol           21           0 -1.71368287E-04

 Point added to stored polar  1
 Point written to save file  polar.txt                                       
 Dump file unspecified or not available
 Calculating wake trajectory ...
 Calculating source influence matrix ...

 Solving BL system ...

 Side 1 forced transition at x/c =  1.0000   61
 Side 2  free  transition at x/c =  0.0253   36

   1   rms: 0.9734E-01   max: 0.4890E+00   D at   60  2   RLX: 0.305
       a =-22.000      CL = -0.9329
      Cm = -0.0652     CD =  0.10861   =>   CDf =  0.00460    CDp =  0.10401

 Side 1 forced transition at x/c =  1.0000   61
 Side 2  free  transition at x/c =  0.0250   36
 idif Ue xi dudx           1  0.10700382      1.02500916E-02   10.439303    
 Uenew xinew           2  2.13437676E-02  2.04455853E-03

   2   rms: 0.6505E-01   max: 0.3222E+00   D at   60  2
       a =-22.000      CL = -0.9355
      Cm = -0.0618     CD =  0.11867   =>   CDf =  0.00422    CDp =  0.11444

 Side 1 forced transition at x/c =  1.0000   60
 Side 2  free  transition at x/c =  0.0242   37

   3   rms: 0.1362E-01   max: 0.9587E-01   D at   60  2
       a =-22.000      CL = -0.9276
      Cm = -0.0616     CD =  0.11743   =>   CDf =  0.00437    CDp =  0.11306

 Side 1 forced transition at x/c =  1.0000   60
 Side 2  free  transition at x/c =  0.0243   37

   4   rms: 0.2489E-02   max: 0.2827E-01   D at   60  2
       a =-22.000      CL = -0.9262
      Cm = -0.0616     CD =  0.11713   =>   CDf =  0.00434    CDp =  0.11279

 Side 1 forced transition at x/c =  1.0000   60
 Side 2  free  transition at x/c =  0.0243   37

   5   rms: 0.1895E-03   max: 0.1549E-02   D at  119  2
       a =-22.000      CL = -0.9261
      Cm = -0.0616     CD =  0.11703   =>   CDf =  0.00434    CDp =  0.11269

 Side 1 forced transition at x/c =  1.0000   60
 Side 2  free  transition at x/c =  0.0243   37

   6   rms: 0.7580E-05   max: 0.7792E-04   D at  119  2
       a =-22.000      CL = -0.9261
      Cm = -0.0616     CD =  0.11702   =>   CDf =  0.00434    CDp =  0.11268
 plradd ia,ip,cpol           22           0 -1.71368287E-04

 Point added to stored polar  1
 Point written to save file  polar.txt                                       
 Dump file unspecified or not available
 Calculating wake trajectory ...
 Calculating source influence matrix ...

 Solving BL system ...

 Side 1 forced transition at x/c =  1.0000   60
 Side 2  free  transition at x/c =  0.0243   37

   1   rms: 0.9485E-01   max: 0.4939E+00   D at   59  2   RLX: 0.283
       a =-23.000      CL = -0.9255
      Cm = -0.0597     CD =  0.12204   =>   CDf =  0.00435    CDp =  0.11768

 Side 1 forced transition at x/c =  1.0000   60
 Side 2  free  transition at x/c =  0.0240   37

   2   rms: 0.6643E-01   max: 0.3437E+00   D at   59  2
       a =-23.000      CL = -0.9276
      Cm = -0.0549     CD =  0.13360   =>   CDf =  0.00429    CDp =  0.12931

 Side 1 forced transition at x/c =  1.0000   60
 Side 2  free  transition at x/c =  0.0229   37

   3   rms: 0.1089E-01   max: 0.6272E-01   D at   58  2
       a =-23.000      CL = -0.9205
      Cm = -0.0553     CD =  0.13083   =>   CDf =  0.00421    CDp =  0.12662

 Side 1 forced transition at x/c =  1.0000   60
 Side 2  free  transition at x/c =  0.0227   37

   4   rms: 0.9437E-03   max: 0.8918E-02   D at   58  2
       a =-23.000      CL = -0.9202
      Cm = -0.0554     CD =  0.13045   =>   CDf =  0.00423    CDp =  0.12623

 Side 1 forced transition at x/c =  1.0000   60
 Side 2  free  transition at x/c =  0.0227   36

   5   rms: 0.7155E-03   max: 0.4624E-02   D at   58  2
       a =-23.000      CL = -0.9199
      Cm = -0.0553     CD =  0.13054   =>   CDf =  0.00423    CDp =  0.12631

 Side 1 forced transition at x/c =  1.0000   60
 Side 2  free  transition at x/c =  0.0227   36

   6   rms: 0.5866E-04   max: 0.3311E-03   D at  122  2
       a =-23.000      CL = -0.9199
      Cm = -0.0553     CD =  0.13051   =>   CDf =  0.00423    CDp =  0.12629
 plradd ia,ip,cpol           23           0 -1.71368287E-04

 Point added to stored polar  1
 Point written to save file  polar.txt                                       
 Dump file unspecified or not available
 Calculating wake trajectory ...
 Calculating source influence matrix ...

 Solving BL system ...

 Side 1 forced transition at x/c =  1.0000   60
 Side 2  free  transition at x/c =  0.0227   36

   1   rms: 0.8606E-01   max: 0.3647E+00   D at   57  2   RLX: 0.266
       a =-24.000      CL = -0.9219
      Cm = -0.0537     CD =  0.13461   =>   CDf =  0.00424    CDp =  0.13037

 Side 1 forced transition at x/c =  1.0000   60
 Side 2  free  transition at x/c =  0.0226   36
 idif Ue xi dudx           1  8.36259872E-02  9.29796696E-03   8.9940081    
 Uenew xinew           2  2.63110339E-03  2.92539597E-04

   2   rms: 0.6257E-01   max: 0.2673E+00   D at   57  2
       a =-24.000      CL = -0.9310
      Cm = -0.0491     CD =  0.14534   =>   CDf =  0.00389    CDp =  0.14145

 Side 1 forced transition at x/c =  1.0000   59
 Side 2  free  transition at x/c =  0.0219   37

   3   rms: 0.3990E-01   max: -.4542E+00   D at    2  2
       a =-24.000      CL = -0.9150
      Cm = -0.0477     CD =  0.14558   =>   CDf =  0.00426    CDp =  0.14132

 Side 1 forced transition at x/c =  1.0000   60
 Side 2  free  transition at x/c =  0.0222   36

   4   rms: 0.3771E-02   max: -.1921E-01   D at   58  2
       a =-24.000      CL = -0.9164
      Cm = -0.0481     CD =  0.14397   =>   CDf =  0.00394    CDp =  0.14003

 Side 1 forced transition at x/c =  1.0000   60
 Side 2  free  transition at x/c =  0.0222   36

   5   rms: 0.5690E-03   max: 0.4706E-02   D at    4  1
       a =-24.000      CL = -0.9166
      Cm = -0.0481     CD =  0.14405   =>   CDf =  0.00395    CDp =  0.14011

 Side 1 forced transition at x/c =  1.0000   60
 Side 2  free  transition at x/c =  0.0222   36

   6   rms: 0.2255E-04   max: -.2382E-03   D at  120  2
       a =-24.000      CL = -0.9166
      Cm = -0.0481     CD =  0.14408   =>   CDf =  0.00395    CDp =  0.14014
 plradd ia,ip,cpol           24           0 -1.71368287E-04

 Point added to stored polar  1
 Point written to save file  polar.txt                                       
 Dump file unspecified or not available
 Calculating wake trajectory ...
 Calculating source influence matrix ...

 Solving BL system ...

 Side 1 forced transition at x/c =  1.0000   60
 Side 2  free  transition at x/c =  0.0222   36
 idif Ue xi dudx           1  8.57258439E-02  9.72634554E-03   8.8137770    
 Uenew xinew           2  6.35401206E-03  7.20918179E-04

   1   rms: 0.8202E-01   max: 0.3675E+00   D at   55  2   RLX: 0.249
       a =-25.000      CL = -0.9182
      Cm = -0.0464     CD =  0.14815   =>   CDf =  0.00368    CDp =  0.14447

 Side 1 forced transition at x/c =  1.0000   59
 Side 2  free  transition at x/c =  0.0221   37

   2   rms: 0.7093E-01   max: 0.4664E+00   D at    2  2
       a =-25.000      CL = -0.9215
      Cm = -0.0403     CD =  0.16154   =>   CDf =  0.00390    CDp =  0.15764

 Side 1 forced transition at x/c =  1.0000   59
 Side 2  free  transition at x/c =  0.0214   37

   3   rms: 0.2438E-01   max: -.1537E+00   D at   37  2
       a =-25.000      CL = -0.9089
      Cm = -0.0394     CD =  0.15979   =>   CDf =  0.00366    CDp =  0.15613

 Side 1 forced transition at x/c =  1.0000   59
 Side 2  free  transition at x/c =  0.0216   37

   4   rms: 0.2095E-02   max: 0.3708E-01   D at   56  2
       a =-25.000      CL = -0.9082
      Cm = -0.0395     CD =  0.15886   =>   CDf =  0.00364    CDp =  0.15522

 Side 1 forced transition at x/c =  1.0000   59
 Side 2  free  transition at x/c =  0.0216   37

   5   rms: 0.1281E-03   max: -.1385E-02   D at   56  2
       a =-25.000      CL = -0.9083
      Cm = -0.0395     CD =  0.15878   =>   CDf =  0.00364    CDp =  0.15514

 Side 1 forced transition at x/c =  1.0000   59
 Side 2  free  transition at x/c =  0.0216   37

   6   rms: 0.9364E-05   max: -.3063E-04   T at  121  2
       a =-25.000      CL = -0.9083
      Cm = -0.0395     CD =  0.15878   =>   CDf =  0.00364    CDp =  0.15514
 plradd ia,ip,cpol           25           0 -1.71368287E-04

 Point added to stored polar  1
 Point written to save file  polar.txt                                       
 Dump file unspecified or not available

.OPERva   c>  
 Polar accumulation disabled

.OPERv   c>  
 XFOIL   c>  