
 ===================================================
  XFOIL Version 6.99
  Copyright (C) 2000   Mark Drela, Harold Youngren

  This software comes with ABSOLUTELY NO WARRANTY,
    subject to the GNU General Public License.

  Caveat computor
 ===================================================

 File  xfoil.def  not found

   QUIT    Exit program

  .OPER    Direct operating point(s)
  .MDES    Complex mapping design routine
  .QDES    Surface speed design routine
  .GDES    Geometry design routine

   SAVE f  Write airfoil to labeled coordinate file
   PSAV f  Write airfoil to plain coordinate file
   ISAV f  Write airfoil to ISES coordinate file
   MSAV f  Write airfoil to MSES coordinate file
   REVE    Reverse written-airfoil node ordering

   LOAD f  Read buffer airfoil from coordinate file
   NACA i  Set NACA 4,5-digit airfoil and buffer airfoil
   INTE    Set buffer airfoil by interpolating two airfoils
   NORM    Buffer airfoil normalization toggle
   XYCM rr Change CM reference location, currently  0.25000 0.00000

   BEND    Display structural properties of current airfoil

   PCOP    Set current-airfoil panel nodes directly from buffer airfoil points
   PANE    Set current-airfoil panel nodes ( 160 ) based on curvature
  .PPAR    Show/change paneling

  .PLOP    Plotting options

   WDEF f  Write  current-settings file
   RDEF f  Reread current-settings file
   NAME s  Specify new airfoil name
   NINC    Increment name version number

   Z       Zoom    | (available in all menus)
   U       Unzoom  | 

 XFOIL   c>  
 Labeled airfoil file.  Name:  NACA 64A223 SURROGATE - 23 pct thickness, 2 pct 

 Number of input coordinate points: 321
 Counterclockwise ordering
 Max thickness =     0.230159  at x =   0.295
 Max camber    =     0.016567  at x =   0.460

  LE  x,y  =  -0.00028   0.00600  |   Chord =   1.00030
  TE  x,y  =   1.00000   0.00000  |

 Current airfoil nodes set from buffer airfoil nodes ( 321 )

 XFOIL   c>  
 Blunt trailing edge.  Gap =  0.00483

 Paneling parameters used...
   Number of panel nodes       160
   Panel bunching parameter    1.000
   TE/LE panel density ratio   0.150
   Refined-area/LE panel density ratio    0.200
   Top    side refined area x/c limits  1.000 1.000
   Bottom side refined area x/c limits  1.000 1.000

 XFOIL   c>  
.OPERi   c>  
 M  =    0.0000
 Re =    600000

.OPERv   c>  
 Sonic Cp =    -66.86      Sonic Q/Qinf =     9.138


.OPERv   c>  
.OPERv   c>  
 Polar  1 newly created for accumulation
 Airfoil archived with polar: NACA 64A223 SURROGATE - 23 pct thickness, 2 pct 

Enter  polar save filename  OR  <return> for no file   s>  
 New polar save file available

Enter  polar dump filename  OR  <return> for no file   s>  
 Polar dump file will NOT be written

 Polar accumulation enabled

.OPERva   c>   Calculating unit vorticity distributions ...
 Calculating wake trajectory ...
 Calculating source influence matrix ...

 Solving BL system ...

 Initializing BL ...
    side            1  ...
 MRCHUE: Inverse mode at  43     Hk =   3.941
 MRCHUE: Inverse mode at  44     Hk =   4.663
 MRCHUE: Inverse mode at  45     Hk =   5.312
 MRCHUE: Convergence failed at  46  side 1    Res =  0.3172E+01
 MRCHUE: Inverse mode at  47     Hk =   5.666
    side            2  ...
 MRCHUE: Inverse mode at  53     Hk =   4.283
 MRCHUE: Inverse mode at  54     Hk =   5.249
 MRCHUE: Inverse mode at  55     Hk =   6.209
 MRCHUE: Inverse mode at  56     Hk =   7.173
 MRCHUE: Inverse mode at  57     Hk =   8.150
 MRCHUE: Inverse mode at  58     Hk =   9.145
 MRCHUE: Inverse mode at  59     Hk =   7.003
 MRCHUE: Inverse mode at  60     Hk =   3.424
 MRCHUE: Inverse mode at  86     Hk =   2.500
 MRCHUE: Inverse mode at  87     Hk =   2.500
 MRCHUE: Inverse mode at  88     Hk =   2.500
 MRCHUE: Inverse mode at  89     Hk =   2.500
 MRCHUE: Inverse mode at  90     Hk =   2.500
 MRCHUE: Inverse mode at  91     Hk =   2.500
 MRCHUE: Inverse mode at  92     Hk =   2.500
 MRCHUE: Inverse mode at  93     Hk =   2.500
 MRCHUE: Inverse mode at  94     Hk =   2.500
 MRCHUE: Inverse mode at  95     Hk =   2.500
 MRCHUE: Inverse mode at  96     Hk =   2.500
 MRCHUE: Inverse mode at  97     Hk =   2.500
 MRCHUE: Inverse mode at  98     Hk =   2.500
 MRCHUE: Inverse mode at  99     Hk =   2.500
 MRCHUE: Inverse mode at 100     Hk =   2.500
 MRCHUE: Inverse mode at 101     Hk =   2.500
 MRCHUE: Convergence failed at 102  side 2    Res =  0.6087E+01
 MRCHUE: Inverse mode at 103     Hk =   2.500
 MRCHUE: Inverse mode at 104     Hk =   2.500
 MRCHUE: Inverse mode at 105     Hk =   2.500
 MRCHUE: Inverse mode at 106     Hk =   2.500
 MRCHUE: Inverse mode at 107     Hk =   2.500
 MRCHUE: Convergence failed at 107  side 2    Res =  0.2325E-01
 MRCHUE: Convergence failed at 108  side 2    Res =  0.5915E+01
 MRCHUE: Inverse mode at 109     Hk =   2.500
 MRCHUE: Inverse mode at 110     Hk =   2.500
 MRCHUE: Inverse mode at 111     Hk =   2.500
 MRCHUE: Convergence failed at 112  side 2    Res =  0.6399E+01
 MRCHUE: Inverse mode at 113     Hk =   2.500
 MRCHUE: Convergence failed at 114  side 2    Res =  0.5644E+01
 MRCHUE: Convergence failed at 115  side 2    Res =  0.6174E+01

 MRCHDU: Convergence failed at  46  side 1    Res =  0.3596E+01
 MRCHDU: Convergence failed at  47  side 1    Res =  0.5024E+01
 MRCHDU: Convergence failed at 102  side 2    Res =  0.1292E+01
 MRCHDU: Convergence failed at 103  side 2    Res =  0.1403E+01
 MRCHDU: Convergence failed at 104  side 2    Res =  0.1580E+01
 MRCHDU: Convergence failed at 105  side 2    Res =  0.1694E+01
 MRCHDU: Convergence failed at 106  side 2    Res =  0.1813E+01
 MRCHDU: Convergence failed at 107  side 2    Res =  0.1944E+01
 MRCHDU: Convergence failed at 108  side 2    Res =  0.3584E+01
 MRCHDU: Convergence failed at 109  side 2    Res =  0.3504E+01
 MRCHDU: Convergence failed at 110  side 2    Res =  0.3594E+01
 MRCHDU: Convergence failed at 111  side 2    Res =  0.3753E+01
 MRCHDU: Convergence failed at 112  side 2    Res =  0.1533E+02
 MRCHDU: Convergence failed at 113  side 2    Res =  0.1631E+02
 MRCHDU: Convergence failed at 114  side 2    Res =  0.1628E+02
 MRCHDU: Convergence failed at 115  side 2    Res =  0.1112E+04
 Side 1 forced transition at x/c =  1.0001   47
 Side 2  free  transition at x/c =  0.0412   59

   1   rms: 0.1374E+01   max: -.1119E+02   C at   47  1   RLX: 0.045
       a =-25.000      CL = -3.3560
      Cm =  0.2483     CD =  0.00446   =>   CDf =  0.00647    CDp = -0.00202

 Side 1 forced transition at x/c =  1.0001   47
 Side 2  free  transition at x/c =  0.0414   59

   2   rms: 0.1036E+01   max: -.7644E+01   C at   47  1   RLX: 0.065
       a =-25.000      CL = -3.3027
      Cm =  0.2300     CD =  0.00518   =>   CDf =  0.00710    CDp = -0.00192

 Side 1 forced transition at x/c =  1.0001   48
 Side 2  free  transition at x/c =  0.0416   58

   3   rms: 0.1115E+01   max: -.6765E+01   T at    2  1   RLX: 0.074
       a =-25.000      CL = -3.2563
      Cm =  0.2174     CD =  0.00646   =>   CDf =  0.00654    CDp = -0.00008

 Side 1 forced transition at x/c =  1.0001   48
 Side 2  free  transition at x/c =  0.0418   58

   4   rms: 0.1090E+01   max: -.5666E+01   C at   48  1   RLX: 0.088
       a =-25.000      CL = -3.2034
      Cm =  0.2072     CD =  0.00845   =>   CDf =  0.00634    CDp =  0.00211

 Side 1 forced transition at x/c =  1.0001   48
 Side 2  free  transition at x/c =  0.0420   58

   5   rms: 0.1739E+01   max: 0.6535E+01   D at  119  2   RLX: 0.080
       a =-25.000      CL = -3.1650
      Cm =  0.2156     CD =  0.01191   =>   CDf =  0.00611    CDp =  0.00581

 Side 1 forced transition at x/c =  1.0001   48
 Side 2  free  transition at x/c =  0.0421   58

   6   rms: 0.1590E+01   max: 0.6273E+01   D at  121  2   RLX: 0.081
       a =-25.000      CL = -3.0852
      Cm =  0.2186     CD =  0.01636   =>   CDf =  0.00580    CDp =  0.01056

 Side 1 forced transition at x/c =  1.0001   48
 Side 2  free  transition at x/c =  0.0423   58

   7   rms: 0.1882E+01   max: 0.6917E+01   D at  122  2   RLX: 0.082
       a =-25.000      CL = -2.9559
      Cm =  0.2236     CD =  0.02261   =>   CDf =  0.00560    CDp =  0.01701

 Side 1 forced transition at x/c =  1.0001   48
 Side 2  free  transition at x/c =  0.0427   58

   8   rms: 0.1552E+01   max: 0.4831E+01   D at  124  2   RLX: 0.175
       a =-25.000      CL = -2.5967
      Cm =  0.1869     CD =  0.03491   =>   CDf =  0.00626    CDp =  0.02865

 Side 1 forced transition at x/c =  1.0001   50
 Side 2  free  transition at x/c =  0.0445   57

   9   rms: 0.1340E+01   max: 0.3773E+01   D at  118  2   RLX: 0.302
       a =-25.000      CL = -2.0663
      Cm =  0.1287     CD =  0.06755   =>   CDf =  0.00582    CDp =  0.06172

 Side 1 forced transition at x/c =  1.0001   52
 Side 2  free  transition at x/c =  0.0469   55

  10   rms: 0.6577E+00   max: 0.1664E+01   D at  122  2   RLX: 0.498
       a =-25.000      CL = -1.5391
      Cm =  0.0352     CD =  0.10492   =>   CDf =  0.00519    CDp =  0.09974

 Side 1 forced transition at x/c =  1.0001   54
 Side 2  free  transition at x/c =  0.0513   54

  11   rms: 0.4577E+00   max: 0.1501E+01   D at   73  2   RLX: 0.899
       a =-25.000      CL = -1.0396
      Cm = -0.0227     CD =  0.17796   =>   CDf =  0.00485    CDp =  0.17311

 Side 1 forced transition at x/c =  1.0001   57
 Side 2  free  transition at x/c =  0.0546   52

  12   rms: 0.4297E-01   max: 0.2438E+00   D at   67  2
       a =-25.000      CL = -1.0531
      Cm = -0.0303     CD =  0.16224   =>   CDf =  0.00376    CDp =  0.15848

 Side 1 forced transition at x/c =  1.0001   57
 Side 2  free  transition at x/c =  0.0547   52

  13   rms: 0.9039E-02   max: 0.6355E-01   D at  123  2
       a =-25.000      CL = -1.0474
      Cm = -0.0302     CD =  0.16027   =>   CDf =  0.00381    CDp =  0.15647

 Side 1 forced transition at x/c =  1.0001   57
 Side 2  free  transition at x/c =  0.0547   52

  14   rms: 0.6081E-03   max: 0.2864E-02   D at   66  2
       a =-25.000      CL = -1.0469
      Cm = -0.0302     CD =  0.16010   =>   CDf =  0.00379    CDp =  0.15631

 Side 1 forced transition at x/c =  1.0001   57
 Side 2  free  transition at x/c =  0.0547   52

  15   rms: 0.5775E-04   max: 0.4001E-03   D at  123  2
       a =-25.000      CL = -1.0469
      Cm = -0.0302     CD =  0.16005   =>   CDf =  0.00379    CDp =  0.15626
 plradd ia,ip,cpol            1           0  9.07668099E-03

 Point added to stored polar  1
 Point written to save file  polar.txt                                       
 Dump file unspecified or not available
 Calculating wake trajectory ...
 Calculating source influence matrix ...

 Solving BL system ...

 Side 1 forced transition at x/c =  1.0001   57
 Side 2  free  transition at x/c =  0.0547   52

   1   rms: 0.8407E-01   max: -.4399E+00   D at   65  2   RLX: 0.277
       a =-24.000      CL = -1.0453
      Cm = -0.0330     CD =  0.15514   =>   CDf =  0.00377    CDp =  0.15138

 Side 1 forced transition at x/c =  1.0001   57
 Side 2  free  transition at x/c =  0.0556   52

   2   rms: 0.8237E-01   max: -.4987E+00   D at   65  2
       a =-24.000      CL = -1.0584
      Cm = -0.0428     CD =  0.13907   =>   CDf =  0.00382    CDp =  0.13525

 Side 1 forced transition at x/c =  1.0001   57
 Side 2  free  transition at x/c =  0.0582   53

   3   rms: 0.1642E-01   max: -.1704E+00   D at   66  2
       a =-24.000      CL = -1.0703
      Cm = -0.0423     CD =  0.14159   =>   CDf =  0.00409    CDp =  0.13750

 Side 1 forced transition at x/c =  1.0001   57
 Side 2  free  transition at x/c =  0.0580   53

   4   rms: 0.1384E-02   max: -.1824E-01   D at   66  2
       a =-24.000      CL = -1.0710
      Cm = -0.0422     CD =  0.14218   =>   CDf =  0.00411    CDp =  0.13807

 Side 1 forced transition at x/c =  1.0001   57
 Side 2  free  transition at x/c =  0.0580   53

   5   rms: 0.7972E-04   max: 0.4948E-03   D at   68  2
       a =-24.000      CL = -1.0709
      Cm = -0.0422     CD =  0.14223   =>   CDf =  0.00412    CDp =  0.13811
 plradd ia,ip,cpol            2           0  1.10394033E-02

 Point added to stored polar  1
 Point written to save file  polar.txt                                       
 Dump file unspecified or not available
 Calculating wake trajectory ...
 Calculating source influence matrix ...

 Solving BL system ...

 Side 1 forced transition at x/c =  1.0001   57
 Side 2  free  transition at x/c =  0.0580   53

   1   rms: 0.9533E-01   max: -.4112E+00   T at   53  2   RLX: 0.294
       a =-23.000      CL = -1.0555
      Cm = -0.0430     CD =  0.14070   =>   CDf =  0.00409    CDp =  0.13661

 Side 1 forced transition at x/c =  1.0001   57
 Side 2  free  transition at x/c =  0.0591   53

   2   rms: 0.5973E-01   max: -.2985E+00   D at   68  2
       a =-23.000      CL = -1.0464
      Cm = -0.0494     CD =  0.12956   =>   CDf =  0.00419    CDp =  0.12537

 Side 1 forced transition at x/c =  1.0001   58
 Side 2  free  transition at x/c =  0.0613   52

   3   rms: 0.2473E-01   max: -.1356E+00   D at   68  2
       a =-23.000      CL = -1.0602
      Cm = -0.0499     CD =  0.12943   =>   CDf =  0.00415    CDp =  0.12528

 Side 1 forced transition at x/c =  1.0001   58
 Side 2  free  transition at x/c =  0.0614   52

   4   rms: 0.4260E-02   max: -.1579E-01   D at   67  2
       a =-23.000      CL = -1.0640
      Cm = -0.0500     CD =  0.12964   =>   CDf =  0.00418    CDp =  0.12546

 Side 1 forced transition at x/c =  1.0001   58
 Side 2  free  transition at x/c =  0.0614   52

   5   rms: 0.2698E-03   max: -.2051E-02   D at  121  2
       a =-23.000      CL = -1.0642
      Cm = -0.0500     CD =  0.12977   =>   CDf =  0.00419    CDp =  0.12558

 Side 1 forced transition at x/c =  1.0001   58
 Side 2  free  transition at x/c =  0.0614   52

   6   rms: 0.9610E-05   max: -.9862E-04   D at  121  2
       a =-23.000      CL = -1.0642
      Cm = -0.0500     CD =  0.12978   =>   CDf =  0.00419    CDp =  0.12559
 plradd ia,ip,cpol            3           0  1.10394033E-02

 Point added to stored polar  1
 Point written to save file  polar.txt                                       
 Dump file unspecified or not available
 Calculating wake trajectory ...
 Calculating source influence matrix ...

 Solving BL system ...

 Side 1 forced transition at x/c =  1.0001   58
 Side 2  free  transition at x/c =  0.0614   52

   1   rms: 0.9618E-01   max: -.5563E+00   D at   68  2   RLX: 0.330
       a =-22.000      CL = -1.0675
      Cm = -0.0533     CD =  0.12332   =>   CDf =  0.00417    CDp =  0.11915

 Side 1 forced transition at x/c =  1.0001   58
 Side 2  free  transition at x/c =  0.0626   52

   2   rms: 0.7525E-01   max: -.4612E+00   D at   68  2
       a =-22.000      CL = -1.0829
      Cm = -0.0606     CD =  0.11005   =>   CDf =  0.00429    CDp =  0.10575

 Side 1 forced transition at x/c =  1.0001   58
 Side 2  free  transition at x/c =  0.0655   53

   3   rms: 0.4016E-01   max: 0.3471E+00   D at   71  2
       a =-22.000      CL = -1.0711
      Cm = -0.0574     CD =  0.11661   =>   CDf =  0.00442    CDp =  0.11219

 Side 1 forced transition at x/c =  1.0001   58
 Side 2  free  transition at x/c =  0.0649   53

   4   rms: 0.3238E-02   max: 0.2558E-01   D at   70  2
       a =-22.000      CL = -1.0714
      Cm = -0.0577     CD =  0.11565   =>   CDf =  0.00436    CDp =  0.11129

 Side 1 forced transition at x/c =  1.0001   58
 Side 2  free  transition at x/c =  0.0648   53

   5   rms: 0.6143E-03   max: 0.3954E-02   D at   70  2
       a =-22.000      CL = -1.0709
      Cm = -0.0577     CD =  0.11558   =>   CDf =  0.00437    CDp =  0.11121

 Side 1 forced transition at x/c =  1.0001   58
 Side 2  free  transition at x/c =  0.0648   53

   6   rms: 0.4587E-04   max: 0.1915E-03   D at  120  2
       a =-22.000      CL = -1.0708
      Cm = -0.0577     CD =  0.11557   =>   CDf =  0.00436    CDp =  0.11121
 plradd ia,ip,cpol            4           0  1.10394033E-02

 Point added to stored polar  1
 Point written to save file  polar.txt                                       
 Dump file unspecified or not available
 Calculating wake trajectory ...
 Calculating source influence matrix ...

 Solving BL system ...

 Side 1 forced transition at x/c =  1.0001   58
 Side 2  free  transition at x/c =  0.0648   53

   1   rms: 0.8870E-01   max: -.4460E+00   D at   69  2   RLX: 0.358
       a =-21.000      CL = -1.0694
      Cm = -0.0605     CD =  0.10980   =>   CDf =  0.00453    CDp =  0.10527

 Side 1 forced transition at x/c =  1.0001   59
 Side 2  free  transition at x/c =  0.0661   52

   2   rms: 0.2493E+00   max: -.4260E+01   T at    2  1   RLX: 0.117
       a =-21.000      CL = -1.0694
      Cm = -0.0610     CD =  0.11005   =>   CDf =  0.00440    CDp =  0.10564

 Side 1 forced transition at x/c =  1.0001   59
 Side 2  free  transition at x/c =  0.0664   52

   3   rms: 0.5448E-01   max: -.2885E+00   D at   69  2
       a =-21.000      CL = -1.0731
      Cm = -0.0653     CD =  0.09986   =>   CDf =  0.00442    CDp =  0.09544

 Side 1 forced transition at x/c =  1.0001   59
 Side 2  free  transition at x/c =  0.0686   52

   4   rms: 0.1134E-01   max: -.6466E-01   D at   69  2
       a =-21.000      CL = -1.0818
      Cm = -0.0651     CD =  0.10053   =>   CDf =  0.00462    CDp =  0.09592

 Side 1 forced transition at x/c =  1.0001   59
 Side 2  free  transition at x/c =  0.0685   52

   5   rms: 0.1600E-02   max: -.7220E-02   D at   71  2
       a =-21.000      CL = -1.0833
      Cm = -0.0651     CD =  0.10060   =>   CDf =  0.00462    CDp =  0.09598

 Side 1 forced transition at x/c =  1.0001   59
 Side 2  free  transition at x/c =  0.0685   52

   6   rms: 0.1004E-03   max: -.6095E-03   D at  118  2
       a =-21.000      CL = -1.0834
      Cm = -0.0651     CD =  0.10063   =>   CDf =  0.00462    CDp =  0.09601

 Side 1 forced transition at x/c =  1.0001   59
 Side 2  free  transition at x/c =  0.0685   52

   7   rms: 0.3447E-05   max: 0.2042E-04   D at  105  2
       a =-21.000      CL = -1.0834
      Cm = -0.0651     CD =  0.10063   =>   CDf =  0.00462    CDp =  0.09601
 plradd ia,ip,cpol            5           0  1.32038509E-02

 Point added to stored polar  1
 Point written to save file  polar.txt                                       
 Dump file unspecified or not available
 Calculating wake trajectory ...
 Calculating source influence matrix ...

 Solving BL system ...

 Side 1 forced transition at x/c =  1.0001   59
 Side 2  free  transition at x/c =  0.0685   52

   1   rms: 0.1120E+00   max: -.6619E+00   D at   70  2   RLX: 0.408
       a =-20.000      CL = -1.0924
      Cm = -0.0689     CD =  0.09235   =>   CDf =  0.00460    CDp =  0.08775

 Side 1 forced transition at x/c =  1.0001   59
 Side 2  free  transition at x/c =  0.0702   53

   2   rms: 0.4971E-01   max: 0.2572E+00   D at   53  2
       a =-20.000      CL = -1.0857
      Cm = -0.0708     CD =  0.08678   =>   CDf =  0.00469    CDp =  0.08208

 Side 1 forced transition at x/c =  1.0001   59
 Side 2  free  transition at x/c =  0.0727   53

   3   rms: 0.7210E-02   max: -.4575E-01   D at   73  2
       a =-20.000      CL = -1.0901
      Cm = -0.0708     CD =  0.08705   =>   CDf =  0.00472    CDp =  0.08233

 Side 1 forced transition at x/c =  1.0001   59
 Side 2  free  transition at x/c =  0.0725   53

   4   rms: 0.8348E-03   max: -.4072E-02   D at   73  2
       a =-20.000      CL = -1.0909
      Cm = -0.0708     CD =  0.08710   =>   CDf =  0.00473    CDp =  0.08237

 Side 1 forced transition at x/c =  1.0001   59
 Side 2  free  transition at x/c =  0.0725   53

   5   rms: 0.5211E-04   max: -.2577E-03   D at  118  2
       a =-20.000      CL = -1.0909
      Cm = -0.0708     CD =  0.08710   =>   CDf =  0.00473    CDp =  0.08237
 plradd ia,ip,cpol            6           0  1.32038509E-02

 Point added to stored polar  1
 Point written to save file  polar.txt                                       
 Dump file unspecified or not available
 Calculating wake trajectory ...
 Calculating source influence matrix ...

 Solving BL system ...

 Side 1 forced transition at x/c =  1.0001   59
 Side 2  free  transition at x/c =  0.0725   53

   1   rms: 0.9892E-01   max: -.5134E+00   D at   72  2   RLX: 0.451
       a =-19.000      CL = -1.0920
      Cm = -0.0737     CD =  0.08009   =>   CDf =  0.00491    CDp =  0.07519

 Side 1 forced transition at x/c =  1.0001   60
 Side 2  free  transition at x/c =  0.0742   52

   2   rms: 0.5824E-01   max: -.3048E+00   D at   71  2
       a =-19.000      CL = -1.0954
      Cm = -0.0767     CD =  0.07247   =>   CDf =  0.00487    CDp =  0.06761

 Side 1 forced transition at x/c =  1.0001   60
 Side 2  free  transition at x/c =  0.0769   53

   3   rms: 0.9495E-02   max: 0.9446E-01   D at   53  2
       a =-19.000      CL = -1.1038
      Cm = -0.0760     CD =  0.07321   =>   CDf =  0.00496    CDp =  0.06825

 Side 1 forced transition at x/c =  1.0001   60
 Side 2  free  transition at x/c =  0.0765   53

   4   rms: 0.9302E-03   max: 0.6429E-02   D at  116  2
       a =-19.000      CL = -1.1033
      Cm = -0.0760     CD =  0.07328   =>   CDf =  0.00496    CDp =  0.06832

 Side 1 forced transition at x/c =  1.0001   60
 Side 2  free  transition at x/c =  0.0765   53

   5   rms: 0.7600E-04   max: 0.3283E-03   D at  116  2
       a =-19.000      CL = -1.1032
      Cm = -0.0760     CD =  0.07328   =>   CDf =  0.00496    CDp =  0.06832
 plradd ia,ip,cpol            7           0  1.32038509E-02

 Point added to stored polar  1
 Point written to save file  polar.txt                                       
 Dump file unspecified or not available
 Calculating wake trajectory ...
 Calculating source influence matrix ...

 Solving BL system ...

 Side 1 forced transition at x/c =  1.0001   60
 Side 2  free  transition at x/c =  0.0765   53

   1   rms: 0.1110E+00   max: -.5742E+00   D at   73  2   RLX: 0.522
       a =-18.000      CL = -1.1098
      Cm = -0.0789     CD =  0.06512   =>   CDf =  0.00494    CDp =  0.06017

 Side 1 forced transition at x/c =  1.0001   60
 Side 2  free  transition at x/c =  0.0789   53

   2   rms: 0.5089E-01   max: -.2475E+00   D at   73  2
       a =-18.000      CL = -1.1066
      Cm = -0.0804     CD =  0.06014   =>   CDf =  0.00525    CDp =  0.05489

 Side 1 forced transition at x/c =  1.0001   61
 Side 2  free  transition at x/c =  0.0810   52

   3   rms: 0.6694E-02   max: -.4987E-01   D at   52  2
       a =-18.000      CL = -1.1106
      Cm = -0.0801     CD =  0.06045   =>   CDf =  0.00520    CDp =  0.05525

 Side 1 forced transition at x/c =  1.0001   61
 Side 2  free  transition at x/c =  0.0811   52

   4   rms: 0.8319E-03   max: -.3855E-02   D at   76  2
       a =-18.000      CL = -1.1113
      Cm = -0.0802     CD =  0.06042   =>   CDf =  0.00519    CDp =  0.05523

 Side 1 forced transition at x/c =  1.0001   61
 Side 2  free  transition at x/c =  0.0811   52

   5   rms: 0.3955E-04   max: -.1873E-03   D at  114  2
       a =-18.000      CL = -1.1113
      Cm = -0.0801     CD =  0.06043   =>   CDf =  0.00519    CDp =  0.05523
 plradd ia,ip,cpol            8           0  1.55727854E-02

 Point added to stored polar  1
 Point written to save file  polar.txt                                       
 Dump file unspecified or not available
 Calculating wake trajectory ...
 Calculating source influence matrix ...

 Solving BL system ...

 Side 1 forced transition at x/c =  1.0001   61
 Side 2  free  transition at x/c =  0.0811   52

   1   rms: 0.1063E+00   max: -.4795E+00   D at   75  2   RLX: 0.592
       a =-17.000      CL = -1.1041
      Cm = -0.0822     CD =  0.05350   =>   CDf =  0.00518    CDp =  0.04833

 Side 1 forced transition at x/c =  1.0001   61
 Side 2  free  transition at x/c =  0.0844   53

   2   rms: 0.5755E-01   max: -.2955E+00   D at   75  2
       a =-17.000      CL = -1.1222
      Cm = -0.0832     CD =  0.04744   =>   CDf =  0.00525    CDp =  0.04218

 Side 1 forced transition at x/c =  1.0001   61
 Side 2  free  transition at x/c =  0.0859   53

   3   rms: 0.5145E-02   max: 0.5618E-01   D at   78  2
       a =-17.000      CL = -1.1204
      Cm = -0.0825     CD =  0.04866   =>   CDf =  0.00538    CDp =  0.04328

 Side 1 forced transition at x/c =  1.0001   61
 Side 2  free  transition at x/c =  0.0859   53

   4   rms: 0.4406E-03   max: 0.3301E-02   D at   78  2
       a =-17.000      CL = -1.1201
      Cm = -0.0825     CD =  0.04865   =>   CDf =  0.00536    CDp =  0.04329

 Side 1 forced transition at x/c =  1.0001   61
 Side 2  free  transition at x/c =  0.0859   53

   5   rms: 0.1487E-04   max: 0.7897E-04   D at  113  2
       a =-17.000      CL = -1.1201
      Cm = -0.0825     CD =  0.04865   =>   CDf =  0.00536    CDp =  0.04329
 plradd ia,ip,cpol            9           0  1.55727854E-02

 Point added to stored polar  1
 Point written to save file  polar.txt                                       
 Dump file unspecified or not available
 Calculating wake trajectory ...
 Calculating source influence matrix ...

 Solving BL system ...

 Side 1 forced transition at x/c =  1.0001   61
 Side 2  free  transition at x/c =  0.0859   53

   1   rms: 0.1127E+00   max: -.4920E+00   D at   78  2   RLX: 0.710
       a =-16.000      CL = -1.1121
      Cm = -0.0834     CD =  0.04143   =>   CDf =  0.00554    CDp =  0.03589

 Side 1 forced transition at x/c =  1.0001   62
 Side 2  free  transition at x/c =  0.0893   53

   2   rms: 0.4636E-01   max: 0.2448E+00   C at   62  1
       a =-16.000      CL = -1.1234
      Cm = -0.0820     CD =  0.03872   =>   CDf =  0.00557    CDp =  0.03314

 Side 1 forced transition at x/c =  1.0001   62
 Side 2  free  transition at x/c =  0.0919   53

   3   rms: 0.7179E-02   max: -.3967E-01   D at   54  2
       a =-16.000      CL = -1.1231
      Cm = -0.0815     CD =  0.03926   =>   CDf =  0.00554    CDp =  0.03372

 Side 1 forced transition at x/c =  1.0001   62
 Side 2  free  transition at x/c =  0.0912   53

   4   rms: 0.5291E-03   max: -.3903E-02   D at   54  2
       a =-16.000      CL = -1.1227
      Cm = -0.0815     CD =  0.03929   =>   CDf =  0.00555    CDp =  0.03374

 Side 1 forced transition at x/c =  1.0001   62
 Side 2  free  transition at x/c =  0.0912   53

   5   rms: 0.1423E-04   max: -.7459E-04   D at   80  2
       a =-16.000      CL = -1.1227
      Cm = -0.0815     CD =  0.03929   =>   CDf =  0.00555    CDp =  0.03374
 plradd ia,ip,cpol           10           0  1.55727854E-02

 Point added to stored polar  1
 Point written to save file  polar.txt                                       
 Dump file unspecified or not available
 Calculating wake trajectory ...
 Calculating source influence matrix ...

 Solving BL system ...

 Side 1 forced transition at x/c =  1.0001   62
 Side 2  free  transition at x/c =  0.0912   53

   1   rms: 0.1263E+00   max: 0.6742E+00   C at   62  1   RLX: 0.905
       a =-15.000      CL = -1.1305
      Cm = -0.0785     CD =  0.03096   =>   CDf =  0.00554    CDp =  0.02542

 Side 1 forced transition at x/c =  1.0001   62
 Side 2  free  transition at x/c =  0.0954   53

   2   rms: 0.2796E-01   max: 0.2216E+00   C at   62  1
       a =-15.000      CL = -1.1226
      Cm = -0.0754     CD =  0.03304   =>   CDf =  0.00600    CDp =  0.02704

 Side 1 forced transition at x/c =  1.0001   63
 Side 2  free  transition at x/c =  0.0966   53
 idif Ue xi dudx           1  6.62370622E-02  5.10364771E-03   12.978376    
 Uenew xinew           2  1.57885940E-03  1.21653080E-04

   3   rms: 0.1172E-01   max: 0.1505E+00   D at    2  1
       a =-15.000      CL = -1.1283
      Cm = -0.0748     CD =  0.03293   =>   CDf =  0.00557    CDp =  0.02736

 Side 1 forced transition at x/c =  1.0001   62
 Side 2  free  transition at x/c =  0.0965   53

   4   rms: 0.1614E-02   max: 0.1128E-01   T at    2  2
       a =-15.000      CL = -1.1294
      Cm = -0.0747     CD =  0.03289   =>   CDf =  0.00574    CDp =  0.02715

 Side 1 forced transition at x/c =  1.0001   62
 Side 2  free  transition at x/c =  0.0965   53

   5   rms: 0.1914E-03   max: -.2123E-02   D at    4  2
       a =-15.000      CL = -1.1295
      Cm = -0.0747     CD =  0.03290   =>   CDf =  0.00574    CDp =  0.02715

 Side 1 forced transition at x/c =  1.0001   62
 Side 2  free  transition at x/c =  0.0965   53

   6   rms: 0.4018E-05   max: -.1838E-04   D at  111  2
       a =-15.000      CL = -1.1295
      Cm = -0.0747     CD =  0.03290   =>   CDf =  0.00574    CDp =  0.02715
 plradd ia,ip,cpol           11           0  1.81495845E-02

 Point added to stored polar  1
 Point written to save file  polar.txt                                       
 Dump file unspecified or not available
 Calculating wake trajectory ...
 Calculating source influence matrix ...

 Solving BL system ...

 Side 1 forced transition at x/c =  1.0001   62
 Side 2  free  transition at x/c =  0.0965   53

   1   rms: 0.1141E+00   max: 0.5804E+00   D at   62  1
       a =-14.000      CL = -1.1251
      Cm = -0.0651     CD =  0.02849   =>   CDf =  0.00592    CDp =  0.02257

 Side 1 forced transition at x/c =  1.0001   63
 Side 2  free  transition at x/c =  0.1037   53

   2   rms: 0.6066E-01   max: 0.3680E+00   D at   57  1
       a =-14.000      CL = -1.1722
      Cm = -0.0600     CD =  0.02748   =>   CDf =  0.00586    CDp =  0.02162

 Side 1  free  transition at x/c =  0.9763   61
 Side 2  free  transition at x/c =  0.1018   53

   3   rms: 0.1367E+01   max: -.2028E+02   T at   61  1   RLX: 0.025
       a =-14.000      CL = -1.1475
      Cm = -0.0645     CD =  0.03054   =>   CDf =  0.00584    CDp =  0.02470

 Side 1  free  transition at x/c =  0.9891   62
 Side 2  free  transition at x/c =  0.1026   53

   4   rms: 0.4102E-01   max: -.4925E+00   T at   62  1
       a =-14.000      CL = -1.1096
      Cm = -0.0715     CD =  0.02725   =>   CDf =  0.00585    CDp =  0.02140

 Side 1 forced transition at x/c =  1.0001   63
 Side 2  free  transition at x/c =  0.1037   53

   5   rms: 0.7473E-01   max: 0.8006E+00   D at   63  1
       a =-14.000      CL = -1.1765
      Cm = -0.0589     CD =  0.02792   =>   CDf =  0.00586    CDp =  0.02206

 Side 1  free  transition at x/c =  0.9732   61
 Side 2  free  transition at x/c =  0.1013   53

   6   rms: 0.1452E+00   max: -.2044E+01   T at   61  1   RLX: 0.245
       a =-14.000      CL = -1.1456
      Cm = -0.0646     CD =  0.02990   =>   CDf =  0.00584    CDp =  0.02406

 Side 1  free  transition at x/c =  0.9868   62
 Side 2  free  transition at x/c =  0.1024   53

   7   rms: 0.4664E-01   max: -.6010E+00   T at   62  1   RLX: 0.832
       a =-14.000      CL = -1.1168
      Cm = -0.0701     CD =  0.02740   =>   CDf =  0.00585    CDp =  0.02155

 Side 1 forced transition at x/c =  1.0001   63
 Side 2  free  transition at x/c =  0.1034   53

   8   rms: 0.6625E-01   max: 0.6526E+00   D at   63  1
       a =-14.000      CL = -1.1762
      Cm = -0.0589     CD =  0.02793   =>   CDf =  0.00586    CDp =  0.02207

 Side 1  free  transition at x/c =  0.9721   61
 Side 2  free  transition at x/c =  0.1013   53

   9   rms: 0.1242E+00   max: -.1704E+01   T at   61  1   RLX: 0.293
       a =-14.000      CL = -1.1453
      Cm = -0.0647     CD =  0.02970   =>   CDf =  0.00584    CDp =  0.02386

 Side 1  free  transition at x/c =  0.9860   62
 Side 2  free  transition at x/c =  0.1024   53

  10   rms: 0.4722E-01   max: -.6070E+00   T at   62  1   RLX: 0.824
       a =-14.000      CL = -1.1178
      Cm = -0.0699     CD =  0.02740   =>   CDf =  0.00585    CDp =  0.02156

 Side 1 forced transition at x/c =  1.0001   63
 Side 2  free  transition at x/c =  0.1034   53

  11   rms: 0.6493E-01   max: 0.6271E+00   D at   63  1
       a =-14.000      CL = -1.1762
      Cm = -0.0590     CD =  0.02793   =>   CDf =  0.00586    CDp =  0.02207

 Side 1  free  transition at x/c =  0.9718   61
 Side 2  free  transition at x/c =  0.1013   53

  12   rms: 0.1210E+00   max: -.1651E+01   T at   61  1   RLX: 0.303
       a =-14.000      CL = -1.1453
      Cm = -0.0647     CD =  0.02967   =>   CDf =  0.00584    CDp =  0.02383

 Side 1  free  transition at x/c =  0.9858   62
 Side 2  free  transition at x/c =  0.1024   53

  13   rms: 0.4743E-01   max: -.6091E+00   T at   62  1   RLX: 0.821
       a =-14.000      CL = -1.1180
      Cm = -0.0699     CD =  0.02740   =>   CDf =  0.00585    CDp =  0.02156

 Side 1 forced transition at x/c =  1.0001   63
 Side 2  free  transition at x/c =  0.1034   53

  14   rms: 0.6458E-01   max: 0.6202E+00   D at   63  1
       a =-14.000      CL = -1.1762
      Cm = -0.0590     CD =  0.02793   =>   CDf =  0.00586    CDp =  0.02207

 Side 1  free  transition at x/c =  0.9718   61
 Side 2  free  transition at x/c =  0.1013   53

  15   rms: 0.1203E+00   max: -.1639E+01   T at   61  1   RLX: 0.305
       a =-14.000      CL = -1.1452
      Cm = -0.0647     CD =  0.02966   =>   CDf =  0.00584    CDp =  0.02383

 Side 1  free  transition at x/c =  0.9858   62
 Side 2  free  transition at x/c =  0.1024   53

  16   rms: 0.4748E-01   max: -.6095E+00   T at   62  1   RLX: 0.820
       a =-14.000      CL = -1.1181
      Cm = -0.0699     CD =  0.02740   =>   CDf =  0.00585    CDp =  0.02156

 Side 1 forced transition at x/c =  1.0001   63
 Side 2  free  transition at x/c =  0.1034   53

  17   rms: 0.6450E-01   max: 0.6186E+00   D at   63  1
       a =-14.000      CL = -1.1761
      Cm = -0.0590     CD =  0.02793   =>   CDf =  0.00586    CDp =  0.02207

 Side 1  free  transition at x/c =  0.9717   61
 Side 2  free  transition at x/c =  0.1013   53

  18   rms: 0.1201E+00   max: -.1636E+01   T at   61  1   RLX: 0.306
       a =-14.000      CL = -1.1452
      Cm = -0.0647     CD =  0.02966   =>   CDf =  0.00584    CDp =  0.02382

 Side 1  free  transition at x/c =  0.9858   62
 Side 2  free  transition at x/c =  0.1024   53

  19   rms: 0.4750E-01   max: -.6097E+00   T at   62  1   RLX: 0.820
       a =-14.000      CL = -1.1181
      Cm = -0.0699     CD =  0.02740   =>   CDf =  0.00585    CDp =  0.02156

 Side 1 forced transition at x/c =  1.0001   63
 Side 2  free  transition at x/c =  0.1034   53

  20   rms: 0.6447E-01   max: 0.6181E+00   D at   63  1
       a =-14.000      CL = -1.1761
      Cm = -0.0590     CD =  0.02793   =>   CDf =  0.00586    CDp =  0.02207

 Side 1  free  transition at x/c =  0.9717   61
 Side 2  free  transition at x/c =  0.1013   53

  21   rms: 0.1201E+00   max: -.1635E+01   T at   61  1   RLX: 0.306
       a =-14.000      CL = -1.1452
      Cm = -0.0647     CD =  0.02966   =>   CDf =  0.00584    CDp =  0.02382

 Side 1  free  transition at x/c =  0.9858   62
 Side 2  free  transition at x/c =  0.1024   53

  22   rms: 0.4750E-01   max: -.6097E+00   T at   62  1   RLX: 0.820
       a =-14.000      CL = -1.1181
      Cm = -0.0699     CD =  0.02740   =>   CDf =  0.00585    CDp =  0.02156

 Side 1 forced transition at x/c =  1.0001   63
 Side 2  free  transition at x/c =  0.1034   53

  23   rms: 0.6447E-01   max: 0.6180E+00   D at   63  1
       a =-14.000      CL = -1.1761
      Cm = -0.0590     CD =  0.02793   =>   CDf =  0.00586    CDp =  0.02207

 Side 1  free  transition at x/c =  0.9717   61
 Side 2  free  transition at x/c =  0.1013   53

  24   rms: 0.1201E+00   max: -.1635E+01   T at   61  1   RLX: 0.306
       a =-14.000      CL = -1.1452
      Cm = -0.0647     CD =  0.02966   =>   CDf =  0.00584    CDp =  0.02382

 Side 1  free  transition at x/c =  0.9858   62
 Side 2  free  transition at x/c =  0.1024   53

  25   rms: 0.4750E-01   max: -.6097E+00   T at   62  1   RLX: 0.820
       a =-14.000      CL = -1.1181
      Cm = -0.0699     CD =  0.02740   =>   CDf =  0.00585    CDp =  0.02156

 Side 1 forced transition at x/c =  1.0001   63
 Side 2  free  transition at x/c =  0.1034   53

  26   rms: 0.6447E-01   max: 0.6180E+00   D at   63  1
       a =-14.000      CL = -1.1761
      Cm = -0.0590     CD =  0.02793   =>   CDf =  0.00586    CDp =  0.02207

 Side 1  free  transition at x/c =  0.9717   61
 Side 2  free  transition at x/c =  0.1013   53

  27   rms: 0.1201E+00   max: -.1635E+01   T at   61  1   RLX: 0.306
       a =-14.000      CL = -1.1452
      Cm = -0.0647     CD =  0.02966   =>   CDf =  0.00584    CDp =  0.02382

 Side 1  free  transition at x/c =  0.9858   62
 Side 2  free  transition at x/c =  0.1024   53

  28   rms: 0.4750E-01   max: -.6097E+00   T at   62  1   RLX: 0.820
       a =-14.000      CL = -1.1181
      Cm = -0.0699     CD =  0.02740   =>   CDf =  0.00585    CDp =  0.02156

 Side 1 forced transition at x/c =  1.0001   63
 Side 2  free  transition at x/c =  0.1034   53

  29   rms: 0.6447E-01   max: 0.6180E+00   D at   63  1
       a =-14.000      CL = -1.1761
      Cm = -0.0590     CD =  0.02793   =>   CDf =  0.00586    CDp =  0.02207

 Side 1  free  transition at x/c =  0.9717   61
 Side 2  free  transition at x/c =  0.1013   53

  30   rms: 0.1201E+00   max: -.1635E+01   T at   61  1   RLX: 0.306
       a =-14.000      CL = -1.1452
      Cm = -0.0647     CD =  0.02966   =>   CDf =  0.00584    CDp =  0.02382

 Side 1  free  transition at x/c =  0.9858   62
 Side 2  free  transition at x/c =  0.1024   53

  31   rms: 0.4750E-01   max: -.6097E+00   T at   62  1   RLX: 0.820
       a =-14.000      CL = -1.1181
      Cm = -0.0699     CD =  0.02740   =>   CDf =  0.00585    CDp =  0.02156

 Side 1 forced transition at x/c =  1.0001   63
 Side 2  free  transition at x/c =  0.1034   53

  32   rms: 0.6447E-01   max: 0.6180E+00   D at   63  1
       a =-14.000      CL = -1.1761
      Cm = -0.0590     CD =  0.02793   =>   CDf =  0.00586    CDp =  0.02207

 Side 1  free  transition at x/c =  0.9717   61
 Side 2  free  transition at x/c =  0.1013   53

  33   rms: 0.1201E+00   max: -.1635E+01   T at   61  1   RLX: 0.306
       a =-14.000      CL = -1.1452
      Cm = -0.0647     CD =  0.02966   =>   CDf =  0.00584    CDp =  0.02382

 Side 1  free  transition at x/c =  0.9858   62
 Side 2  free  transition at x/c =  0.1024   53

  34   rms: 0.4750E-01   max: -.6097E+00   T at   62  1   RLX: 0.820
       a =-14.000      CL = -1.1181
      Cm = -0.0699     CD =  0.02740   =>   CDf =  0.00585    CDp =  0.02156

 Side 1 forced transition at x/c =  1.0001   63
 Side 2  free  transition at x/c =  0.1034   53

  35   rms: 0.6447E-01   max: 0.6180E+00   D at   63  1
       a =-14.000      CL = -1.1761
      Cm = -0.0590     CD =  0.02793   =>   CDf =  0.00586    CDp =  0.02207

 Side 1  free  transition at x/c =  0.9717   61
 Side 2  free  transition at x/c =  0.1013   53

  36   rms: 0.1201E+00   max: -.1635E+01   T at   61  1   RLX: 0.306
       a =-14.000      CL = -1.1452
      Cm = -0.0647     CD =  0.02966   =>   CDf =  0.00584    CDp =  0.02382

 Side 1  free  transition at x/c =  0.9858   62
 Side 2  free  transition at x/c =  0.1024   53

  37   rms: 0.4750E-01   max: -.6097E+00   T at   62  1   RLX: 0.820
       a =-14.000      CL = -1.1181
      Cm = -0.0699     CD =  0.02740   =>   CDf =  0.00585    CDp =  0.02156

 Side 1 forced transition at x/c =  1.0001   63
 Side 2  free  transition at x/c =  0.1034   53

  38   rms: 0.6447E-01   max: 0.6180E+00   D at   63  1
       a =-14.000      CL = -1.1761
      Cm = -0.0590     CD =  0.02793   =>   CDf =  0.00586    CDp =  0.02207

 Side 1  free  transition at x/c =  0.9717   61
 Side 2  free  transition at x/c =  0.1013   53

  39   rms: 0.1201E+00   max: -.1635E+01   T at   61  1   RLX: 0.306
       a =-14.000      CL = -1.1452
      Cm = -0.0647     CD =  0.02966   =>   CDf =  0.00584    CDp =  0.02382

 Side 1  free  transition at x/c =  0.9858   62
 Side 2  free  transition at x/c =  0.1024   53

  40   rms: 0.4750E-01   max: -.6097E+00   T at   62  1   RLX: 0.820
       a =-14.000      CL = -1.1181
      Cm = -0.0699     CD =  0.02740   =>   CDf =  0.00585    CDp =  0.02156

 Side 1 forced transition at x/c =  1.0001   63
 Side 2  free  transition at x/c =  0.1034   53

  41   rms: 0.6447E-01   max: 0.6180E+00   D at   63  1
       a =-14.000      CL = -1.1761
      Cm = -0.0590     CD =  0.02793   =>   CDf =  0.00586    CDp =  0.02207

 Side 1  free  transition at x/c =  0.9717   61
 Side 2  free  transition at x/c =  0.1013   53

  42   rms: 0.1201E+00   max: -.1635E+01   T at   61  1   RLX: 0.306
       a =-14.000      CL = -1.1452
      Cm = -0.0647     CD =  0.02966   =>   CDf =  0.00584    CDp =  0.02382

 Side 1  free  transition at x/c =  0.9858   62
 Side 2  free  transition at x/c =  0.1024   53

  43   rms: 0.4750E-01   max: -.6097E+00   T at   62  1   RLX: 0.820
       a =-14.000      CL = -1.1181
      Cm = -0.0699     CD =  0.02740   =>   CDf =  0.00585    CDp =  0.02156

 Side 1 forced transition at x/c =  1.0001   63
 Side 2  free  transition at x/c =  0.1034   53

  44   rms: 0.6447E-01   max: 0.6180E+00   D at   63  1
       a =-14.000      CL = -1.1761
      Cm = -0.0590     CD =  0.02793   =>   CDf =  0.00586    CDp =  0.02207

 Side 1  free  transition at x/c =  0.9717   61
 Side 2  free  transition at x/c =  0.1013   53

  45   rms: 0.1201E+00   max: -.1635E+01   T at   61  1   RLX: 0.306
       a =-14.000      CL = -1.1452
      Cm = -0.0647     CD =  0.02966   =>   CDf =  0.00584    CDp =  0.02382

 Side 1  free  transition at x/c =  0.9858   62
 Side 2  free  transition at x/c =  0.1024   53

  46   rms: 0.4750E-01   max: -.6097E+00   T at   62  1   RLX: 0.820
       a =-14.000      CL = -1.1181
      Cm = -0.0699     CD =  0.02740   =>   CDf =  0.00585    CDp =  0.02156

 Side 1 forced transition at x/c =  1.0001   63
 Side 2  free  transition at x/c =  0.1034   53

  47   rms: 0.6447E-01   max: 0.6180E+00   D at   63  1
       a =-14.000      CL = -1.1761
      Cm = -0.0590     CD =  0.02793   =>   CDf =  0.00586    CDp =  0.02207

 Side 1  free  transition at x/c =  0.9717   61
 Side 2  free  transition at x/c =  0.1013   53

  48   rms: 0.1201E+00   max: -.1635E+01   T at   61  1   RLX: 0.306
       a =-14.000      CL = -1.1452
      Cm = -0.0647     CD =  0.02966   =>   CDf =  0.00584    CDp =  0.02382

 Side 1  free  transition at x/c =  0.9858   62
 Side 2  free  transition at x/c =  0.1024   53

  49   rms: 0.4750E-01   max: -.6097E+00   T at   62  1   RLX: 0.820
       a =-14.000      CL = -1.1181
      Cm = -0.0699     CD =  0.02740   =>   CDf =  0.00585    CDp =  0.02156

 Side 1 forced transition at x/c =  1.0001   63
 Side 2  free  transition at x/c =  0.1034   53

  50   rms: 0.6447E-01   max: 0.6180E+00   D at   63  1
       a =-14.000      CL = -1.1761
      Cm = -0.0590     CD =  0.02793   =>   CDf =  0.00586    CDp =  0.02207

 Side 1  free  transition at x/c =  0.9717   61
 Side 2  free  transition at x/c =  0.1013   53

  51   rms: 0.1201E+00   max: -.1635E+01   T at   61  1   RLX: 0.306
       a =-14.000      CL = -1.1452
      Cm = -0.0647     CD =  0.02966   =>   CDf =  0.00584    CDp =  0.02382

 Side 1  free  transition at x/c =  0.9858   62
 Side 2  free  transition at x/c =  0.1024   53

  52   rms: 0.4750E-01   max: -.6097E+00   T at   62  1   RLX: 0.820
       a =-14.000      CL = -1.1181
      Cm = -0.0699     CD =  0.02740   =>   CDf =  0.00585    CDp =  0.02156

 Side 1 forced transition at x/c =  1.0001   63
 Side 2  free  transition at x/c =  0.1034   53

  53   rms: 0.6447E-01   max: 0.6180E+00   D at   63  1
       a =-14.000      CL = -1.1761
      Cm = -0.0590     CD =  0.02793   =>   CDf =  0.00586    CDp =  0.02207

 Side 1  free  transition at x/c =  0.9717   61
 Side 2  free  transition at x/c =  0.1013   53

  54   rms: 0.1201E+00   max: -.1635E+01   T at   61  1   RLX: 0.306
       a =-14.000      CL = -1.1452
      Cm = -0.0647     CD =  0.02966   =>   CDf =  0.00584    CDp =  0.02382

 Side 1  free  transition at x/c =  0.9858   62
 Side 2  free  transition at x/c =  0.1024   53

  55   rms: 0.4750E-01   max: -.6097E+00   T at   62  1   RLX: 0.820
       a =-14.000      CL = -1.1181
      Cm = -0.0699     CD =  0.02740   =>   CDf =  0.00585    CDp =  0.02156

 Side 1 forced transition at x/c =  1.0001   63
 Side 2  free  transition at x/c =  0.1034   53

  56   rms: 0.6447E-01   max: 0.6180E+00   D at   63  1
       a =-14.000      CL = -1.1761
      Cm = -0.0590     CD =  0.02793   =>   CDf =  0.00586    CDp =  0.02207

 Side 1  free  transition at x/c =  0.9717   61
 Side 2  free  transition at x/c =  0.1013   53

  57   rms: 0.1201E+00   max: -.1635E+01   T at   61  1   RLX: 0.306
       a =-14.000      CL = -1.1452
      Cm = -0.0647     CD =  0.02966   =>   CDf =  0.00584    CDp =  0.02382

 Side 1  free  transition at x/c =  0.9858   62
 Side 2  free  transition at x/c =  0.1024   53

  58   rms: 0.4750E-01   max: -.6097E+00   T at   62  1   RLX: 0.820
       a =-14.000      CL = -1.1181
      Cm = -0.0699     CD =  0.02740   =>   CDf =  0.00585    CDp =  0.02156

 Side 1 forced transition at x/c =  1.0001   63
 Side 2  free  transition at x/c =  0.1034   53

  59   rms: 0.6447E-01   max: 0.6180E+00   D at   63  1
       a =-14.000      CL = -1.1761
      Cm = -0.0590     CD =  0.02793   =>   CDf =  0.00586    CDp =  0.02207

 Side 1  free  transition at x/c =  0.9717   61
 Side 2  free  transition at x/c =  0.1013   53

  60   rms: 0.1201E+00   max: -.1635E+01   T at   61  1   RLX: 0.306
       a =-14.000      CL = -1.1452
      Cm = -0.0647     CD =  0.02966   =>   CDf =  0.00584    CDp =  0.02382

 Side 1  free  transition at x/c =  0.9858   62
 Side 2  free  transition at x/c =  0.1024   53

  61   rms: 0.4750E-01   max: -.6097E+00   T at   62  1   RLX: 0.820
       a =-14.000      CL = -1.1181
      Cm = -0.0699     CD =  0.02740   =>   CDf =  0.00585    CDp =  0.02156

 Side 1 forced transition at x/c =  1.0001   63
 Side 2  free  transition at x/c =  0.1034   53

  62   rms: 0.6447E-01   max: 0.6180E+00   D at   63  1
       a =-14.000      CL = -1.1761
      Cm = -0.0590     CD =  0.02793   =>   CDf =  0.00586    CDp =  0.02207

 Side 1  free  transition at x/c =  0.9717   61
 Side 2  free  transition at x/c =  0.1013   53

  63   rms: 0.1201E+00   max: -.1635E+01   T at   61  1   RLX: 0.306
       a =-14.000      CL = -1.1452
      Cm = -0.0647     CD =  0.02966   =>   CDf =  0.00584    CDp =  0.02382

 Side 1  free  transition at x/c =  0.9858   62
 Side 2  free  transition at x/c =  0.1024   53

  64   rms: 0.4750E-01   max: -.6097E+00   T at   62  1   RLX: 0.820
       a =-14.000      CL = -1.1181
      Cm = -0.0699     CD =  0.02740   =>   CDf =  0.00585    CDp =  0.02156

 Side 1 forced transition at x/c =  1.0001   63
 Side 2  free  transition at x/c =  0.1034   53

  65   rms: 0.6447E-01   max: 0.6180E+00   D at   63  1
       a =-14.000      CL = -1.1761
      Cm = -0.0590     CD =  0.02793   =>   CDf =  0.00586    CDp =  0.02207

 Side 1  free  transition at x/c =  0.9717   61
 Side 2  free  transition at x/c =  0.1013   53

  66   rms: 0.1201E+00   max: -.1635E+01   T at   61  1   RLX: 0.306
       a =-14.000      CL = -1.1452
      Cm = -0.0647     CD =  0.02966   =>   CDf =  0.00584    CDp =  0.02382

 Side 1  free  transition at x/c =  0.9858   62
 Side 2  free  transition at x/c =  0.1024   53

  67   rms: 0.4750E-01   max: -.6097E+00   T at   62  1   RLX: 0.820
       a =-14.000      CL = -1.1181
      Cm = -0.0699     CD =  0.02740   =>   CDf =  0.00585    CDp =  0.02156

 Side 1 forced transition at x/c =  1.0001   63
 Side 2  free  transition at x/c =  0.1034   53

  68   rms: 0.6447E-01   max: 0.6180E+00   D at   63  1
       a =-14.000      CL = -1.1761
      Cm = -0.0590     CD =  0.02793   =>   CDf =  0.00586    CDp =  0.02207

 Side 1  free  transition at x/c =  0.9717   61
 Side 2  free  transition at x/c =  0.1013   53

  69   rms: 0.1201E+00   max: -.1635E+01   T at   61  1   RLX: 0.306
       a =-14.000      CL = -1.1452
      Cm = -0.0647     CD =  0.02966   =>   CDf =  0.00584    CDp =  0.02382

 Side 1  free  transition at x/c =  0.9858   62
 Side 2  free  transition at x/c =  0.1024   53

  70   rms: 0.4750E-01   max: -.6097E+00   T at   62  1   RLX: 0.820
       a =-14.000      CL = -1.1181
      Cm = -0.0699     CD =  0.02740   =>   CDf =  0.00585    CDp =  0.02156

 Side 1 forced transition at x/c =  1.0001   63
 Side 2  free  transition at x/c =  0.1034   53

  71   rms: 0.6447E-01   max: 0.6180E+00   D at   63  1
       a =-14.000      CL = -1.1761
      Cm = -0.0590     CD =  0.02793   =>   CDf =  0.00586    CDp =  0.02207

 Side 1  free  transition at x/c =  0.9717   61
 Side 2  free  transition at x/c =  0.1013   53

  72   rms: 0.1201E+00   max: -.1635E+01   T at   61  1   RLX: 0.306
       a =-14.000      CL = -1.1452
      Cm = -0.0647     CD =  0.02966   =>   CDf =  0.00584    CDp =  0.02382

 Side 1  free  transition at x/c =  0.9858   62
 Side 2  free  transition at x/c =  0.1024   53

  73   rms: 0.4750E-01   max: -.6097E+00   T at   62  1   RLX: 0.820
       a =-14.000      CL = -1.1181
      Cm = -0.0699     CD =  0.02740   =>   CDf =  0.00585    CDp =  0.02156

 Side 1 forced transition at x/c =  1.0001   63
 Side 2  free  transition at x/c =  0.1034   53

  74   rms: 0.6447E-01   max: 0.6180E+00   D at   63  1
       a =-14.000      CL = -1.1761
      Cm = -0.0590     CD =  0.02793   =>   CDf =  0.00586    CDp =  0.02207

 Side 1  free  transition at x/c =  0.9717   61
 Side 2  free  transition at x/c =  0.1013   53

  75   rms: 0.1201E+00   max: -.1635E+01   T at   61  1   RLX: 0.306
       a =-14.000      CL = -1.1452
      Cm = -0.0647     CD =  0.02966   =>   CDf =  0.00584    CDp =  0.02382

 Side 1  free  transition at x/c =  0.9858   62
 Side 2  free  transition at x/c =  0.1024   53

  76   rms: 0.4750E-01   max: -.6097E+00   T at   62  1   RLX: 0.820
       a =-14.000      CL = -1.1181
      Cm = -0.0699     CD =  0.02740   =>   CDf =  0.00585    CDp =  0.02156

 Side 1 forced transition at x/c =  1.0001   63
 Side 2  free  transition at x/c =  0.1034   53

  77   rms: 0.6447E-01   max: 0.6180E+00   D at   63  1
       a =-14.000      CL = -1.1761
      Cm = -0.0590     CD =  0.02793   =>   CDf =  0.00586    CDp =  0.02207

 Side 1  free  transition at x/c =  0.9717   61
 Side 2  free  transition at x/c =  0.1013   53

  78   rms: 0.1201E+00   max: -.1635E+01   T at   61  1   RLX: 0.306
       a =-14.000      CL = -1.1452
      Cm = -0.0647     CD =  0.02966   =>   CDf =  0.00584    CDp =  0.02382

 Side 1  free  transition at x/c =  0.9858   62
 Side 2  free  transition at x/c =  0.1024   53

  79   rms: 0.4750E-01   max: -.6097E+00   T at   62  1   RLX: 0.820
       a =-14.000      CL = -1.1181
      Cm = -0.0699     CD =  0.02740   =>   CDf =  0.00585    CDp =  0.02156

 Side 1 forced transition at x/c =  1.0001   63
 Side 2  free  transition at x/c =  0.1034   53

  80   rms: 0.6447E-01   max: 0.6180E+00   D at   63  1
       a =-14.000      CL = -1.1761
      Cm = -0.0590     CD =  0.02793   =>   CDf =  0.00586    CDp =  0.02207

 Side 1  free  transition at x/c =  0.9717   61
 Side 2  free  transition at x/c =  0.1013   53

  81   rms: 0.1201E+00   max: -.1635E+01   T at   61  1   RLX: 0.306
       a =-14.000      CL = -1.1452
      Cm = -0.0647     CD =  0.02966   =>   CDf =  0.00584    CDp =  0.02382

 Side 1  free  transition at x/c =  0.9858   62
 Side 2  free  transition at x/c =  0.1024   53

  82   rms: 0.4750E-01   max: -.6097E+00   T at   62  1   RLX: 0.820
       a =-14.000      CL = -1.1181
      Cm = -0.0699     CD =  0.02740   =>   CDf =  0.00585    CDp =  0.02156

 Side 1 forced transition at x/c =  1.0001   63
 Side 2  free  transition at x/c =  0.1034   53

  83   rms: 0.6447E-01   max: 0.6180E+00   D at   63  1
       a =-14.000      CL = -1.1761
      Cm = -0.0590     CD =  0.02793   =>   CDf =  0.00586    CDp =  0.02207

 Side 1  free  transition at x/c =  0.9717   61
 Side 2  free  transition at x/c =  0.1013   53

  84   rms: 0.1201E+00   max: -.1635E+01   T at   61  1   RLX: 0.306
       a =-14.000      CL = -1.1452
      Cm = -0.0647     CD =  0.02966   =>   CDf =  0.00584    CDp =  0.02382

 Side 1  free  transition at x/c =  0.9858   62
 Side 2  free  transition at x/c =  0.1024   53

  85   rms: 0.4750E-01   max: -.6097E+00   T at   62  1   RLX: 0.820
       a =-14.000      CL = -1.1181
      Cm = -0.0699     CD =  0.02740   =>   CDf =  0.00585    CDp =  0.02156

 Side 1 forced transition at x/c =  1.0001   63
 Side 2  free  transition at x/c =  0.1034   53

  86   rms: 0.6447E-01   max: 0.6180E+00   D at   63  1
       a =-14.000      CL = -1.1761
      Cm = -0.0590     CD =  0.02793   =>   CDf =  0.00586    CDp =  0.02207

 Side 1  free  transition at x/c =  0.9717   61
 Side 2  free  transition at x/c =  0.1013   53

  87   rms: 0.1201E+00   max: -.1635E+01   T at   61  1   RLX: 0.306
       a =-14.000      CL = -1.1452
      Cm = -0.0647     CD =  0.02966   =>   CDf =  0.00584    CDp =  0.02382

 Side 1  free  transition at x/c =  0.9858   62
 Side 2  free  transition at x/c =  0.1024   53

  88   rms: 0.4750E-01   max: -.6097E+00   T at   62  1   RLX: 0.820
       a =-14.000      CL = -1.1181
      Cm = -0.0699     CD =  0.02740   =>   CDf =  0.00585    CDp =  0.02156

 Side 1 forced transition at x/c =  1.0001   63
 Side 2  free  transition at x/c =  0.1034   53

  89   rms: 0.6447E-01   max: 0.6180E+00   D at   63  1
       a =-14.000      CL = -1.1761
      Cm = -0.0590     CD =  0.02793   =>   CDf =  0.00586    CDp =  0.02207

 Side 1  free  transition at x/c =  0.9717   61
 Side 2  free  transition at x/c =  0.1013   53

  90   rms: 0.1201E+00   max: -.1635E+01   T at   61  1   RLX: 0.306
       a =-14.000      CL = -1.1452
      Cm = -0.0647     CD =  0.02966   =>   CDf =  0.00584    CDp =  0.02382

 Side 1  free  transition at x/c =  0.9858   62
 Side 2  free  transition at x/c =  0.1024   53

  91   rms: 0.4750E-01   max: -.6097E+00   T at   62  1   RLX: 0.820
       a =-14.000      CL = -1.1181
      Cm = -0.0699     CD =  0.02740   =>   CDf =  0.00585    CDp =  0.02156

 Side 1 forced transition at x/c =  1.0001   63
 Side 2  free  transition at x/c =  0.1034   53

  92   rms: 0.6447E-01   max: 0.6180E+00   D at   63  1
       a =-14.000      CL = -1.1761
      Cm = -0.0590     CD =  0.02793   =>   CDf =  0.00586    CDp =  0.02207

 Side 1  free  transition at x/c =  0.9717   61
 Side 2  free  transition at x/c =  0.1013   53

  93   rms: 0.1201E+00   max: -.1635E+01   T at   61  1   RLX: 0.306
       a =-14.000      CL = -1.1452
      Cm = -0.0647     CD =  0.02966   =>   CDf =  0.00584    CDp =  0.02382

 Side 1  free  transition at x/c =  0.9858   62
 Side 2  free  transition at x/c =  0.1024   53

  94   rms: 0.4750E-01   max: -.6097E+00   T at   62  1   RLX: 0.820
       a =-14.000      CL = -1.1181
      Cm = -0.0699     CD =  0.02740   =>   CDf =  0.00585    CDp =  0.02156

 Side 1 forced transition at x/c =  1.0001   63
 Side 2  free  transition at x/c =  0.1034   53

  95   rms: 0.6447E-01   max: 0.6180E+00   D at   63  1
       a =-14.000      CL = -1.1761
      Cm = -0.0590     CD =  0.02793   =>   CDf =  0.00586    CDp =  0.02207

 Side 1  free  transition at x/c =  0.9717   61
 Side 2  free  transition at x/c =  0.1013   53

  96   rms: 0.1201E+00   max: -.1635E+01   T at   61  1   RLX: 0.306
       a =-14.000      CL = -1.1452
      Cm = -0.0647     CD =  0.02966   =>   CDf =  0.00584    CDp =  0.02382

 Side 1  free  transition at x/c =  0.9858   62
 Side 2  free  transition at x/c =  0.1024   53

  97   rms: 0.4750E-01   max: -.6097E+00   T at   62  1   RLX: 0.820
       a =-14.000      CL = -1.1181
      Cm = -0.0699     CD =  0.02740   =>   CDf =  0.00585    CDp =  0.02156

 Side 1 forced transition at x/c =  1.0001   63
 Side 2  free  transition at x/c =  0.1034   53

  98   rms: 0.6447E-01   max: 0.6180E+00   D at   63  1
       a =-14.000      CL = -1.1761
      Cm = -0.0590     CD =  0.02793   =>   CDf =  0.00586    CDp =  0.02207

 Side 1  free  transition at x/c =  0.9717   61
 Side 2  free  transition at x/c =  0.1013   53

  99   rms: 0.1201E+00   max: -.1635E+01   T at   61  1   RLX: 0.306
       a =-14.000      CL = -1.1452
      Cm = -0.0647     CD =  0.02966   =>   CDf =  0.00584    CDp =  0.02382

 Side 1  free  transition at x/c =  0.9858   62
 Side 2  free  transition at x/c =  0.1024   53

 100   rms: 0.4750E-01   max: -.6097E+00   T at   62  1   RLX: 0.820
       a =-14.000      CL = -1.1181
      Cm = -0.0699     CD =  0.02740   =>   CDf =  0.00585    CDp =  0.02156

 Side 1 forced transition at x/c =  1.0001   63
 Side 2  free  transition at x/c =  0.1034   53

 101   rms: 0.6447E-01   max: 0.6180E+00   D at   63  1
       a =-14.000      CL = -1.1761
      Cm = -0.0590     CD =  0.02793   =>   CDf =  0.00586    CDp =  0.02207

 Side 1  free  transition at x/c =  0.9717   61
 Side 2  free  transition at x/c =  0.1013   53

 102   rms: 0.1201E+00   max: -.1635E+01   T at   61  1   RLX: 0.306
       a =-14.000      CL = -1.1452
      Cm = -0.0647     CD =  0.02966   =>   CDf =  0.00584    CDp =  0.02382

 Side 1  free  transition at x/c =  0.9858   62
 Side 2  free  transition at x/c =  0.1024   53

 103   rms: 0.4750E-01   max: -.6097E+00   T at   62  1   RLX: 0.820
       a =-14.000      CL = -1.1181
      Cm = -0.0699     CD =  0.02740   =>   CDf =  0.00585    CDp =  0.02156

 Side 1 forced transition at x/c =  1.0001   63
 Side 2  free  transition at x/c =  0.1034   53

 104   rms: 0.6447E-01   max: 0.6180E+00   D at   63  1
       a =-14.000      CL = -1.1761
      Cm = -0.0590     CD =  0.02793   =>   CDf =  0.00586    CDp =  0.02207

 Side 1  free  transition at x/c =  0.9717   61
 Side 2  free  transition at x/c =  0.1013   53

 105   rms: 0.1201E+00   max: -.1635E+01   T at   61  1   RLX: 0.306
       a =-14.000      CL = -1.1452
      Cm = -0.0647     CD =  0.02966   =>   CDf =  0.00584    CDp =  0.02382

 Side 1  free  transition at x/c =  0.9858   62
 Side 2  free  transition at x/c =  0.1024   53

 106   rms: 0.4750E-01   max: -.6097E+00   T at   62  1   RLX: 0.820
       a =-14.000      CL = -1.1181
      Cm = -0.0699     CD =  0.02740   =>   CDf =  0.00585    CDp =  0.02156

 Side 1 forced transition at x/c =  1.0001   63
 Side 2  free  transition at x/c =  0.1034   53

 107   rms: 0.6447E-01   max: 0.6180E+00   D at   63  1
       a =-14.000      CL = -1.1761
      Cm = -0.0590     CD =  0.02793   =>   CDf =  0.00586    CDp =  0.02207

 Side 1  free  transition at x/c =  0.9717   61
 Side 2  free  transition at x/c =  0.1013   53

 108   rms: 0.1201E+00   max: -.1635E+01   T at   61  1   RLX: 0.306
       a =-14.000      CL = -1.1452
      Cm = -0.0647     CD =  0.02966   =>   CDf =  0.00584    CDp =  0.02382

 Side 1  free  transition at x/c =  0.9858   62
 Side 2  free  transition at x/c =  0.1024   53

 109   rms: 0.4750E-01   max: -.6097E+00   T at   62  1   RLX: 0.820
       a =-14.000      CL = -1.1181
      Cm = -0.0699     CD =  0.02740   =>   CDf =  0.00585    CDp =  0.02156

 Side 1 forced transition at x/c =  1.0001   63
 Side 2  free  transition at x/c =  0.1034   53

 110   rms: 0.6447E-01   max: 0.6180E+00   D at   63  1
       a =-14.000      CL = -1.1761
      Cm = -0.0590     CD =  0.02793   =>   CDf =  0.00586    CDp =  0.02207

 Side 1  free  transition at x/c =  0.9717   61
 Side 2  free  transition at x/c =  0.1013   53

 111   rms: 0.1201E+00   max: -.1635E+01   T at   61  1   RLX: 0.306
       a =-14.000      CL = -1.1452
      Cm = -0.0647     CD =  0.02966   =>   CDf =  0.00584    CDp =  0.02382

 Side 1  free  transition at x/c =  0.9858   62
 Side 2  free  transition at x/c =  0.1024   53

 112   rms: 0.4750E-01   max: -.6097E+00   T at   62  1   RLX: 0.820
       a =-14.000      CL = -1.1181
      Cm = -0.0699     CD =  0.02740   =>   CDf =  0.00585    CDp =  0.02156

 Side 1 forced transition at x/c =  1.0001   63
 Side 2  free  transition at x/c =  0.1034   53

 113   rms: 0.6447E-01   max: 0.6180E+00   D at   63  1
       a =-14.000      CL = -1.1761
      Cm = -0.0590     CD =  0.02793   =>   CDf =  0.00586    CDp =  0.02207

 Side 1  free  transition at x/c =  0.9717   61
 Side 2  free  transition at x/c =  0.1013   53

 114   rms: 0.1201E+00   max: -.1635E+01   T at   61  1   RLX: 0.306
       a =-14.000      CL = -1.1452
      Cm = -0.0647     CD =  0.02966   =>   CDf =  0.00584    CDp =  0.02382

 Side 1  free  transition at x/c =  0.9858   62
 Side 2  free  transition at x/c =  0.1024   53

 115   rms: 0.4750E-01   max: -.6097E+00   T at   62  1   RLX: 0.820
       a =-14.000      CL = -1.1181
      Cm = -0.0699     CD =  0.02740   =>   CDf =  0.00585    CDp =  0.02156

 Side 1 forced transition at x/c =  1.0001   63
 Side 2  free  transition at x/c =  0.1034   53

 116   rms: 0.6447E-01   max: 0.6180E+00   D at   63  1
       a =-14.000      CL = -1.1761
      Cm = -0.0590     CD =  0.02793   =>   CDf =  0.00586    CDp =  0.02207

 Side 1  free  transition at x/c =  0.9717   61
 Side 2  free  transition at x/c =  0.1013   53

 117   rms: 0.1201E+00   max: -.1635E+01   T at   61  1   RLX: 0.306
       a =-14.000      CL = -1.1452
      Cm = -0.0647     CD =  0.02966   =>   CDf =  0.00584    CDp =  0.02382

 Side 1  free  transition at x/c =  0.9858   62
 Side 2  free  transition at x/c =  0.1024   53

 118   rms: 0.4750E-01   max: -.6097E+00   T at   62  1   RLX: 0.820
       a =-14.000      CL = -1.1181
      Cm = -0.0699     CD =  0.02740   =>   CDf =  0.00585    CDp =  0.02156

 Side 1 forced transition at x/c =  1.0001   63
 Side 2  free  transition at x/c =  0.1034   53

 119   rms: 0.6447E-01   max: 0.6180E+00   D at   63  1
       a =-14.000      CL = -1.1761
      Cm = -0.0590     CD =  0.02793   =>   CDf =  0.00586    CDp =  0.02207

 Side 1  free  transition at x/c =  0.9717   61
 Side 2  free  transition at x/c =  0.1013   53

 120   rms: 0.1201E+00   max: -.1635E+01   T at   61  1   RLX: 0.306
       a =-14.000      CL = -1.1452
      Cm = -0.0647     CD =  0.02966   =>   CDf =  0.00584    CDp =  0.02382

 Side 1  free  transition at x/c =  0.9858   62
 Side 2  free  transition at x/c =  0.1024   53

 121   rms: 0.4750E-01   max: -.6097E+00   T at   62  1   RLX: 0.820
       a =-14.000      CL = -1.1181
      Cm = -0.0699     CD =  0.02740   =>   CDf =  0.00585    CDp =  0.02156

 Side 1 forced transition at x/c =  1.0001   63
 Side 2  free  transition at x/c =  0.1034   53

 122   rms: 0.6447E-01   max: 0.6180E+00   D at   63  1
       a =-14.000      CL = -1.1761
      Cm = -0.0590     CD =  0.02793   =>   CDf =  0.00586    CDp =  0.02207

 Side 1  free  transition at x/c =  0.9717   61
 Side 2  free  transition at x/c =  0.1013   53

 123   rms: 0.1201E+00   max: -.1635E+01   T at   61  1   RLX: 0.306
       a =-14.000      CL = -1.1452
      Cm = -0.0647     CD =  0.02966   =>   CDf =  0.00584    CDp =  0.02382

 Side 1  free  transition at x/c =  0.9858   62
 Side 2  free  transition at x/c =  0.1024   53

 124   rms: 0.4750E-01   max: -.6097E+00   T at   62  1   RLX: 0.820
       a =-14.000      CL = -1.1181
      Cm = -0.0699     CD =  0.02740   =>   CDf =  0.00585    CDp =  0.02156

 Side 1 forced transition at x/c =  1.0001   63
 Side 2  free  transition at x/c =  0.1034   53

 125   rms: 0.6447E-01   max: 0.6180E+00   D at   63  1
       a =-14.000      CL = -1.1761
      Cm = -0.0590     CD =  0.02793   =>   CDf =  0.00586    CDp =  0.02207

 Side 1  free  transition at x/c =  0.9717   61
 Side 2  free  transition at x/c =  0.1013   53

 126   rms: 0.1201E+00   max: -.1635E+01   T at   61  1   RLX: 0.306
       a =-14.000      CL = -1.1452
      Cm = -0.0647     CD =  0.02966   =>   CDf =  0.00584    CDp =  0.02382

 Side 1  free  transition at x/c =  0.9858   62
 Side 2  free  transition at x/c =  0.1024   53

 127   rms: 0.4750E-01   max: -.6097E+00   T at   62  1   RLX: 0.820
       a =-14.000      CL = -1.1181
      Cm = -0.0699     CD =  0.02740   =>   CDf =  0.00585    CDp =  0.02156

 Side 1 forced transition at x/c =  1.0001   63
 Side 2  free  transition at x/c =  0.1034   53

 128   rms: 0.6447E-01   max: 0.6180E+00   D at   63  1
       a =-14.000      CL = -1.1761
      Cm = -0.0590     CD =  0.02793   =>   CDf =  0.00586    CDp =  0.02207

 Side 1  free  transition at x/c =  0.9717   61
 Side 2  free  transition at x/c =  0.1013   53

 129   rms: 0.1201E+00   max: -.1635E+01   T at   61  1   RLX: 0.306
       a =-14.000      CL = -1.1452
      Cm = -0.0647     CD =  0.02966   =>   CDf =  0.00584    CDp =  0.02382

 Side 1  free  transition at x/c =  0.9858   62
 Side 2  free  transition at x/c =  0.1024   53

 130   rms: 0.4750E-01   max: -.6097E+00   T at   62  1   RLX: 0.820
       a =-14.000      CL = -1.1181
      Cm = -0.0699     CD =  0.02740   =>   CDf =  0.00585    CDp =  0.02156

 Side 1 forced transition at x/c =  1.0001   63
 Side 2  free  transition at x/c =  0.1034   53

 131   rms: 0.6447E-01   max: 0.6180E+00   D at   63  1
       a =-14.000      CL = -1.1761
      Cm = -0.0590     CD =  0.02793   =>   CDf =  0.00586    CDp =  0.02207

 Side 1  free  transition at x/c =  0.9717   61
 Side 2  free  transition at x/c =  0.1013   53

 132   rms: 0.1201E+00   max: -.1635E+01   T at   61  1   RLX: 0.306
       a =-14.000      CL = -1.1452
      Cm = -0.0647     CD =  0.02966   =>   CDf =  0.00584    CDp =  0.02382

 Side 1  free  transition at x/c =  0.9858   62
 Side 2  free  transition at x/c =  0.1024   53

 133   rms: 0.4750E-01   max: -.6097E+00   T at   62  1   RLX: 0.820
       a =-14.000      CL = -1.1181
      Cm = -0.0699     CD =  0.02740   =>   CDf =  0.00585    CDp =  0.02156

 Side 1 forced transition at x/c =  1.0001   63
 Side 2  free  transition at x/c =  0.1034   53

 134   rms: 0.6447E-01   max: 0.6180E+00   D at   63  1
       a =-14.000      CL = -1.1761
      Cm = -0.0590     CD =  0.02793   =>   CDf =  0.00586    CDp =  0.02207

 Side 1  free  transition at x/c =  0.9717   61
 Side 2  free  transition at x/c =  0.1013   53

 135   rms: 0.1201E+00   max: -.1635E+01   T at   61  1   RLX: 0.306
       a =-14.000      CL = -1.1452
      Cm = -0.0647     CD =  0.02966   =>   CDf =  0.00584    CDp =  0.02382

 Side 1  free  transition at x/c =  0.9858   62
 Side 2  free  transition at x/c =  0.1024   53

 136   rms: 0.4750E-01   max: -.6097E+00   T at   62  1   RLX: 0.820
       a =-14.000      CL = -1.1181
      Cm = -0.0699     CD =  0.02740   =>   CDf =  0.00585    CDp =  0.02156

 Side 1 forced transition at x/c =  1.0001   63
 Side 2  free  transition at x/c =  0.1034   53

 137   rms: 0.6447E-01   max: 0.6180E+00   D at   63  1
       a =-14.000      CL = -1.1761
      Cm = -0.0590     CD =  0.02793   =>   CDf =  0.00586    CDp =  0.02207

 Side 1  free  transition at x/c =  0.9717   61
 Side 2  free  transition at x/c =  0.1013   53

 138   rms: 0.1201E+00   max: -.1635E+01   T at   61  1   RLX: 0.306
       a =-14.000      CL = -1.1452
      Cm = -0.0647     CD =  0.02966   =>   CDf =  0.00584    CDp =  0.02382

 Side 1  free  transition at x/c =  0.9858   62
 Side 2  free  transition at x/c =  0.1024   53

 139   rms: 0.4750E-01   max: -.6097E+00   T at   62  1   RLX: 0.820
       a =-14.000      CL = -1.1181
      Cm = -0.0699     CD =  0.02740   =>   CDf =  0.00585    CDp =  0.02156

 Side 1 forced transition at x/c =  1.0001   63
 Side 2  free  transition at x/c =  0.1034   53

 140   rms: 0.6447E-01   max: 0.6180E+00   D at   63  1
       a =-14.000      CL = -1.1761
      Cm = -0.0590     CD =  0.02793   =>   CDf =  0.00586    CDp =  0.02207

 Side 1  free  transition at x/c =  0.9717   61
 Side 2  free  transition at x/c =  0.1013   53

 141   rms: 0.1201E+00   max: -.1635E+01   T at   61  1   RLX: 0.306
       a =-14.000      CL = -1.1452
      Cm = -0.0647     CD =  0.02966   =>   CDf =  0.00584    CDp =  0.02382

 Side 1  free  transition at x/c =  0.9858   62
 Side 2  free  transition at x/c =  0.1024   53

 142   rms: 0.4750E-01   max: -.6097E+00   T at   62  1   RLX: 0.820
       a =-14.000      CL = -1.1181
      Cm = -0.0699     CD =  0.02740   =>   CDf =  0.00585    CDp =  0.02156

 Side 1 forced transition at x/c =  1.0001   63
 Side 2  free  transition at x/c =  0.1034   53

 143   rms: 0.6447E-01   max: 0.6180E+00   D at   63  1
       a =-14.000      CL = -1.1761
      Cm = -0.0590     CD =  0.02793   =>   CDf =  0.00586    CDp =  0.02207

 Side 1  free  transition at x/c =  0.9717   61
 Side 2  free  transition at x/c =  0.1013   53

 144   rms: 0.1201E+00   max: -.1635E+01   T at   61  1   RLX: 0.306
       a =-14.000      CL = -1.1452
      Cm = -0.0647     CD =  0.02966   =>   CDf =  0.00584    CDp =  0.02382

 Side 1  free  transition at x/c =  0.9858   62
 Side 2  free  transition at x/c =  0.1024   53

 145   rms: 0.4750E-01   max: -.6097E+00   T at   62  1   RLX: 0.820
       a =-14.000      CL = -1.1181
      Cm = -0.0699     CD =  0.02740   =>   CDf =  0.00585    CDp =  0.02156

 Side 1 forced transition at x/c =  1.0001   63
 Side 2  free  transition at x/c =  0.1034   53

 146   rms: 0.6447E-01   max: 0.6180E+00   D at   63  1
       a =-14.000      CL = -1.1761
      Cm = -0.0590     CD =  0.02793   =>   CDf =  0.00586    CDp =  0.02207

 Side 1  free  transition at x/c =  0.9717   61
 Side 2  free  transition at x/c =  0.1013   53

 147   rms: 0.1201E+00   max: -.1635E+01   T at   61  1   RLX: 0.306
       a =-14.000      CL = -1.1452
      Cm = -0.0647     CD =  0.02966   =>   CDf =  0.00584    CDp =  0.02382

 Side 1  free  transition at x/c =  0.9858   62
 Side 2  free  transition at x/c =  0.1024   53

 148   rms: 0.4750E-01   max: -.6097E+00   T at   62  1   RLX: 0.820
       a =-14.000      CL = -1.1181
      Cm = -0.0699     CD =  0.02740   =>   CDf =  0.00585    CDp =  0.02156

 Side 1 forced transition at x/c =  1.0001   63
 Side 2  free  transition at x/c =  0.1034   53

 149   rms: 0.6447E-01   max: 0.6180E+00   D at   63  1
       a =-14.000      CL = -1.1761
      Cm = -0.0590     CD =  0.02793   =>   CDf =  0.00586    CDp =  0.02207

 Side 1  free  transition at x/c =  0.9717   61
 Side 2  free  transition at x/c =  0.1013   53

 150   rms: 0.1201E+00   max: -.1635E+01   T at   61  1   RLX: 0.306
       a =-14.000      CL = -1.1452
      Cm = -0.0647     CD =  0.02966   =>   CDf =  0.00584    CDp =  0.02382

 Side 1  free  transition at x/c =  0.9858   62
 Side 2  free  transition at x/c =  0.1024   53

 151   rms: 0.4750E-01   max: -.6097E+00   T at   62  1   RLX: 0.820
       a =-14.000      CL = -1.1181
      Cm = -0.0699     CD =  0.02740   =>   CDf =  0.00585    CDp =  0.02156

 Side 1 forced transition at x/c =  1.0001   63
 Side 2  free  transition at x/c =  0.1034   53

 152   rms: 0.6447E-01   max: 0.6180E+00   D at   63  1
       a =-14.000      CL = -1.1761
      Cm = -0.0590     CD =  0.02793   =>   CDf =  0.00586    CDp =  0.02207

 Side 1  free  transition at x/c =  0.9717   61
 Side 2  free  transition at x/c =  0.1013   53

 153   rms: 0.1201E+00   max: -.1635E+01   T at   61  1   RLX: 0.306
       a =-14.000      CL = -1.1452
      Cm = -0.0647     CD =  0.02966   =>   CDf =  0.00584    CDp =  0.02382

 Side 1  free  transition at x/c =  0.9858   62
 Side 2  free  transition at x/c =  0.1024   53

 154   rms: 0.4750E-01   max: -.6097E+00   T at   62  1   RLX: 0.820
       a =-14.000      CL = -1.1181
      Cm = -0.0699     CD =  0.02740   =>   CDf =  0.00585    CDp =  0.02156

 Side 1 forced transition at x/c =  1.0001   63
 Side 2  free  transition at x/c =  0.1034   53

 155   rms: 0.6447E-01   max: 0.6180E+00   D at   63  1
       a =-14.000      CL = -1.1761
      Cm = -0.0590     CD =  0.02793   =>   CDf =  0.00586    CDp =  0.02207

 Side 1  free  transition at x/c =  0.9717   61
 Side 2  free  transition at x/c =  0.1013   53

 156   rms: 0.1201E+00   max: -.1635E+01   T at   61  1   RLX: 0.306
       a =-14.000      CL = -1.1452
      Cm = -0.0647     CD =  0.02966   =>   CDf =  0.00584    CDp =  0.02382

 Side 1  free  transition at x/c =  0.9858   62
 Side 2  free  transition at x/c =  0.1024   53

 157   rms: 0.4750E-01   max: -.6097E+00   T at   62  1   RLX: 0.820
       a =-14.000      CL = -1.1181
      Cm = -0.0699     CD =  0.02740   =>   CDf =  0.00585    CDp =  0.02156

 Side 1 forced transition at x/c =  1.0001   63
 Side 2  free  transition at x/c =  0.1034   53

 158   rms: 0.6447E-01   max: 0.6180E+00   D at   63  1
       a =-14.000      CL = -1.1761
      Cm = -0.0590     CD =  0.02793   =>   CDf =  0.00586    CDp =  0.02207

 Side 1  free  transition at x/c =  0.9717   61
 Side 2  free  transition at x/c =  0.1013   53

 159   rms: 0.1201E+00   max: -.1635E+01   T at   61  1   RLX: 0.306
       a =-14.000      CL = -1.1452
      Cm = -0.0647     CD =  0.02966   =>   CDf =  0.00584    CDp =  0.02382

 Side 1  free  transition at x/c =  0.9858   62
 Side 2  free  transition at x/c =  0.1024   53

 160   rms: 0.4750E-01   max: -.6097E+00   T at   62  1   RLX: 0.820
       a =-14.000      CL = -1.1181
      Cm = -0.0699     CD =  0.02740   =>   CDf =  0.00585    CDp =  0.02156

 Side 1 forced transition at x/c =  1.0001   63
 Side 2  free  transition at x/c =  0.1034   53

 161   rms: 0.6447E-01   max: 0.6180E+00   D at   63  1
       a =-14.000      CL = -1.1761
      Cm = -0.0590     CD =  0.02793   =>   CDf =  0.00586    CDp =  0.02207

 Side 1  free  transition at x/c =  0.9717   61
 Side 2  free  transition at x/c =  0.1013   53

 162   rms: 0.1201E+00   max: -.1635E+01   T at   61  1   RLX: 0.306
       a =-14.000      CL = -1.1452
      Cm = -0.0647     CD =  0.02966   =>   CDf =  0.00584    CDp =  0.02382

 Side 1  free  transition at x/c =  0.9858   62
 Side 2  free  transition at x/c =  0.1024   53

 163   rms: 0.4750E-01   max: -.6097E+00   T at   62  1   RLX: 0.820
       a =-14.000      CL = -1.1181
      Cm = -0.0699     CD =  0.02740   =>   CDf =  0.00585    CDp =  0.02156

 Side 1 forced transition at x/c =  1.0001   63
 Side 2  free  transition at x/c =  0.1034   53

 164   rms: 0.6447E-01   max: 0.6180E+00   D at   63  1
       a =-14.000      CL = -1.1761
      Cm = -0.0590     CD =  0.02793   =>   CDf =  0.00586    CDp =  0.02207

 Side 1  free  transition at x/c =  0.9717   61
 Side 2  free  transition at x/c =  0.1013   53

 165   rms: 0.1201E+00   max: -.1635E+01   T at   61  1   RLX: 0.306
       a =-14.000      CL = -1.1452
      Cm = -0.0647     CD =  0.02966   =>   CDf =  0.00584    CDp =  0.02382

 Side 1  free  transition at x/c =  0.9858   62
 Side 2  free  transition at x/c =  0.1024   53

 166   rms: 0.4750E-01   max: -.6097E+00   T at   62  1   RLX: 0.820
       a =-14.000      CL = -1.1181
      Cm = -0.0699     CD =  0.02740   =>   CDf =  0.00585    CDp =  0.02156

 Side 1 forced transition at x/c =  1.0001   63
 Side 2  free  transition at x/c =  0.1034   53

 167   rms: 0.6447E-01   max: 0.6180E+00   D at   63  1
       a =-14.000      CL = -1.1761
      Cm = -0.0590     CD =  0.02793   =>   CDf =  0.00586    CDp =  0.02207

 Side 1  free  transition at x/c =  0.9717   61
 Side 2  free  transition at x/c =  0.1013   53

 168   rms: 0.1201E+00   max: -.1635E+01   T at   61  1   RLX: 0.306
       a =-14.000      CL = -1.1452
      Cm = -0.0647     CD =  0.02966   =>   CDf =  0.00584    CDp =  0.02382

 Side 1  free  transition at x/c =  0.9858   62
 Side 2  free  transition at x/c =  0.1024   53

 169   rms: 0.4750E-01   max: -.6097E+00   T at   62  1   RLX: 0.820
       a =-14.000      CL = -1.1181
      Cm = -0.0699     CD =  0.02740   =>   CDf =  0.00585    CDp =  0.02156

 Side 1 forced transition at x/c =  1.0001   63
 Side 2  free  transition at x/c =  0.1034   53

 170   rms: 0.6447E-01   max: 0.6180E+00   D at   63  1
       a =-14.000      CL = -1.1761
      Cm = -0.0590     CD =  0.02793   =>   CDf =  0.00586    CDp =  0.02207

 Side 1  free  transition at x/c =  0.9717   61
 Side 2  free  transition at x/c =  0.1013   53

 171   rms: 0.1201E+00   max: -.1635E+01   T at   61  1   RLX: 0.306
       a =-14.000      CL = -1.1452
      Cm = -0.0647     CD =  0.02966   =>   CDf =  0.00584    CDp =  0.02382

 Side 1  free  transition at x/c =  0.9858   62
 Side 2  free  transition at x/c =  0.1024   53

 172   rms: 0.4750E-01   max: -.6097E+00   T at   62  1   RLX: 0.820
       a =-14.000      CL = -1.1181
      Cm = -0.0699     CD =  0.02740   =>   CDf =  0.00585    CDp =  0.02156

 Side 1 forced transition at x/c =  1.0001   63
 Side 2  free  transition at x/c =  0.1034   53

 173   rms: 0.6447E-01   max: 0.6180E+00   D at   63  1
       a =-14.000      CL = -1.1761
      Cm = -0.0590     CD =  0.02793   =>   CDf =  0.00586    CDp =  0.02207

 Side 1  free  transition at x/c =  0.9717   61
 Side 2  free  transition at x/c =  0.1013   53

 174   rms: 0.1201E+00   max: -.1635E+01   T at   61  1   RLX: 0.306
       a =-14.000      CL = -1.1452
      Cm = -0.0647     CD =  0.02966   =>   CDf =  0.00584    CDp =  0.02382

 Side 1  free  transition at x/c =  0.9858   62
 Side 2  free  transition at x/c =  0.1024   53

 175   rms: 0.4750E-01   max: -.6097E+00   T at   62  1   RLX: 0.820
       a =-14.000      CL = -1.1181
      Cm = -0.0699     CD =  0.02740   =>   CDf =  0.00585    CDp =  0.02156

 Side 1 forced transition at x/c =  1.0001   63
 Side 2  free  transition at x/c =  0.1034   53

 176   rms: 0.6447E-01   max: 0.6180E+00   D at   63  1
       a =-14.000      CL = -1.1761
      Cm = -0.0590     CD =  0.02793   =>   CDf =  0.00586    CDp =  0.02207

 Side 1  free  transition at x/c =  0.9717   61
 Side 2  free  transition at x/c =  0.1013   53

 177   rms: 0.1201E+00   max: -.1635E+01   T at   61  1   RLX: 0.306
       a =-14.000      CL = -1.1452
      Cm = -0.0647     CD =  0.02966   =>   CDf =  0.00584    CDp =  0.02382

 Side 1  free  transition at x/c =  0.9858   62
 Side 2  free  transition at x/c =  0.1024   53

 178   rms: 0.4750E-01   max: -.6097E+00   T at   62  1   RLX: 0.820
       a =-14.000      CL = -1.1181
      Cm = -0.0699     CD =  0.02740   =>   CDf =  0.00585    CDp =  0.02156

 Side 1 forced transition at x/c =  1.0001   63
 Side 2  free  transition at x/c =  0.1034   53

 179   rms: 0.6447E-01   max: 0.6180E+00   D at   63  1
       a =-14.000      CL = -1.1761
      Cm = -0.0590     CD =  0.02793   =>   CDf =  0.00586    CDp =  0.02207

 Side 1  free  transition at x/c =  0.9717   61
 Side 2  free  transition at x/c =  0.1013   53

 180   rms: 0.1201E+00   max: -.1635E+01   T at   61  1   RLX: 0.306
       a =-14.000      CL = -1.1452
      Cm = -0.0647     CD =  0.02966   =>   CDf =  0.00584    CDp =  0.02382

 Side 1  free  transition at x/c =  0.9858   62
 Side 2  free  transition at x/c =  0.1024   53

 181   rms: 0.4750E-01   max: -.6097E+00   T at   62  1   RLX: 0.820
       a =-14.000      CL = -1.1181
      Cm = -0.0699     CD =  0.02740   =>   CDf =  0.00585    CDp =  0.02156

 Side 1 forced transition at x/c =  1.0001   63
 Side 2  free  transition at x/c =  0.1034   53

 182   rms: 0.6447E-01   max: 0.6180E+00   D at   63  1
       a =-14.000      CL = -1.1761
      Cm = -0.0590     CD =  0.02793   =>   CDf =  0.00586    CDp =  0.02207

 Side 1  free  transition at x/c =  0.9717   61
 Side 2  free  transition at x/c =  0.1013   53

 183   rms: 0.1201E+00   max: -.1635E+01   T at   61  1   RLX: 0.306
       a =-14.000      CL = -1.1452
      Cm = -0.0647     CD =  0.02966   =>   CDf =  0.00584    CDp =  0.02382

 Side 1  free  transition at x/c =  0.9858   62
 Side 2  free  transition at x/c =  0.1024   53

 184   rms: 0.4750E-01   max: -.6097E+00   T at   62  1   RLX: 0.820
       a =-14.000      CL = -1.1181
      Cm = -0.0699     CD =  0.02740   =>   CDf =  0.00585    CDp =  0.02156

 Side 1 forced transition at x/c =  1.0001   63
 Side 2  free  transition at x/c =  0.1034   53

 185   rms: 0.6447E-01   max: 0.6180E+00   D at   63  1
       a =-14.000      CL = -1.1761
      Cm = -0.0590     CD =  0.02793   =>   CDf =  0.00586    CDp =  0.02207

 Side 1  free  transition at x/c =  0.9717   61
 Side 2  free  transition at x/c =  0.1013   53

 186   rms: 0.1201E+00   max: -.1635E+01   T at   61  1   RLX: 0.306
       a =-14.000      CL = -1.1452
      Cm = -0.0647     CD =  0.02966   =>   CDf =  0.00584    CDp =  0.02382

 Side 1  free  transition at x/c =  0.9858   62
 Side 2  free  transition at x/c =  0.1024   53

 187   rms: 0.4750E-01   max: -.6097E+00   T at   62  1   RLX: 0.820
       a =-14.000      CL = -1.1181
      Cm = -0.0699     CD =  0.02740   =>   CDf =  0.00585    CDp =  0.02156

 Side 1 forced transition at x/c =  1.0001   63
 Side 2  free  transition at x/c =  0.1034   53

 188   rms: 0.6447E-01   max: 0.6180E+00   D at   63  1
       a =-14.000      CL = -1.1761
      Cm = -0.0590     CD =  0.02793   =>   CDf =  0.00586    CDp =  0.02207

 Side 1  free  transition at x/c =  0.9717   61
 Side 2  free  transition at x/c =  0.1013   53

 189   rms: 0.1201E+00   max: -.1635E+01   T at   61  1   RLX: 0.306
       a =-14.000      CL = -1.1452
      Cm = -0.0647     CD =  0.02966   =>   CDf =  0.00584    CDp =  0.02382

 Side 1  free  transition at x/c =  0.9858   62
 Side 2  free  transition at x/c =  0.1024   53

 190   rms: 0.4750E-01   max: -.6097E+00   T at   62  1   RLX: 0.820
       a =-14.000      CL = -1.1181
      Cm = -0.0699     CD =  0.02740   =>   CDf =  0.00585    CDp =  0.02156

 Side 1 forced transition at x/c =  1.0001   63
 Side 2  free  transition at x/c =  0.1034   53

 191   rms: 0.6447E-01   max: 0.6180E+00   D at   63  1
       a =-14.000      CL = -1.1761
      Cm = -0.0590     CD =  0.02793   =>   CDf =  0.00586    CDp =  0.02207

 Side 1  free  transition at x/c =  0.9717   61
 Side 2  free  transition at x/c =  0.1013   53

 192   rms: 0.1201E+00   max: -.1635E+01   T at   61  1   RLX: 0.306
       a =-14.000      CL = -1.1452
      Cm = -0.0647     CD =  0.02966   =>   CDf =  0.00584    CDp =  0.02382

 Side 1  free  transition at x/c =  0.9858   62
 Side 2  free  transition at x/c =  0.1024   53

 193   rms: 0.4750E-01   max: -.6097E+00   T at   62  1   RLX: 0.820
       a =-14.000      CL = -1.1181
      Cm = -0.0699     CD =  0.02740   =>   CDf =  0.00585    CDp =  0.02156

 Side 1 forced transition at x/c =  1.0001   63
 Side 2  free  transition at x/c =  0.1034   53

 194   rms: 0.6447E-01   max: 0.6180E+00   D at   63  1
       a =-14.000      CL = -1.1761
      Cm = -0.0590     CD =  0.02793   =>   CDf =  0.00586    CDp =  0.02207

 Side 1  free  transition at x/c =  0.9717   61
 Side 2  free  transition at x/c =  0.1013   53

 195   rms: 0.1201E+00   max: -.1635E+01   T at   61  1   RLX: 0.306
       a =-14.000      CL = -1.1452
      Cm = -0.0647     CD =  0.02966   =>   CDf =  0.00584    CDp =  0.02382

 Side 1  free  transition at x/c =  0.9858   62
 Side 2  free  transition at x/c =  0.1024   53

 196   rms: 0.4750E-01   max: -.6097E+00   T at   62  1   RLX: 0.820
       a =-14.000      CL = -1.1181
      Cm = -0.0699     CD =  0.02740   =>   CDf =  0.00585    CDp =  0.02156

 Side 1 forced transition at x/c =  1.0001   63
 Side 2  free  transition at x/c =  0.1034   53

 197   rms: 0.6447E-01   max: 0.6180E+00   D at   63  1
       a =-14.000      CL = -1.1761
      Cm = -0.0590     CD =  0.02793   =>   CDf =  0.00586    CDp =  0.02207

 Side 1  free  transition at x/c =  0.9717   61
 Side 2  free  transition at x/c =  0.1013   53

 198   rms: 0.1201E+00   max: -.1635E+01   T at   61  1   RLX: 0.306
       a =-14.000      CL = -1.1452
      Cm = -0.0647     CD =  0.02966   =>   CDf =  0.00584    CDp =  0.02382

 Side 1  free  transition at x/c =  0.9858   62
 Side 2  free  transition at x/c =  0.1024   53

 199   rms: 0.4750E-01   max: -.6097E+00   T at   62  1   RLX: 0.820
       a =-14.000      CL = -1.1181
      Cm = -0.0699     CD =  0.02740   =>   CDf =  0.00585    CDp =  0.02156

 Side 1 forced transition at x/c =  1.0001   63
 Side 2  free  transition at x/c =  0.1034   53

 200   rms: 0.6447E-01   max: 0.6180E+00   D at   63  1
       a =-14.000      CL = -1.1761
      Cm = -0.0590     CD =  0.02793   =>   CDf =  0.00586    CDp =  0.02207

 Side 1  free  transition at x/c =  0.9717   61
 Side 2  free  transition at x/c =  0.1013   53

 201   rms: 0.1201E+00   max: -.1635E+01   T at   61  1   RLX: 0.306
       a =-14.000      CL = -1.1452
      Cm = -0.0647     CD =  0.02966   =>   CDf =  0.00584    CDp =  0.02382

 Side 1  free  transition at x/c =  0.9858   62
 Side 2  free  transition at x/c =  0.1024   53

 202   rms: 0.4750E-01   max: -.6097E+00   T at   62  1   RLX: 0.820
       a =-14.000      CL = -1.1181
      Cm = -0.0699     CD =  0.02740   =>   CDf =  0.00585    CDp =  0.02156

 Side 1 forced transition at x/c =  1.0001   63
 Side 2  free  transition at x/c =  0.1034   53

 203   rms: 0.6447E-01   max: 0.6180E+00   D at   63  1
       a =-14.000      CL = -1.1761
      Cm = -0.0590     CD =  0.02793   =>   CDf =  0.00586    CDp =  0.02207

 Side 1  free  transition at x/c =  0.9717   61
 Side 2  free  transition at x/c =  0.1013   53

 204   rms: 0.1201E+00   max: -.1635E+01   T at   61  1   RLX: 0.306
       a =-14.000      CL = -1.1452
      Cm = -0.0647     CD =  0.02966   =>   CDf =  0.00584    CDp =  0.02382

 Side 1  free  transition at x/c =  0.9858   62
 Side 2  free  transition at x/c =  0.1024   53

 205   rms: 0.4750E-01   max: -.6097E+00   T at   62  1   RLX: 0.820
       a =-14.000      CL = -1.1181
      Cm = -0.0699     CD =  0.02740   =>   CDf =  0.00585    CDp =  0.02156

 Side 1 forced transition at x/c =  1.0001   63
 Side 2  free  transition at x/c =  0.1034   53

 206   rms: 0.6447E-01   max: 0.6180E+00   D at   63  1
       a =-14.000      CL = -1.1761
      Cm = -0.0590     CD =  0.02793   =>   CDf =  0.00586    CDp =  0.02207

 Side 1  free  transition at x/c =  0.9717   61
 Side 2  free  transition at x/c =  0.1013   53

 207   rms: 0.1201E+00   max: -.1635E+01   T at   61  1   RLX: 0.306
       a =-14.000      CL = -1.1452
      Cm = -0.0647     CD =  0.02966   =>   CDf =  0.00584    CDp =  0.02382

 Side 1  free  transition at x/c =  0.9858   62
 Side 2  free  transition at x/c =  0.1024   53

 208   rms: 0.4750E-01   max: -.6097E+00   T at   62  1   RLX: 0.820
       a =-14.000      CL = -1.1181
      Cm = -0.0699     CD =  0.02740   =>   CDf =  0.00585    CDp =  0.02156

 Side 1 forced transition at x/c =  1.0001   63
 Side 2  free  transition at x/c =  0.1034   53

 209   rms: 0.6447E-01   max: 0.6180E+00   D at   63  1
       a =-14.000      CL = -1.1761
      Cm = -0.0590     CD =  0.02793   =>   CDf =  0.00586    CDp =  0.02207

 Side 1  free  transition at x/c =  0.9717   61
 Side 2  free  transition at x/c =  0.1013   53

 210   rms: 0.1201E+00   max: -.1635E+01   T at   61  1   RLX: 0.306
       a =-14.000      CL = -1.1452
      Cm = -0.0647     CD =  0.02966   =>   CDf =  0.00584    CDp =  0.02382

 Side 1  free  transition at x/c =  0.9858   62
 Side 2  free  transition at x/c =  0.1024   53

 211   rms: 0.4750E-01   max: -.6097E+00   T at   62  1   RLX: 0.820
       a =-14.000      CL = -1.1181
      Cm = -0.0699     CD =  0.02740   =>   CDf =  0.00585    CDp =  0.02156

 Side 1 forced transition at x/c =  1.0001   63
 Side 2  free  transition at x/c =  0.1034   53

 212   rms: 0.6447E-01   max: 0.6180E+00   D at   63  1
       a =-14.000      CL = -1.1761
      Cm = -0.0590     CD =  0.02793   =>   CDf =  0.00586    CDp =  0.02207

 Side 1  free  transition at x/c =  0.9717   61
 Side 2  free  transition at x/c =  0.1013   53

 213   rms: 0.1201E+00   max: -.1635E+01   T at   61  1   RLX: 0.306
       a =-14.000      CL = -1.1452
      Cm = -0.0647     CD =  0.02966   =>   CDf =  0.00584    CDp =  0.02382

 Side 1  free  transition at x/c =  0.9858   62
 Side 2  free  transition at x/c =  0.1024   53

 214   rms: 0.4750E-01   max: -.6097E+00   T at   62  1   RLX: 0.820
       a =-14.000      CL = -1.1181
      Cm = -0.0699     CD =  0.02740   =>   CDf =  0.00585    CDp =  0.02156

 Side 1 forced transition at x/c =  1.0001   63
 Side 2  free  transition at x/c =  0.1034   53

 215   rms: 0.6447E-01   max: 0.6180E+00   D at   63  1
       a =-14.000      CL = -1.1761
      Cm = -0.0590     CD =  0.02793   =>   CDf =  0.00586    CDp =  0.02207

 Side 1  free  transition at x/c =  0.9717   61
 Side 2  free  transition at x/c =  0.1013   53

 216   rms: 0.1201E+00   max: -.1635E+01   T at   61  1   RLX: 0.306
       a =-14.000      CL = -1.1452
      Cm = -0.0647     CD =  0.02966   =>   CDf =  0.00584    CDp =  0.02382

 Side 1  free  transition at x/c =  0.9858   62
 Side 2  free  transition at x/c =  0.1024   53

 217   rms: 0.4750E-01   max: -.6097E+00   T at   62  1   RLX: 0.820
       a =-14.000      CL = -1.1181
      Cm = -0.0699     CD =  0.02740   =>   CDf =  0.00585    CDp =  0.02156

 Side 1 forced transition at x/c =  1.0001   63
 Side 2  free  transition at x/c =  0.1034   53

 218   rms: 0.6447E-01   max: 0.6180E+00   D at   63  1
       a =-14.000      CL = -1.1761
      Cm = -0.0590     CD =  0.02793   =>   CDf =  0.00586    CDp =  0.02207

 Side 1  free  transition at x/c =  0.9717   61
 Side 2  free  transition at x/c =  0.1013   53

 219   rms: 0.1201E+00   max: -.1635E+01   T at   61  1   RLX: 0.306
       a =-14.000      CL = -1.1452
      Cm = -0.0647     CD =  0.02966   =>   CDf =  0.00584    CDp =  0.02382

 Side 1  free  transition at x/c =  0.9858   62
 Side 2  free  transition at x/c =  0.1024   53

 220   rms: 0.4750E-01   max: -.6097E+00   T at   62  1   RLX: 0.820
       a =-14.000      CL = -1.1181
      Cm = -0.0699     CD =  0.02740   =>   CDf =  0.00585    CDp =  0.02156

 Side 1 forced transition at x/c =  1.0001   63
 Side 2  free  transition at x/c =  0.1034   53

 221   rms: 0.6447E-01   max: 0.6180E+00   D at   63  1
       a =-14.000      CL = -1.1761
      Cm = -0.0590     CD =  0.02793   =>   CDf =  0.00586    CDp =  0.02207

 Side 1  free  transition at x/c =  0.9717   61
 Side 2  free  transition at x/c =  0.1013   53

 222   rms: 0.1201E+00   max: -.1635E+01   T at   61  1   RLX: 0.306
       a =-14.000      CL = -1.1452
      Cm = -0.0647     CD =  0.02966   =>   CDf =  0.00584    CDp =  0.02382

 Side 1  free  transition at x/c =  0.9858   62
 Side 2  free  transition at x/c =  0.1024   53

 223   rms: 0.4750E-01   max: -.6097E+00   T at   62  1   RLX: 0.820
       a =-14.000      CL = -1.1181
      Cm = -0.0699     CD =  0.02740   =>   CDf =  0.00585    CDp =  0.02156

 Side 1 forced transition at x/c =  1.0001   63
 Side 2  free  transition at x/c =  0.1034   53

 224   rms: 0.6447E-01   max: 0.6180E+00   D at   63  1
       a =-14.000      CL = -1.1761
      Cm = -0.0590     CD =  0.02793   =>   CDf =  0.00586    CDp =  0.02207

 Side 1  free  transition at x/c =  0.9717   61
 Side 2  free  transition at x/c =  0.1013   53

 225   rms: 0.1201E+00   max: -.1635E+01   T at   61  1   RLX: 0.306
       a =-14.000      CL = -1.1452
      Cm = -0.0647     CD =  0.02966   =>   CDf =  0.00584    CDp =  0.02382
 VISCAL:  Convergence failed
 Calculating wake trajectory ...
 Calculating source influence matrix ...

 Solving BL system ...

 Side 1  free  transition at x/c =  0.9858   62
 Side 2  free  transition at x/c =  0.1024   53

   1   rms: 0.1518E+00   max: -.5501E+00   D at   63  1   RLX: 0.909
       a =-13.000      CL = -1.0314
      Cm = -0.0742     CD =  0.02335   =>   CDf =  0.00602    CDp =  0.01733

 Side 1  free  transition at x/c =  0.9890   63
 Side 2  free  transition at x/c =  0.1123   53

   2   rms: 0.2338E-01   max: -.1836E+00   D at   53  2
       a =-13.000      CL = -1.0192
      Cm = -0.0751     CD =  0.02309   =>   CDf =  0.00615    CDp =  0.01694

 Side 1  free  transition at x/c =  0.9877   64
 Side 2  free  transition at x/c =  0.1139   53

   3   rms: 0.5353E-02   max: -.5099E-01   D at   52  2
       a =-13.000      CL = -1.0219
      Cm = -0.0749     CD =  0.02291   =>   CDf =  0.00596    CDp =  0.01695

 Side 1  free  transition at x/c =  0.9875   64
 Side 2  free  transition at x/c =  0.1140   53

   4   rms: 0.2932E-03   max: 0.2394E-02   D at    4  1
       a =-13.000      CL = -1.0220
      Cm = -0.0749     CD =  0.02291   =>   CDf =  0.00595    CDp =  0.01695

 Side 1  free  transition at x/c =  0.9875   64
 Side 2  free  transition at x/c =  0.1139   53

   5   rms: 0.7134E-05   max: 0.4879E-04   D at  107  2
       a =-13.000      CL = -1.0220
      Cm = -0.0749     CD =  0.02291   =>   CDf =  0.00596    CDp =  0.01695
 plradd ia,ip,cpol           12           0  2.09384225E-02

 Point added to stored polar  1
 Point written to save file  polar.txt                                       
 Dump file unspecified or not available
 Calculating wake trajectory ...
 Calculating source influence matrix ...

 Solving BL system ...

 Side 1  free  transition at x/c =  0.9875   64
 Side 2  free  transition at x/c =  0.1139   53

   1   rms: 0.1549E+00   max: 0.5093E+00   T at   64  1
       a =-12.000      CL = -0.9472
      Cm = -0.0780     CD =  0.01734   =>   CDf =  0.00612    CDp =  0.01122

 Side 1  free  transition at x/c =  0.9685   64
 Side 2  free  transition at x/c =  0.1281   53

   2   rms: 0.4417E-01   max: -.3554E+00   T at   64  1
       a =-12.000      CL = -0.9030
      Cm = -0.0828     CD =  0.01917   =>   CDf =  0.00600    CDp =  0.01317

 Side 1  free  transition at x/c =  0.9832   65
 Side 2  free  transition at x/c =  0.1279   53

   3   rms: 0.2047E-01   max: 0.2560E+00   D at   66  1
       a =-12.000      CL = -0.9083
      Cm = -0.0815     CD =  0.01929   =>   CDf =  0.00595    CDp =  0.01333

 Side 1  free  transition at x/c =  0.9782   65
 Side 2  free  transition at x/c =  0.1275   53

   4   rms: 0.1547E-02   max: -.3269E-01   D at   65  1
       a =-12.000      CL = -0.9087
      Cm = -0.0814     CD =  0.01933   =>   CDf =  0.00595    CDp =  0.01338

 Side 1  free  transition at x/c =  0.9781   65
 Side 2  free  transition at x/c =  0.1275   53

   5   rms: 0.3825E-04   max: 0.3667E-03   D at   66  1
       a =-12.000      CL = -0.9087
      Cm = -0.0814     CD =  0.01933   =>   CDf =  0.00595    CDp =  0.01338
 plradd ia,ip,cpol           13           0  2.39442755E-02

 Point added to stored polar  1
 Point written to save file  polar.txt                                       
 Dump file unspecified or not available
 Calculating wake trajectory ...
 Calculating source influence matrix ...

 Solving BL system ...

 Side 1  free  transition at x/c =  0.9781   65
 Side 2  free  transition at x/c =  0.1275   53

   1   rms: 0.1534E+00   max: 0.5398E+00   D at   53  2
       a =-11.000      CL = -0.7822
      Cm = -0.0890     CD =  0.01636   =>   CDf =  0.00623    CDp =  0.01012

 Side 1  free  transition at x/c =  0.9692   66
 Side 2  free  transition at x/c =  0.1414   52
 idif Ue xi dudx           1  8.06608647E-02  4.75919247E-03   16.948435    
 Uenew xinew           2  1.12799536E-02  6.65545464E-04

   2   rms: 0.4968E-01   max: 0.6884E+00   D at    2  1
       a =-11.000      CL = -0.8103
      Cm = -0.0823     CD =  0.01688   =>   CDf =  0.00585    CDp =  0.01103

 Side 1  free  transition at x/c =  0.9553   64
 Side 2  free  transition at x/c =  0.1425   53

   3   rms: 0.1079E-01   max: -.1606E+00   D at   64  1
       a =-11.000      CL = -0.8111
      Cm = -0.0820     CD =  0.01689   =>   CDf =  0.00599    CDp =  0.01090

 Side 1  free  transition at x/c =  0.9576   64
 Side 2  free  transition at x/c =  0.1423   53

   4   rms: 0.1781E-02   max: 0.2188E-01   D at   65  1
       a =-11.000      CL = -0.8117
      Cm = -0.0818     CD =  0.01692   =>   CDf =  0.00599    CDp =  0.01093

 Side 1  free  transition at x/c =  0.9568   64
 Side 2  free  transition at x/c =  0.1423   53

   5   rms: 0.9392E-04   max: -.5715E-03   D at   65  1
       a =-11.000      CL = -0.8118
      Cm = -0.0818     CD =  0.01692   =>   CDf =  0.00599    CDp =  0.01093
 plradd ia,ip,cpol           14           0  2.71737445E-02

 Point added to stored polar  1
 Point written to save file  polar.txt                                       
 Dump file unspecified or not available
 Calculating wake trajectory ...
 Calculating source influence matrix ...

 Solving BL system ...

 Side 1  free  transition at x/c =  0.9568   64
 Side 2  free  transition at x/c =  0.1423   53

   1   rms: 0.1252E+00   max: 0.6353E+00   T at   64  1
       a =-10.000      CL = -0.7342
      Cm = -0.0767     CD =  0.01548   =>   CDf =  0.00625    CDp =  0.00923

 Side 1  free  transition at x/c =  0.9207   64
 Side 2  free  transition at x/c =  0.1579   53

   2   rms: 0.3922E-01   max: -.5568E+00   D at   65  1   RLX: 0.898
       a =-10.000      CL = -0.7395
      Cm = -0.0756     CD =  0.01511   =>   CDf =  0.00605    CDp =  0.00906

 Side 1  free  transition at x/c =  0.9266   65
 Side 2  free  transition at x/c =  0.1581   53

   3   rms: 0.5364E-02   max: -.7782E-01   D at   67  1
       a =-10.000      CL = -0.7372
      Cm = -0.0761     CD =  0.01504   =>   CDf =  0.00605    CDp =  0.00900

 Side 1  free  transition at x/c =  0.9258   64
 Side 2  free  transition at x/c =  0.1580   53

   4   rms: 0.5239E-03   max: 0.7995E-02   D at   65  1
       a =-10.000      CL = -0.7371
      Cm = -0.0762     CD =  0.01505   =>   CDf =  0.00605    CDp =  0.00900

 Side 1  free  transition at x/c =  0.9256   64
 Side 2  free  transition at x/c =  0.1580   53

   5   rms: 0.5011E-05   max: -.2992E-04   D at   99  2
       a =-10.000      CL = -0.7371
      Cm = -0.0762     CD =  0.01505   =>   CDf =  0.00605    CDp =  0.00900
 plradd ia,ip,cpol           15           0  3.06343734E-02

 Point added to stored polar  1
 Point written to save file  polar.txt                                       
 Dump file unspecified or not available
 Calculating wake trajectory ...
 Calculating source influence matrix ...

 Solving BL system ...

 Side 1  free  transition at x/c =  0.9256   64
 Side 2  free  transition at x/c =  0.1580   53

   1   rms: 0.1337E+00   max: -.7623E+00   C at   64  1   RLX: 0.656
       a = -9.000      CL = -0.6993
      Cm = -0.0705     CD =  0.01404   =>   CDf =  0.00605    CDp =  0.00799

 Side 1  free  transition at x/c =  0.8947   63
 Side 2  free  transition at x/c =  0.1666   53

   2   rms: 0.5784E-01   max: -.3634E+00   D at   63  1
       a = -9.000      CL = -0.6500
      Cm = -0.0716     CD =  0.01404   =>   CDf =  0.00635    CDp =  0.00770

 Side 1  free  transition at x/c =  0.8931   64
 Side 2  free  transition at x/c =  0.1770   53

   3   rms: 0.1436E-01   max: 0.1760E+00   C at   53  2
       a = -9.000      CL = -0.6612
      Cm = -0.0699     CD =  0.01369   =>   CDf =  0.00606    CDp =  0.00763

 Side 1  free  transition at x/c =  0.8904   64
 Side 2  free  transition at x/c =  0.1766   53

   4   rms: 0.1174E-02   max: 0.1518E-01   C at   53  2
       a = -9.000      CL = -0.6619
      Cm = -0.0697     CD =  0.01372   =>   CDf =  0.00609    CDp =  0.00762

 Side 1  free  transition at x/c =  0.8903   64
 Side 2  free  transition at x/c =  0.1763   53

   5   rms: 0.2335E-04   max: 0.1376E-03   D at   91  2
       a = -9.000      CL = -0.6619
      Cm = -0.0697     CD =  0.01372   =>   CDf =  0.00610    CDp =  0.00762
 plradd ia,ip,cpol           16           0  3.43358330E-02

 Point added to stored polar  1
 Point written to save file  polar.txt                                       
 Dump file unspecified or not available
 Calculating wake trajectory ...
 Calculating source influence matrix ...

 Solving BL system ...

 Side 1  free  transition at x/c =  0.8903   64
 Side 2  free  transition at x/c =  0.1763   53

   1   rms: 0.1309E+00   max: -.5471E+00   D at   64  1   RLX: 0.914
       a = -8.000      CL = -0.5854
      Cm = -0.0647     CD =  0.01287   =>   CDf =  0.00622    CDp =  0.00666

 Side 1  free  transition at x/c =  0.8618   63
 Side 2  free  transition at x/c =  0.1926   53

   2   rms: 0.2990E-01   max: 0.3937E+00   D at   64  1
       a = -8.000      CL = -0.5758
      Cm = -0.0647     CD =  0.01291   =>   CDf =  0.00623    CDp =  0.00668

 Side 1  free  transition at x/c =  0.8552   63
 Side 2  free  transition at x/c =  0.1968   54

   3   rms: 0.4133E-02   max: -.4368E-01   D at   53  2
       a = -8.000      CL = -0.5770
      Cm = -0.0646     CD =  0.01277   =>   CDf =  0.00618    CDp =  0.00659

 Side 1  free  transition at x/c =  0.8549   63
 Side 2  free  transition at x/c =  0.1972   54

   4   rms: 0.1443E-03   max: -.1576E-02   D at   54  2
       a = -8.000      CL = -0.5770
      Cm = -0.0646     CD =  0.01277   =>   CDf =  0.00617    CDp =  0.00660

 Side 1  free  transition at x/c =  0.8549   63
 Side 2  free  transition at x/c =  0.1972   54

   5   rms: 0.1790E-05   max: 0.8301E-05   D at   87  2
       a = -8.000      CL = -0.5770
      Cm = -0.0646     CD =  0.01277   =>   CDf =  0.00617    CDp =  0.00660
 plradd ia,ip,cpol           17           0  3.82891819E-02

 Point added to stored polar  1
 Point written to save file  polar.txt                                       
 Dump file unspecified or not available
 Calculating wake trajectory ...
 Calculating source influence matrix ...

 Solving BL system ...

 Side 1  free  transition at x/c =  0.8549   63
 Side 2  free  transition at x/c =  0.1972   54

   1   rms: 0.1372E+00   max: 0.7598E+00   D at   54  2
       a = -7.000      CL = -0.4920
      Cm = -0.0597     CD =  0.01160   =>   CDf =  0.00637    CDp =  0.00523

 Side 1  free  transition at x/c =  0.8168   63
 Side 2  free  transition at x/c =  0.2177   53

   2   rms: 0.2412E-01   max: 0.3617E+00   D at   64  1
       a = -7.000      CL = -0.4835
      Cm = -0.0609     CD =  0.01196   =>   CDf =  0.00630    CDp =  0.00566

 Side 1  free  transition at x/c =  0.8193   63
 Side 2  free  transition at x/c =  0.2218   53

   3   rms: 0.2361E-02   max: 0.3371E-01   C at   63  1
       a = -7.000      CL = -0.4824
      Cm = -0.0611     CD =  0.01196   =>   CDf =  0.00622    CDp =  0.00573

 Side 1  free  transition at x/c =  0.8180   63
 Side 2  free  transition at x/c =  0.2219   53

   4   rms: 0.2882E-04   max: -.4453E-03   D at   64  1
       a = -7.000      CL = -0.4824
      Cm = -0.0611     CD =  0.01196   =>   CDf =  0.00623    CDp =  0.00573
 plradd ia,ip,cpol           18           0  4.25076224E-02

 Point added to stored polar  1
 Point written to save file  polar.txt                                       
 Dump file unspecified or not available
 Calculating wake trajectory ...
 Calculating source influence matrix ...

 Solving BL system ...

 Side 1  free  transition at x/c =  0.8180   63
 Side 2  free  transition at x/c =  0.2219   53

   1   rms: 0.1306E+00   max: 0.3974E+00   D at   53  2
       a = -6.000      CL = -0.3812
      Cm = -0.0587     CD =  0.01144   =>   CDf =  0.00632    CDp =  0.00512

 Side 1  free  transition at x/c =  0.7747   62
 Side 2  free  transition at x/c =  0.2466   54

   2   rms: 0.1889E-01   max: 0.2975E+00   D at   63  1
       a = -6.000      CL = -0.3848
      Cm = -0.0580     CD =  0.01131   =>   CDf =  0.00640    CDp =  0.00491

 Side 1  free  transition at x/c =  0.7785   62
 Side 2  free  transition at x/c =  0.2501   54

   3   rms: 0.4394E-02   max: -.8345E-01   C at   62  1
       a = -6.000      CL = -0.3841
      Cm = -0.0581     CD =  0.01131   =>   CDf =  0.00631    CDp =  0.00500

 Side 1  free  transition at x/c =  0.7782   62
 Side 2  free  transition at x/c =  0.2495   54

   4   rms: 0.1404E-03   max: 0.2341E-02   C at   62  1
       a = -6.000      CL = -0.3841
      Cm = -0.0582     CD =  0.01131   =>   CDf =  0.00630    CDp =  0.00502

 Side 1  free  transition at x/c =  0.7781   62
 Side 2  free  transition at x/c =  0.2495   54

   5   rms: 0.7955E-06   max: 0.5352E-05   C at   54  2
       a = -6.000      CL = -0.3841
      Cm = -0.0582     CD =  0.01131   =>   CDf =  0.00630    CDp =  0.00502
 plradd ia,ip,cpol           19           0  5.18035181E-02

 Point added to stored polar  1
 Point written to save file  polar.txt                                       
 Dump file unspecified or not available
 Calculating wake trajectory ...
 Calculating source influence matrix ...

 Solving BL system ...

 Side 1  free  transition at x/c =  0.7781   62
 Side 2  free  transition at x/c =  0.2495   54

   1   rms: 0.1365E+00   max: 0.6343E+00   D at   54  2
       a = -5.000      CL = -0.2850
      Cm = -0.0556     CD =  0.01060   =>   CDf =  0.00643    CDp =  0.00417

 Side 1  free  transition at x/c =  0.7318   62
 Side 2  free  transition at x/c =  0.2735   53

   2   rms: 0.1734E-01   max: 0.2512E+00   D at   63  1
       a = -5.000      CL = -0.2830
      Cm = -0.0556     CD =  0.01089   =>   CDf =  0.00648    CDp =  0.00441

 Side 1  free  transition at x/c =  0.7370   63
 Side 2  free  transition at x/c =  0.2786   54

   3   rms: 0.4400E-02   max: -.4898E-01   D at   53  2
       a = -5.000      CL = -0.2828
      Cm = -0.0557     CD =  0.01085   =>   CDf =  0.00640    CDp =  0.00445

 Side 1  free  transition at x/c =  0.7363   63
 Side 2  free  transition at x/c =  0.2797   54

   4   rms: 0.3322E-03   max: -.4503E-02   D at   54  2
       a = -5.000      CL = -0.2828
      Cm = -0.0557     CD =  0.01085   =>   CDf =  0.00637    CDp =  0.00448

 Side 1  free  transition at x/c =  0.7363   63
 Side 2  free  transition at x/c =  0.2796   54

   5   rms: 0.3180E-05   max: -.3315E-04   D at   54  2
       a = -5.000      CL = -0.2828
      Cm = -0.0557     CD =  0.01085   =>   CDf =  0.00637    CDp =  0.00448
 plradd ia,ip,cpol           20           0  5.69189638E-02

 Point added to stored polar  1
 Point written to save file  polar.txt                                       
 Dump file unspecified or not available
 Calculating wake trajectory ...
 Calculating source influence matrix ...

 Solving BL system ...

 Side 1  free  transition at x/c =  0.7363   63
 Side 2  free  transition at x/c =  0.2796   54

   1   rms: 0.1458E+00   max: 0.8344E+00   D at   54  2   RLX: 0.717
       a = -4.000      CL = -0.2138
      Cm = -0.0533     CD =  0.01046   =>   CDf =  0.00643    CDp =  0.00404

 Side 1  free  transition at x/c =  0.7066   62
 Side 2  free  transition at x/c =  0.2971   54

   2   rms: 0.6078E-01   max: -.3617E+00   C at   54  2
       a = -4.000      CL = -0.1849
      Cm = -0.0526     CD =  0.01018   =>   CDf =  0.00653    CDp =  0.00365

 MRCHDU: Convergence failed at  55  side 2    Res =  0.5080E+02
 Side 1  free  transition at x/c =  0.6921   62
 Side 2  free  transition at x/c =  0.3270   55

   3   rms: 0.2471E-01   max: -.2772E+00   D at   56  2
       a = -4.000      CL = -0.1835
      Cm = -0.0528     CD =  0.01034   =>   CDf =  0.00630    CDp =  0.00403

 Side 1  free  transition at x/c =  0.6936   62
 Side 2  free  transition at x/c =  0.3124   54

   4   rms: 0.5024E-02   max: -.7933E-01   C at   54  2
       a = -4.000      CL = -0.1809
      Cm = -0.0532     CD =  0.01049   =>   CDf =  0.00642    CDp =  0.00407

 Side 1  free  transition at x/c =  0.6935   62
 Side 2  free  transition at x/c =  0.3134   54

   5   rms: 0.8715E-04   max: -.1748E-02   D at   55  2
       a = -4.000      CL = -0.1809
      Cm = -0.0532     CD =  0.01049   =>   CDf =  0.00641    CDp =  0.00408
 plradd ia,ip,cpol           21           0  6.81988150E-02

 Point added to stored polar  1
 Point written to save file  polar.txt                                       
 Dump file unspecified or not available
 Calculating wake trajectory ...
 Calculating source influence matrix ...

 Solving BL system ...

 Side 1  free  transition at x/c =  0.6935   62
 Side 2  free  transition at x/c =  0.3134   54

   1   rms: 0.1391E+00   max: -.6927E+00   D at   62  1   RLX: 0.722
       a = -3.000      CL = -0.1045
      Cm = -0.0519     CD =  0.01053   =>   CDf =  0.00645    CDp =  0.00409

 Side 1  free  transition at x/c =  0.6642   61
 Side 2  free  transition at x/c =  0.3366   55

   2   rms: 0.4602E-01   max: 0.2539E+00   D at   62  1
       a = -3.000      CL = -0.0798
      Cm = -0.0507     CD =  0.01008   =>   CDf =  0.00653    CDp =  0.00356

 Side 1  free  transition at x/c =  0.6497   62
 Side 2  free  transition at x/c =  0.3550   54

   3   rms: 0.9165E-02   max: 0.1797E+00   C at   54  2
       a = -3.000      CL = -0.0790
      Cm = -0.0508     CD =  0.01021   =>   CDf =  0.00643    CDp =  0.00378

 Side 1  free  transition at x/c =  0.6512   62
 Side 2  free  transition at x/c =  0.3509   54

   4   rms: 0.4400E-03   max: -.6323E-02   D at   55  2
       a = -3.000      CL = -0.0789
      Cm = -0.0508     CD =  0.01021   =>   CDf =  0.00643    CDp =  0.00378

 Side 1  free  transition at x/c =  0.6511   62
 Side 2  free  transition at x/c =  0.3509   54

   5   rms: 0.1309E-05   max: -.1433E-04   D at   55  2
       a = -3.000      CL = -0.0789
      Cm = -0.0508     CD =  0.01021   =>   CDf =  0.00643    CDp =  0.00378
 plradd ia,ip,cpol           22           0  8.10635760E-02

 Point added to stored polar  1
 Point written to save file  polar.txt                                       
 Dump file unspecified or not available
 Calculating wake trajectory ...
 Calculating source influence matrix ...

 Solving BL system ...

 Side 1  free  transition at x/c =  0.6511   62
 Side 2  free  transition at x/c =  0.3509   54

   1   rms: 0.1397E+00   max: -.6443E+00   D at   62  1   RLX: 0.776
       a = -2.000      CL =  0.0012
      Cm = -0.0490     CD =  0.01021   =>   CDf =  0.00645    CDp =  0.00377

 Side 1  free  transition at x/c =  0.6207   61
 Side 2  free  transition at x/c =  0.3758   54

   2   rms: 0.3739E-01   max: 0.2587E+00   D at   62  1
       a = -2.000      CL =  0.0269
      Cm = -0.0490     CD =  0.01017   =>   CDf =  0.00656    CDp =  0.00361

 Side 1  free  transition at x/c =  0.6100   61
 Side 2  free  transition at x/c =  0.3926   55

   3   rms: 0.4642E-02   max: 0.8361E-01   D at   55  2
       a = -2.000      CL =  0.0233
      Cm = -0.0484     CD =  0.01002   =>   CDf =  0.00644    CDp =  0.00358

 Side 1  free  transition at x/c =  0.6107   61
 Side 2  free  transition at x/c =  0.3932   55

   4   rms: 0.1481E-03   max: 0.2580E-02   C at   55  2
       a = -2.000      CL =  0.0234
      Cm = -0.0484     CD =  0.01002   =>   CDf =  0.00643    CDp =  0.00359

 Side 1  free  transition at x/c =  0.6107   61
 Side 2  free  transition at x/c =  0.3932   55

   5   rms: 0.9172E-06   max: -.5857E-05   D at   61  1
       a = -2.000      CL =  0.0234
      Cm = -0.0484     CD =  0.01002   =>   CDf =  0.00643    CDp =  0.00359
 plradd ia,ip,cpol           23           0  8.81716311E-02

 Point added to stored polar  1
 Point written to save file  polar.txt                                       
 Dump file unspecified or not available
 Calculating wake trajectory ...
 Calculating source influence matrix ...

 Solving BL system ...

 Side 1  free  transition at x/c =  0.6107   61
 Side 2  free  transition at x/c =  0.3932   55

   1   rms: 0.1393E+00   max: -.5735E+00   C at   55  2   RLX: 0.872
       a = -1.000      CL =  0.1138
      Cm = -0.0466     CD =  0.00999   =>   CDf =  0.00643    CDp =  0.00356

 Side 1  free  transition at x/c =  0.5779   61
 Side 2  free  transition at x/c =  0.4248   55

   2   rms: 0.3644E-01   max: 0.2798E+00   D at   55  2
       a = -1.000      CL =  0.1237
      Cm = -0.0457     CD =  0.00982   =>   CDf =  0.00656    CDp =  0.00326

 Side 1  free  transition at x/c =  0.5741   61
 Side 2  free  transition at x/c =  0.4452   56

   3   rms: 0.3479E-02   max: -.5616E-01   D at   55  2
       a = -1.000      CL =  0.1254
      Cm = -0.0460     CD =  0.00992   =>   CDf =  0.00642    CDp =  0.00350

 Side 1  free  transition at x/c =  0.5735   61
 Side 2  free  transition at x/c =  0.4443   56

   4   rms: 0.2754E-03   max: -.3456E-02   D at   56  2
       a = -1.000      CL =  0.1254
      Cm = -0.0460     CD =  0.00992   =>   CDf =  0.00641    CDp =  0.00351

 Side 1  free  transition at x/c =  0.5735   61
 Side 2  free  transition at x/c =  0.4442   56

   5   rms: 0.3199E-05   max: -.5074E-04   D at   56  2
       a = -1.000      CL =  0.1254
      Cm = -0.0460     CD =  0.00992   =>   CDf =  0.00641    CDp =  0.00351
 plradd ia,ip,cpol           24           0  0.21869284    

 Point added to stored polar  1
 Point written to save file  polar.txt                                       
 Dump file unspecified or not available
 Calculating wake trajectory ...
 Calculating source influence matrix ...

 Solving BL system ...

 Side 1  free  transition at x/c =  0.5735   61
 Side 2  free  transition at x/c =  0.4442   56

   1   rms: 0.1471E+00   max: 0.9810E+00   D at   56  2   RLX: 0.888
       a = -0.000      CL =  0.2137
      Cm = -0.0435     CD =  0.00950   =>   CDf =  0.00640    CDp =  0.00310

 Side 1  free  transition at x/c =  0.5414   61
 Side 2  free  transition at x/c =  0.4879   56

   2   rms: 0.3177E-01   max: -.4233E+00   D at   61  1
       a = -0.000      CL =  0.2268
      Cm = -0.0434     CD =  0.00983   =>   CDf =  0.00643    CDp =  0.00340

 Side 1  free  transition at x/c =  0.5419   61
 Side 2  free  transition at x/c =  0.5069   57

   3   rms: 0.1299E-01   max: -.2186E+00   C at   57  2
       a = -0.000      CL =  0.2262
      Cm = -0.0434     CD =  0.00984   =>   CDf =  0.00631    CDp =  0.00352

 Side 1  free  transition at x/c =  0.5393   61
 Side 2  free  transition at x/c =  0.5086   57

   4   rms: 0.1532E-02   max: 0.3242E-01   C at   57  2
       a = -0.000      CL =  0.2260
      Cm = -0.0433     CD =  0.00984   =>   CDf =  0.00630    CDp =  0.00354

 Side 1  free  transition at x/c =  0.5392   61
 Side 2  free  transition at x/c =  0.5076   57

   5   rms: 0.9671E-05   max: -.1452E-03   D at   58  2
       a = -0.000      CL =  0.2260
      Cm = -0.0433     CD =  0.00984   =>   CDf =  0.00631    CDp =  0.00353
 plradd ia,ip,cpol           25           0  0.19034041    

 Point added to stored polar  1
 Point written to save file  polar.txt                                       
 Dump file unspecified or not available
 Calculating wake trajectory ...
 Calculating source influence matrix ...

 Solving BL system ...

 Side 1  free  transition at x/c =  0.5392   61
 Side 2  free  transition at x/c =  0.5076   57

   1   rms: 0.1416E+00   max: -.7830E+00   C at   57  2   RLX: 0.639
       a =  1.000      CL =  0.2899
      Cm = -0.0416     CD =  0.01003   =>   CDf =  0.00628    CDp =  0.00376

 Side 1  free  transition at x/c =  0.5199   61
 Side 2  free  transition at x/c =  0.5418   58

   2   rms: 0.6233E-01   max: -.4354E+00   C at   58  2
       a =  1.000      CL =  0.3266
      Cm = -0.0406     CD =  0.00969   =>   CDf =  0.00624    CDp =  0.00345

 Side 1  free  transition at x/c =  0.5110   61
 Side 2  free  transition at x/c =  0.5600   57

   3   rms: 0.1357E-01   max: -.1931E+00   D at   57  2
       a =  1.000      CL =  0.3295
      Cm = -0.0412     CD =  0.00996   =>   CDf =  0.00634    CDp =  0.00362

 Side 1  free  transition at x/c =  0.5089   61
 Side 2  free  transition at x/c =  0.5765   58

   4   rms: 0.6383E-02   max: 0.1312E+00   C at   58  2
       a =  1.000      CL =  0.3275
      Cm = -0.0408     CD =  0.00986   =>   CDf =  0.00616    CDp =  0.00370

 Side 1  free  transition at x/c =  0.5090   61
 Side 2  free  transition at x/c =  0.5733   58

   5   rms: 0.2776E-03   max: -.5266E-02   D at   59  2
       a =  1.000      CL =  0.3275
      Cm = -0.0408     CD =  0.00986   =>   CDf =  0.00618    CDp =  0.00369

 Side 1  free  transition at x/c =  0.5090   61
 Side 2  free  transition at x/c =  0.5732   58

   6   rms: 0.8799E-06   max: -.1095E-04   D at   59  2
       a =  1.000      CL =  0.3275
      Cm = -0.0408     CD =  0.00986   =>   CDf =  0.00618    CDp =  0.00369
 plradd ia,ip,cpol           26           0  0.17711742    

 Point added to stored polar  1
 Point written to save file  polar.txt                                       
 Dump file unspecified or not available
 Calculating wake trajectory ...
 Calculating source influence matrix ...

 Solving BL system ...

 Side 1  free  transition at x/c =  0.5090   61
 Side 2  free  transition at x/c =  0.5732   58

   1   rms: 0.1413E+00   max: -.9833E+00   C at   58  2   RLX: 0.509
       a =  2.000      CL =  0.3807
      Cm = -0.0399     CD =  0.00985   =>   CDf =  0.00613    CDp =  0.00372

 Side 1  free  transition at x/c =  0.4922   61
 Side 2  free  transition at x/c =  0.5989   58

   2   rms: 0.6990E-01   max: -.5143E+00   C at   58  2   RLX: 0.972
       a =  2.000      CL =  0.4290
      Cm = -0.0386     CD =  0.00992   =>   CDf =  0.00621    CDp =  0.00371

 Side 1  free  transition at x/c =  0.4798   61
 Side 2  free  transition at x/c =  0.6280   59

   3   rms: 0.8660E-02   max: -.1387E+00   C at   59  2
       a =  2.000      CL =  0.4285
      Cm = -0.0382     CD =  0.00999   =>   CDf =  0.00611    CDp =  0.00388

 Side 1  free  transition at x/c =  0.4803   61
 Side 2  free  transition at x/c =  0.6353   60

   4   rms: 0.4289E-02   max: -.5897E-01   C at   60  2
       a =  2.000      CL =  0.4284
      Cm = -0.0382     CD =  0.00998   =>   CDf =  0.00609    CDp =  0.00389

 Side 1  free  transition at x/c =  0.4803   61
 Side 2  free  transition at x/c =  0.6373   60

   5   rms: 0.4257E-03   max: 0.6586E-02   C at   60  2
       a =  2.000      CL =  0.4284
      Cm = -0.0382     CD =  0.00998   =>   CDf =  0.00606    CDp =  0.00393

 Side 1  free  transition at x/c =  0.4803   61
 Side 2  free  transition at x/c =  0.6370   60

   6   rms: 0.2553E-05   max: -.3735E-04   D at   61  2
       a =  2.000      CL =  0.4284
      Cm = -0.0382     CD =  0.00998   =>   CDf =  0.00606    CDp =  0.00392
 plradd ia,ip,cpol           27           0  0.15264380    

 Point added to stored polar  1
 Point written to save file  polar.txt                                       
 Dump file unspecified or not available
 Calculating wake trajectory ...
 Calculating source influence matrix ...

 Solving BL system ...

 Side 1  free  transition at x/c =  0.4803   61
 Side 2  free  transition at x/c =  0.6370   60

   1   rms: 0.1457E+00   max: -.9068E+00   C at   60  2   RLX: 0.551
       a =  3.000      CL =  0.4813
      Cm = -0.0362     CD =  0.01003   =>   CDf =  0.00599    CDp =  0.00403

 Side 1  free  transition at x/c =  0.4657   61
 Side 2  free  transition at x/c =  0.6564   59

   2   rms: 0.6555E-01   max: -.3610E+00   T at   59  2
       a =  3.000      CL =  0.5318
      Cm = -0.0361     CD =  0.01034   =>   CDf =  0.00612    CDp =  0.00422

 Side 1  free  transition at x/c =  0.4513   62
 Side 2  free  transition at x/c =  0.6994   60

   3   rms: 0.9174E-02   max: 0.1715E+00   D at   60  2
       a =  3.000      CL =  0.5253
      Cm = -0.0349     CD =  0.01022   =>   CDf =  0.00597    CDp =  0.00425

 Side 1  free  transition at x/c =  0.4524   62
 Side 2  free  transition at x/c =  0.7026   60

   4   rms: 0.4581E-03   max: 0.4873E-02   D at   61  2
       a =  3.000      CL =  0.5257
      Cm = -0.0349     CD =  0.01024   =>   CDf =  0.00595    CDp =  0.00429

 Side 1  free  transition at x/c =  0.4523   62
 Side 2  free  transition at x/c =  0.7026   60

   5   rms: 0.3549E-05   max: -.4056E-04   D at   62  1
       a =  3.000      CL =  0.5257
      Cm = -0.0349     CD =  0.01024   =>   CDf =  0.00595    CDp =  0.00428
 plradd ia,ip,cpol           28           0  0.13080209    

 Point added to stored polar  1
 Point written to save file  polar.txt                                       
 Dump file unspecified or not available
 Calculating wake trajectory ...
 Calculating source influence matrix ...

 Solving BL system ...

 Side 1  free  transition at x/c =  0.4523   62
 Side 2  free  transition at x/c =  0.7026   60

   1   rms: 0.1367E+00   max: -.6217E+00   D at   62  1   RLX: 0.804
       a =  4.000      CL =  0.6005
      Cm = -0.0318     CD =  0.01082   =>   CDf =  0.00587    CDp =  0.00495

 Side 1  free  transition at x/c =  0.4291   61
 Side 2  free  transition at x/c =  0.7495   61

   2   rms: 0.4028E-01   max: -.4258E+00   C at   61  2
       a =  4.000      CL =  0.6201
      Cm = -0.0311     CD =  0.01051   =>   CDf =  0.00589    CDp =  0.00463

 Side 1  free  transition at x/c =  0.4261   61
 Side 2  free  transition at x/c =  0.7663   62

   3   rms: 0.6273E-02   max: -.1168E+00   C at   62  2
       a =  4.000      CL =  0.6197
      Cm = -0.0310     CD =  0.01048   =>   CDf =  0.00577    CDp =  0.00471

 Side 1  free  transition at x/c =  0.4255   61
 Side 2  free  transition at x/c =  0.7710   62

   4   rms: 0.2517E-03   max: -.4623E-02   C at   62  2
       a =  4.000      CL =  0.6197
      Cm = -0.0310     CD =  0.01049   =>   CDf =  0.00575    CDp =  0.00474

 Side 1  free  transition at x/c =  0.4255   61
 Side 2  free  transition at x/c =  0.7710   62

   5   rms: 0.8349E-06   max: 0.9313E-05   C at   62  2
       a =  4.000      CL =  0.6197
      Cm = -0.0310     CD =  0.01049   =>   CDf =  0.00575    CDp =  0.00474
 plradd ia,ip,cpol           29           0  0.11149547    

 Point added to stored polar  1
 Point written to save file  polar.txt                                       
 Dump file unspecified or not available
 Calculating wake trajectory ...
 Calculating source influence matrix ...

 Solving BL system ...

 Side 1  free  transition at x/c =  0.4255   61
 Side 2  free  transition at x/c =  0.7710   62

   1   rms: 0.1344E+00   max: -.9065E+00   C at   62  2   RLX: 0.552
       a =  5.000      CL =  0.6709
      Cm = -0.0287     CD =  0.01060   =>   CDf =  0.00565    CDp =  0.00495

 Side 1  free  transition at x/c =  0.4084   61
 Side 2  free  transition at x/c =  0.8027   62

   2   rms: 0.5866E-01   max: -.3283E+00   C at   62  2
       a =  5.000      CL =  0.7096
      Cm = -0.0263     CD =  0.01084   =>   CDf =  0.00564    CDp =  0.00520

 Side 1  free  transition at x/c =  0.3963   62
 Side 2  free  transition at x/c =  0.8392   63

   3   rms: 0.7491E-02   max: 0.1015E+00   D at   63  2
       a =  5.000      CL =  0.7071
      Cm = -0.0258     CD =  0.01094   =>   CDf =  0.00561    CDp =  0.00533

 Side 1  free  transition at x/c =  0.3973   62
 Side 2  free  transition at x/c =  0.8432   63

   4   rms: 0.3849E-03   max: -.5714E-02   C at   63  2
       a =  5.000      CL =  0.7072
      Cm = -0.0258     CD =  0.01094   =>   CDf =  0.00557    CDp =  0.00537

 Side 1  free  transition at x/c =  0.3973   62
 Side 2  free  transition at x/c =  0.8434   63

   5   rms: 0.9521E-06   max: 0.1332E-04   D at   63  2
       a =  5.000      CL =  0.7072
      Cm = -0.0258     CD =  0.01094   =>   CDf =  0.00557    CDp =  0.00537
 plradd ia,ip,cpol           30           0  9.45394933E-02

 Point added to stored polar  1
 Point written to save file  polar.txt                                       
 Dump file unspecified or not available
 Calculating wake trajectory ...
 Calculating source influence matrix ...

 Solving BL system ...

 Side 1  free  transition at x/c =  0.3973   62
 Side 2  free  transition at x/c =  0.8434   63

   1   rms: 0.1384E+00   max: -.8874E+00   C at   63  2   RLX: 0.563
       a =  6.000      CL =  0.7548
      Cm = -0.0227     CD =  0.01138   =>   CDf =  0.00547    CDp =  0.00591

 Side 1  free  transition at x/c =  0.3820   62
 Side 2  free  transition at x/c =  0.8753   63

   2   rms: 0.6104E-01   max: -.3065E+00   D at   62  1
       a =  6.000      CL =  0.7972
      Cm = -0.0216     CD =  0.01161   =>   CDf =  0.00555    CDp =  0.00606

 Side 1  free  transition at x/c =  0.3684   61
 Side 2  free  transition at x/c =  0.9214   66

   3   rms: 0.9028E-02   max: 0.8256E-01   C at   66  2
       a =  6.000      CL =  0.7902
      Cm = -0.0199     CD =  0.01174   =>   CDf =  0.00548    CDp =  0.00627

 Side 1  free  transition at x/c =  0.3688   61
 Side 2  free  transition at x/c =  0.9168   65

   4   rms: 0.1606E-02   max: -.1819E-01   D at   67  2
       a =  6.000      CL =  0.7909
      Cm = -0.0200     CD =  0.01175   =>   CDf =  0.00545    CDp =  0.00630

 Side 1  free  transition at x/c =  0.3688   61
 Side 2  free  transition at x/c =  0.9151   65

   5   rms: 0.1040E-03   max: -.1709E-02   C at   65  2
       a =  6.000      CL =  0.7909
      Cm = -0.0200     CD =  0.01175   =>   CDf =  0.00546    CDp =  0.00630

 Side 1  free  transition at x/c =  0.3688   61
 Side 2  free  transition at x/c =  0.9152   65

   6   rms: 0.6052E-06   max: 0.6321E-05   C at   65  2
       a =  6.000      CL =  0.7909
      Cm = -0.0200     CD =  0.01175   =>   CDf =  0.00546    CDp =  0.00630
 plradd ia,ip,cpol           31           0  7.97009990E-02

 Point added to stored polar  1
 Point written to save file  polar.txt                                       
 Dump file unspecified or not available
 Calculating wake trajectory ...
 Calculating source influence matrix ...

 Solving BL system ...

 Side 1  free  transition at x/c =  0.3688   61
 Side 2  free  transition at x/c =  0.9152   65

   1   rms: 0.1290E+00   max: -.4507E+00   T at   65  2
       a =  7.000      CL =  0.8787
      Cm = -0.0150     CD =  0.01244   =>   CDf =  0.00531    CDp =  0.00713

 Side 1  free  transition at x/c =  0.3372   62
 Side 2  free  transition at x/c =  0.9712   66

   2   rms: 0.2921E-01   max: -.4158E+00   D at   62  1
       a =  7.000      CL =  0.8798
      Cm = -0.0158     CD =  0.01287   =>   CDf =  0.00553    CDp =  0.00734

 Side 1  free  transition at x/c =  0.3412   62
 Side 2  free  transition at x/c =  0.9756   66

   3   rms: 0.8261E-02   max: 0.8149E-01   C at   62  1
       a =  7.000      CL =  0.8852
      Cm = -0.0169     CD =  0.01296   =>   CDf =  0.00544    CDp =  0.00752

 Side 1  free  transition at x/c =  0.3383   62
 Side 2  free  transition at x/c =  0.9706   66

   4   rms: 0.1835E-02   max: -.1966E-01   D at   67  2
       a =  7.000      CL =  0.8838
      Cm = -0.0166     CD =  0.01297   =>   CDf =  0.00548    CDp =  0.00748

 Side 1  free  transition at x/c =  0.3384   62
 Side 2  free  transition at x/c =  0.9717   66

   5   rms: 0.6308E-04   max: -.7061E-03   D at   67  2
       a =  7.000      CL =  0.8838
      Cm = -0.0166     CD =  0.01297   =>   CDf =  0.00548    CDp =  0.00749
 plradd ia,ip,cpol           32           0  6.67340234E-02

 Point added to stored polar  1
 Point written to save file  polar.txt                                       
 Dump file unspecified or not available
 Calculating wake trajectory ...
 Calculating source influence matrix ...

 Solving BL system ...

 Side 1  free  transition at x/c =  0.3384   62
 Side 2  free  transition at x/c =  0.9717   66

   1   rms: 0.1469E+00   max: -.7358E+00   D at   62  1   RLX: 0.679
       a =  8.000      CL =  0.9468
      Cm = -0.0150     CD =  0.01420   =>   CDf =  0.00548    CDp =  0.00871

 Side 1  free  transition at x/c =  0.3178   61
 Side 2 forced transition at x/c =  0.9999   68

   2   rms: 0.1306E+00   max: 0.2042E+01   C at   68  2   RLX: 0.735
       a =  8.000      CL =  1.0239
      Cm = -0.0262     CD =  0.01477   =>   CDf =  0.00551    CDp =  0.00926

 Side 1  free  transition at x/c =  0.3049   61
 Side 2  free  transition at x/c =  0.9785   66

   3   rms: 0.3901E-01   max: -.4341E+00   D at   67  2
       a =  8.000      CL =  1.0219
      Cm = -0.0237     CD =  0.01454   =>   CDf =  0.00561    CDp =  0.00893

 Side 1  free  transition at x/c =  0.3053   61
 Side 2  free  transition at x/c =  0.9961   67

   4   rms: 0.6373E-02   max: 0.7169E-01   T at   67  2
       a =  8.000      CL =  1.0240
      Cm = -0.0242     CD =  0.01466   =>   CDf =  0.00560    CDp =  0.00906

 Side 1  free  transition at x/c =  0.3045   61
 Side 2  free  transition at x/c =  0.9930   67

   5   rms: 0.8841E-03   max: -.1461E-01   D at   67  2
       a =  8.000      CL =  1.0238
      Cm = -0.0242     CD =  0.01466   =>   CDf =  0.00561    CDp =  0.00906

 Side 1  free  transition at x/c =  0.3045   61
 Side 2  free  transition at x/c =  0.9933   67

   6   rms: 0.3425E-05   max: -.5504E-04   D at   67  2
       a =  8.000      CL =  1.0238
      Cm = -0.0242     CD =  0.01466   =>   CDf =  0.00561    CDp =  0.00906
 plradd ia,ip,cpol           33           0  5.02886996E-02

 Point added to stored polar  1
 Point written to save file  polar.txt                                       
 Dump file unspecified or not available
 Calculating wake trajectory ...
 Calculating source influence matrix ...

 Solving BL system ...

 Side 1  free  transition at x/c =  0.3045   61
 Side 2  free  transition at x/c =  0.9933   67

   1   rms: 0.1617E+00   max: -.7822E+00   D at   61  1   RLX: 0.639
       a =  9.000      CL =  1.1113
      Cm = -0.0293     CD =  0.01601   =>   CDf =  0.00554    CDp =  0.01047

 Side 1  free  transition at x/c =  0.2829   61
 Side 2 forced transition at x/c =  0.9999   66

   2   rms: 0.7367E-01   max: -.5538E+00   D at   66  2   RLX: 0.903
       a =  9.000      CL =  1.0801
      Cm = -0.0174     CD =  0.01620   =>   CDf =  0.00573    CDp =  0.01047

 Side 1  free  transition at x/c =  0.2782   60
 Side 2 forced transition at x/c =  0.9999   66

   3   rms: 0.2494E-01   max: 0.3131E+00   C at   66  2
       a =  9.000      CL =  1.0899
      Cm = -0.0183     CD =  0.01611   =>   CDf =  0.00576    CDp =  0.01036

 Side 1  free  transition at x/c =  0.2771   60
 Side 2 forced transition at x/c =  0.9999   66

   4   rms: 0.1022E-01   max: 0.1377E+00   C at   66  2
       a =  9.000      CL =  1.0949
      Cm = -0.0192     CD =  0.01618   =>   CDf =  0.00571    CDp =  0.01047

 Side 1  free  transition at x/c =  0.2767   60
 Side 2 forced transition at x/c =  0.9999   66

   5   rms: 0.1321E-02   max: 0.1545E-01   C at   66  2
       a =  9.000      CL =  1.0955
      Cm = -0.0193     CD =  0.01618   =>   CDf =  0.00570    CDp =  0.01048

 Side 1  free  transition at x/c =  0.2766   60
 Side 2 forced transition at x/c =  0.9999   66

   6   rms: 0.2274E-04   max: 0.2473E-03   C at   66  2
       a =  9.000      CL =  1.0955
      Cm = -0.0193     CD =  0.01618   =>   CDf =  0.00570    CDp =  0.01048
 plradd ia,ip,cpol           34           0  4.55068201E-02

 Point added to stored polar  1
 Point written to save file  polar.txt                                       
 Dump file unspecified or not available
 Calculating wake trajectory ...
 Calculating source influence matrix ...

 Solving BL system ...

 Side 1  free  transition at x/c =  0.2766   60
 Side 2 forced transition at x/c =  0.9999   66

   1   rms: 0.1246E+00   max: -.9551E+00   C at   66  2   RLX: 0.524
       a = 10.000      CL =  1.1113
      Cm = -0.0125     CD =  0.01681   =>   CDf =  0.00563    CDp =  0.01118

 Side 1  free  transition at x/c =  0.2629   60
 Side 2 forced transition at x/c =  0.9999   65

   2   rms: 0.5686E-01   max: -.2020E+00   D at   60  1
       a = 10.000      CL =  1.1454
      Cm = -0.0103     CD =  0.01780   =>   CDf =  0.00572    CDp =  0.01208

 Side 1  free  transition at x/c =  0.2494   61
 Side 2 forced transition at x/c =  0.9999   64

   3   rms: 0.9408E-02   max: 0.7078E-01   D at   90  1
       a = 10.000      CL =  1.1365
      Cm = -0.0092     CD =  0.01817   =>   CDf =  0.00585    CDp =  0.01232

 Side 1  free  transition at x/c =  0.2515   61
 Side 2 forced transition at x/c =  0.9999   64

   4   rms: 0.8822E-03   max: -.9186E-02   D at   61  1
       a = 10.000      CL =  1.1364
      Cm = -0.0092     CD =  0.01817   =>   CDf =  0.00579    CDp =  0.01238

 Side 1  free  transition at x/c =  0.2512   61
 Side 2 forced transition at x/c =  0.9999   64

   5   rms: 0.4002E-04   max: 0.1897E-03   D at   90  1
       a = 10.000      CL =  1.1363
      Cm = -0.0092     CD =  0.01817   =>   CDf =  0.00580    CDp =  0.01237
 plradd ia,ip,cpol           35           0  3.68647017E-02

 Point added to stored polar  1
 Point written to save file  polar.txt                                       
 Dump file unspecified or not available
 Calculating wake trajectory ...
 Calculating source influence matrix ...

 Solving BL system ...

 Side 1  free  transition at x/c =  0.2512   61
 Side 2 forced transition at x/c =  0.9999   64

   1   rms: 0.1318E+00   max: -.6921E+00   D at   61  1   RLX: 0.722
       a = 11.000      CL =  1.1672
      Cm = -0.0033     CD =  0.02042   =>   CDf =  0.00581    CDp =  0.01461

 Side 1  free  transition at x/c =  0.2334   60
 Side 2 forced transition at x/c =  0.9999   64

   2   rms: 0.4311E-01   max: -.3027E+00   D at   61  1
       a = 11.000      CL =  1.1861
      Cm = -0.0027     CD =  0.02134   =>   CDf =  0.00577    CDp =  0.01557

 Side 1  free  transition at x/c =  0.2255   60
 Side 2 forced transition at x/c =  0.9999   63

   3   rms: 0.1283E-01   max: -.1297E+00   D at   60  1
       a = 11.000      CL =  1.1938
      Cm = -0.0035     CD =  0.02088   =>   CDf =  0.00584    CDp =  0.01505

 Side 1  free  transition at x/c =  0.2267   60
 Side 2 forced transition at x/c =  0.9999   63

   4   rms: 0.6863E-03   max: 0.1025E-01   C at   60  1
       a = 11.000      CL =  1.1940
      Cm = -0.0036     CD =  0.02089   =>   CDf =  0.00583    CDp =  0.01507

 Side 1  free  transition at x/c =  0.2264   60
 Side 2 forced transition at x/c =  0.9999   63

   5   rms: 0.1459E-04   max: -.1009E-03   C at   63  2
       a = 11.000      CL =  1.1940
      Cm = -0.0036     CD =  0.02089   =>   CDf =  0.00583    CDp =  0.01506
 plradd ia,ip,cpol           36           0  3.29688005E-02

 Point added to stored polar  1
 Point written to save file  polar.txt                                       
 Dump file unspecified or not available
 Calculating wake trajectory ...
 Calculating source influence matrix ...

 Solving BL system ...

 Side 1  free  transition at x/c =  0.2264   60
 Side 2 forced transition at x/c =  0.9999   63

   1   rms: 0.1242E+00   max: 0.4826E+00   C at   60  1   RLX: 0.810
       a = 12.000      CL =  1.2407
      Cm =  0.0003     CD =  0.02351   =>   CDf =  0.00572    CDp =  0.01779

 Side 1  free  transition at x/c =  0.2066   60
 Side 2 forced transition at x/c =  0.9999   62

   2   rms: 0.2806E-01   max: -.2085E+00   D at   60  1
       a = 12.000      CL =  1.2435
      Cm =  0.0015     CD =  0.02473   =>   CDf =  0.00590    CDp =  0.01882

 Side 1  free  transition at x/c =  0.2035   59
 Side 2 forced transition at x/c =  0.9999   62

   3   rms: 0.2323E-02   max: 0.3744E-01   D at   88  1
       a = 12.000      CL =  1.2425
      Cm =  0.0015     CD =  0.02476   =>   CDf =  0.00589    CDp =  0.01887

 Side 1  free  transition at x/c =  0.2030   59
 Side 2 forced transition at x/c =  0.9999   62

   4   rms: 0.1233E-03   max: -.1218E-02   D at   88  1
       a = 12.000      CL =  1.2425
      Cm =  0.0015     CD =  0.02475   =>   CDf =  0.00588    CDp =  0.01887

 Side 1  free  transition at x/c =  0.2030   59
 Side 2 forced transition at x/c =  0.9999   62

   5   rms: 0.3621E-05   max: 0.2365E-04   n at   60  2
       a = 12.000      CL =  1.2425
      Cm =  0.0015     CD =  0.02475   =>   CDf =  0.00588    CDp =  0.01887
 plradd ia,ip,cpol           37           0  2.93358658E-02

 Point added to stored polar  1
 Point written to save file  polar.txt                                       
 Dump file unspecified or not available
 Calculating wake trajectory ...
 Calculating source influence matrix ...

 Solving BL system ...

 Side 1  free  transition at x/c =  0.2030   59
 Side 2 forced transition at x/c =  0.9999   62

   1   rms: 0.1177E+00   max: -.2904E+00   C at   62  2   RLX: 0.731
       a = 13.000      CL =  1.2949
      Cm =  0.0033     CD =  0.02691   =>   CDf =  0.00576    CDp =  0.02115

 Side 1  free  transition at x/c =  0.1856   59
 Side 2 forced transition at x/c =  0.9999   61

   2   rms: 0.3768E-01   max: 0.2339E+00   D at   88  1
       a = 13.000      CL =  1.2921
      Cm =  0.0052     CD =  0.02926   =>   CDf =  0.00594    CDp =  0.02333

 Side 1  free  transition at x/c =  0.1819   59
 Side 2 forced transition at x/c =  0.9999   61

   3   rms: 0.4838E-02   max: 0.6417E-01   D at   87  1
       a = 13.000      CL =  1.2886
      Cm =  0.0054     CD =  0.02941   =>   CDf =  0.00586    CDp =  0.02355

 Side 1  free  transition at x/c =  0.1820   59
 Side 2 forced transition at x/c =  0.9999   61

   4   rms: 0.3997E-03   max: -.4024E-02   D at   87  1
       a = 13.000      CL =  1.2889
      Cm =  0.0054     CD =  0.02937   =>   CDf =  0.00585    CDp =  0.02352

 Side 1  free  transition at x/c =  0.1820   59
 Side 2 forced transition at x/c =  0.9999   61

   5   rms: 0.9200E-05   max: -.6224E-04   D at   71  2
       a = 13.000      CL =  1.2889
      Cm =  0.0054     CD =  0.02937   =>   CDf =  0.00585    CDp =  0.02352
 plradd ia,ip,cpol           38           0  2.59525813E-02

 Point added to stored polar  1
 Point written to save file  polar.txt                                       
 Dump file unspecified or not available
 Calculating wake trajectory ...
 Calculating source influence matrix ...

 Solving BL system ...

 Side 1  free  transition at x/c =  0.1820   59
 Side 2 forced transition at x/c =  0.9999   61

   1   rms: 0.1247E+00   max: -.5271E+00   D at   59  1   RLX: 0.627
       a = 14.000      CL =  1.3138
      Cm =  0.0076     CD =  0.03300   =>   CDf =  0.00586    CDp =  0.02714

 Side 1  free  transition at x/c =  0.1702   58
 Side 2 forced transition at x/c =  0.9999   61

   2   rms: 0.4566E-01   max: -.2993E+00   D at   58  1
       a = 14.000      CL =  1.3308
      Cm =  0.0083     CD =  0.03504   =>   CDf =  0.00569    CDp =  0.02935

 Side 1  free  transition at x/c =  0.1632   58
 Side 2 forced transition at x/c =  0.9999   60

   3   rms: 0.1172E-01   max: 0.9153E-01   D at   86  1
       a = 14.000      CL =  1.3206
      Cm =  0.0088     CD =  0.03575   =>   CDf =  0.00586    CDp =  0.02989

 Side 1  free  transition at x/c =  0.1633   58
 Side 2 forced transition at x/c =  0.9999   60

   4   rms: 0.1016E-02   max: 0.1526E-01   D at   85  1
       a = 14.000      CL =  1.3200
      Cm =  0.0088     CD =  0.03574   =>   CDf =  0.00583    CDp =  0.02990

 Side 1  free  transition at x/c =  0.1634   58
 Side 2 forced transition at x/c =  0.9999   60

   5   rms: 0.7235E-04   max: 0.4053E-03   D at   85  1
       a = 14.000      CL =  1.3200
      Cm =  0.0089     CD =  0.03574   =>   CDf =  0.00583    CDp =  0.02991
 plradd ia,ip,cpol           39           0  2.28075795E-02

 Point added to stored polar  1
 Point written to save file  polar.txt                                       
 Dump file unspecified or not available
 Calculating wake trajectory ...
 Calculating source influence matrix ...

 Solving BL system ...

 Side 1  free  transition at x/c =  0.1634   58
 Side 2 forced transition at x/c =  0.9999   60

   1   rms: 0.1129E+00   max: 0.3291E+00   D at   84  1   RLX: 0.567
       a = 15.000      CL =  1.3504
      Cm =  0.0096     CD =  0.03881   =>   CDf =  0.00584    CDp =  0.03297

 Side 1  free  transition at x/c =  0.1522   57
 Side 2 forced transition at x/c =  0.9999   60

   2   rms: 0.5076E-01   max: 0.2606E+00   D at   84  1
       a = 15.000      CL =  1.3577
      Cm =  0.0107     CD =  0.04246   =>   CDf =  0.00570    CDp =  0.03676

 Side 1  free  transition at x/c =  0.1466   58
 Side 2 forced transition at x/c =  0.9999   59

   3   rms: 0.1249E-01   max: 0.1075E+00   D at   84  1
       a = 15.000      CL =  1.3475
      Cm =  0.0110     CD =  0.04315   =>   CDf =  0.00576    CDp =  0.03739

 Side 1  free  transition at x/c =  0.1472   58
 Side 2 forced transition at x/c =  0.9999   59

   4   rms: 0.7488E-03   max: 0.5312E-02   D at   84  1
       a = 15.000      CL =  1.3470
      Cm =  0.0110     CD =  0.04309   =>   CDf =  0.00573    CDp =  0.03736

 Side 1  free  transition at x/c =  0.1472   58
 Side 2 forced transition at x/c =  0.9999   59

   5   rms: 0.2198E-04   max: 0.2669E-03   D at   71  2
       a = 15.000      CL =  1.3470
      Cm =  0.0110     CD =  0.04308   =>   CDf =  0.00572    CDp =  0.03736
 plradd ia,ip,cpol           40           0  1.98908821E-02

 Point added to stored polar  1
 Point written to save file  polar.txt                                       
 Dump file unspecified or not available
 Calculating wake trajectory ...
 Calculating source influence matrix ...

 Solving BL system ...

 Side 1  free  transition at x/c =  0.1472   58
 Side 2 forced transition at x/c =  0.9999   59

   1   rms: 0.1164E+00   max: 0.4458E+00   D at   82  1   RLX: 0.497
       a = 16.000      CL =  1.3612
      Cm =  0.0116     CD =  0.04725   =>   CDf =  0.00574    CDp =  0.04152

 Side 1  free  transition at x/c =  0.1395   57
 Side 2 forced transition at x/c =  0.9999   59

   2   rms: 0.5729E-01   max: 0.2789E+00   D at   83  1
       a = 16.000      CL =  1.3737
      Cm =  0.0119     CD =  0.05152   =>   CDf =  0.00555    CDp =  0.04597

 Side 1  free  transition at x/c =  0.1320   58
 Side 2 forced transition at x/c =  0.9999   58
 idif Ue xi dudx           1  6.52385354E-02  5.19859791E-03   12.549256    
 Uenew xinew           2  3.11315083E-03  2.48074532E-04

   3   rms: 0.1769E-01   max: 0.1398E+00   D at   83  1
       a = 16.000      CL =  1.3593
      Cm =  0.0122     CD =  0.05254   =>   CDf =  0.00588    CDp =  0.04665

 Side 1  free  transition at x/c =  0.1331   57
 Side 2 forced transition at x/c =  0.9999   59

   4   rms: 0.1215E-02   max: 0.1782E-01   D at   81  1
       a = 16.000      CL =  1.3588
      Cm =  0.0123     CD =  0.05238   =>   CDf =  0.00563    CDp =  0.04676

 Side 1  free  transition at x/c =  0.1331   57
 Side 2 forced transition at x/c =  0.9999   59

   5   rms: 0.2275E-03   max: 0.2586E-02   D at    4  2
       a = 16.000      CL =  1.3587
      Cm =  0.0123     CD =  0.05239   =>   CDf =  0.00562    CDp =  0.04676

 Side 1  free  transition at x/c =  0.1331   57
 Side 2 forced transition at x/c =  0.9999   59

   6   rms: 0.4159E-05   max: 0.2138E-04   D at   72  2
       a = 16.000      CL =  1.3587
      Cm =  0.0123     CD =  0.05239   =>   CDf =  0.00562    CDp =  0.04676
 plradd ia,ip,cpol           41           0  1.71940569E-02

 Point added to stored polar  1
 Point written to save file  polar.txt                                       
 Dump file unspecified or not available
 Calculating wake trajectory ...
 Calculating source influence matrix ...

 Solving BL system ...

 Side 1  free  transition at x/c =  0.1331   57
 Side 2 forced transition at x/c =  0.9999   59

   1   rms: 0.1265E+00   max: 0.6113E+00   D at   80  1   RLX: 0.434
       a = 17.000      CL =  1.3581
      Cm =  0.0123     CD =  0.05796   =>   CDf =  0.00545    CDp =  0.05251

 Side 1  free  transition at x/c =  0.1282   57
 Side 2 forced transition at x/c =  0.9999   58

   2   rms: 0.6084E-01   max: 0.2633E+00   D at   81  1
       a = 17.000      CL =  1.3794
      Cm =  0.0122     CD =  0.06203   =>   CDf =  0.00557    CDp =  0.05646

 Side 1  free  transition at x/c =  0.1200   56
 Side 2 forced transition at x/c =  0.9999   58

   3   rms: 0.2261E-01   max: 0.1600E+00   D at   80  1
       a = 17.000      CL =  1.3579
      Cm =  0.0125     CD =  0.06384   =>   CDf =  0.00558    CDp =  0.05826

 Side 1  free  transition at x/c =  0.1206   57
 Side 2 forced transition at x/c =  0.9999   58

   4   rms: 0.4162E-02   max: -.5871E-01   D at   56  1
       a = 17.000      CL =  1.3587
      Cm =  0.0125     CD =  0.06341   =>   CDf =  0.00554    CDp =  0.05787

 Side 1  free  transition at x/c =  0.1211   57
 Side 2 forced transition at x/c =  0.9999   58

   5   rms: 0.5814E-03   max: -.7231E-02   D at   57  1
       a = 17.000      CL =  1.3589
      Cm =  0.0126     CD =  0.06339   =>   CDf =  0.00550    CDp =  0.05789

 Side 1  free  transition at x/c =  0.1210   57
 Side 2 forced transition at x/c =  0.9999   58

   6   rms: 0.1677E-04   max: -.1386E-03   D at   57  1
       a = 17.000      CL =  1.3589
      Cm =  0.0126     CD =  0.06340   =>   CDf =  0.00551    CDp =  0.05790
 plradd ia,ip,cpol           42           0  1.71940569E-02

 Point added to stored polar  1
 Point written to save file  polar.txt                                       
 Dump file unspecified or not available
 Calculating wake trajectory ...
 Calculating source influence matrix ...

 Solving BL system ...

 Side 1  free  transition at x/c =  0.1210   57
 Side 2 forced transition at x/c =  0.9999   58

   1   rms: 0.1233E+00   max: 0.6205E+00   D at   78  1   RLX: 0.387
       a = 18.000      CL =  1.3534
      Cm =  0.0122     CD =  0.06916   =>   CDf =  0.00552    CDp =  0.06364

 Side 1  free  transition at x/c =  0.1169   56
 Side 2 forced transition at x/c =  0.9999   58

   2   rms: 0.6472E-01   max: -.3292E+00   D at   56  1
       a = 18.000      CL =  1.3761
      Cm =  0.0113     CD =  0.07414   =>   CDf =  0.00522    CDp =  0.06892

 Side 1  free  transition at x/c =  0.1101   56
 Side 2 forced transition at x/c =  0.9999   57

   3   rms: 0.2212E-01   max: 0.1550E+00   D at   79  1
       a = 18.000      CL =  1.3552
      Cm =  0.0115     CD =  0.07577   =>   CDf =  0.00540    CDp =  0.07037

 Side 1  free  transition at x/c =  0.1106   56
 Side 2 forced transition at x/c =  0.9999   57

   4   rms: 0.1631E-02   max: -.2080E-01   D at   79  1
       a = 18.000      CL =  1.3559
      Cm =  0.0116     CD =  0.07524   =>   CDf =  0.00534    CDp =  0.06991

 Side 1  free  transition at x/c =  0.1106   56
 Side 2 forced transition at x/c =  0.9999   57

   5   rms: 0.1231E-03   max: -.6098E-03   D at   74  2
       a = 18.000      CL =  1.3561
      Cm =  0.0116     CD =  0.07525   =>   CDf =  0.00534    CDp =  0.06991

 Side 1  free  transition at x/c =  0.1106   56
 Side 2 forced transition at x/c =  0.9999   57

   6   rms: 0.5456E-05   max: -.3488E-04   D at   71  2
       a = 18.000      CL =  1.3561
      Cm =  0.0116     CD =  0.07525   =>   CDf =  0.00534    CDp =  0.06991
 plradd ia,ip,cpol           43           0  1.47096245E-02

 Point added to stored polar  1
 Point written to save file  polar.txt                                       
 Dump file unspecified or not available
 Calculating wake trajectory ...
 Calculating source influence matrix ...

 Solving BL system ...

 Side 1  free  transition at x/c =  0.1106   56
 Side 2 forced transition at x/c =  0.9999   57

   1   rms: 0.1005E+00   max: 0.4127E+00   D at   77  1   RLX: 0.361
       a = 19.000      CL =  1.3638
      Cm =  0.0108     CD =  0.07940   =>   CDf =  0.00536    CDp =  0.07404

 Side 1  free  transition at x/c =  0.1066   56
 Side 2 forced transition at x/c =  0.9999   57

   2   rms: 0.6816E-01   max: 0.3566E+00   D at   77  1
       a = 19.000      CL =  1.3612
      Cm =  0.0093     CD =  0.08851   =>   CDf =  0.00507    CDp =  0.08343

 Side 1  free  transition at x/c =  0.1013   56
 Side 2 forced transition at x/c =  0.9999   56

   3   rms: 0.1666E-01   max: 0.1467E+00   D at   78  1
       a = 19.000      CL =  1.3488
      Cm =  0.0094     CD =  0.08847   =>   CDf =  0.00522    CDp =  0.08326

 Side 1  free  transition at x/c =  0.1014   56
 Side 2 forced transition at x/c =  0.9999   56

   4   rms: 0.1069E-02   max: -.1384E-01   D at   78  1
       a = 19.000      CL =  1.3488
      Cm =  0.0096     CD =  0.08805   =>   CDf =  0.00516    CDp =  0.08289

 Side 1  free  transition at x/c =  0.1014   56
 Side 2 forced transition at x/c =  0.9999   56

   5   rms: 0.5421E-04   max: 0.6016E-03   D at   77  1
       a = 19.000      CL =  1.3488
      Cm =  0.0096     CD =  0.08805   =>   CDf =  0.00516    CDp =  0.08289
 plradd ia,ip,cpol           44           0  1.47096245E-02

 Point added to stored polar  1
 Point written to save file  polar.txt                                       
 Dump file unspecified or not available
 Calculating wake trajectory ...
 Calculating source influence matrix ...

 Solving BL system ...

 Side 1  free  transition at x/c =  0.1014   56
 Side 2 forced transition at x/c =  0.9999   56

   1   rms: 0.9893E-01   max: 0.4682E+00   D at   76  1   RLX: 0.327
       a = 20.000      CL =  1.3519
      Cm =  0.0085     CD =  0.09257   =>   CDf =  0.00518    CDp =  0.08739

 Side 1  free  transition at x/c =  0.0983   56
 Side 2 forced transition at x/c =  0.9999   56

   2   rms: 0.6693E-01   max: 0.3442E+00   D at   76  1
       a = 20.000      CL =  1.3528
      Cm =  0.0063     CD =  0.10209   =>   CDf =  0.00511    CDp =  0.09699

 Side 1  free  transition at x/c =  0.0930   55
 Side 2 forced transition at x/c =  0.9999   56

   3   rms: 0.1759E-01   max: 0.1403E+00   D at   76  1
       a = 20.000      CL =  1.3392
      Cm =  0.0062     CD =  0.10205   =>   CDf =  0.00506    CDp =  0.09700

 Side 1  free  transition at x/c =  0.0932   55
 Side 2 forced transition at x/c =  0.9999   56

   4   rms: 0.1459E-02   max: -.1711E-01   D at   76  1
       a = 20.000      CL =  1.3396
      Cm =  0.0064     CD =  0.10141   =>   CDf =  0.00499    CDp =  0.09642

 Side 1  free  transition at x/c =  0.0932   55
 Side 2 forced transition at x/c =  0.9999   56

   5   rms: 0.7605E-04   max: -.4905E-03   D at   74  2
       a = 20.000      CL =  1.3396
      Cm =  0.0064     CD =  0.10141   =>   CDf =  0.00500    CDp =  0.09642
 plradd ia,ip,cpol           45           0  1.24317231E-02

 Point added to stored polar  1
 Point written to save file  polar.txt                                       
 Dump file unspecified or not available
 Calculating wake trajectory ...
 Calculating source influence matrix ...

 Solving BL system ...

 Side 1  free  transition at x/c =  0.0932   55
 Side 2 forced transition at x/c =  0.9999   56

   1   rms: 0.9651E-01   max: 0.4823E+00   D at   74  1   RLX: 0.300
       a = 21.000      CL =  1.3411
      Cm =  0.0051     CD =  0.10594   =>   CDf =  0.00502    CDp =  0.10093

 Side 1  free  transition at x/c =  0.0907   55
 Side 2 forced transition at x/c =  0.9999   56

   2   rms: 0.6730E-01   max: 0.3513E+00   D at   74  1
       a = 21.000      CL =  1.3424
      Cm =  0.0020     CD =  0.11644   =>   CDf =  0.00472    CDp =  0.11172

 Side 1  free  transition at x/c =  0.0859   55
 Side 2 forced transition at x/c =  0.9999   55

   3   rms: 0.1615E-01   max: 0.1399E+00   D at   75  1
       a = 21.000      CL =  1.3300
      Cm =  0.0019     CD =  0.11584   =>   CDf =  0.00489    CDp =  0.11096

 Side 1  free  transition at x/c =  0.0859   55
 Side 2 forced transition at x/c =  0.9999   55

   4   rms: 0.2334E-02   max: -.2448E-01   D at   75  1
       a = 21.000      CL =  1.3312
      Cm =  0.0022     CD =  0.11494   =>   CDf =  0.00484    CDp =  0.11010

 Side 1  free  transition at x/c =  0.0859   55
 Side 2 forced transition at x/c =  0.9999   55

   5   rms: 0.2273E-03   max: -.1018E-02   D at   74  2
       a = 21.000      CL =  1.3314
      Cm =  0.0022     CD =  0.11496   =>   CDf =  0.00484    CDp =  0.11011

 Side 1  free  transition at x/c =  0.0859   55
 Side 2 forced transition at x/c =  0.9999   55

   6   rms: 0.1433E-04   max: -.9541E-04   D at   72  2
       a = 21.000      CL =  1.3314
      Cm =  0.0022     CD =  0.11497   =>   CDf =  0.00484    CDp =  0.11012
 plradd ia,ip,cpol           46           0  1.24317231E-02

 Point added to stored polar  1
 Point written to save file  polar.txt                                       
 Dump file unspecified or not available
 Calculating wake trajectory ...
 Calculating source influence matrix ...

 Solving BL system ...

 Side 1  free  transition at x/c =  0.0859   55
 Side 2 forced transition at x/c =  0.9999   55

   1   rms: 0.9141E-01   max: 0.4198E+00   D at   73  1   RLX: 0.279
       a = 22.000      CL =  1.3347
      Cm =  0.0008     CD =  0.11899   =>   CDf =  0.00486    CDp =  0.11413

 Side 1  free  transition at x/c =  0.0838   55
 Side 2 forced transition at x/c =  0.9999   55

   2   rms: 0.7111E-01   max: 0.4078E+00   D at   74  1
       a = 22.000      CL =  1.3317
      Cm = -0.0037     CD =  0.13160   =>   CDf =  0.00479    CDp =  0.12681

 Side 1  free  transition at x/c =  0.0791   54
 Side 2 forced transition at x/c =  0.9999   55

   3   rms: 0.1058E-01   max: 0.1103E+00   D at   73  1
       a = 22.000      CL =  1.3255
      Cm = -0.0033     CD =  0.12888   =>   CDf =  0.00473    CDp =  0.12415

 Side 1  free  transition at x/c =  0.0792   54
 Side 2 forced transition at x/c =  0.9999   55

   4   rms: 0.8493E-03   max: -.4867E-02   D at   74  1
       a = 22.000      CL =  1.3261
      Cm = -0.0032     CD =  0.12830   =>   CDf =  0.00471    CDp =  0.12359

 Side 1  free  transition at x/c =  0.0792   54
 Side 2 forced transition at x/c =  0.9999   55

   5   rms: 0.8213E-04   max: -.3920E-03   D at   74  2
       a = 22.000      CL =  1.3262
      Cm = -0.0032     CD =  0.12832   =>   CDf =  0.00471    CDp =  0.12361
 plradd ia,ip,cpol           47           0  1.03551224E-02

 Point added to stored polar  1
 Point written to save file  polar.txt                                       
 Dump file unspecified or not available
 Calculating wake trajectory ...
 Calculating source influence matrix ...

 Solving BL system ...

 Side 1  free  transition at x/c =  0.0792   54
 Side 2 forced transition at x/c =  0.9999   55

   1   rms: 0.9313E-01   max: 0.4659E+00   D at   72  1   RLX: 0.260
       a = 23.000      CL =  1.3278
      Cm = -0.0049     CD =  0.13249   =>   CDf =  0.00450    CDp =  0.12799

 Side 1  free  transition at x/c =  0.0776   55
 Side 2 forced transition at x/c =  0.9999   54

   2   rms: 0.6668E-01   max: 0.3275E+00   D at   73  1
       a = 23.000      CL =  1.3371
      Cm = -0.0095     CD =  0.14341   =>   CDf =  0.00464    CDp =  0.13877

 Side 1  free  transition at x/c =  0.0730   55
 Side 2 forced transition at x/c =  0.9999   54

   3   rms: 0.1237E-01   max: 0.6530E-01   D at   73  1
       a = 23.000      CL =  1.3273
      Cm = -0.0096     CD =  0.14173   =>   CDf =  0.00461    CDp =  0.13712

 Side 1  free  transition at x/c =  0.0733   55
 Side 2 forced transition at x/c =  0.9999   54

   4   rms: 0.8429E-03   max: 0.7507E-02   D at   72  2
       a = 23.000      CL =  1.3272
      Cm = -0.0094     CD =  0.14106   =>   CDf =  0.00456    CDp =  0.13650

 Side 1  free  transition at x/c =  0.0733   55
 Side 2 forced transition at x/c =  0.9999   54

   5   rms: 0.4764E-04   max: 0.2861E-03   D at   72  2
       a = 23.000      CL =  1.3273
      Cm = -0.0094     CD =  0.14105   =>   CDf =  0.00456    CDp =  0.13649
 plradd ia,ip,cpol           48           0  1.03551224E-02

 Point added to stored polar  1
 Point written to save file  polar.txt                                       
 Dump file unspecified or not available
 Calculating wake trajectory ...
 Calculating source influence matrix ...

 Solving BL system ...

 Side 1  free  transition at x/c =  0.0733   55
 Side 2 forced transition at x/c =  0.9999   54

   1   rms: 0.8914E-01   max: 0.3492E+00   D at   71  1   RLX: 0.245
       a = 24.000      CL =  1.3301
      Cm = -0.0109     CD =  0.14445   =>   CDf =  0.00458    CDp =  0.13987

 Side 1  free  transition at x/c =  0.0720   54
 Side 2 forced transition at x/c =  0.9999   54

   2   rms: 0.7876E-01   max: 0.4794E+00   D at   71  1
       a = 24.000      CL =  1.3248
      Cm = -0.0182     CD =  0.16029   =>   CDf =  0.00433    CDp =  0.15596

 Side 1  free  transition at x/c =  0.0675   55
 Side 2 forced transition at x/c =  0.9999   53

   3   rms: 0.1641E-01   max: -.1635E+00   D at   55  1
       a = 24.000      CL =  1.3236
      Cm = -0.0171     CD =  0.15496   =>   CDf =  0.00439    CDp =  0.15057

 Side 1  free  transition at x/c =  0.0680   55
 Side 2 forced transition at x/c =  0.9999   53

   4   rms: 0.5613E-02   max: -.3328E-01   D at   72  1
       a = 24.000      CL =  1.3276
      Cm = -0.0168     CD =  0.15372   =>   CDf =  0.00436    CDp =  0.14936

 Side 1  free  transition at x/c =  0.0679   55
 Side 2 forced transition at x/c =  0.9999   53

   5   rms: 0.5990E-03   max: -.2902E-02   D at   73  2
       a = 24.000      CL =  1.3280
      Cm = -0.0168     CD =  0.15392   =>   CDf =  0.00438    CDp =  0.14954

 Side 1  free  transition at x/c =  0.0679   55
 Side 2 forced transition at x/c =  0.9999   53

   6   rms: 0.4456E-04   max: -.3051E-03   D at   70  2
       a = 24.000      CL =  1.3281
      Cm = -0.0168     CD =  0.15395   =>   CDf =  0.00438    CDp =  0.14957
 plradd ia,ip,cpol           49           0  8.47558491E-03

 Point added to stored polar  1
 Point written to save file  polar.txt                                       
 Dump file unspecified or not available
 Calculating wake trajectory ...
 Calculating source influence matrix ...

 Solving BL system ...

 Side 1  free  transition at x/c =  0.0679   55
 Side 2 forced transition at x/c =  0.9999   53

   1   rms: 0.8801E-01   max: 0.3892E+00   D at   71  1   RLX: 0.231
       a = 25.000      CL =  1.3301
      Cm = -0.0186     CD =  0.15748   =>   CDf =  0.00440    CDp =  0.15307

 Side 1  free  transition at x/c =  0.0668   55
 Side 2 forced transition at x/c =  0.9999   53

   2   rms: 0.6912E-01   max: 0.3280E+00   T at   55  1
       a = 25.000      CL =  1.3596
      Cm = -0.0222     CD =  0.16395   =>   CDf =  0.00418    CDp =  0.15976

 Side 1  free  transition at x/c =  0.0629   55
 Side 2 forced transition at x/c =  0.9999   52
 idif Ue xi dudx           1  5.95657118E-02  7.07018375E-03   8.4249172    
 Uenew xinew           2  3.43179004E-03  4.07338142E-04

   3   rms: 0.4726E-01   max: -.3570E+00   D at   55  1
       a = 25.000      CL =  1.3344
      Cm = -0.0252     CD =  0.16791   =>   CDf =  0.00458    CDp =  0.16333

 Side 1  free  transition at x/c =  0.0633   54
 Side 2 forced transition at x/c =  0.9999   53

   4   rms: 0.5237E-02   max: 0.7761E-01   D at   71  1
       a = 25.000      CL =  1.3334
      Cm = -0.0248     CD =  0.16609   =>   CDf =  0.00422    CDp =  0.16187

 Side 1  free  transition at x/c =  0.0631   54
 Side 2 forced transition at x/c =  0.9999   53

   5   rms: 0.7266E-03   max: -.4518E-02   D at   71  1
       a = 25.000      CL =  1.3340
      Cm = -0.0248     CD =  0.16608   =>   CDf =  0.00422    CDp =  0.16186

 Side 1  free  transition at x/c =  0.0631   54
 Side 2 forced transition at x/c =  0.9999   53

   6   rms: 0.5539E-04   max: -.3261E-03   D at   71  2
       a = 25.000      CL =  1.3340
      Cm = -0.0248     CD =  0.16611   =>   CDf =  0.00423    CDp =  0.16189
 plradd ia,ip,cpol           50           0  8.47558491E-03

 Point added to stored polar  1
 Point written to save file  polar.txt                                       
 Dump file unspecified or not available

.OPERva   c>  
 Polar accumulation disabled

.OPERv   c>  
 XFOIL   c>  