
 ===================================================
  XFOIL Version 6.99
  Copyright (C) 2000   Mark Drela, Harold Youngren

  This software comes with ABSOLUTELY NO WARRANTY,
    subject to the GNU General Public License.

  Caveat computor
 ===================================================

 File  xfoil.def  not found

   QUIT    Exit program

  .OPER    Direct operating point(s)
  .MDES    Complex mapping design routine
  .QDES    Surface speed design routine
  .GDES    Geometry design routine

   SAVE f  Write airfoil to labeled coordinate file
   PSAV f  Write airfoil to plain coordinate file
   ISAV f  Write airfoil to ISES coordinate file
   MSAV f  Write airfoil to MSES coordinate file
   REVE    Reverse written-airfoil node ordering

   LOAD f  Read buffer airfoil from coordinate file
   NACA i  Set NACA 4,5-digit airfoil and buffer airfoil
   INTE    Set buffer airfoil by interpolating two airfoils
   NORM    Buffer airfoil normalization toggle
   XYCM rr Change CM reference location, currently  0.25000 0.00000

   BEND    Display structural properties of current airfoil

   PCOP    Set current-airfoil panel nodes directly from buffer airfoil points
   PANE    Set current-airfoil panel nodes ( 160 ) based on curvature
  .PPAR    Show/change paneling

  .PLOP    Plotting options

   WDEF f  Write  current-settings file
   RDEF f  Reread current-settings file
   NAME s  Specify new airfoil name
   NINC    Increment name version number

   Z       Zoom    | (available in all menus)
   U       Unzoom  | 

 XFOIL   c>  
 Labeled airfoil file.  Name:  NACA 64A223 SURROGATE - 23 pct thickness, 2 pct 

 Number of input coordinate points: 321
 Counterclockwise ordering
 Max thickness =     0.230159  at x =   0.295
 Max camber    =     0.016567  at x =   0.460

  LE  x,y  =  -0.00028   0.00600  |   Chord =   1.00030
  TE  x,y  =   1.00000   0.00000  |

 Current airfoil nodes set from buffer airfoil nodes ( 321 )

 XFOIL   c>  
 Blunt trailing edge.  Gap =  0.00483

 Paneling parameters used...
   Number of panel nodes       160
   Panel bunching parameter    1.000
   TE/LE panel density ratio   0.150
   Refined-area/LE panel density ratio    0.200
   Top    side refined area x/c limits  1.000 1.000
   Bottom side refined area x/c limits  1.000 1.000

 XFOIL   c>  
.OPERi   c>  
 M  =    0.0000
 Re =    600000

.OPERv   c>  
.OPERv   c>  
.OPERv   c>  
 Polar  1 newly created for accumulation
 Airfoil archived with polar: NACA 64A223 SURROGATE - 23 pct thickness, 2 pct 

Enter  polar save filename  OR  <return> for no file   s>  
 New polar save file available

Enter  polar dump filename  OR  <return> for no file   s>  
 Polar dump file will NOT be written

 Polar accumulation enabled

.OPERva   c>   Calculating unit vorticity distributions ...
 Calculating wake trajectory ...
 Calculating source influence matrix ...

 Solving BL system ...

 Initializing BL ...
    side            1  ...
 MRCHUE: Inverse mode at  43     Hk =   3.937
 MRCHUE: Inverse mode at  44     Hk =   4.659
 MRCHUE: Inverse mode at  45     Hk =   5.307
 MRCHUE: Convergence failed at  46  side 1    Res =  0.3171E+01
 MRCHUE: Inverse mode at  47     Hk =   5.659
    side            2  ...
 MRCHUE: Inverse mode at  53     Hk =   4.160
 MRCHUE: Inverse mode at  54     Hk =   5.127
 MRCHUE: Inverse mode at  55     Hk =   6.086
 MRCHUE: Inverse mode at  56     Hk =   7.049
 MRCHUE: Inverse mode at  57     Hk =   8.024
 MRCHUE: Inverse mode at  58     Hk =   9.017
 MRCHUE: Inverse mode at  59     Hk =   7.789
 MRCHUE: Inverse mode at  60     Hk =   3.851
 MRCHUE: Inverse mode at  61     Hk =   2.500
 MRCHUE: Inverse mode at  87     Hk =   2.500
 MRCHUE: Inverse mode at  88     Hk =   2.500
 MRCHUE: Inverse mode at  89     Hk =   2.500
 MRCHUE: Inverse mode at  90     Hk =   2.500
 MRCHUE: Inverse mode at  91     Hk =   2.500
 MRCHUE: Inverse mode at  92     Hk =   2.500
 MRCHUE: Inverse mode at  93     Hk =   2.500
 MRCHUE: Inverse mode at  94     Hk =   2.500
 MRCHUE: Inverse mode at  95     Hk =   2.500
 MRCHUE: Inverse mode at  96     Hk =   2.500
 MRCHUE: Inverse mode at  97     Hk =   2.500
 MRCHUE: Inverse mode at  98     Hk =   2.500
 MRCHUE: Inverse mode at  99     Hk =   2.500
 MRCHUE: Inverse mode at 100     Hk =   2.500
 MRCHUE: Inverse mode at 101     Hk =   2.500
 MRCHUE: Inverse mode at 102     Hk =   2.500
 MRCHUE: Convergence failed at 103  side 2    Res =  0.6047E+01
 MRCHUE: Inverse mode at 104     Hk =   2.500
 MRCHUE: Inverse mode at 105     Hk =   2.500
 MRCHUE: Inverse mode at 106     Hk =   2.500
 MRCHUE: Inverse mode at 107     Hk =   2.500
 MRCHUE: Inverse mode at 108     Hk =   2.500
 MRCHUE: Convergence failed at 108  side 2    Res =  0.2892E-01
 MRCHUE: Convergence failed at 109  side 2    Res =  0.6665E+01
 MRCHUE: Inverse mode at 110     Hk =   2.500
 MRCHUE: Inverse mode at 111     Hk =   2.500
 MRCHUE: Convergence failed at 112  side 2    Res =  0.5123E+01
 MRCHUE: Inverse mode at 113     Hk =   2.500
 MRCHUE: Convergence failed at 114  side 2    Res =  0.5573E+01
 MRCHUE: Convergence failed at 115  side 2    Res =  0.5861E+01

 MRCHDU: Convergence failed at  46  side 1    Res =  0.3574E+01
 MRCHDU: Convergence failed at  47  side 1    Res =  0.4976E+01
 MRCHDU: Convergence failed at 103  side 2    Res =  0.1297E+01
 MRCHDU: Convergence failed at 104  side 2    Res =  0.1403E+01
 MRCHDU: Convergence failed at 105  side 2    Res =  0.1572E+01
 MRCHDU: Convergence failed at 106  side 2    Res =  0.1676E+01
 MRCHDU: Convergence failed at 107  side 2    Res =  0.1785E+01
 MRCHDU: Convergence failed at 108  side 2    Res =  0.1902E+01
 MRCHDU: Convergence failed at 109  side 2    Res =  0.3774E+01
 MRCHDU: Convergence failed at 110  side 2    Res =  0.3681E+01
 MRCHDU: Convergence failed at 111  side 2    Res =  0.3600E+01
 MRCHDU: Convergence failed at 112  side 2    Res =  0.1168E+02
 MRCHDU: Convergence failed at 113  side 2    Res =  0.1234E+02
 MRCHDU: Convergence failed at 114  side 2    Res =  0.1387E+02
 MRCHDU: Convergence failed at 115  side 2    Res =  0.1495E+02
 Side 1 forced transition at x/c =  1.0001   47
 Side 2  free  transition at x/c =  0.0419   59

   1   rms: 0.1367E+01   max: -.1159E+02   C at   47  1   RLX: 0.043
       a =-25.000      CL = -3.2376
      Cm =  0.2276     CD =  0.00462   =>   CDf =  0.00673    CDp = -0.00211

 Side 1 forced transition at x/c =  1.0001   47
 Side 2  free  transition at x/c =  0.0421   59

   2   rms: 0.1028E+01   max: -.8323E+01   C at   47  1   RLX: 0.060
       a =-25.000      CL = -3.1921
      Cm =  0.2123     CD =  0.00531   =>   CDf =  0.00732    CDp = -0.00201

 Side 1 forced transition at x/c =  1.0001   48
 Side 2  free  transition at x/c =  0.0423   58

   3   rms: 0.1158E+01   max: -.9631E+01   D at    2  1   RLX: 0.052
       a =-25.000      CL = -3.1626
      Cm =  0.2045     CD =  0.00622   =>   CDf =  0.00678    CDp = -0.00057

 Side 1 forced transition at x/c =  1.0001   48
 Side 2  free  transition at x/c =  0.0425   58

   4   rms: 0.1021E+01   max: -.6010E+01   C at   48  1   RLX: 0.083
       a =-25.000      CL = -3.1169
      Cm =  0.1944     CD =  0.00785   =>   CDf =  0.00667    CDp =  0.00118

 Side 1 forced transition at x/c =  1.0001   48
 Side 2  free  transition at x/c =  0.0427   58

   5   rms: 0.1254E+01   max: -.5636E+01   C at   48  1   RLX: 0.089
       a =-25.000      CL = -3.0739
      Cm =  0.1938     CD =  0.01053   =>   CDf =  0.00649    CDp =  0.00403

 Side 1 forced transition at x/c =  1.0001   48
 Side 2  free  transition at x/c =  0.0428   58

   6   rms: 0.1449E+01   max: 0.5798E+01   D at  120  2   RLX: 0.090
       a =-25.000      CL = -3.0111
      Cm =  0.1975     CD =  0.01466   =>   CDf =  0.00627    CDp =  0.00840

 Side 1 forced transition at x/c =  1.0001   48
 Side 2  free  transition at x/c =  0.0430   58

   7   rms: 0.1583E+01   max: 0.6084E+01   D at  122  2   RLX: 0.092
       a =-25.000      CL = -2.8982
      Cm =  0.1992     CD =  0.02021   =>   CDf =  0.00606    CDp =  0.01415

 Side 1 forced transition at x/c =  1.0001   48
 Side 2  free  transition at x/c =  0.0434   59

   8   rms: 0.1881E+01   max: 0.6132E+01   D at  124  2   RLX: 0.101
       a =-25.000      CL = -2.6979
      Cm =  0.1875     CD =  0.02844   =>   CDf =  0.00621    CDp =  0.02223

 Side 1 forced transition at x/c =  1.0001   49
 Side 2  free  transition at x/c =  0.0444   58

   9   rms: 0.1402E+01   max: 0.4056E+01   D at  125  2   RLX: 0.299
       a =-25.000      CL = -2.1703
      Cm =  0.1358     CD =  0.05447   =>   CDf =  0.00618    CDp =  0.04829

 MRCHDU: Convergence failed at 122  side 2    Res =  0.2719E+01
 MRCHDU: Convergence failed at 123  side 2    Res =  0.1883E+01
 MRCHDU: Convergence failed at 124  side 2    Res =  0.1336E+01
 Side 1 forced transition at x/c =  1.0001   51
 Side 2  free  transition at x/c =  0.0465   56

  10   rms: 0.6810E+00   max: 0.1996E+01   D at  120  2   RLX: 0.484
       a =-25.000      CL = -1.6482
      Cm =  0.0413     CD =  0.08884   =>   CDf =  0.00557    CDp =  0.08327

 Side 1 forced transition at x/c =  1.0001   53
 Side 2  free  transition at x/c =  0.0505   55

  11   rms: 0.5243E+00   max: 0.1610E+01   D at   75  2   RLX: 0.777
       a =-25.000      CL = -1.1497
      Cm = -0.0171     CD =  0.15601   =>   CDf =  0.00530    CDp =  0.15070

 Side 1 forced transition at x/c =  1.0001   56
 Side 2  free  transition at x/c =  0.0544   53

  12   rms: 0.9013E-01   max: 0.6382E+00   D at   70  2
       a =-25.000      CL = -1.0668
      Cm = -0.0316     CD =  0.16151   =>   CDf =  0.00403    CDp =  0.15748

 Side 1 forced transition at x/c =  1.0001   56
 Side 2  free  transition at x/c =  0.0555   53

  13   rms: 0.1351E-01   max: -.1228E+00   D at   70  2
       a =-25.000      CL = -1.0722
      Cm = -0.0326     CD =  0.15457   =>   CDf =  0.00389    CDp =  0.15068

 Side 1 forced transition at x/c =  1.0001   56
 Side 2  free  transition at x/c =  0.0556   53

  14   rms: 0.1227E-02   max: 0.1534E-01   D at  124  2
       a =-25.000      CL = -1.0726
      Cm = -0.0328     CD =  0.15401   =>   CDf =  0.00392    CDp =  0.15009

 Side 1 forced transition at x/c =  1.0001   56
 Side 2  free  transition at x/c =  0.0556   53

  15   rms: 0.1089E-03   max: -.8853E-03   D at  124  2
       a =-25.000      CL = -1.0727
      Cm = -0.0328     CD =  0.15408   =>   CDf =  0.00392    CDp =  0.15016

 Side 1 forced transition at x/c =  1.0001   56
 Side 2  free  transition at x/c =  0.0556   53

  16   rms: 0.6341E-05   max: -.4493E-04   D at  124  2
       a =-25.000      CL = -1.0727
      Cm = -0.0328     CD =  0.15408   =>   CDf =  0.00392    CDp =  0.15016
 plradd ia,ip,cpol            1           0  9.07668099E-03

 Point added to stored polar  1
 Point written to save file  polar.txt                                       
 Dump file unspecified or not available
 Calculating wake trajectory ...
 Calculating source influence matrix ...

 Solving BL system ...

 Side 1 forced transition at x/c =  1.0001   56
 Side 2  free  transition at x/c =  0.0556   53

   1   rms: 0.9613E-01   max: -.5715E+00   D at   67  2   RLX: 0.292
       a =-24.000      CL = -1.0753
      Cm = -0.0362     CD =  0.14796   =>   CDf =  0.00407    CDp =  0.14389

 Side 1 forced transition at x/c =  1.0001   57
 Side 2  free  transition at x/c =  0.0566   52

   2   rms: 0.8986E-01   max: -.5525E+00   D at   66  2   RLX: 0.905
       a =-24.000      CL = -1.0949
      Cm = -0.0455     CD =  0.13292   =>   CDf =  0.00400    CDp =  0.12892

 Side 1 forced transition at x/c =  1.0001   57
 Side 2  free  transition at x/c =  0.0592   53

   3   rms: 0.3469E-01   max: 0.2643E+00   D at   70  2
       a =-24.000      CL = -1.0840
      Cm = -0.0428     CD =  0.13936   =>   CDf =  0.00420    CDp =  0.13517

 Side 1 forced transition at x/c =  1.0001   57
 Side 2  free  transition at x/c =  0.0588   53

   4   rms: 0.7844E-02   max: 0.8578E-01   D at   69  2
       a =-24.000      CL = -1.0797
      Cm = -0.0424     CD =  0.13995   =>   CDf =  0.00414    CDp =  0.13580

 Side 1 forced transition at x/c =  1.0001   57
 Side 2  free  transition at x/c =  0.0588   53

   5   rms: 0.5795E-03   max: 0.3663E-02   D at  122  2
       a =-24.000      CL = -1.0794
      Cm = -0.0425     CD =  0.13949   =>   CDf =  0.00413    CDp =  0.13536

 Side 1 forced transition at x/c =  1.0001   57
 Side 2  free  transition at x/c =  0.0588   53

   6   rms: 0.2920E-04   max: -.2261E-03   D at  107  2
       a =-24.000      CL = -1.0794
      Cm = -0.0425     CD =  0.13947   =>   CDf =  0.00413    CDp =  0.13534
 plradd ia,ip,cpol            2           0  1.10394033E-02

 Point added to stored polar  1
 Point written to save file  polar.txt                                       
 Dump file unspecified or not available
 Calculating wake trajectory ...
 Calculating source influence matrix ...

 Solving BL system ...

 Side 1 forced transition at x/c =  1.0001   57
 Side 2  free  transition at x/c =  0.0588   53

   1   rms: 0.8015E-01   max: -.2768E+00   D at   68  2   RLX: 0.309
       a =-23.000      CL = -1.0725
      Cm = -0.0446     CD =  0.13557   =>   CDf =  0.00411    CDp =  0.13146

 Side 1 forced transition at x/c =  1.0001   57
 Side 2  free  transition at x/c =  0.0598   53

   2   rms: 0.6509E-01   max: -.3730E+00   D at   68  2
       a =-23.000      CL = -1.0752
      Cm = -0.0517     CD =  0.12332   =>   CDf =  0.00429    CDp =  0.11902

 Side 1 forced transition at x/c =  1.0001   58
 Side 2  free  transition at x/c =  0.0621   52
 idif Ue xi dudx           1  6.10154308E-02  6.39533997E-03   9.5406075    
 Uenew xinew           2  7.65422417E-04  8.02278519E-05

   3   rms: 0.1795E-01   max: -.1201E+00   D at   52  2
       a =-23.000      CL = -1.0840
      Cm = -0.0513     CD =  0.12464   =>   CDf =  0.00413    CDp =  0.12051

 Side 1 forced transition at x/c =  1.0001   57
 Side 2  free  transition at x/c =  0.0623   53

   4   rms: 0.5300E-02   max: 0.6697E-01   T at    2  2
       a =-23.000      CL = -1.0870
      Cm = -0.0514     CD =  0.12468   =>   CDf =  0.00432    CDp =  0.12036

 Side 1 forced transition at x/c =  1.0001   57
 Side 2  free  transition at x/c =  0.0622   53

   5   rms: 0.2464E-03   max: -.1466E-02   D at  121  2
       a =-23.000      CL = -1.0873
      Cm = -0.0514     CD =  0.12479   =>   CDf =  0.00433    CDp =  0.12046

 Side 1 forced transition at x/c =  1.0001   57
 Side 2  free  transition at x/c =  0.0622   53

   6   rms: 0.8287E-05   max: -.7898E-04   D at  122  2
       a =-23.000      CL = -1.0873
      Cm = -0.0514     CD =  0.12480   =>   CDf =  0.00433    CDp =  0.12047
 plradd ia,ip,cpol            3           0  1.10394033E-02

 Point added to stored polar  1
 Point written to save file  polar.txt                                       
 Dump file unspecified or not available
 Calculating wake trajectory ...
 Calculating source influence matrix ...

 Solving BL system ...

 Side 1 forced transition at x/c =  1.0001   57
 Side 2  free  transition at x/c =  0.0622   53

   1   rms: 0.9918E-01   max: -.5845E+00   D at   69  2   RLX: 0.345
       a =-22.000      CL = -1.0919
      Cm = -0.0549     CD =  0.11796   =>   CDf =  0.00449    CDp =  0.11346

 Side 1 forced transition at x/c =  1.0001   58
 Side 2  free  transition at x/c =  0.0633   53

   2   rms: 0.7185E-01   max: -.2821E+00   T at   53  2
       a =-22.000      CL = -1.0503
      Cm = -0.0546     CD =  0.11781   =>   CDf =  0.00445    CDp =  0.11336

 Side 1 forced transition at x/c =  1.0001   58
 Side 2  free  transition at x/c =  0.0668   53

   3   rms: 0.5151E-01   max: -.3405E+00   D at   70  2
       a =-22.000      CL = -1.0788
      Cm = -0.0584     CD =  0.11104   =>   CDf =  0.00426    CDp =  0.10679

 Side 1 forced transition at x/c =  1.0001   58
 Side 2  free  transition at x/c =  0.0658   53

   4   rms: 0.1070E-01   max: -.1111E+00   D at   69  2
       a =-22.000      CL = -1.0874
      Cm = -0.0584     CD =  0.11146   =>   CDf =  0.00443    CDp =  0.10704

 Side 1 forced transition at x/c =  1.0001   58
 Side 2  free  transition at x/c =  0.0656   53

   5   rms: 0.6418E-03   max: -.7831E-02   D at   69  2
       a =-22.000      CL = -1.0878
      Cm = -0.0583     CD =  0.11175   =>   CDf =  0.00444    CDp =  0.10730

 Side 1 forced transition at x/c =  1.0001   58
 Side 2  free  transition at x/c =  0.0656   53

   6   rms: 0.3567E-04   max: 0.1937E-03   D at  106  2
       a =-22.000      CL = -1.0878
      Cm = -0.0583     CD =  0.11175   =>   CDf =  0.00444    CDp =  0.10731
 plradd ia,ip,cpol            4           0  1.10394033E-02

 Point added to stored polar  1
 Point written to save file  polar.txt                                       
 Dump file unspecified or not available
 Calculating wake trajectory ...
 Calculating source influence matrix ...

 Solving BL system ...

 Side 1 forced transition at x/c =  1.0001   58
 Side 2  free  transition at x/c =  0.0656   53

   1   rms: 0.8981E-01   max: -.4656E+00   D at   70  2   RLX: 0.374
       a =-21.000      CL = -1.0873
      Cm = -0.0611     CD =  0.10568   =>   CDf =  0.00442    CDp =  0.10126

 Side 1 forced transition at x/c =  1.0001   58
 Side 2  free  transition at x/c =  0.0670   53

   2   rms: 0.5956E-01   max: -.3234E+00   D at   70  2
       a =-21.000      CL = -1.0903
      Cm = -0.0657     CD =  0.09614   =>   CDf =  0.00470    CDp =  0.09144

 Side 1 forced transition at x/c =  1.0001   59
 Side 2  free  transition at x/c =  0.0693   53

   3   rms: 0.1113E-01   max: -.7490E-01   D at   69  2
       a =-21.000      CL = -1.0995
      Cm = -0.0654     CD =  0.09684   =>   CDf =  0.00472    CDp =  0.09212

 Side 1 forced transition at x/c =  1.0001   59
 Side 2  free  transition at x/c =  0.0693   53

   4   rms: 0.1333E-02   max: -.6043E-02   D at  118  2
       a =-21.000      CL = -1.1007
      Cm = -0.0654     CD =  0.09691   =>   CDf =  0.00472    CDp =  0.09219

 Side 1 forced transition at x/c =  1.0001   59
 Side 2  free  transition at x/c =  0.0692   53

   5   rms: 0.8364E-04   max: -.5651E-03   D at  118  2
       a =-21.000      CL = -1.1008
      Cm = -0.0653     CD =  0.09693   =>   CDf =  0.00473    CDp =  0.09221
 plradd ia,ip,cpol            5           0  1.32038509E-02

 Point added to stored polar  1
 Point written to save file  polar.txt                                       
 Dump file unspecified or not available
 Calculating wake trajectory ...
 Calculating source influence matrix ...

 Solving BL system ...

 Side 1 forced transition at x/c =  1.0001   59
 Side 2  free  transition at x/c =  0.0692   53

   1   rms: 0.8812E-01   max: -.3972E+00   T at   53  2   RLX: 0.409
       a =-20.000      CL = -1.0912
      Cm = -0.0667     CD =  0.09283   =>   CDf =  0.00470    CDp =  0.08813

 Side 1 forced transition at x/c =  1.0001   59
 Side 2  free  transition at x/c =  0.0716   53

   2   rms: 0.6434E-01   max: -.3815E+00   D at   71  2
       a =-20.000      CL = -1.1019
      Cm = -0.0715     CD =  0.08235   =>   CDf =  0.00463    CDp =  0.07772

 Side 1 forced transition at x/c =  1.0001   59
 Side 2  free  transition at x/c =  0.0733   53

   3   rms: 0.1042E-01   max: -.1111E+00   D at   71  2
       a =-20.000      CL = -1.1097
      Cm = -0.0711     CD =  0.08314   =>   CDf =  0.00484    CDp =  0.07830

 Side 1 forced transition at x/c =  1.0001   59
 Side 2  free  transition at x/c =  0.0733   53

   4   rms: 0.6079E-03   max: -.8339E-02   D at   71  2
       a =-20.000      CL = -1.1102
      Cm = -0.0710     CD =  0.08326   =>   CDf =  0.00484    CDp =  0.07842

 Side 1 forced transition at x/c =  1.0001   59
 Side 2  free  transition at x/c =  0.0733   53

   5   rms: 0.1852E-04   max: 0.1413E-03   D at  105  2
       a =-20.000      CL = -1.1102
      Cm = -0.0710     CD =  0.08327   =>   CDf =  0.00484    CDp =  0.07842
 plradd ia,ip,cpol            6           0  1.32038509E-02

 Point added to stored polar  1
 Point written to save file  polar.txt                                       
 Dump file unspecified or not available
 Calculating wake trajectory ...
 Calculating source influence matrix ...

 Solving BL system ...

 Side 1 forced transition at x/c =  1.0001   59
 Side 2  free  transition at x/c =  0.0733   53

   1   rms: 0.9719E-01   max: -.4787E+00   D at   73  2   RLX: 0.470
       a =-19.000      CL = -1.1089
      Cm = -0.0737     CD =  0.07647   =>   CDf =  0.00482    CDp =  0.07165

 Side 1 forced transition at x/c =  1.0001   59
 Side 2  free  transition at x/c =  0.0750   53

   2   rms: 0.5707E-01   max: -.2983E+00   D at   73  2
       a =-19.000      CL = -1.1113
      Cm = -0.0766     CD =  0.06927   =>   CDf =  0.00521    CDp =  0.06406

 Side 1 forced transition at x/c =  1.0001   60
 Side 2  free  transition at x/c =  0.0778   53

   3   rms: 0.1511E-01   max: 0.2033E+00   D at   53  2
       a =-19.000      CL = -1.1228
      Cm = -0.0759     CD =  0.06966   =>   CDf =  0.00503    CDp =  0.06463

 Side 1 forced transition at x/c =  1.0001   60
 Side 2  free  transition at x/c =  0.0774   53

   4   rms: 0.1040E-02   max: 0.9059E-02   D at   53  2
       a =-19.000      CL = -1.1225
      Cm = -0.0759     CD =  0.06968   =>   CDf =  0.00504    CDp =  0.06464

 Side 1 forced transition at x/c =  1.0001   60
 Side 2  free  transition at x/c =  0.0773   53

   5   rms: 0.1172E-03   max: 0.5178E-03   D at   75  2
       a =-19.000      CL = -1.1224
      Cm = -0.0759     CD =  0.06968   =>   CDf =  0.00504    CDp =  0.06464

 Side 1 forced transition at x/c =  1.0001   60
 Side 2  free  transition at x/c =  0.0773   53

   6   rms: 0.5988E-05   max: 0.1890E-04   D at  119  2
       a =-19.000      CL = -1.1224
      Cm = -0.0759     CD =  0.06968   =>   CDf =  0.00504    CDp =  0.06464
 plradd ia,ip,cpol            7           0  1.32038509E-02

 Point added to stored polar  1
 Point written to save file  polar.txt                                       
 Dump file unspecified or not available
 Calculating wake trajectory ...
 Calculating source influence matrix ...

 Solving BL system ...

 Side 1 forced transition at x/c =  1.0001   60
 Side 2  free  transition at x/c =  0.0773   53

   1   rms: 0.1082E+00   max: -.5424E+00   D at   74  2   RLX: 0.544
       a =-18.000      CL = -1.1250
      Cm = -0.0787     CD =  0.06184   =>   CDf =  0.00502    CDp =  0.05682

 Side 1 forced transition at x/c =  1.0001   60
 Side 2  free  transition at x/c =  0.0797   53

   2   rms: 0.5270E-01   max: -.2750E+00   D at   74  2
       a =-18.000      CL = -1.1260
      Cm = -0.0802     CD =  0.05665   =>   CDf =  0.00517    CDp =  0.05148

 Side 1 forced transition at x/c =  1.0001   60
 Side 2  free  transition at x/c =  0.0817   53

   3   rms: 0.3285E-02   max: -.2716E-01   D at   74  2
       a =-18.000      CL = -1.1262
      Cm = -0.0797     CD =  0.05747   =>   CDf =  0.00534    CDp =  0.05213

 Side 1 forced transition at x/c =  1.0001   60
 Side 2  free  transition at x/c =  0.0818   53

   4   rms: 0.1007E-03   max: 0.5397E-03   D at  117  2
       a =-18.000      CL = -1.1263
      Cm = -0.0797     CD =  0.05745   =>   CDf =  0.00532    CDp =  0.05213

 Side 1 forced transition at x/c =  1.0001   60
 Side 2  free  transition at x/c =  0.0818   53

   5   rms: 0.2613E-05   max: 0.1073E-04   T at  114  2
       a =-18.000      CL = -1.1263
      Cm = -0.0797     CD =  0.05745   =>   CDf =  0.00532    CDp =  0.05213
 plradd ia,ip,cpol            8           0  1.55727854E-02

 Point added to stored polar  1
 Point written to save file  polar.txt                                       
 Dump file unspecified or not available
 Calculating wake trajectory ...
 Calculating source influence matrix ...

 Solving BL system ...

 Side 1 forced transition at x/c =  1.0001   60
 Side 2  free  transition at x/c =  0.0818   53

   1   rms: 0.1061E+00   max: 0.4546E+00   C at   53  2   RLX: 0.615
       a =-17.000      CL = -1.1137
      Cm = -0.0817     CD =  0.05100   =>   CDf =  0.00552    CDp =  0.04548

 Side 1 forced transition at x/c =  1.0001   61
 Side 2  free  transition at x/c =  0.0857   53

   2   rms: 0.5800E-01   max: 0.3239E+00   D at   53  2
       a =-17.000      CL = -1.1363
      Cm = -0.0824     CD =  0.04491   =>   CDf =  0.00531    CDp =  0.03959

 Side 1 forced transition at x/c =  1.0001   61
 Side 2  free  transition at x/c =  0.0868   53

   3   rms: 0.6151E-02   max: 0.6130E-01   D at   79  2
       a =-17.000      CL = -1.1339
      Cm = -0.0816     CD =  0.04614   =>   CDf =  0.00548    CDp =  0.04067

 Side 1 forced transition at x/c =  1.0001   61
 Side 2  free  transition at x/c =  0.0868   53

   4   rms: 0.5078E-03   max: 0.3930E-02   D at   79  2
       a =-17.000      CL = -1.1336
      Cm = -0.0816     CD =  0.04613   =>   CDf =  0.00546    CDp =  0.04067

 Side 1 forced transition at x/c =  1.0001   61
 Side 2  free  transition at x/c =  0.0868   53

   5   rms: 0.1469E-04   max: 0.7427E-04   D at  112  2
       a =-17.000      CL = -1.1335
      Cm = -0.0816     CD =  0.04613   =>   CDf =  0.00546    CDp =  0.04067
 plradd ia,ip,cpol            9           0  1.55727854E-02

 Point added to stored polar  1
 Point written to save file  polar.txt                                       
 Dump file unspecified or not available
 Calculating wake trajectory ...
 Calculating source influence matrix ...

 Solving BL system ...

 Side 1 forced transition at x/c =  1.0001   61
 Side 2  free  transition at x/c =  0.0868   53

   1   rms: 0.1104E+00   max: -.4524E+00   D at   79  2   RLX: 0.740
       a =-16.000      CL = -1.1205
      Cm = -0.0822     CD =  0.03941   =>   CDf =  0.00565    CDp =  0.03377

 Side 1 forced transition at x/c =  1.0001   62
 Side 2  free  transition at x/c =  0.0909   53

   2   rms: 0.4210E-01   max: 0.2610E+00   C at   62  1
       a =-16.000      CL = -1.1336
      Cm = -0.0807     CD =  0.03684   =>   CDf =  0.00560    CDp =  0.03124

 Side 1 forced transition at x/c =  1.0001   62
 Side 2  free  transition at x/c =  0.0922   53

   3   rms: 0.4443E-02   max: 0.7035E-01   C at   62  1
       a =-16.000      CL = -1.1357
      Cm = -0.0801     CD =  0.03725   =>   CDf =  0.00563    CDp =  0.03161

 Side 1 forced transition at x/c =  1.0001   62
 Side 2  free  transition at x/c =  0.0921   53

   4   rms: 0.2231E-03   max: 0.3546E-02   C at   62  1
       a =-16.000      CL = -1.1358
      Cm = -0.0800     CD =  0.03725   =>   CDf =  0.00563    CDp =  0.03162

 Side 1 forced transition at x/c =  1.0001   62
 Side 2  free  transition at x/c =  0.0921   53

   5   rms: 0.9963E-05   max: -.4223E-04   D at   81  2
       a =-16.000      CL = -1.1358
      Cm = -0.0800     CD =  0.03725   =>   CDf =  0.00563    CDp =  0.03162
 plradd ia,ip,cpol           10           0  1.55727854E-02

 Point added to stored polar  1
 Point written to save file  polar.txt                                       
 Dump file unspecified or not available
 Calculating wake trajectory ...
 Calculating source influence matrix ...

 Solving BL system ...

 Side 1 forced transition at x/c =  1.0001   62
 Side 2  free  transition at x/c =  0.0921   53

   1   rms: 0.1225E+00   max: 0.6854E+00   C at   62  1   RLX: 0.952
       a =-15.000      CL = -1.1385
      Cm = -0.0761     CD =  0.02953   =>   CDf =  0.00561    CDp =  0.02392

 Side 1 forced transition at x/c =  1.0001   62
 Side 2  free  transition at x/c =  0.0963   53

   2   rms: 0.2619E-01   max: 0.1972E+00   C at   62  1
       a =-15.000      CL = -1.1306
      Cm = -0.0733     CD =  0.03187   =>   CDf =  0.00593    CDp =  0.02594

 Side 1 forced transition at x/c =  1.0001   62
 Side 2  free  transition at x/c =  0.0977   54

   3   rms: 0.1509E-01   max: 0.6738E-01   D at   58  1
       a =-15.000      CL = -1.1450
      Cm = -0.0722     CD =  0.03119   =>   CDf =  0.00580    CDp =  0.02539

 Side 1 forced transition at x/c =  1.0001   62
 Side 2  free  transition at x/c =  0.0975   54

   4   rms: 0.1181E-02   max: 0.8209E-02   D at   57  1
       a =-15.000      CL = -1.1459
      Cm = -0.0721     CD =  0.03123   =>   CDf =  0.00580    CDp =  0.02542

 Side 1 forced transition at x/c =  1.0001   62
 Side 2  free  transition at x/c =  0.0974   54

   5   rms: 0.7208E-04   max: -.3015E-03   D at   86  2
       a =-15.000      CL = -1.1459
      Cm = -0.0721     CD =  0.03123   =>   CDf =  0.00581    CDp =  0.02542
 plradd ia,ip,cpol           11           0  1.81495845E-02

 Point added to stored polar  1
 Point written to save file  polar.txt                                       
 Dump file unspecified or not available
 Calculating wake trajectory ...
 Calculating source influence matrix ...

 Solving BL system ...

 Side 1 forced transition at x/c =  1.0001   62
 Side 2  free  transition at x/c =  0.0974   54

   1   rms: 0.1367E+00   max: 0.6968E+00   D at   62  1   RLX: 0.962
       a =-14.000      CL = -1.1821
      Cm = -0.0596     CD =  0.02508   =>   CDf =  0.00599    CDp =  0.01909

 Side 1  free  transition at x/c =  0.9970   63
 Side 2  free  transition at x/c =  0.1031   53

   2   rms: 0.4310E-01   max: -.2883E+00   D at   63  1
       a =-14.000      CL = -1.1236
      Cm = -0.0674     CD =  0.02628   =>   CDf =  0.00597    CDp =  0.02032

 Side 1  free  transition at x/c =  0.9969   63
 Side 2  free  transition at x/c =  0.1044   53

   3   rms: 0.3204E-02   max: 0.3519E-01   D at   63  1
       a =-14.000      CL = -1.1221
      Cm = -0.0674     CD =  0.02642   =>   CDf =  0.00594    CDp =  0.02048

 Side 1  free  transition at x/c =  0.9965   63
 Side 2  free  transition at x/c =  0.1044   53

   4   rms: 0.1132E-03   max: 0.8287E-03   D at   88  2
       a =-14.000      CL = -1.1220
      Cm = -0.0674     CD =  0.02643   =>   CDf =  0.00593    CDp =  0.02049

 Side 1  free  transition at x/c =  0.9964   63
 Side 2  free  transition at x/c =  0.1044   53

   5   rms: 0.3681E-05   max: -.2205E-04   D at  109  2
       a =-14.000      CL = -1.1220
      Cm = -0.0674     CD =  0.02643   =>   CDf =  0.00593    CDp =  0.02049
 plradd ia,ip,cpol           12           0  1.81495845E-02

 Point added to stored polar  1
 Point written to save file  polar.txt                                       
 Dump file unspecified or not available
 Calculating wake trajectory ...
 Calculating source influence matrix ...

 Solving BL system ...

 Side 1  free  transition at x/c =  0.9964   63
 Side 2  free  transition at x/c =  0.1044   53

   1   rms: 0.1395E+00   max: 0.5938E+00   C at   53  2
       a =-13.000      CL = -1.0055
      Cm = -0.0746     CD =  0.02327   =>   CDf =  0.00630    CDp =  0.01697

 MRCHDU: Convergence failed at  53  side 2    Res =  0.2212E+01
 MRCHDU: Convergence failed at  54  side 2    Res =  0.1515E+02
 MRCHDU: Convergence failed at  55  side 2    Res =  0.5059E+01
 MRCHDU: Convergence failed at  56  side 2    Res =  0.4849E+01
 MRCHDU: Convergence failed at  57  side 2    Res =  0.5709E+01
 MRCHDU: Convergence failed at  58  side 2    Res =  0.7072E+01
 MRCHDU: Convergence failed at  59  side 2    Res =  0.8835E+01
 MRCHDU: Convergence failed at  60  side 2    Res =  0.1121E+02
 MRCHDU: Convergence failed at  61  side 2    Res =  0.1465E+02
 MRCHDU: Convergence failed at  62  side 2    Res =  0.1976E+02
 MRCHDU: Convergence failed at  63  side 2    Res =  0.3251E+02
 MRCHDU: Convergence failed at  64  side 2    Res =  0.8465E+02
 MRCHDU: Convergence failed at  65  side 2    Res =  0.2313E+03
 MRCHDU: Convergence failed at  66  side 2    Res =  0.4504E+02
 MRCHDU: Convergence failed at  67  side 2    Res =  0.2342E+02
 MRCHDU: Convergence failed at  68  side 2    Res =  0.1432E+02
 MRCHDU: Convergence failed at  69  side 2    Res =  0.3146E+02
 MRCHDU: Convergence failed at  70  side 2    Res =  0.4715E+02
 MRCHDU: Convergence failed at  71  side 2    Res =  0.2185E+02
 MRCHDU: Convergence failed at  72  side 2    Res =  0.2445E+02
 MRCHDU: Convergence failed at  73  side 2    Res =  0.3191E+02
 MRCHDU: Convergence failed at  74  side 2    Res =  0.6491E+02
 MRCHDU: Convergence failed at  75  side 2    Res =  0.3938E+02
 MRCHDU: Convergence failed at  76  side 2    Res =  0.2794E+02
 MRCHDU: Convergence failed at  77  side 2    Res =  0.2336E+02
 MRCHDU: Convergence failed at  78  side 2    Res =  0.2055E+02
 MRCHDU: Convergence failed at  79  side 2    Res =  0.1790E+02
 MRCHDU: Convergence failed at  80  side 2    Res =  0.1282E+02
 MRCHDU: Convergence failed at  81  side 2    Res =  0.1673E+02
 MRCHDU: Convergence failed at  82  side 2    Res =  0.2757E+02
 MRCHDU: Convergence failed at  83  side 2    Res =  0.1912E+03
 MRCHDU: Convergence failed at  84  side 2    Res =  0.5256E+02
 MRCHDU: Convergence failed at  85  side 2    Res =  0.2103E+02
 MRCHDU: Convergence failed at  86  side 2    Res =  0.1925E+02
 MRCHDU: Convergence failed at  87  side 2    Res =  0.3347E+03
 MRCHDU: Convergence failed at  88  side 2    Res =  0.4823E+03
 MRCHDU: Convergence failed at  89  side 2    Res =  0.1884E+05
 MRCHDU: Convergence failed at  90  side 2    Res =  0.2423E+02
 MRCHDU: Convergence failed at  91  side 2    Res =  0.4049E+02
 MRCHDU: Convergence failed at  92  side 2    Res =  0.3191E+02
 MRCHDU: Convergence failed at  93  side 2    Res =  0.3020E+02
 MRCHDU: Convergence failed at  94  side 2    Res =  0.2976E+02
 MRCHDU: Convergence failed at  95  side 2    Res =  0.3371E+02
 MRCHDU: Convergence failed at  96  side 2    Res =  0.3802E+02
 MRCHDU: Convergence failed at  97  side 2    Res =  0.5304E+02
 Side 1  free  transition at x/c =  0.9881   64
 Side 2  free  transition at x/c =  0.1161   53
 idif Ue xi dudx           1  8.56614113E-02  6.09147549E-03   14.062506    
 Uenew xinew           2  2.12095771E-02  1.50823593E-03

   2   rms: 0.1251E+01   max: 0.5216E+01   D at   97  2   RLX: 0.288
       a =-13.000      CL = -2.3172
      Cm =  0.4262     CD =  0.00579   =>   CDf =  0.00226    CDp =  0.00352

 Side 1  free  transition at x/c =  0.9791   63
 Side 2  free  transition at x/c =  0.1124   53

   3   rms: 0.5049E+00   max: -.6907E+00   U at   98  2   RLX: 0.473
       a =-13.000      CL = -1.7015
      Cm =  0.1448     CD =  0.01248   =>   CDf =  0.00998    CDp =  0.00250

 Side 1  free  transition at x/c =  0.9752   62
 Side 2  free  transition at x/c =  0.1105   53

   4   rms: 0.6260E+00   max: 0.3163E+00   C at  103  2   RLX: 0.117
       a =-13.000      CL = -1.5796
      Cm =  0.1078     CD =  0.01242   =>   CDf =  0.00813    CDp =  0.00429

 MRCHDU: Convergence failed at  64  side 1    Res =  0.5235E+01
 MRCHDU: Convergence failed at  77  side 2    Res =  0.1479E+01
 MRCHDU: Convergence failed at  78  side 2    Res =  0.4028E+00
 MRCHDU: Convergence failed at  79  side 2    Res =  0.2528E+01
 Side 1  free  transition at x/c =  0.9947   64
 Side 2  free  transition at x/c =  0.1123   53

   5   rms: 0.3175E+00   max: 0.6399E+00   D at  105  2   RLX: 0.642
       a =-13.000      CL = -1.2837
      Cm = -0.0064     CD =  0.01332   =>   CDf =  0.00857    CDp =  0.00475

 MRCHDU: Convergence failed at  85  side 2    Res =  0.1236E+01
 MRCHDU: Convergence failed at  86  side 2    Res =  0.1655E+01
 MRCHDU: Convergence failed at  87  side 2    Res =  0.3128E+01
 MRCHDU: Convergence failed at  88  side 2    Res =  0.4722E+01
 MRCHDU: Convergence failed at  92  side 2    Res =  0.6252E+02
 MRCHDU: Convergence failed at  93  side 2    Res =  0.1073E+01
 Side 1  free  transition at x/c =  0.9804   63
 Side 2  free  transition at x/c =  0.1127   53

   6   rms: 0.1893E+00   max: 0.3318E+00   T at   99  2
       a =-13.000      CL = -1.1221
      Cm = -0.0648     CD =  0.01739   =>   CDf =  0.00751    CDp =  0.00989

 MRCHDU: Convergence failed at  94  side 2    Res =  0.5494E+01
 MRCHDU: Convergence failed at  95  side 2    Res =  0.2568E+01
 MRCHDU: Convergence failed at  96  side 2    Res =  0.1742E+01
 MRCHDU: Convergence failed at  97  side 2    Res =  0.9938E+00
 MRCHDU: Convergence failed at  98  side 2    Res =  0.8984E+00
 Side 1  free  transition at x/c =  0.9747   62
 Side 2  free  transition at x/c =  0.1119   53

   7   rms: 0.1406E+00   max: -.1194E+01   T at   62  1   RLX: 0.419
       a =-13.000      CL = -1.0825
      Cm = -0.0640     CD =  0.01801   =>   CDf =  0.00622    CDp =  0.01179

 MRCHDU: Convergence failed at  64  side 1    Res =  0.1064E+02
 Side 1  free  transition at x/c =  0.9941   64
 Side 2  free  transition at x/c =  0.1134   53

   8   rms: 0.1298E+00   max: 0.1127E+01   C at   64  1
       a =-13.000      CL = -1.0190
      Cm = -0.0736     CD =  0.02125   =>   CDf =  0.00618    CDp =  0.01507

 Side 1  free  transition at x/c =  0.9907   63
 Side 2  free  transition at x/c =  0.1153   54

   9   rms: 0.2891E-01   max: 0.2007E+00   T at   63  1
       a =-13.000      CL = -1.0283
      Cm = -0.0725     CD =  0.02211   =>   CDf =  0.00600    CDp =  0.01611

 Side 1  free  transition at x/c =  0.9853   63
 Side 2  free  transition at x/c =  0.1153   54

  10   rms: 0.3772E-02   max: -.5030E-01   D at   64  1
       a =-13.000      CL = -1.0256
      Cm = -0.0731     CD =  0.02210   =>   CDf =  0.00599    CDp =  0.01611

 Side 1  free  transition at x/c =  0.9864   63
 Side 2  free  transition at x/c =  0.1154   54

  11   rms: 0.2135E-03   max: -.2332E-02   D at   64  1
       a =-13.000      CL = -1.0254
      Cm = -0.0731     CD =  0.02210   =>   CDf =  0.00599    CDp =  0.01611

 Side 1  free  transition at x/c =  0.9865   63
 Side 2  free  transition at x/c =  0.1154   54

  12   rms: 0.9170E-05   max: 0.4243E-04   D at   89  2
       a =-13.000      CL = -1.0254
      Cm = -0.0731     CD =  0.02210   =>   CDf =  0.00599    CDp =  0.01612
 plradd ia,ip,cpol           13           0  2.09384225E-02

 Point added to stored polar  1
 Point written to save file  polar.txt                                       
 Dump file unspecified or not available
 Calculating wake trajectory ...
 Calculating source influence matrix ...

 Solving BL system ...

 Side 1  free  transition at x/c =  0.9865   63
 Side 2  free  transition at x/c =  0.1154   54

   1   rms: 0.1483E+00   max: 0.6257E+00   D at   54  2
       a =-12.000      CL = -0.9318
      Cm = -0.0774     CD =  0.01790   =>   CDf =  0.00631    CDp =  0.01158

 Side 1  free  transition at x/c =  0.9704   64
 Side 2  free  transition at x/c =  0.1242   53

   2   rms: 0.6796E-01   max: -.4519E+00   D at   52  2
       a =-12.000      CL = -0.9070
      Cm = -0.0808     CD =  0.01820   =>   CDf =  0.00620    CDp =  0.01201

 Side 1  free  transition at x/c =  0.9830   65
 Side 2  free  transition at x/c =  0.1350   54

   3   rms: 0.3596E-01   max: -.2574E+00   D at   55  2
       a =-12.000      CL = -0.9043
      Cm = -0.0802     CD =  0.01906   =>   CDf =  0.00595    CDp =  0.01312

 Side 1  free  transition at x/c =  0.9784   65
 Side 2  free  transition at x/c =  0.1297   53

   4   rms: 0.1470E-01   max: -.1395E+00   D at   53  2
       a =-12.000      CL = -0.9083
      Cm = -0.0799     CD =  0.01888   =>   CDf =  0.00598    CDp =  0.01290

 Side 1  free  transition at x/c =  0.9778   65
 Side 2  free  transition at x/c =  0.1292   53

   5   rms: 0.9385E-03   max: 0.1030E-01   C at   53  2
       a =-12.000      CL = -0.9079
      Cm = -0.0799     CD =  0.01892   =>   CDf =  0.00599    CDp =  0.01294

 Side 1  free  transition at x/c =  0.9779   65
 Side 2  free  transition at x/c =  0.1291   53

   6   rms: 0.1440E-04   max: 0.8598E-04   D at   90  2
       a =-12.000      CL = -0.9079
      Cm = -0.0799     CD =  0.01892   =>   CDf =  0.00599    CDp =  0.01294
 plradd ia,ip,cpol           14           0  2.39442755E-02

 Point added to stored polar  1
 Point written to save file  polar.txt                                       
 Dump file unspecified or not available
 Calculating wake trajectory ...
 Calculating source influence matrix ...

 Solving BL system ...

 Side 1  free  transition at x/c =  0.9779   65
 Side 2  free  transition at x/c =  0.1291   53

   1   rms: 0.1511E+00   max: -.4545E+00   T at   53  2
       a =-11.000      CL = -0.7772
      Cm = -0.0876     CD =  0.01641   =>   CDf =  0.00613    CDp =  0.01028

 Side 1  free  transition at x/c =  0.9693   65
 Side 2  free  transition at x/c =  0.1433   53

   2   rms: 0.3493E-01   max: 0.2980E+00   T at   65  1
       a =-11.000      CL = -0.8082
      Cm = -0.0808     CD =  0.01670   =>   CDf =  0.00606    CDp =  0.01064

 Side 1  free  transition at x/c =  0.9551   64
 Side 2  free  transition at x/c =  0.1438   54

   3   rms: 0.1161E-01   max: -.1686E+00   D at   64  1
       a =-11.000      CL = -0.8099
      Cm = -0.0803     CD =  0.01668   =>   CDf =  0.00605    CDp =  0.01063

 Side 1  free  transition at x/c =  0.9573   64
 Side 2  free  transition at x/c =  0.1436   53

   4   rms: 0.1845E-02   max: 0.2312E-01   D at   65  1
       a =-11.000      CL = -0.8108
      Cm = -0.0801     CD =  0.01670   =>   CDf =  0.00604    CDp =  0.01066

 Side 1  free  transition at x/c =  0.9565   64
 Side 2  free  transition at x/c =  0.1435   53

   5   rms: 0.9537E-04   max: -.6960E-03   D at   65  1
       a =-11.000      CL = -0.8108
      Cm = -0.0801     CD =  0.01670   =>   CDf =  0.00604    CDp =  0.01066
 plradd ia,ip,cpol           15           0  2.71737445E-02

 Point added to stored polar  1
 Point written to save file  polar.txt                                       
 Dump file unspecified or not available
 Calculating wake trajectory ...
 Calculating source influence matrix ...

 Solving BL system ...

 Side 1  free  transition at x/c =  0.9565   64
 Side 2  free  transition at x/c =  0.1435   53

   1   rms: 0.1279E+00   max: 0.6421E+00   C at   53  2
       a =-10.000      CL = -0.7261
      Cm = -0.0761     CD =  0.01554   =>   CDf =  0.00631    CDp =  0.00924

 MRCHDU: Convergence failed at  53  side 2    Res =  0.5106E+01
 Side 1  free  transition at x/c =  0.9222   64
 Side 2  free  transition at x/c =  0.1599   53

   2   rms: 0.4607E-01   max: -.5371E+00   D at   65  1   RLX: 0.931
       a =-10.000      CL = -0.7410
      Cm = -0.0739     CD =  0.01480   =>   CDf =  0.00591    CDp =  0.00889

 Side 1  free  transition at x/c =  0.9265   65
 Side 2  free  transition at x/c =  0.1596   53

   3   rms: 0.5042E-02   max: -.6577E-01   D at   67  1
       a =-10.000      CL = -0.7375
      Cm = -0.0744     CD =  0.01483   =>   CDf =  0.00606    CDp =  0.00877

 Side 1  free  transition at x/c =  0.9257   64
 Side 2  free  transition at x/c =  0.1598   53

   4   rms: 0.5175E-03   max: 0.7743E-02   D at   65  1
       a =-10.000      CL = -0.7375
      Cm = -0.0744     CD =  0.01484   =>   CDf =  0.00606    CDp =  0.00878

 Side 1  free  transition at x/c =  0.9255   64
 Side 2  free  transition at x/c =  0.1598   53

   5   rms: 0.3809E-05   max: -.2423E-04   D at   99  2
       a =-10.000      CL = -0.7375
      Cm = -0.0744     CD =  0.01484   =>   CDf =  0.00606    CDp =  0.00878
 plradd ia,ip,cpol           16           0  3.06343734E-02

 Point added to stored polar  1
 Point written to save file  polar.txt                                       
 Dump file unspecified or not available
 Calculating wake trajectory ...
 Calculating source influence matrix ...

 Solving BL system ...

 Side 1  free  transition at x/c =  0.9255   64
 Side 2  free  transition at x/c =  0.1598   53

   1   rms: 0.1311E+00   max: -.7502E+00   C at   64  1   RLX: 0.666
       a = -9.000      CL = -0.6962
      Cm = -0.0691     CD =  0.01396   =>   CDf =  0.00606    CDp =  0.00791

 Side 1  free  transition at x/c =  0.8950   63
 Side 2  free  transition at x/c =  0.1675   54

   2   rms: 0.6671E-01   max: -.3614E+00   D at   63  1
       a = -9.000      CL = -0.6752
      Cm = -0.0661     CD =  0.01315   =>   CDf =  0.00640    CDp =  0.00675

 MRCHDU: Convergence failed at  54  side 2    Res =  0.2782E+01
 Side 1  free  transition at x/c =  0.8901   64
 Side 2  free  transition at x/c =  0.1867   54

   3   rms: 0.3515E-01   max: 0.4102E+00   C at   54  2
       a = -9.000      CL = -0.6705
      Cm = -0.0668     CD =  0.01334   =>   CDf =  0.00598    CDp =  0.00736

 Side 1  free  transition at x/c =  0.8900   64
 Side 2  free  transition at x/c =  0.1771   53

   4   rms: 0.1004E-01   max: -.1108E+00   D at   53  2
       a = -9.000      CL = -0.6626
      Cm = -0.0680     CD =  0.01362   =>   CDf =  0.00614    CDp =  0.00748

 Side 1  free  transition at x/c =  0.8907   64
 Side 2  free  transition at x/c =  0.1781   53

   5   rms: 0.6020E-03   max: 0.5889E-02   C at   53  2
       a = -9.000      CL = -0.6621
      Cm = -0.0681     CD =  0.01362   =>   CDf =  0.00612    CDp =  0.00750

 Side 1  free  transition at x/c =  0.8908   64
 Side 2  free  transition at x/c =  0.1780   53

   6   rms: 0.6007E-05   max: 0.2777E-04   D at   91  2
       a = -9.000      CL = -0.6621
      Cm = -0.0681     CD =  0.01362   =>   CDf =  0.00612    CDp =  0.00750
 plradd ia,ip,cpol           17           0  3.43358330E-02

 Point added to stored polar  1
 Point written to save file  polar.txt                                       
 Dump file unspecified or not available
 Calculating wake trajectory ...
 Calculating source influence matrix ...

 Solving BL system ...

 Side 1  free  transition at x/c =  0.8908   64
 Side 2  free  transition at x/c =  0.1780   53

   1   rms: 0.1300E+00   max: -.5288E+00   D at   64  1   RLX: 0.946
       a = -8.000      CL = -0.5797
      Cm = -0.0636     CD =  0.01287   =>   CDf =  0.00624    CDp =  0.00663

 Side 1  free  transition at x/c =  0.8618   63
 Side 2  free  transition at x/c =  0.1962   54

   2   rms: 0.2644E-01   max: 0.3992E+00   D at   64  1
       a = -8.000      CL = -0.5781
      Cm = -0.0630     CD =  0.01265   =>   CDf =  0.00622    CDp =  0.00643

 Side 1  free  transition at x/c =  0.8563   63
 Side 2  free  transition at x/c =  0.2000   54

   3   rms: 0.2789E-02   max: 0.2961E-01   C at   54  2
       a = -8.000      CL = -0.5763
      Cm = -0.0634     CD =  0.01265   =>   CDf =  0.00615    CDp =  0.00649

 Side 1  free  transition at x/c =  0.8560   63
 Side 2  free  transition at x/c =  0.1993   54

   4   rms: 0.4555E-04   max: -.4316E-03   D at   55  2
       a = -8.000      CL = -0.5762
      Cm = -0.0634     CD =  0.01265   =>   CDf =  0.00617    CDp =  0.00648
 plradd ia,ip,cpol           18           0  3.82891819E-02

 Point added to stored polar  1
 Point written to save file  polar.txt                                       
 Dump file unspecified or not available
 Calculating wake trajectory ...
 Calculating source influence matrix ...

 Solving BL system ...

 Side 1  free  transition at x/c =  0.8560   63
 Side 2  free  transition at x/c =  0.1993   54

   1   rms: 0.1355E+00   max: 0.7051E+00   D at   54  2
       a = -7.000      CL = -0.4878
      Cm = -0.0592     CD =  0.01163   =>   CDf =  0.00636    CDp =  0.00528

 Side 1  free  transition at x/c =  0.8177   63
 Side 2  free  transition at x/c =  0.2182   53

   2   rms: 0.2360E-01   max: 0.3516E+00   D at   64  1
       a = -7.000      CL = -0.4818
      Cm = -0.0600     CD =  0.01188   =>   CDf =  0.00632    CDp =  0.00556

 Side 1  free  transition at x/c =  0.8208   63
 Side 2  free  transition at x/c =  0.2234   53

   3   rms: 0.2913E-02   max: -.3918E-01   C at   53  2
       a = -7.000      CL = -0.4804
      Cm = -0.0603     CD =  0.01190   =>   CDf =  0.00625    CDp =  0.00565

 Side 1  free  transition at x/c =  0.8196   63
 Side 2  free  transition at x/c =  0.2237   53

   4   rms: 0.3345E-04   max: -.3391E-03   C at   63  1
       a = -7.000      CL = -0.4804
      Cm = -0.0603     CD =  0.01189   =>   CDf =  0.00625    CDp =  0.00565
 plradd ia,ip,cpol           19           0  4.25076224E-02

 Point added to stored polar  1
 Point written to save file  polar.txt                                       
 Dump file unspecified or not available
 Calculating wake trajectory ...
 Calculating source influence matrix ...

 Solving BL system ...

 Side 1  free  transition at x/c =  0.8196   63
 Side 2  free  transition at x/c =  0.2237   53

   1   rms: 0.1310E+00   max: -.3875E+00   T at   53  2
       a = -6.000      CL = -0.3774
      Cm = -0.0584     CD =  0.01148   =>   CDf =  0.00634    CDp =  0.00514

 MRCHDU: Convergence failed at  54  side 2    Res =  0.8545E+01
 Side 1  free  transition at x/c =  0.7758   62
 Side 2  free  transition at x/c =  0.2492   54

   2   rms: 0.2328E-01   max: 0.2826E+00   D at   63  1
       a = -6.000      CL = -0.3834
      Cm = -0.0573     CD =  0.01124   =>   CDf =  0.00629    CDp =  0.00495

 Side 1  free  transition at x/c =  0.7804   63
 Side 2  free  transition at x/c =  0.2526   54

   3   rms: 0.2865E-02   max: -.3973E-01   D at   62  1
       a = -6.000      CL = -0.3828
      Cm = -0.0574     CD =  0.01124   =>   CDf =  0.00629    CDp =  0.00495

 Side 1  free  transition at x/c =  0.7798   63
 Side 2  free  transition at x/c =  0.2517   54

   4   rms: 0.1074E-03   max: -.1354E-02   D at   64  1
       a = -6.000      CL = -0.3827
      Cm = -0.0574     CD =  0.01124   =>   CDf =  0.00629    CDp =  0.00495

 Side 1  free  transition at x/c =  0.7798   63
 Side 2  free  transition at x/c =  0.2517   54

   5   rms: 0.8009E-06   max: -.8030E-05   D at   63  1
       a = -6.000      CL = -0.3827
      Cm = -0.0574     CD =  0.01124   =>   CDf =  0.00629    CDp =  0.00495
 plradd ia,ip,cpol           20           0  5.18035181E-02

 Point added to stored polar  1
 Point written to save file  polar.txt                                       
 Dump file unspecified or not available
 Calculating wake trajectory ...
 Calculating source influence matrix ...

 Solving BL system ...

 Side 1  free  transition at x/c =  0.7798   63
 Side 2  free  transition at x/c =  0.2517   54

   1   rms: 0.1405E+00   max: -.6808E+00   D at   63  1   RLX: 0.734
       a = -5.000      CL = -0.3075
      Cm = -0.0559     CD =  0.01097   =>   CDf =  0.00636    CDp =  0.00461

 Side 1  free  transition at x/c =  0.7503   62
 Side 2  free  transition at x/c =  0.2707   54

   2   rms: 0.4262E-01   max: 0.2944E+00   D at   63  1
       a = -5.000      CL = -0.2823
      Cm = -0.0550     CD =  0.01077   =>   CDf =  0.00641    CDp =  0.00437

 Side 1  free  transition at x/c =  0.7369   63
 Side 2  free  transition at x/c =  0.2793   54

   3   rms: 0.7959E-02   max: 0.6375E-01   D at   54  2
       a = -5.000      CL = -0.2821
      Cm = -0.0550     CD =  0.01075   =>   CDf =  0.00640    CDp =  0.00435

 Side 1  free  transition at x/c =  0.7383   63
 Side 2  free  transition at x/c =  0.2824   54

   4   rms: 0.1024E-02   max: 0.1180E-01   C at   54  2
       a = -5.000      CL = -0.2819
      Cm = -0.0550     CD =  0.01077   =>   CDf =  0.00634    CDp =  0.00443

 Side 1  free  transition at x/c =  0.7383   63
 Side 2  free  transition at x/c =  0.2820   54

   5   rms: 0.7959E-05   max: -.1050E-03   D at   55  2
       a = -5.000      CL = -0.2819
      Cm = -0.0550     CD =  0.01077   =>   CDf =  0.00635    CDp =  0.00442
 plradd ia,ip,cpol           21           0  5.69189638E-02

 Point added to stored polar  1
 Point written to save file  polar.txt                                       
 Dump file unspecified or not available
 Calculating wake trajectory ...
 Calculating source influence matrix ...

 Solving BL system ...

 Side 1  free  transition at x/c =  0.7383   63
 Side 2  free  transition at x/c =  0.2820   54

   1   rms: 0.1448E+00   max: 0.8099E+00   D at   54  2   RLX: 0.766
       a = -4.000      CL = -0.2069
      Cm = -0.0528     CD =  0.01039   =>   CDf =  0.00640    CDp =  0.00399

 Side 1  free  transition at x/c =  0.7070   62
 Side 2  free  transition at x/c =  0.2972   54

   2   rms: 0.6353E-01   max: -.4226E+00   C at   54  2
       a = -4.000      CL = -0.1833
      Cm = -0.0523     CD =  0.01007   =>   CDf =  0.00657    CDp =  0.00350

 Side 1  free  transition at x/c =  0.6949   62
 Side 2  free  transition at x/c =  0.3388   56

   3   rms: 0.4280E-01   max: -.5890E+00   D at   56  2   RLX: 0.849
       a = -4.000      CL = -0.1794
      Cm = -0.0530     CD =  0.01048   =>   CDf =  0.00629    CDp =  0.00419

 Side 1  free  transition at x/c =  0.6957   62
 Side 2  free  transition at x/c =  0.3197   55

   4   rms: 0.1356E-01   max: -.2561E+00   D at   56  2
       a = -4.000      CL = -0.1798
      Cm = -0.0528     CD =  0.01043   =>   CDf =  0.00637    CDp =  0.00406

 Side 1  free  transition at x/c =  0.6958   62
 Side 2  free  transition at x/c =  0.3156   55

   5   rms: 0.1925E-02   max: -.3207E-01   D at   56  2
       a = -4.000      CL = -0.1795
      Cm = -0.0529     CD =  0.01045   =>   CDf =  0.00640    CDp =  0.00404

 Side 1  free  transition at x/c =  0.6958   62
 Side 2  free  transition at x/c =  0.3150   54

   6   rms: 0.6313E-03   max: -.1194E-01   C at   54  2
       a = -4.000      CL = -0.1796
      Cm = -0.0528     CD =  0.01044   =>   CDf =  0.00641    CDp =  0.00403

 Side 1  free  transition at x/c =  0.6958   62
 Side 2  free  transition at x/c =  0.3151   54

   7   rms: 0.3540E-05   max: -.1340E-04   C at   83  2
       a = -4.000      CL = -0.1796
      Cm = -0.0528     CD =  0.01044   =>   CDf =  0.00641    CDp =  0.00403
 plradd ia,ip,cpol           22           0  6.81988150E-02

 Point added to stored polar  1
 Point written to save file  polar.txt                                       
 Dump file unspecified or not available
 Calculating wake trajectory ...
 Calculating source influence matrix ...

 Solving BL system ...

 Side 1  free  transition at x/c =  0.6958   62
 Side 2  free  transition at x/c =  0.3151   54

   1   rms: 0.1398E+00   max: -.6313E+00   D at   62  1   RLX: 0.792
       a = -3.000      CL = -0.0945
      Cm = -0.0517     CD =  0.01052   =>   CDf =  0.00644    CDp =  0.00408

 Side 1  free  transition at x/c =  0.6635   61
 Side 2  free  transition at x/c =  0.3424   55

   2   rms: 0.3555E-01   max: 0.2793E+00   D at   55  2
       a = -3.000      CL = -0.0788
      Cm = -0.0504     CD =  0.01009   =>   CDf =  0.00649    CDp =  0.00360

 Side 1  free  transition at x/c =  0.6529   62
 Side 2  free  transition at x/c =  0.3524   54

   3   rms: 0.3061E-02   max: -.4411E-01   C at   54  2
       a = -3.000      CL = -0.0781
      Cm = -0.0505     CD =  0.01016   =>   CDf =  0.00643    CDp =  0.00373

 Side 1  free  transition at x/c =  0.6536   62
 Side 2  free  transition at x/c =  0.3531   54

   4   rms: 0.8693E-04   max: 0.8958E-03   D at    4  1
       a = -3.000      CL = -0.0781
      Cm = -0.0505     CD =  0.01016   =>   CDf =  0.00642    CDp =  0.00374
 plradd ia,ip,cpol           23           0  8.10635760E-02

 Point added to stored polar  1
 Point written to save file  polar.txt                                       
 Dump file unspecified or not available
 Calculating wake trajectory ...
 Calculating source influence matrix ...

 Solving BL system ...

 Side 1  free  transition at x/c =  0.6536   62
 Side 2  free  transition at x/c =  0.3531   54

   1   rms: 0.1378E+00   max: 0.5863E+00   C at   62  1   RLX: 0.871
       a = -2.000      CL =  0.0133
      Cm = -0.0489     CD =  0.01017   =>   CDf =  0.00644    CDp =  0.00373

 Side 1  free  transition at x/c =  0.6191   61
 Side 2  free  transition at x/c =  0.3833   55

   2   rms: 0.3069E-01   max: 0.2718E+00   D at   62  1
       a = -2.000      CL =  0.0230
      Cm = -0.0481     CD =  0.00992   =>   CDf =  0.00652    CDp =  0.00340

 Side 1  free  transition at x/c =  0.6135   61
 Side 2  free  transition at x/c =  0.3956   55

   3   rms: 0.1850E-02   max: -.3106E-01   C at   55  2
       a = -2.000      CL =  0.0237
      Cm = -0.0482     CD =  0.00997   =>   CDf =  0.00642    CDp =  0.00355

 Side 1  free  transition at x/c =  0.6131   61
 Side 2  free  transition at x/c =  0.3957   55

   4   rms: 0.1944E-04   max: 0.3869E-03   C at   55  2
       a = -2.000      CL =  0.0237
      Cm = -0.0482     CD =  0.00997   =>   CDf =  0.00642    CDp =  0.00355
 plradd ia,ip,cpol           24           0  9.57795084E-02

 Point added to stored polar  1
 Point written to save file  polar.txt                                       
 Dump file unspecified or not available
 Calculating wake trajectory ...
 Calculating source influence matrix ...

 Solving BL system ...

 Side 1  free  transition at x/c =  0.6131   61
 Side 2  free  transition at x/c =  0.3957   55

   1   rms: 0.1367E+00   max: 0.4284E+00   D at   55  2
       a = -1.000      CL =  0.1292
      Cm = -0.0466     CD =  0.00995   =>   CDf =  0.00642    CDp =  0.00353

 Side 1  free  transition at x/c =  0.5753   61
 Side 2  free  transition at x/c =  0.4369   55

   2   rms: 0.2427E-01   max: -.2973E+00   C at   55  2
       a = -1.000      CL =  0.1240
      Cm = -0.0457     CD =  0.00985   =>   CDf =  0.00649    CDp =  0.00336

 Side 1  free  transition at x/c =  0.5765   61
 Side 2  free  transition at x/c =  0.4456   56

   3   rms: 0.5579E-02   max: -.6328E-01   D at   55  2
       a = -1.000      CL =  0.1248
      Cm = -0.0458     CD =  0.00985   =>   CDf =  0.00642    CDp =  0.00343

 Side 1  free  transition at x/c =  0.5756   61
 Side 2  free  transition at x/c =  0.4481   56

   4   rms: 0.1090E-02   max: 0.1499E-01   C at   56  2
       a = -1.000      CL =  0.1248
      Cm = -0.0458     CD =  0.00986   =>   CDf =  0.00639    CDp =  0.00347

 Side 1  free  transition at x/c =  0.5756   61
 Side 2  free  transition at x/c =  0.4475   56

   5   rms: 0.1445E-04   max: -.1984E-03   D at   57  2
       a = -1.000      CL =  0.1248
      Cm = -0.0458     CD =  0.00986   =>   CDf =  0.00640    CDp =  0.00346
 plradd ia,ip,cpol           25           0  0.21869284    

 Point added to stored polar  1
 Point written to save file  polar.txt                                       
 Dump file unspecified or not available
 Calculating wake trajectory ...
 Calculating source influence matrix ...

 Solving BL system ...

 Side 1  free  transition at x/c =  0.5756   61
 Side 2  free  transition at x/c =  0.4475   56

   1   rms: 0.1486E+00   max: 0.1004E+01   D at   56  2   RLX: 0.594
       a = -0.000      CL =  0.1848
      Cm = -0.0444     CD =  0.00959   =>   CDf =  0.00638    CDp =  0.00321

 Side 1  free  transition at x/c =  0.5531   61
 Side 2  free  transition at x/c =  0.4668   56

   2   rms: 0.7742E-01   max: -.5983E+00   C at   56  2   RLX: 0.836
       a = -0.000      CL =  0.2207
      Cm = -0.0439     CD =  0.00954   =>   CDf =  0.00659    CDp =  0.00295

 Side 1  free  transition at x/c =  0.5427   61
 Side 2  free  transition at x/c =  0.5315   58

   3   rms: 0.3666E-01   max: 0.8026E+00   C at   58  2
       a = -0.000      CL =  0.2260
      Cm = -0.0434     CD =  0.00977   =>   CDf =  0.00618    CDp =  0.00359

 Side 1  free  transition at x/c =  0.5414   61
 Side 2  free  transition at x/c =  0.5113   57

   4   rms: 0.3786E-02   max: 0.5893E-01   D at   58  2
       a = -0.000      CL =  0.2259
      Cm = -0.0434     CD =  0.00979   =>   CDf =  0.00630    CDp =  0.00349

 Side 1  free  transition at x/c =  0.5414   61
 Side 2  free  transition at x/c =  0.5109   57

   5   rms: 0.1051E-03   max: 0.2088E-02   C at   57  2
       a = -0.000      CL =  0.2259
      Cm = -0.0434     CD =  0.00979   =>   CDf =  0.00629    CDp =  0.00349

 Side 1  free  transition at x/c =  0.5414   61
 Side 2  free  transition at x/c =  0.5108   57

   6   rms: 0.5930E-06   max: -.4403E-05   C at   57  2
       a = -0.000      CL =  0.2259
      Cm = -0.0434     CD =  0.00979   =>   CDf =  0.00629    CDp =  0.00349
 plradd ia,ip,cpol           26           0  0.19034041    

 Point added to stored polar  1
 Point written to save file  polar.txt                                       
 Dump file unspecified or not available
 Calculating wake trajectory ...
 Calculating source influence matrix ...

 Solving BL system ...

 Side 1  free  transition at x/c =  0.5414   61
 Side 2  free  transition at x/c =  0.5108   57

   1   rms: 0.1384E+00   max: -.6053E+00   D at   61  1   RLX: 0.826
       a =  1.000      CL =  0.3104
      Cm = -0.0416     CD =  0.01004   =>   CDf =  0.00622    CDp =  0.00382

 Side 1  free  transition at x/c =  0.5160   62
 Side 2  free  transition at x/c =  0.5566   57

   2   rms: 0.3082E-01   max: -.2701E+00   D at   63  1
       a =  1.000      CL =  0.3271
      Cm = -0.0410     CD =  0.00998   =>   CDf =  0.00632    CDp =  0.00367

 Side 1  free  transition at x/c =  0.5107   61
 Side 2  free  transition at x/c =  0.5798   58

   3   rms: 0.1030E-01   max: 0.2059E+00   C at   58  2
       a =  1.000      CL =  0.3264
      Cm = -0.0408     CD =  0.00982   =>   CDf =  0.00616    CDp =  0.00366

 Side 1  free  transition at x/c =  0.5109   61
 Side 2  free  transition at x/c =  0.5766   58

   4   rms: 0.4864E-03   max: -.7479E-02   D at   59  2
       a =  1.000      CL =  0.3264
      Cm = -0.0409     CD =  0.00982   =>   CDf =  0.00617    CDp =  0.00365

 Side 1  free  transition at x/c =  0.5108   61
 Side 2  free  transition at x/c =  0.5763   58

   5   rms: 0.1594E-05   max: -.2895E-04   D at   59  2
       a =  1.000      CL =  0.3264
      Cm = -0.0409     CD =  0.00982   =>   CDf =  0.00617    CDp =  0.00365
 plradd ia,ip,cpol           27           0  0.17711742    

 Point added to stored polar  1
 Point written to save file  polar.txt                                       
 Dump file unspecified or not available
 Calculating wake trajectory ...
 Calculating source influence matrix ...

 Solving BL system ...

 Side 1  free  transition at x/c =  0.5108   61
 Side 2  free  transition at x/c =  0.5763   58

   1   rms: 0.1388E+00   max: -.8413E+00   C at   58  2   RLX: 0.594
       a =  2.000      CL =  0.3899
      Cm = -0.0401     CD =  0.00980   =>   CDf =  0.00612    CDp =  0.00368

 Side 1  free  transition at x/c =  0.4915   61
 Side 2  free  transition at x/c =  0.6055   58

   2   rms: 0.5387E-01   max: -.2500E+00   C at   61  1
       a =  2.000      CL =  0.4309
      Cm = -0.0391     CD =  0.01003   =>   CDf =  0.00618    CDp =  0.00384

 Side 1  free  transition at x/c =  0.4815   62
 Side 2  free  transition at x/c =  0.6380   59
 idif Ue xi dudx           1  8.16071853E-02  3.08644772E-03   26.440489    
 Uenew xinew           2  1.51293690E-03  5.72204590E-05

   3   rms: 0.6241E-02   max: 0.7622E-01   D at   59  2
       a =  2.000      CL =  0.4272
      Cm = -0.0384     CD =  0.00991   =>   CDf =  0.00614    CDp =  0.00378

 Side 1  free  transition at x/c =  0.4822   61
 Side 2  free  transition at x/c =  0.6403   60

   4   rms: 0.5569E-03   max: 0.9714E-02   C at   60  2
       a =  2.000      CL =  0.4273
      Cm = -0.0384     CD =  0.00992   =>   CDf =  0.00604    CDp =  0.00388

 Side 1  free  transition at x/c =  0.4822   61
 Side 2  free  transition at x/c =  0.6399   60

   5   rms: 0.2634E-04   max: 0.3246E-03   D at    4  2
       a =  2.000      CL =  0.4273
      Cm = -0.0384     CD =  0.00992   =>   CDf =  0.00604    CDp =  0.00388
 plradd ia,ip,cpol           28           0  0.15264380    

 Point added to stored polar  1
 Point written to save file  polar.txt                                       
 Dump file unspecified or not available
 Calculating wake trajectory ...
 Calculating source influence matrix ...

 Solving BL system ...

 Side 1  free  transition at x/c =  0.4822   61
 Side 2  free  transition at x/c =  0.6399   60

   1   rms: 0.1443E+00   max: -.9861E+00   C at   60  2   RLX: 0.507
       a =  3.000      CL =  0.4770
      Cm = -0.0369     CD =  0.00996   =>   CDf =  0.00597    CDp =  0.00399

 Side 1  free  transition at x/c =  0.4682   61
 Side 2  free  transition at x/c =  0.6571   59

   2   rms: 0.7064E-01   max: 0.4067E+00   C at   59  2
       a =  3.000      CL =  0.5312
      Cm = -0.0366     CD =  0.01030   =>   CDf =  0.00612    CDp =  0.00418

 MRCHDU: Convergence failed at  60  side 2    Res =  0.2309E+01
 Side 1  free  transition at x/c =  0.4527   62
 Side 2  free  transition at x/c =  0.6985   60

   3   rms: 0.7265E-02   max: -.9133E-01   D at   60  2
       a =  3.000      CL =  0.5250
      Cm = -0.0354     CD =  0.01016   =>   CDf =  0.00598    CDp =  0.00418

 Side 1  free  transition at x/c =  0.4546   62
 Side 2  free  transition at x/c =  0.7060   60

   4   rms: 0.1292E-02   max: 0.2434E-01   C at   60  2
       a =  3.000      CL =  0.5251
      Cm = -0.0354     CD =  0.01016   =>   CDf =  0.00593    CDp =  0.00423

 Side 1  free  transition at x/c =  0.4543   62
 Side 2  free  transition at x/c =  0.7050   60

   5   rms: 0.1162E-04   max: -.2051E-03   C at   60  2
       a =  3.000      CL =  0.5251
      Cm = -0.0354     CD =  0.01016   =>   CDf =  0.00594    CDp =  0.00422
 plradd ia,ip,cpol           29           0  0.13080209    

 Point added to stored polar  1
 Point written to save file  polar.txt                                       
 Dump file unspecified or not available
 Calculating wake trajectory ...
 Calculating source influence matrix ...

 Solving BL system ...

 Side 1  free  transition at x/c =  0.4543   62
 Side 2  free  transition at x/c =  0.7050   60

   1   rms: 0.1350E+00   max: -.6502E+00   D at   62  1   RLX: 0.769
       a =  4.000      CL =  0.5973
      Cm = -0.0327     CD =  0.01067   =>   CDf =  0.00586    CDp =  0.00481

 Side 1  free  transition at x/c =  0.4332   62
 Side 2  free  transition at x/c =  0.7497   61

   2   rms: 0.3734E-01   max: -.3111E+00   D at   63  1
       a =  4.000      CL =  0.6184
      Cm = -0.0316     CD =  0.01058   =>   CDf =  0.00591    CDp =  0.00467

 Side 1  free  transition at x/c =  0.4273   61
 Side 2  free  transition at x/c =  0.7742   62

   3   rms: 0.1373E-01   max: -.2323E+00   C at   62  2
       a =  4.000      CL =  0.6188
      Cm = -0.0316     CD =  0.01043   =>   CDf =  0.00581    CDp =  0.00462

 Side 1  free  transition at x/c =  0.4274   61
 Side 2  free  transition at x/c =  0.7746   62

   4   rms: 0.1533E-02   max: 0.3176E-01   C at   62  2
       a =  4.000      CL =  0.6190
      Cm = -0.0316     CD =  0.01044   =>   CDf =  0.00574    CDp =  0.00469

 Side 1  free  transition at x/c =  0.4273   61
 Side 2  free  transition at x/c =  0.7735   62

   5   rms: 0.9438E-05   max: -.1219E-03   D at   64  2
       a =  4.000      CL =  0.6190
      Cm = -0.0316     CD =  0.01044   =>   CDf =  0.00575    CDp =  0.00468
 plradd ia,ip,cpol           30           0  0.11149547    

 Point added to stored polar  1
 Point written to save file  polar.txt                                       
 Dump file unspecified or not available
 Calculating wake trajectory ...
 Calculating source influence matrix ...

 Solving BL system ...

 Side 1  free  transition at x/c =  0.4273   61
 Side 2  free  transition at x/c =  0.7735   62

   1   rms: 0.1331E+00   max: -.7690E+00   C at   62  2   RLX: 0.650
       a =  5.000      CL =  0.6817
      Cm = -0.0295     CD =  0.01054   =>   CDf =  0.00566    CDp =  0.00488

 Side 1  free  transition at x/c =  0.4074   61
 Side 2  free  transition at x/c =  0.8092   63

   2   rms: 0.5302E-01   max: -.4656E+00   C at   63  2
       a =  5.000      CL =  0.7061
      Cm = -0.0264     CD =  0.01068   =>   CDf =  0.00565    CDp =  0.00503

 Side 1  free  transition at x/c =  0.3992   62
 Side 2  free  transition at x/c =  0.8294   63

   3   rms: 0.2568E-01   max: -.3772E+00   C at   63  2
       a =  5.000      CL =  0.7090
      Cm = -0.0272     CD =  0.01079   =>   CDf =  0.00574    CDp =  0.00505

 Side 1  free  transition at x/c =  0.3993   62
 Side 2  free  transition at x/c =  0.8631   64

   4   rms: 0.2380E-01   max: 0.4224E+00   C at   64  2
       a =  5.000      CL =  0.7067
      Cm = -0.0267     CD =  0.01082   =>   CDf =  0.00549    CDp =  0.00533

 Side 1  free  transition at x/c =  0.3995   62
 Side 2  free  transition at x/c =  0.8465   63

   5   rms: 0.2745E-02   max: -.4289E-01   D at   65  2
       a =  5.000      CL =  0.7062
      Cm = -0.0265     CD =  0.01085   =>   CDf =  0.00556    CDp =  0.00529

 Side 1  free  transition at x/c =  0.3995   62
 Side 2  free  transition at x/c =  0.8453   63

   6   rms: 0.3578E-04   max: 0.6196E-03   D at   64  2
       a =  5.000      CL =  0.7062
      Cm = -0.0265     CD =  0.01085   =>   CDf =  0.00556    CDp =  0.00529
 plradd ia,ip,cpol           31           0  9.45394933E-02

 Point added to stored polar  1
 Point written to save file  polar.txt                                       
 Dump file unspecified or not available
 Calculating wake trajectory ...
 Calculating source influence matrix ...

 Solving BL system ...

 Side 1  free  transition at x/c =  0.3995   62
 Side 2  free  transition at x/c =  0.8453   63

   1   rms: 0.1357E+00   max: -.7690E+00   C at   63  2   RLX: 0.650
       a =  6.000      CL =  0.7628
      Cm = -0.0234     CD =  0.01128   =>   CDf =  0.00547    CDp =  0.00582

 Side 1  free  transition at x/c =  0.3811   62
 Side 2  free  transition at x/c =  0.8832   64

   2   rms: 0.5534E-01   max: -.4828E+00   C at   64  2
       a =  6.000      CL =  0.7919
      Cm = -0.0212     CD =  0.01149   =>   CDf =  0.00552    CDp =  0.00597

 Side 1  free  transition at x/c =  0.3708   61
 Side 2  free  transition at x/c =  0.9010   65

   3   rms: 0.2823E-01   max: -.3691E+00   C at   65  2
       a =  6.000      CL =  0.7894
      Cm = -0.0209     CD =  0.01152   =>   CDf =  0.00558    CDp =  0.00594

 Side 1  free  transition at x/c =  0.3707   61
 Side 2  free  transition at x/c =  0.9186   65

   4   rms: 0.1254E-01   max: -.2317E+00   C at   65  2
       a =  6.000      CL =  0.7886
      Cm = -0.0207     CD =  0.01165   =>   CDf =  0.00549    CDp =  0.00616

 Side 1  free  transition at x/c =  0.3707   61
 Side 2  free  transition at x/c =  0.9169   65

   5   rms: 0.1184E-02   max: 0.1936E-01   C at   65  2
       a =  6.000      CL =  0.7887
      Cm = -0.0207     CD =  0.01166   =>   CDf =  0.00547    CDp =  0.00619

 Side 1  free  transition at x/c =  0.3707   61
 Side 2  free  transition at x/c =  0.9162   65

   6   rms: 0.9537E-05   max: -.1453E-03   D at   67  2
       a =  6.000      CL =  0.7887
      Cm = -0.0207     CD =  0.01166   =>   CDf =  0.00548    CDp =  0.00619
 plradd ia,ip,cpol           32           0  7.97009990E-02

 Point added to stored polar  1
 Point written to save file  polar.txt                                       
 Dump file unspecified or not available
 Calculating wake trajectory ...
 Calculating source influence matrix ...

 Solving BL system ...

 Side 1  free  transition at x/c =  0.3707   61
 Side 2  free  transition at x/c =  0.9162   65

   1   rms: 0.1292E+00   max: -.4495E+00   T at   65  2
       a =  7.000      CL =  0.8803
      Cm = -0.0165     CD =  0.01219   =>   CDf =  0.00533    CDp =  0.00686

 Side 1  free  transition at x/c =  0.3391   62
 Side 2  free  transition at x/c =  0.9732   66

   2   rms: 0.3055E-01   max: -.4341E+00   D at   62  1
       a =  7.000      CL =  0.8796
      Cm = -0.0170     CD =  0.01272   =>   CDf =  0.00555    CDp =  0.00717

 Side 1  free  transition at x/c =  0.3442   62
 Side 2  free  transition at x/c =  0.9744   66

   3   rms: 0.8171E-02   max: 0.1146E+00   C at   62  1
       a =  7.000      CL =  0.8836
      Cm = -0.0178     CD =  0.01279   =>   CDf =  0.00544    CDp =  0.00735

 Side 1  free  transition at x/c =  0.3407   62
 Side 2  free  transition at x/c =  0.9708   66

   4   rms: 0.7913E-03   max: -.7648E-02   D at   67  2
       a =  7.000      CL =  0.8830
      Cm = -0.0177     CD =  0.01280   =>   CDf =  0.00548    CDp =  0.00732

 Side 1  free  transition at x/c =  0.3409   62
 Side 2  free  transition at x/c =  0.9712   66

   5   rms: 0.7779E-05   max: -.5485E-04   D at   67  2
       a =  7.000      CL =  0.8830
      Cm = -0.0177     CD =  0.01280   =>   CDf =  0.00548    CDp =  0.00732
 plradd ia,ip,cpol           33           0  6.67340234E-02

 Point added to stored polar  1
 Point written to save file  polar.txt                                       
 Dump file unspecified or not available
 Calculating wake trajectory ...
 Calculating source influence matrix ...

 Solving BL system ...

 Side 1  free  transition at x/c =  0.3409   62
 Side 2  free  transition at x/c =  0.9712   66

   1   rms: 0.1459E+00   max: -.6618E+00   D at   62  1   RLX: 0.755
       a =  8.000      CL =  0.9578
      Cm = -0.0168     CD =  0.01399   =>   CDf =  0.00542    CDp =  0.00857

 Side 1  free  transition at x/c =  0.3175   62
 Side 2 forced transition at x/c =  0.9999   67

   2   rms: 0.1347E+00   max: 0.2211E+01   C at   67  2   RLX: 0.678
       a =  8.000      CL =  1.0285
      Cm = -0.0283     CD =  0.01454   =>   CDf =  0.00561    CDp =  0.00893

 Side 1  free  transition at x/c =  0.3068   61
 Side 2  free  transition at x/c =  0.9745   65

   3   rms: 0.1381E+00   max: -.1685E+01   T at   65  2   RLX: 0.297
       a =  8.000      CL =  0.9928
      Cm = -0.0207     CD =  0.01549   =>   CDf =  0.00563    CDp =  0.00986

 Side 1  free  transition at x/c =  0.3093   61
 Side 2 forced transition at x/c =  0.9999   67

   4   rms: 0.1217E+00   max: 0.1463E+01   C at   67  2
       a =  8.000      CL =  1.1075
      Cm = -0.0418     CD =  0.01502   =>   CDf =  0.00554    CDp =  0.00948

 Side 1  free  transition at x/c =  0.2993   62
 Side 2  free  transition at x/c =  0.9450   63

   5   rms: 0.1335E+00   max: -.1248E+01   T at   63  2   RLX: 0.401
       a =  8.000      CL =  1.0591
      Cm = -0.0333     CD =  0.01645   =>   CDf =  0.00573    CDp =  0.01072

 Side 1  free  transition at x/c =  0.3046   62
 Side 2  free  transition at x/c =  0.9669   64
 idif Ue xi dudx           1  9.14571881E-02  4.56440449E-03   20.037046    
 Uenew xinew           2  1.71071682E-02  8.53776932E-04

   6   rms: 0.1368E+00   max: -.1519E+01   T at   64  2   RLX: 0.329
       a =  8.000      CL =  1.0199
      Cm = -0.0250     CD =  0.01580   =>   CDf =  0.00572    CDp =  0.01008

 Side 1  free  transition at x/c =  0.3077   61
 Side 2  free  transition at x/c =  0.9972   67

   7   rms: 0.1492E-01   max: 0.1464E+00   D at   72  2
       a =  8.000      CL =  1.0221
      Cm = -0.0252     CD =  0.01442   =>   CDf =  0.00561    CDp =  0.00880

 Side 1  free  transition at x/c =  0.3071   61
 Side 2  free  transition at x/c =  0.9921   67

   8   rms: 0.2463E-02   max: -.3906E-01   D at   67  2
       a =  8.000      CL =  1.0217
      Cm = -0.0251     CD =  0.01444   =>   CDf =  0.00561    CDp =  0.00883

 Side 1  free  transition at x/c =  0.3072   61
 Side 2  free  transition at x/c =  0.9929   67

   9   rms: 0.1863E-04   max: -.3735E-03   D at   67  2
       a =  8.000      CL =  1.0217
      Cm = -0.0251     CD =  0.01444   =>   CDf =  0.00561    CDp =  0.00883
 plradd ia,ip,cpol           34           0  5.02886996E-02

 Point added to stored polar  1
 Point written to save file  polar.txt                                       
 Dump file unspecified or not available
 Calculating wake trajectory ...
 Calculating source influence matrix ...

 Solving BL system ...

 Side 1  free  transition at x/c =  0.3072   61
 Side 2  free  transition at x/c =  0.9929   67

   1   rms: 0.1598E+00   max: -.6645E+00   D at   61  1   RLX: 0.752
       a =  9.000      CL =  1.1282
      Cm = -0.0316     CD =  0.01577   =>   CDf =  0.00548    CDp =  0.01030

 Side 1  free  transition at x/c =  0.2811   61
 Side 2  free  transition at x/c =  0.9998   65

   2   rms: 0.5535E-01   max: 0.6573E+00   T at    2  1
       a =  9.000      CL =  1.1593
      Cm = -0.0331     CD =  0.01629   =>   CDf =  0.00578    CDp =  0.01051

 Side 1  free  transition at x/c =  0.2734   61
 Side 2 forced transition at x/c =  0.9999   65

   3   rms: 0.6710E-01   max: -.5352E+00   D at   65  2   RLX: 0.934
       a =  9.000      CL =  1.0975
      Cm = -0.0213     CD =  0.01591   =>   CDf =  0.00575    CDp =  0.01015

 Side 1  free  transition at x/c =  0.2783   61
 Side 2 forced transition at x/c =  0.9999   65

   4   rms: 0.1433E-01   max: 0.1199E+00   D at   61  2
       a =  9.000      CL =  1.0955
      Cm = -0.0208     CD =  0.01594   =>   CDf =  0.00576    CDp =  0.01017

 Side 1  free  transition at x/c =  0.2789   61
 Side 2 forced transition at x/c =  0.9999   65

   5   rms: 0.4039E-02   max: 0.4300E-01   C at   65  2
       a =  9.000      CL =  1.0973
      Cm = -0.0212     CD =  0.01595   =>   CDf =  0.00573    CDp =  0.01022

 Side 1  free  transition at x/c =  0.2788   61
 Side 2 forced transition at x/c =  0.9999   65

   6   rms: 0.2574E-03   max: 0.2705E-02   C at   65  2
       a =  9.000      CL =  1.0974
      Cm = -0.0212     CD =  0.01595   =>   CDf =  0.00572    CDp =  0.01023

 Side 1  free  transition at x/c =  0.2788   61
 Side 2 forced transition at x/c =  0.9999   65

   7   rms: 0.1318E-05   max: -.1026E-04   D at    4  1
       a =  9.000      CL =  1.0974
      Cm = -0.0212     CD =  0.01595   =>   CDf =  0.00572    CDp =  0.01023
 plradd ia,ip,cpol           35           0  4.55068201E-02

 Point added to stored polar  1
 Point written to save file  polar.txt                                       
 Dump file unspecified or not available
 Calculating wake trajectory ...
 Calculating source influence matrix ...

 Solving BL system ...

 Side 1  free  transition at x/c =  0.2788   61
 Side 2 forced transition at x/c =  0.9999   65

   1   rms: 0.1233E+00   max: -.9376E+00   C at   65  2   RLX: 0.533
       a = 10.000      CL =  1.1133
      Cm = -0.0141     CD =  0.01646   =>   CDf =  0.00573    CDp =  0.01073

 Side 1  free  transition at x/c =  0.2644   60
 Side 2 forced transition at x/c =  0.9999   65

   2   rms: 0.5553E-01   max: -.2524E+00   C at   60  1
       a = 10.000      CL =  1.1469
      Cm = -0.0120     CD =  0.01740   =>   CDf =  0.00575    CDp =  0.01165

 Side 1  free  transition at x/c =  0.2519   61
 Side 2 forced transition at x/c =  0.9999   64

   3   rms: 0.8792E-02   max: 0.6221E-01   D at   62  1
       a = 10.000      CL =  1.1388
      Cm = -0.0110     CD =  0.01772   =>   CDf =  0.00585    CDp =  0.01187

 Side 1  free  transition at x/c =  0.2537   61
 Side 2 forced transition at x/c =  0.9999   64

   4   rms: 0.7257E-03   max: 0.1011E-01   D at   90  1
       a = 10.000      CL =  1.1383
      Cm = -0.0109     CD =  0.01773   =>   CDf =  0.00581    CDp =  0.01193

 Side 1  free  transition at x/c =  0.2536   61
 Side 2 forced transition at x/c =  0.9999   64

   5   rms: 0.1357E-04   max: 0.1472E-03   D at   90  1
       a = 10.000      CL =  1.1383
      Cm = -0.0109     CD =  0.01773   =>   CDf =  0.00581    CDp =  0.01193
 plradd ia,ip,cpol           36           0  3.68647017E-02

 Point added to stored polar  1
 Point written to save file  polar.txt                                       
 Dump file unspecified or not available
 Calculating wake trajectory ...
 Calculating source influence matrix ...

 Solving BL system ...

 Side 1  free  transition at x/c =  0.2536   61
 Side 2 forced transition at x/c =  0.9999   64

   1   rms: 0.1288E+00   max: -.6825E+00   C at   64  2   RLX: 0.733
       a = 11.000      CL =  1.1722
      Cm = -0.0052     CD =  0.01972   =>   CDf =  0.00581    CDp =  0.01391

 Side 1  free  transition at x/c =  0.2359   60
 Side 2 forced transition at x/c =  0.9999   64

   2   rms: 0.3881E-01   max: -.2914E+00   D at   61  1
       a = 11.000      CL =  1.1895
      Cm = -0.0045     CD =  0.02065   =>   CDf =  0.00577    CDp =  0.01488

 Side 1  free  transition at x/c =  0.2292   60
 Side 2 forced transition at x/c =  0.9999   63

   3   rms: 0.7880E-02   max: -.6053E-01   D at   60  1
       a = 11.000      CL =  1.1948
      Cm = -0.0051     CD =  0.02034   =>   CDf =  0.00586    CDp =  0.01449

 Side 1  free  transition at x/c =  0.2289   60
 Side 2 forced transition at x/c =  0.9999   63

   4   rms: 0.2391E-03   max: 0.2209E-02   C at   60  1
       a = 11.000      CL =  1.1948
      Cm = -0.0051     CD =  0.02036   =>   CDf =  0.00586    CDp =  0.01450

 Side 1  free  transition at x/c =  0.2289   60
 Side 2 forced transition at x/c =  0.9999   63

   5   rms: 0.3236E-05   max: -.2909E-04   C at   63  2
       a = 11.000      CL =  1.1948
      Cm = -0.0051     CD =  0.02036   =>   CDf =  0.00586    CDp =  0.01450
 plradd ia,ip,cpol           37           0  3.29688005E-02

 Point added to stored polar  1
 Point written to save file  polar.txt                                       
 Dump file unspecified or not available
 Calculating wake trajectory ...
 Calculating source influence matrix ...

 Solving BL system ...

 Side 1  free  transition at x/c =  0.2289   60
 Side 2 forced transition at x/c =  0.9999   63

   1   rms: 0.1211E+00   max: -.4088E+00   C at   63  2   RLX: 0.846
       a = 12.000      CL =  1.2491
      Cm = -0.0016     CD =  0.02267   =>   CDf =  0.00575    CDp =  0.01692

 Side 1  free  transition at x/c =  0.2074   60
 Side 2 forced transition at x/c =  0.9999   62

   2   rms: 0.2556E-01   max: -.3492E+00   D at   60  1
       a = 12.000      CL =  1.2497
      Cm = -0.0005     CD =  0.02372   =>   CDf =  0.00594    CDp =  0.01778

 Side 1  free  transition at x/c =  0.2061   60
 Side 2 forced transition at x/c =  0.9999   62

   3   rms: 0.5627E-02   max: -.3768E-01   D at   60  1
       a = 12.000      CL =  1.2456
      Cm = -0.0001     CD =  0.02395   =>   CDf =  0.00590    CDp =  0.01804

 Side 1  free  transition at x/c =  0.2052   60
 Side 2 forced transition at x/c =  0.9999   62

   4   rms: 0.4388E-03   max: 0.4466E-02   D at   88  1
       a = 12.000      CL =  1.2453
      Cm = -0.0000     CD =  0.02395   =>   CDf =  0.00592    CDp =  0.01804

 Side 1  free  transition at x/c =  0.2052   60
 Side 2 forced transition at x/c =  0.9999   62

   5   rms: 0.1399E-04   max: 0.9706E-04   D at   88  1
       a = 12.000      CL =  1.2452
      Cm = -0.0000     CD =  0.02395   =>   CDf =  0.00592    CDp =  0.01804
 plradd ia,ip,cpol           38           0  2.93358658E-02

 Point added to stored polar  1
 Point written to save file  polar.txt                                       
 Dump file unspecified or not available
 Calculating wake trajectory ...
 Calculating source influence matrix ...

 Solving BL system ...

 Side 1  free  transition at x/c =  0.2052   60
 Side 2 forced transition at x/c =  0.9999   62

   1   rms: 0.1342E+00   max: -.6714E+00   D at   60  1   RLX: 0.714
       a = 13.000      CL =  1.2678
      Cm =  0.0041     CD =  0.02778   =>   CDf =  0.00579    CDp =  0.02199

 Side 1  free  transition at x/c =  0.1900   60
 Side 2 forced transition at x/c =  0.9999   61

   2   rms: 0.1583E+01   max: 0.2817E+02   D at    2  1   RLX: 0.043
       a = 13.000      CL =  1.2671
      Cm =  0.0052     CD =  0.02764   =>   CDf =  0.00595    CDp =  0.02169

 Side 1  free  transition at x/c =  0.1898   59
 Side 2 forced transition at x/c =  0.9999   61

   3   rms: 0.4014E-01   max: -.2499E+00   C at   59  1
       a = 13.000      CL =  1.2947
      Cm =  0.0038     CD =  0.02824   =>   CDf =  0.00595    CDp =  0.02230

 Side 1  free  transition at x/c =  0.1842   59
 Side 2 forced transition at x/c =  0.9999   61

   4   rms: 0.2818E-02   max: 0.2807E-01   D at   87  1
       a = 13.000      CL =  1.2927
      Cm =  0.0039     CD =  0.02832   =>   CDf =  0.00590    CDp =  0.02243

 Side 1  free  transition at x/c =  0.1843   59
 Side 2 forced transition at x/c =  0.9999   61

   5   rms: 0.1880E-03   max: 0.2030E-02   D at   87  1
       a = 13.000      CL =  1.2925
      Cm =  0.0039     CD =  0.02833   =>   CDf =  0.00589    CDp =  0.02244

 Side 1  free  transition at x/c =  0.1843   59
 Side 2 forced transition at x/c =  0.9999   61

   6   rms: 0.4818E-05   max: 0.3049E-04   D at   71  2
       a = 13.000      CL =  1.2925
      Cm =  0.0039     CD =  0.02832   =>   CDf =  0.00589    CDp =  0.02244
 plradd ia,ip,cpol           39           0  2.59525813E-02

 Point added to stored polar  1
 Point written to save file  polar.txt                                       
 Dump file unspecified or not available
 Calculating wake trajectory ...
 Calculating source influence matrix ...

 Solving BL system ...

 Side 1  free  transition at x/c =  0.1843   59
 Side 2 forced transition at x/c =  0.9999   61

   1   rms: 0.1215E+00   max: -.4317E+00   D at   59  1   RLX: 0.653
       a = 14.000      CL =  1.3219
      Cm =  0.0060     CD =  0.03172   =>   CDf =  0.00575    CDp =  0.02597

 Side 1  free  transition at x/c =  0.1713   59
 Side 2 forced transition at x/c =  0.9999   60

   2   rms: 0.4394E-01   max: -.2612E+00   D at   59  1
       a = 14.000      CL =  1.3342
      Cm =  0.0069     CD =  0.03381   =>   CDf =  0.00590    CDp =  0.02791

 Side 1  free  transition at x/c =  0.1649   59
 Side 2 forced transition at x/c =  0.9999   60

   3   rms: 0.9680E-02   max: 0.8550E-01   D at   86  1
       a = 14.000      CL =  1.3257
      Cm =  0.0074     CD =  0.03438   =>   CDf =  0.00591    CDp =  0.02847

 Side 1  free  transition at x/c =  0.1653   59
 Side 2 forced transition at x/c =  0.9999   60

   4   rms: 0.1825E-03   max: 0.3018E-02   D at   71  2
       a = 14.000      CL =  1.3256
      Cm =  0.0074     CD =  0.03433   =>   CDf =  0.00588    CDp =  0.02845

 Side 1  free  transition at x/c =  0.1653   59
 Side 2 forced transition at x/c =  0.9999   60

   5   rms: 0.2529E-05   max: 0.5013E-04   D at   71  2
       a = 14.000      CL =  1.3256
      Cm =  0.0074     CD =  0.03433   =>   CDf =  0.00588    CDp =  0.02845
 plradd ia,ip,cpol           40           0  2.28075795E-02

 Point added to stored polar  1
 Point written to save file  polar.txt                                       
 Dump file unspecified or not available
 Calculating wake trajectory ...
 Calculating source influence matrix ...

 Solving BL system ...

 Side 1  free  transition at x/c =  0.1653   59
 Side 2 forced transition at x/c =  0.9999   60

   1   rms: 0.1305E+00   max: -.6111E+00   D at   59  1   RLX: 0.565
       a = 15.000      CL =  1.3357
      Cm =  0.0093     CD =  0.03896   =>   CDf =  0.00589    CDp =  0.03307

 Side 1  free  transition at x/c =  0.1559   58
 Side 2 forced transition at x/c =  0.9999   60

   2   rms: 0.5401E-01   max: -.4349E+00   D at   58  1
       a = 15.000      CL =  1.3620
      Cm =  0.0094     CD =  0.04090   =>   CDf =  0.00565    CDp =  0.03525

 Side 1  free  transition at x/c =  0.1499   58
 Side 2 forced transition at x/c =  0.9999   59

   3   rms: 0.9668E-02   max: -.8439E-01   D at   59  1
       a = 15.000      CL =  1.3546
      Cm =  0.0097     CD =  0.04134   =>   CDf =  0.00580    CDp =  0.03554

 Side 1  free  transition at x/c =  0.1491   58
 Side 2 forced transition at x/c =  0.9999   59

   4   rms: 0.5829E-03   max: 0.5727E-02   D at   84  1
       a = 15.000      CL =  1.3541
      Cm =  0.0098     CD =  0.04133   =>   CDf =  0.00579    CDp =  0.03554

 Side 1  free  transition at x/c =  0.1491   58
 Side 2 forced transition at x/c =  0.9999   59

   5   rms: 0.2225E-04   max: 0.1819E-03   D at   84  1
       a = 15.000      CL =  1.3541
      Cm =  0.0098     CD =  0.04133   =>   CDf =  0.00579    CDp =  0.03554
 plradd ia,ip,cpol           41           0  1.98908821E-02

 Point added to stored polar  1
 Point written to save file  polar.txt                                       
 Dump file unspecified or not available
 Calculating wake trajectory ...
 Calculating source influence matrix ...

 Solving BL system ...

 Side 1  free  transition at x/c =  0.1491   58
 Side 2 forced transition at x/c =  0.9999   59

   1   rms: 0.1140E+00   max: 0.4212E+00   D at   83  1   RLX: 0.518
       a = 16.000      CL =  1.3720
      Cm =  0.0103     CD =  0.04529   =>   CDf =  0.00580    CDp =  0.03949

 Side 1  free  transition at x/c =  0.1404   57
 Side 2 forced transition at x/c =  0.9999   59

   2   rms: 0.5330E-01   max: -.2554E+00   C at   57  1
       a = 16.000      CL =  1.3853
      Cm =  0.0109     CD =  0.04896   =>   CDf =  0.00563    CDp =  0.04333

 Side 1  free  transition at x/c =  0.1339   58
 Side 2 forced transition at x/c =  0.9999   58

   3   rms: 0.1624E-01   max: 0.1145E+00   D at   84  1
       a = 16.000      CL =  1.3717
      Cm =  0.0111     CD =  0.05004   =>   CDf =  0.00574    CDp =  0.04431

 Side 1  free  transition at x/c =  0.1348   58
 Side 2 forced transition at x/c =  0.9999   58

   4   rms: 0.2651E-02   max: 0.3004E-01   D at   83  1
       a = 16.000      CL =  1.3699
      Cm =  0.0112     CD =  0.05009   =>   CDf =  0.00568    CDp =  0.04440

 Side 1  free  transition at x/c =  0.1348   58
 Side 2 forced transition at x/c =  0.9999   58

   5   rms: 0.8577E-04   max: -.9266E-03   D at   83  1
       a = 16.000      CL =  1.3698
      Cm =  0.0112     CD =  0.05005   =>   CDf =  0.00568    CDp =  0.04438
 plradd ia,ip,cpol           42           0  1.71940569E-02

 Point added to stored polar  1
 Point written to save file  polar.txt                                       
 Dump file unspecified or not available
 Calculating wake trajectory ...
 Calculating source influence matrix ...

 Solving BL system ...

 Side 1  free  transition at x/c =  0.1348   58
 Side 2 forced transition at x/c =  0.9999   58

   1   rms: 0.1176E+00   max: 0.5053E+00   D at   82  1   RLX: 0.457
       a = 17.000      CL =  1.3764
      Cm =  0.0113     CD =  0.05487   =>   CDf =  0.00569    CDp =  0.04918

 Side 1  free  transition at x/c =  0.1291   57
 Side 2 forced transition at x/c =  0.9999   58

   2   rms: 0.5956E-01   max: 0.2874E+00   D at   82  1
       a = 17.000      CL =  1.3904
      Cm =  0.0112     CD =  0.05961   =>   CDf =  0.00567    CDp =  0.05394

 Side 1  free  transition at x/c =  0.1214   57
 Side 2 forced transition at x/c =  0.9999   58

   3   rms: 0.1922E-01   max: 0.1578E+00   D at   81  1
       a = 17.000      CL =  1.3737
      Cm =  0.0115     CD =  0.06077   =>   CDf =  0.00564    CDp =  0.05513

 Side 1  free  transition at x/c =  0.1227   57
 Side 2 forced transition at x/c =  0.9999   58

   4   rms: 0.1429E-02   max: -.1943E-01   D at   81  1
       a = 17.000      CL =  1.3741
      Cm =  0.0116     CD =  0.06042   =>   CDf =  0.00555    CDp =  0.05487

 Side 1  free  transition at x/c =  0.1226   57
 Side 2 forced transition at x/c =  0.9999   58

   5   rms: 0.6898E-04   max: -.3929E-03   D at   73  2
       a = 17.000      CL =  1.3742
      Cm =  0.0116     CD =  0.06044   =>   CDf =  0.00556    CDp =  0.05488
 plradd ia,ip,cpol           43           0  1.71940569E-02

 Point added to stored polar  1
 Point written to save file  polar.txt                                       
 Dump file unspecified or not available
 Calculating wake trajectory ...
 Calculating source influence matrix ...

 Solving BL system ...

 Side 1  free  transition at x/c =  0.1226   57
 Side 2 forced transition at x/c =  0.9999   58

   1   rms: 0.1245E+00   max: 0.6325E+00   D at   79  1   RLX: 0.404
       a = 18.000      CL =  1.3699
      Cm =  0.0112     CD =  0.06626   =>   CDf =  0.00537    CDp =  0.06089

 Side 1  free  transition at x/c =  0.1186   57
 Side 2 forced transition at x/c =  0.9999   57

   2   rms: 0.6270E-01   max: -.2245E+00   D at   57  1
       a = 18.000      CL =  1.3951
      Cm =  0.0108     CD =  0.07032   =>   CDf =  0.00550    CDp =  0.06482

 Side 1  free  transition at x/c =  0.1109   56
 Side 2 forced transition at x/c =  0.9999   57

   3   rms: 0.2952E-01   max: 0.1762E+00   D at   80  1
       a = 18.000      CL =  1.3679
      Cm =  0.0108     CD =  0.07299   =>   CDf =  0.00552    CDp =  0.06747

 Side 1  free  transition at x/c =  0.1116   57
 Side 2 forced transition at x/c =  0.9999   57

   4   rms: 0.4452E-02   max: -.5787E-01   D at   56  1
       a = 18.000      CL =  1.3685
      Cm =  0.0109     CD =  0.07244   =>   CDf =  0.00545    CDp =  0.06699

 Side 1  free  transition at x/c =  0.1121   57
 Side 2 forced transition at x/c =  0.9999   57

   5   rms: 0.7550E-03   max: -.6492E-02   D at   57  1
       a = 18.000      CL =  1.3689
      Cm =  0.0109     CD =  0.07237   =>   CDf =  0.00541    CDp =  0.06696

 Side 1  free  transition at x/c =  0.1120   57
 Side 2 forced transition at x/c =  0.9999   57

   6   rms: 0.3209E-04   max: -.1847E-03   D at   71  2
       a = 18.000      CL =  1.3689
      Cm =  0.0109     CD =  0.07238   =>   CDf =  0.00542    CDp =  0.06697
 plradd ia,ip,cpol           44           0  1.47096245E-02

 Point added to stored polar  1
 Point written to save file  polar.txt                                       
 Dump file unspecified or not available
 Calculating wake trajectory ...
 Calculating source influence matrix ...

 Solving BL system ...

 Side 1  free  transition at x/c =  0.1120   57
 Side 2 forced transition at x/c =  0.9999   57

   1   rms: 0.1213E+00   max: 0.6413E+00   D at   78  1   RLX: 0.364
       a = 19.000      CL =  1.3616
      Cm =  0.0101     CD =  0.07840   =>   CDf =  0.00543    CDp =  0.07297

 Side 1  free  transition at x/c =  0.1087   56
 Side 2 forced transition at x/c =  0.9999   57

   2   rms: 0.6490E-01   max: 0.2847E+00   D at   78  1
       a = 19.000      CL =  1.3797
      Cm =  0.0088     CD =  0.08441   =>   CDf =  0.00513    CDp =  0.07929

 Side 1  free  transition at x/c =  0.1021   56
 Side 2 forced transition at x/c =  0.9999   56

   3   rms: 0.1917E-01   max: 0.1384E+00   D at   78  1
       a = 19.000      CL =  1.3608
      Cm =  0.0090     CD =  0.08546   =>   CDf =  0.00532    CDp =  0.08014

 Side 1  free  transition at x/c =  0.1023   56
 Side 2 forced transition at x/c =  0.9999   56

   4   rms: 0.4524E-02   max: -.6633E-01   C at   56  1
       a = 19.000      CL =  1.3587
      Cm =  0.0090     CD =  0.08538   =>   CDf =  0.00530    CDp =  0.08009

 Side 1  free  transition at x/c =  0.1024   56
 Side 2 forced transition at x/c =  0.9999   56

   5   rms: 0.3783E-02   max: -.6591E-01   C at   56  1
       a = 19.000      CL =  1.3585
      Cm =  0.0091     CD =  0.08533   =>   CDf =  0.00529    CDp =  0.08004

 Side 1  free  transition at x/c =  0.1024   56
 Side 2 forced transition at x/c =  0.9999   56

   6   rms: 0.3776E-02   max: -.6596E-01   C at   56  1
       a = 19.000      CL =  1.3585
      Cm =  0.0091     CD =  0.08533   =>   CDf =  0.00529    CDp =  0.08004

 Side 1  free  transition at x/c =  0.1024   56
 Side 2 forced transition at x/c =  0.9999   56

   7   rms: 0.3775E-02   max: -.6596E-01   C at   56  1
       a = 19.000      CL =  1.3585
      Cm =  0.0091     CD =  0.08533   =>   CDf =  0.00529    CDp =  0.08004

 Side 1  free  transition at x/c =  0.1024   56
 Side 2 forced transition at x/c =  0.9999   56

   8   rms: 0.3775E-02   max: -.6596E-01   C at   56  1
       a = 19.000      CL =  1.3585
      Cm =  0.0091     CD =  0.08533   =>   CDf =  0.00529    CDp =  0.08004

 Side 1  free  transition at x/c =  0.1024   56
 Side 2 forced transition at x/c =  0.9999   56

   9   rms: 0.3776E-02   max: -.6596E-01   C at   56  1
       a = 19.000      CL =  1.3585
      Cm =  0.0091     CD =  0.08533   =>   CDf =  0.00529    CDp =  0.08004

 Side 1  free  transition at x/c =  0.1024   56
 Side 2 forced transition at x/c =  0.9999   56

  10   rms: 0.3775E-02   max: -.6595E-01   C at   56  1
       a = 19.000      CL =  1.3585
      Cm =  0.0091     CD =  0.08533   =>   CDf =  0.00529    CDp =  0.08004

 Side 1  free  transition at x/c =  0.1024   56
 Side 2 forced transition at x/c =  0.9999   56

  11   rms: 0.3775E-02   max: -.6596E-01   C at   56  1
       a = 19.000      CL =  1.3585
      Cm =  0.0091     CD =  0.08533   =>   CDf =  0.00529    CDp =  0.08004

 Side 1  free  transition at x/c =  0.1024   56
 Side 2 forced transition at x/c =  0.9999   56

  12   rms: 0.3776E-02   max: -.6596E-01   C at   56  1
       a = 19.000      CL =  1.3585
      Cm =  0.0091     CD =  0.08533   =>   CDf =  0.00529    CDp =  0.08004

 Side 1  free  transition at x/c =  0.1024   56
 Side 2 forced transition at x/c =  0.9999   56

  13   rms: 0.3776E-02   max: -.6596E-01   C at   56  1
       a = 19.000      CL =  1.3585
      Cm =  0.0091     CD =  0.08533   =>   CDf =  0.00529    CDp =  0.08004

 Side 1  free  transition at x/c =  0.1024   56
 Side 2 forced transition at x/c =  0.9999   56

  14   rms: 0.3775E-02   max: -.6596E-01   C at   56  1
       a = 19.000      CL =  1.3585
      Cm =  0.0091     CD =  0.08533   =>   CDf =  0.00529    CDp =  0.08004

 Side 1  free  transition at x/c =  0.1024   56
 Side 2 forced transition at x/c =  0.9999   56

  15   rms: 0.3775E-02   max: -.6596E-01   C at   56  1
       a = 19.000      CL =  1.3585
      Cm =  0.0091     CD =  0.08533   =>   CDf =  0.00529    CDp =  0.08004

 Side 1  free  transition at x/c =  0.1024   56
 Side 2 forced transition at x/c =  0.9999   56

  16   rms: 0.3776E-02   max: -.6596E-01   C at   56  1
       a = 19.000      CL =  1.3585
      Cm =  0.0091     CD =  0.08533   =>   CDf =  0.00529    CDp =  0.08004

 Side 1  free  transition at x/c =  0.1024   56
 Side 2 forced transition at x/c =  0.9999   56

  17   rms: 0.3775E-02   max: -.6596E-01   C at   56  1
       a = 19.000      CL =  1.3585
      Cm =  0.0091     CD =  0.08533   =>   CDf =  0.00529    CDp =  0.08004

 Side 1  free  transition at x/c =  0.1024   56
 Side 2 forced transition at x/c =  0.9999   56

  18   rms: 0.3776E-02   max: -.6596E-01   C at   56  1
       a = 19.000      CL =  1.3585
      Cm =  0.0091     CD =  0.08533   =>   CDf =  0.00529    CDp =  0.08004

 Side 1  free  transition at x/c =  0.1024   56
 Side 2 forced transition at x/c =  0.9999   56

  19   rms: 0.3776E-02   max: -.6596E-01   C at   56  1
       a = 19.000      CL =  1.3585
      Cm =  0.0091     CD =  0.08533   =>   CDf =  0.00529    CDp =  0.08004

 Side 1  free  transition at x/c =  0.1024   56
 Side 2 forced transition at x/c =  0.9999   56

  20   rms: 0.3776E-02   max: -.6596E-01   C at   56  1
       a = 19.000      CL =  1.3585
      Cm =  0.0091     CD =  0.08533   =>   CDf =  0.00529    CDp =  0.08004

 Side 1  free  transition at x/c =  0.1024   56
 Side 2 forced transition at x/c =  0.9999   56

  21   rms: 0.3776E-02   max: -.6596E-01   C at   56  1
       a = 19.000      CL =  1.3585
      Cm =  0.0091     CD =  0.08533   =>   CDf =  0.00529    CDp =  0.08004

 Side 1  free  transition at x/c =  0.1024   56
 Side 2 forced transition at x/c =  0.9999   56

  22   rms: 0.3776E-02   max: -.6596E-01   C at   56  1
       a = 19.000      CL =  1.3585
      Cm =  0.0091     CD =  0.08533   =>   CDf =  0.00529    CDp =  0.08004

 Side 1  free  transition at x/c =  0.1024   56
 Side 2 forced transition at x/c =  0.9999   56

  23   rms: 0.3776E-02   max: -.6596E-01   C at   56  1
       a = 19.000      CL =  1.3585
      Cm =  0.0091     CD =  0.08533   =>   CDf =  0.00529    CDp =  0.08004

 Side 1  free  transition at x/c =  0.1024   56
 Side 2 forced transition at x/c =  0.9999   56

  24   rms: 0.3776E-02   max: -.6596E-01   C at   56  1
       a = 19.000      CL =  1.3585
      Cm =  0.0091     CD =  0.08533   =>   CDf =  0.00529    CDp =  0.08004

 Side 1  free  transition at x/c =  0.1024   56
 Side 2 forced transition at x/c =  0.9999   56

  25   rms: 0.3776E-02   max: -.6596E-01   C at   56  1
       a = 19.000      CL =  1.3585
      Cm =  0.0091     CD =  0.08533   =>   CDf =  0.00529    CDp =  0.08004

 Side 1  free  transition at x/c =  0.1024   56
 Side 2 forced transition at x/c =  0.9999   56

  26   rms: 0.3776E-02   max: -.6596E-01   C at   56  1
       a = 19.000      CL =  1.3585
      Cm =  0.0091     CD =  0.08533   =>   CDf =  0.00529    CDp =  0.08004

 Side 1  free  transition at x/c =  0.1024   56
 Side 2 forced transition at x/c =  0.9999   56

  27   rms: 0.3776E-02   max: -.6596E-01   C at   56  1
       a = 19.000      CL =  1.3585
      Cm =  0.0091     CD =  0.08533   =>   CDf =  0.00529    CDp =  0.08004

 Side 1  free  transition at x/c =  0.1024   56
 Side 2 forced transition at x/c =  0.9999   56

  28   rms: 0.3776E-02   max: -.6596E-01   C at   56  1
       a = 19.000      CL =  1.3585
      Cm =  0.0091     CD =  0.08533   =>   CDf =  0.00529    CDp =  0.08004

 Side 1  free  transition at x/c =  0.1024   56
 Side 2 forced transition at x/c =  0.9999   56

  29   rms: 0.3775E-02   max: -.6595E-01   C at   56  1
       a = 19.000      CL =  1.3585
      Cm =  0.0091     CD =  0.08533   =>   CDf =  0.00529    CDp =  0.08004

 Side 1  free  transition at x/c =  0.1024   56
 Side 2 forced transition at x/c =  0.9999   56

  30   rms: 0.3776E-02   max: -.6596E-01   C at   56  1
       a = 19.000      CL =  1.3585
      Cm =  0.0091     CD =  0.08533   =>   CDf =  0.00529    CDp =  0.08004

 Side 1  free  transition at x/c =  0.1024   56
 Side 2 forced transition at x/c =  0.9999   56

  31   rms: 0.3776E-02   max: -.6596E-01   C at   56  1
       a = 19.000      CL =  1.3585
      Cm =  0.0091     CD =  0.08533   =>   CDf =  0.00529    CDp =  0.08004

 Side 1  free  transition at x/c =  0.1024   56
 Side 2 forced transition at x/c =  0.9999   56

  32   rms: 0.3776E-02   max: -.6596E-01   C at   56  1
       a = 19.000      CL =  1.3585
      Cm =  0.0091     CD =  0.08533   =>   CDf =  0.00529    CDp =  0.08004

 Side 1  free  transition at x/c =  0.1024   56
 Side 2 forced transition at x/c =  0.9999   56

  33   rms: 0.3776E-02   max: -.6596E-01   C at   56  1
       a = 19.000      CL =  1.3585
      Cm =  0.0091     CD =  0.08533   =>   CDf =  0.00529    CDp =  0.08004

 Side 1  free  transition at x/c =  0.1024   56
 Side 2 forced transition at x/c =  0.9999   56

  34   rms: 0.3776E-02   max: -.6596E-01   C at   56  1
       a = 19.000      CL =  1.3585
      Cm =  0.0091     CD =  0.08533   =>   CDf =  0.00529    CDp =  0.08004

 Side 1  free  transition at x/c =  0.1024   56
 Side 2 forced transition at x/c =  0.9999   56

  35   rms: 0.3775E-02   max: -.6596E-01   C at   56  1
       a = 19.000      CL =  1.3585
      Cm =  0.0091     CD =  0.08533   =>   CDf =  0.00529    CDp =  0.08004

 Side 1  free  transition at x/c =  0.1024   56
 Side 2 forced transition at x/c =  0.9999   56

  36   rms: 0.3776E-02   max: -.6596E-01   C at   56  1
       a = 19.000      CL =  1.3585
      Cm =  0.0091     CD =  0.08533   =>   CDf =  0.00529    CDp =  0.08004

 Side 1  free  transition at x/c =  0.1024   56
 Side 2 forced transition at x/c =  0.9999   56

  37   rms: 0.3776E-02   max: -.6596E-01   C at   56  1
       a = 19.000      CL =  1.3585
      Cm =  0.0091     CD =  0.08533   =>   CDf =  0.00529    CDp =  0.08004

 Side 1  free  transition at x/c =  0.1024   56
 Side 2 forced transition at x/c =  0.9999   56

  38   rms: 0.3776E-02   max: -.6596E-01   C at   56  1
       a = 19.000      CL =  1.3585
      Cm =  0.0091     CD =  0.08533   =>   CDf =  0.00529    CDp =  0.08004

 Side 1  free  transition at x/c =  0.1024   56
 Side 2 forced transition at x/c =  0.9999   56

  39   rms: 0.3776E-02   max: -.6596E-01   C at   56  1
       a = 19.000      CL =  1.3585
      Cm =  0.0091     CD =  0.08533   =>   CDf =  0.00529    CDp =  0.08004

 Side 1  free  transition at x/c =  0.1024   56
 Side 2 forced transition at x/c =  0.9999   56

  40   rms: 0.3776E-02   max: -.6596E-01   C at   56  1
       a = 19.000      CL =  1.3585
      Cm =  0.0091     CD =  0.08533   =>   CDf =  0.00529    CDp =  0.08004

 Side 1  free  transition at x/c =  0.1024   56
 Side 2 forced transition at x/c =  0.9999   56

  41   rms: 0.3776E-02   max: -.6596E-01   C at   56  1
       a = 19.000      CL =  1.3585
      Cm =  0.0091     CD =  0.08533   =>   CDf =  0.00529    CDp =  0.08004

 Side 1  free  transition at x/c =  0.1024   56
 Side 2 forced transition at x/c =  0.9999   56

  42   rms: 0.3776E-02   max: -.6596E-01   C at   56  1
       a = 19.000      CL =  1.3585
      Cm =  0.0091     CD =  0.08533   =>   CDf =  0.00529    CDp =  0.08004

 Side 1  free  transition at x/c =  0.1024   56
 Side 2 forced transition at x/c =  0.9999   56

  43   rms: 0.3776E-02   max: -.6596E-01   C at   56  1
       a = 19.000      CL =  1.3585
      Cm =  0.0091     CD =  0.08533   =>   CDf =  0.00529    CDp =  0.08004

 Side 1  free  transition at x/c =  0.1024   56
 Side 2 forced transition at x/c =  0.9999   56

  44   rms: 0.3776E-02   max: -.6596E-01   C at   56  1
       a = 19.000      CL =  1.3585
      Cm =  0.0091     CD =  0.08533   =>   CDf =  0.00529    CDp =  0.08004

 Side 1  free  transition at x/c =  0.1024   56
 Side 2 forced transition at x/c =  0.9999   56

  45   rms: 0.3776E-02   max: -.6596E-01   C at   56  1
       a = 19.000      CL =  1.3585
      Cm =  0.0091     CD =  0.08533   =>   CDf =  0.00529    CDp =  0.08004

 Side 1  free  transition at x/c =  0.1024   56
 Side 2 forced transition at x/c =  0.9999   56

  46   rms: 0.3776E-02   max: -.6596E-01   C at   56  1
       a = 19.000      CL =  1.3585
      Cm =  0.0091     CD =  0.08533   =>   CDf =  0.00529    CDp =  0.08004

 Side 1  free  transition at x/c =  0.1024   56
 Side 2 forced transition at x/c =  0.9999   56

  47   rms: 0.3776E-02   max: -.6596E-01   C at   56  1
       a = 19.000      CL =  1.3585
      Cm =  0.0091     CD =  0.08533   =>   CDf =  0.00529    CDp =  0.08004

 Side 1  free  transition at x/c =  0.1024   56
 Side 2 forced transition at x/c =  0.9999   56

  48   rms: 0.3776E-02   max: -.6596E-01   C at   56  1
       a = 19.000      CL =  1.3585
      Cm =  0.0091     CD =  0.08533   =>   CDf =  0.00529    CDp =  0.08004

 Side 1  free  transition at x/c =  0.1024   56
 Side 2 forced transition at x/c =  0.9999   56

  49   rms: 0.3775E-02   max: -.6596E-01   C at   56  1
       a = 19.000      CL =  1.3585
      Cm =  0.0091     CD =  0.08533   =>   CDf =  0.00529    CDp =  0.08004

 Side 1  free  transition at x/c =  0.1024   56
 Side 2 forced transition at x/c =  0.9999   56

  50   rms: 0.3776E-02   max: -.6596E-01   C at   56  1
       a = 19.000      CL =  1.3585
      Cm =  0.0091     CD =  0.08533   =>   CDf =  0.00529    CDp =  0.08004

 Side 1  free  transition at x/c =  0.1024   56
 Side 2 forced transition at x/c =  0.9999   56

  51   rms: 0.3775E-02   max: -.6596E-01   C at   56  1
       a = 19.000      CL =  1.3585
      Cm =  0.0091     CD =  0.08533   =>   CDf =  0.00529    CDp =  0.08004

 Side 1  free  transition at x/c =  0.1024   56
 Side 2 forced transition at x/c =  0.9999   56

  52   rms: 0.3775E-02   max: -.6596E-01   C at   56  1
       a = 19.000      CL =  1.3585
      Cm =  0.0091     CD =  0.08533   =>   CDf =  0.00529    CDp =  0.08004

 Side 1  free  transition at x/c =  0.1024   56
 Side 2 forced transition at x/c =  0.9999   56

  53   rms: 0.3775E-02   max: -.6596E-01   C at   56  1
       a = 19.000      CL =  1.3585
      Cm =  0.0091     CD =  0.08533   =>   CDf =  0.00529    CDp =  0.08004

 Side 1  free  transition at x/c =  0.1024   56
 Side 2 forced transition at x/c =  0.9999   56

  54   rms: 0.3776E-02   max: -.6596E-01   C at   56  1
       a = 19.000      CL =  1.3585
      Cm =  0.0091     CD =  0.08533   =>   CDf =  0.00529    CDp =  0.08004

 Side 1  free  transition at x/c =  0.1024   56
 Side 2 forced transition at x/c =  0.9999   56

  55   rms: 0.3776E-02   max: -.6596E-01   C at   56  1
       a = 19.000      CL =  1.3585
      Cm =  0.0091     CD =  0.08533   =>   CDf =  0.00529    CDp =  0.08004

 Side 1  free  transition at x/c =  0.1024   56
 Side 2 forced transition at x/c =  0.9999   56

  56   rms: 0.3776E-02   max: -.6596E-01   C at   56  1
       a = 19.000      CL =  1.3585
      Cm =  0.0091     CD =  0.08533   =>   CDf =  0.00529    CDp =  0.08004

 Side 1  free  transition at x/c =  0.1024   56
 Side 2 forced transition at x/c =  0.9999   56

  57   rms: 0.3776E-02   max: -.6596E-01   C at   56  1
       a = 19.000      CL =  1.3585
      Cm =  0.0091     CD =  0.08533   =>   CDf =  0.00529    CDp =  0.08004

 Side 1  free  transition at x/c =  0.1024   56
 Side 2 forced transition at x/c =  0.9999   56

  58   rms: 0.3775E-02   max: -.6596E-01   C at   56  1
       a = 19.000      CL =  1.3585
      Cm =  0.0091     CD =  0.08533   =>   CDf =  0.00529    CDp =  0.08004

 Side 1  free  transition at x/c =  0.1024   56
 Side 2 forced transition at x/c =  0.9999   56

  59   rms: 0.3776E-02   max: -.6596E-01   C at   56  1
       a = 19.000      CL =  1.3585
      Cm =  0.0091     CD =  0.08533   =>   CDf =  0.00529    CDp =  0.08004

 Side 1  free  transition at x/c =  0.1024   56
 Side 2 forced transition at x/c =  0.9999   56

  60   rms: 0.3776E-02   max: -.6596E-01   C at   56  1
       a = 19.000      CL =  1.3585
      Cm =  0.0091     CD =  0.08533   =>   CDf =  0.00529    CDp =  0.08004

 Side 1  free  transition at x/c =  0.1024   56
 Side 2 forced transition at x/c =  0.9999   56

  61   rms: 0.3775E-02   max: -.6596E-01   C at   56  1
       a = 19.000      CL =  1.3585
      Cm =  0.0091     CD =  0.08533   =>   CDf =  0.00529    CDp =  0.08004

 Side 1  free  transition at x/c =  0.1024   56
 Side 2 forced transition at x/c =  0.9999   56

  62   rms: 0.3776E-02   max: -.6596E-01   C at   56  1
       a = 19.000      CL =  1.3585
      Cm =  0.0091     CD =  0.08533   =>   CDf =  0.00529    CDp =  0.08004

 Side 1  free  transition at x/c =  0.1024   56
 Side 2 forced transition at x/c =  0.9999   56

  63   rms: 0.3776E-02   max: -.6596E-01   C at   56  1
       a = 19.000      CL =  1.3585
      Cm =  0.0091     CD =  0.08533   =>   CDf =  0.00529    CDp =  0.08004

 Side 1  free  transition at x/c =  0.1024   56
 Side 2 forced transition at x/c =  0.9999   56

  64   rms: 0.3775E-02   max: -.6596E-01   C at   56  1
       a = 19.000      CL =  1.3585
      Cm =  0.0091     CD =  0.08533   =>   CDf =  0.00529    CDp =  0.08004

 Side 1  free  transition at x/c =  0.1024   56
 Side 2 forced transition at x/c =  0.9999   56

  65   rms: 0.3775E-02   max: -.6596E-01   C at   56  1
       a = 19.000      CL =  1.3585
      Cm =  0.0091     CD =  0.08533   =>   CDf =  0.00529    CDp =  0.08004

 Side 1  free  transition at x/c =  0.1024   56
 Side 2 forced transition at x/c =  0.9999   56

  66   rms: 0.3776E-02   max: -.6596E-01   C at   56  1
       a = 19.000      CL =  1.3585
      Cm =  0.0091     CD =  0.08533   =>   CDf =  0.00529    CDp =  0.08004

 Side 1  free  transition at x/c =  0.1024   56
 Side 2 forced transition at x/c =  0.9999   56

  67   rms: 0.3776E-02   max: -.6596E-01   C at   56  1
       a = 19.000      CL =  1.3585
      Cm =  0.0091     CD =  0.08533   =>   CDf =  0.00529    CDp =  0.08004

 Side 1  free  transition at x/c =  0.1024   56
 Side 2 forced transition at x/c =  0.9999   56

  68   rms: 0.3775E-02   max: -.6596E-01   C at   56  1
       a = 19.000      CL =  1.3585
      Cm =  0.0091     CD =  0.08533   =>   CDf =  0.00529    CDp =  0.08004

 Side 1  free  transition at x/c =  0.1024   56
 Side 2 forced transition at x/c =  0.9999   56

  69   rms: 0.3776E-02   max: -.6596E-01   C at   56  1
       a = 19.000      CL =  1.3585
      Cm =  0.0091     CD =  0.08533   =>   CDf =  0.00529    CDp =  0.08004

 Side 1  free  transition at x/c =  0.1024   56
 Side 2 forced transition at x/c =  0.9999   56

  70   rms: 0.3776E-02   max: -.6596E-01   C at   56  1
       a = 19.000      CL =  1.3585
      Cm =  0.0091     CD =  0.08533   =>   CDf =  0.00529    CDp =  0.08004

 Side 1  free  transition at x/c =  0.1024   56
 Side 2 forced transition at x/c =  0.9999   56

  71   rms: 0.3775E-02   max: -.6596E-01   C at   56  1
       a = 19.000      CL =  1.3585
      Cm =  0.0091     CD =  0.08533   =>   CDf =  0.00529    CDp =  0.08004

 Side 1  free  transition at x/c =  0.1024   56
 Side 2 forced transition at x/c =  0.9999   56

  72   rms: 0.3775E-02   max: -.6596E-01   C at   56  1
       a = 19.000      CL =  1.3585
      Cm =  0.0091     CD =  0.08533   =>   CDf =  0.00529    CDp =  0.08004

 Side 1  free  transition at x/c =  0.1024   56
 Side 2 forced transition at x/c =  0.9999   56

  73   rms: 0.3776E-02   max: -.6596E-01   C at   56  1
       a = 19.000      CL =  1.3585
      Cm =  0.0091     CD =  0.08533   =>   CDf =  0.00529    CDp =  0.08004

 Side 1  free  transition at x/c =  0.1024   56
 Side 2 forced transition at x/c =  0.9999   56

  74   rms: 0.3775E-02   max: -.6596E-01   C at   56  1
       a = 19.000      CL =  1.3585
      Cm =  0.0091     CD =  0.08533   =>   CDf =  0.00529    CDp =  0.08004

 Side 1  free  transition at x/c =  0.1024   56
 Side 2 forced transition at x/c =  0.9999   56

  75   rms: 0.3776E-02   max: -.6596E-01   C at   56  1
       a = 19.000      CL =  1.3585
      Cm =  0.0091     CD =  0.08533   =>   CDf =  0.00529    CDp =  0.08004

 Side 1  free  transition at x/c =  0.1024   56
 Side 2 forced transition at x/c =  0.9999   56

  76   rms: 0.3776E-02   max: -.6596E-01   C at   56  1
       a = 19.000      CL =  1.3585
      Cm =  0.0091     CD =  0.08533   =>   CDf =  0.00529    CDp =  0.08004

 Side 1  free  transition at x/c =  0.1024   56
 Side 2 forced transition at x/c =  0.9999   56

  77   rms: 0.3776E-02   max: -.6596E-01   C at   56  1
       a = 19.000      CL =  1.3585
      Cm =  0.0091     CD =  0.08533   =>   CDf =  0.00529    CDp =  0.08004

 Side 1  free  transition at x/c =  0.1024   56
 Side 2 forced transition at x/c =  0.9999   56

  78   rms: 0.3776E-02   max: -.6596E-01   C at   56  1
       a = 19.000      CL =  1.3585
      Cm =  0.0091     CD =  0.08533   =>   CDf =  0.00529    CDp =  0.08004

 Side 1  free  transition at x/c =  0.1024   56
 Side 2 forced transition at x/c =  0.9999   56

  79   rms: 0.3776E-02   max: -.6596E-01   C at   56  1
       a = 19.000      CL =  1.3585
      Cm =  0.0091     CD =  0.08533   =>   CDf =  0.00529    CDp =  0.08004

 Side 1  free  transition at x/c =  0.1024   56
 Side 2 forced transition at x/c =  0.9999   56

  80   rms: 0.3776E-02   max: -.6596E-01   C at   56  1
       a = 19.000      CL =  1.3585
      Cm =  0.0091     CD =  0.08533   =>   CDf =  0.00529    CDp =  0.08004

 Side 1  free  transition at x/c =  0.1024   56
 Side 2 forced transition at x/c =  0.9999   56

  81   rms: 0.3776E-02   max: -.6596E-01   C at   56  1
       a = 19.000      CL =  1.3585
      Cm =  0.0091     CD =  0.08533   =>   CDf =  0.00529    CDp =  0.08004

 Side 1  free  transition at x/c =  0.1024   56
 Side 2 forced transition at x/c =  0.9999   56

  82   rms: 0.3776E-02   max: -.6596E-01   C at   56  1
       a = 19.000      CL =  1.3585
      Cm =  0.0091     CD =  0.08533   =>   CDf =  0.00529    CDp =  0.08004

 Side 1  free  transition at x/c =  0.1024   56
 Side 2 forced transition at x/c =  0.9999   56

  83   rms: 0.3776E-02   max: -.6596E-01   C at   56  1
       a = 19.000      CL =  1.3585
      Cm =  0.0091     CD =  0.08533   =>   CDf =  0.00529    CDp =  0.08004

 Side 1  free  transition at x/c =  0.1024   56
 Side 2 forced transition at x/c =  0.9999   56

  84   rms: 0.3776E-02   max: -.6596E-01   C at   56  1
       a = 19.000      CL =  1.3585
      Cm =  0.0091     CD =  0.08533   =>   CDf =  0.00529    CDp =  0.08004

 Side 1  free  transition at x/c =  0.1024   56
 Side 2 forced transition at x/c =  0.9999   56

  85   rms: 0.3776E-02   max: -.6596E-01   C at   56  1
       a = 19.000      CL =  1.3585
      Cm =  0.0091     CD =  0.08533   =>   CDf =  0.00529    CDp =  0.08004

 Side 1  free  transition at x/c =  0.1024   56
 Side 2 forced transition at x/c =  0.9999   56

  86   rms: 0.3776E-02   max: -.6596E-01   C at   56  1
       a = 19.000      CL =  1.3585
      Cm =  0.0091     CD =  0.08533   =>   CDf =  0.00529    CDp =  0.08004

 Side 1  free  transition at x/c =  0.1024   56
 Side 2 forced transition at x/c =  0.9999   56

  87   rms: 0.3776E-02   max: -.6596E-01   C at   56  1
       a = 19.000      CL =  1.3585
      Cm =  0.0091     CD =  0.08533   =>   CDf =  0.00529    CDp =  0.08004

 Side 1  free  transition at x/c =  0.1024   56
 Side 2 forced transition at x/c =  0.9999   56

  88   rms: 0.3776E-02   max: -.6596E-01   C at   56  1
       a = 19.000      CL =  1.3585
      Cm =  0.0091     CD =  0.08533   =>   CDf =  0.00529    CDp =  0.08004

 Side 1  free  transition at x/c =  0.1024   56
 Side 2 forced transition at x/c =  0.9999   56

  89   rms: 0.3775E-02   max: -.6596E-01   C at   56  1
       a = 19.000      CL =  1.3585
      Cm =  0.0091     CD =  0.08533   =>   CDf =  0.00529    CDp =  0.08004

 Side 1  free  transition at x/c =  0.1024   56
 Side 2 forced transition at x/c =  0.9999   56

  90   rms: 0.3776E-02   max: -.6596E-01   C at   56  1
       a = 19.000      CL =  1.3585
      Cm =  0.0091     CD =  0.08533   =>   CDf =  0.00529    CDp =  0.08004

 Side 1  free  transition at x/c =  0.1024   56
 Side 2 forced transition at x/c =  0.9999   56

  91   rms: 0.3775E-02   max: -.6596E-01   C at   56  1
       a = 19.000      CL =  1.3585
      Cm =  0.0091     CD =  0.08533   =>   CDf =  0.00529    CDp =  0.08004

 Side 1  free  transition at x/c =  0.1024   56
 Side 2 forced transition at x/c =  0.9999   56

  92   rms: 0.3776E-02   max: -.6596E-01   C at   56  1
       a = 19.000      CL =  1.3585
      Cm =  0.0091     CD =  0.08533   =>   CDf =  0.00529    CDp =  0.08004

 Side 1  free  transition at x/c =  0.1024   56
 Side 2 forced transition at x/c =  0.9999   56

  93   rms: 0.3775E-02   max: -.6596E-01   C at   56  1
       a = 19.000      CL =  1.3585
      Cm =  0.0091     CD =  0.08533   =>   CDf =  0.00529    CDp =  0.08004

 Side 1  free  transition at x/c =  0.1024   56
 Side 2 forced transition at x/c =  0.9999   56

  94   rms: 0.3775E-02   max: -.6596E-01   C at   56  1
       a = 19.000      CL =  1.3585
      Cm =  0.0091     CD =  0.08533   =>   CDf =  0.00529    CDp =  0.08004

 Side 1  free  transition at x/c =  0.1024   56
 Side 2 forced transition at x/c =  0.9999   56

  95   rms: 0.3776E-02   max: -.6596E-01   C at   56  1
       a = 19.000      CL =  1.3585
      Cm =  0.0091     CD =  0.08533   =>   CDf =  0.00529    CDp =  0.08004

 Side 1  free  transition at x/c =  0.1024   56
 Side 2 forced transition at x/c =  0.9999   56

  96   rms: 0.3776E-02   max: -.6596E-01   C at   56  1
       a = 19.000      CL =  1.3585
      Cm =  0.0091     CD =  0.08533   =>   CDf =  0.00529    CDp =  0.08004

 Side 1  free  transition at x/c =  0.1024   56
 Side 2 forced transition at x/c =  0.9999   56

  97   rms: 0.3776E-02   max: -.6596E-01   C at   56  1
       a = 19.000      CL =  1.3585
      Cm =  0.0091     CD =  0.08533   =>   CDf =  0.00529    CDp =  0.08004

 Side 1  free  transition at x/c =  0.1024   56
 Side 2 forced transition at x/c =  0.9999   56

  98   rms: 0.3776E-02   max: -.6596E-01   C at   56  1
       a = 19.000      CL =  1.3585
      Cm =  0.0091     CD =  0.08533   =>   CDf =  0.00529    CDp =  0.08004

 Side 1  free  transition at x/c =  0.1024   56
 Side 2 forced transition at x/c =  0.9999   56

  99   rms: 0.3776E-02   max: -.6596E-01   C at   56  1
       a = 19.000      CL =  1.3585
      Cm =  0.0091     CD =  0.08533   =>   CDf =  0.00529    CDp =  0.08004

 Side 1  free  transition at x/c =  0.1024   56
 Side 2 forced transition at x/c =  0.9999   56

 100   rms: 0.3776E-02   max: -.6596E-01   C at   56  1
       a = 19.000      CL =  1.3585
      Cm =  0.0091     CD =  0.08533   =>   CDf =  0.00529    CDp =  0.08004

 Side 1  free  transition at x/c =  0.1024   56
 Side 2 forced transition at x/c =  0.9999   56

 101   rms: 0.3776E-02   max: -.6596E-01   C at   56  1
       a = 19.000      CL =  1.3585
      Cm =  0.0091     CD =  0.08533   =>   CDf =  0.00529    CDp =  0.08004

 Side 1  free  transition at x/c =  0.1024   56
 Side 2 forced transition at x/c =  0.9999   56

 102   rms: 0.3776E-02   max: -.6596E-01   C at   56  1
       a = 19.000      CL =  1.3585
      Cm =  0.0091     CD =  0.08533   =>   CDf =  0.00529    CDp =  0.08004

 Side 1  free  transition at x/c =  0.1024   56
 Side 2 forced transition at x/c =  0.9999   56

 103   rms: 0.3776E-02   max: -.6596E-01   C at   56  1
       a = 19.000      CL =  1.3585
      Cm =  0.0091     CD =  0.08533   =>   CDf =  0.00529    CDp =  0.08004

 Side 1  free  transition at x/c =  0.1024   56
 Side 2 forced transition at x/c =  0.9999   56

 104   rms: 0.3776E-02   max: -.6596E-01   C at   56  1
       a = 19.000      CL =  1.3585
      Cm =  0.0091     CD =  0.08533   =>   CDf =  0.00529    CDp =  0.08004

 Side 1  free  transition at x/c =  0.1024   56
 Side 2 forced transition at x/c =  0.9999   56

 105   rms: 0.3776E-02   max: -.6596E-01   C at   56  1
       a = 19.000      CL =  1.3585
      Cm =  0.0091     CD =  0.08533   =>   CDf =  0.00529    CDp =  0.08004

 Side 1  free  transition at x/c =  0.1024   56
 Side 2 forced transition at x/c =  0.9999   56

 106   rms: 0.3775E-02   max: -.6596E-01   C at   56  1
       a = 19.000      CL =  1.3585
      Cm =  0.0091     CD =  0.08533   =>   CDf =  0.00529    CDp =  0.08004

 Side 1  free  transition at x/c =  0.1024   56
 Side 2 forced transition at x/c =  0.9999   56

 107   rms: 0.3775E-02   max: -.6596E-01   C at   56  1
       a = 19.000      CL =  1.3585
      Cm =  0.0091     CD =  0.08533   =>   CDf =  0.00529    CDp =  0.08004

 Side 1  free  transition at x/c =  0.1024   56
 Side 2 forced transition at x/c =  0.9999   56

 108   rms: 0.3776E-02   max: -.6596E-01   C at   56  1
       a = 19.000      CL =  1.3585
      Cm =  0.0091     CD =  0.08533   =>   CDf =  0.00529    CDp =  0.08004

 Side 1  free  transition at x/c =  0.1024   56
 Side 2 forced transition at x/c =  0.9999   56

 109   rms: 0.3776E-02   max: -.6596E-01   C at   56  1
       a = 19.000      CL =  1.3585
      Cm =  0.0091     CD =  0.08533   =>   CDf =  0.00529    CDp =  0.08004

 Side 1  free  transition at x/c =  0.1024   56
 Side 2 forced transition at x/c =  0.9999   56

 110   rms: 0.3776E-02   max: -.6596E-01   C at   56  1
       a = 19.000      CL =  1.3585
      Cm =  0.0091     CD =  0.08533   =>   CDf =  0.00529    CDp =  0.08004

 Side 1  free  transition at x/c =  0.1024   56
 Side 2 forced transition at x/c =  0.9999   56

 111   rms: 0.3776E-02   max: -.6596E-01   C at   56  1
       a = 19.000      CL =  1.3585
      Cm =  0.0091     CD =  0.08533   =>   CDf =  0.00529    CDp =  0.08004

 Side 1  free  transition at x/c =  0.1024   56
 Side 2 forced transition at x/c =  0.9999   56

 112   rms: 0.3776E-02   max: -.6596E-01   C at   56  1
       a = 19.000      CL =  1.3585
      Cm =  0.0091     CD =  0.08533   =>   CDf =  0.00529    CDp =  0.08004

 Side 1  free  transition at x/c =  0.1024   56
 Side 2 forced transition at x/c =  0.9999   56

 113   rms: 0.3776E-02   max: -.6596E-01   C at   56  1
       a = 19.000      CL =  1.3585
      Cm =  0.0091     CD =  0.08533   =>   CDf =  0.00529    CDp =  0.08004

 Side 1  free  transition at x/c =  0.1024   56
 Side 2 forced transition at x/c =  0.9999   56

 114   rms: 0.3776E-02   max: -.6596E-01   C at   56  1
       a = 19.000      CL =  1.3585
      Cm =  0.0091     CD =  0.08533   =>   CDf =  0.00529    CDp =  0.08004

 Side 1  free  transition at x/c =  0.1024   56
 Side 2 forced transition at x/c =  0.9999   56

 115   rms: 0.3776E-02   max: -.6596E-01   C at   56  1
       a = 19.000      CL =  1.3585
      Cm =  0.0091     CD =  0.08533   =>   CDf =  0.00529    CDp =  0.08004

 Side 1  free  transition at x/c =  0.1024   56
 Side 2 forced transition at x/c =  0.9999   56

 116   rms: 0.3775E-02   max: -.6596E-01   C at   56  1
       a = 19.000      CL =  1.3585
      Cm =  0.0091     CD =  0.08533   =>   CDf =  0.00529    CDp =  0.08004

 Side 1  free  transition at x/c =  0.1024   56
 Side 2 forced transition at x/c =  0.9999   56

 117   rms: 0.3775E-02   max: -.6596E-01   C at   56  1
       a = 19.000      CL =  1.3585
      Cm =  0.0091     CD =  0.08533   =>   CDf =  0.00529    CDp =  0.08004

 Side 1  free  transition at x/c =  0.1024   56
 Side 2 forced transition at x/c =  0.9999   56

 118   rms: 0.3775E-02   max: -.6596E-01   C at   56  1
       a = 19.000      CL =  1.3585
      Cm =  0.0091     CD =  0.08533   =>   CDf =  0.00529    CDp =  0.08004

 Side 1  free  transition at x/c =  0.1024   56
 Side 2 forced transition at x/c =  0.9999   56

 119   rms: 0.3775E-02   max: -.6595E-01   C at   56  1
       a = 19.000      CL =  1.3585
      Cm =  0.0091     CD =  0.08533   =>   CDf =  0.00529    CDp =  0.08004

 Side 1  free  transition at x/c =  0.1024   56
 Side 2 forced transition at x/c =  0.9999   56

 120   rms: 0.3776E-02   max: -.6596E-01   C at   56  1
       a = 19.000      CL =  1.3585
      Cm =  0.0091     CD =  0.08533   =>   CDf =  0.00529    CDp =  0.08004

 Side 1  free  transition at x/c =  0.1024   56
 Side 2 forced transition at x/c =  0.9999   56

 121   rms: 0.3776E-02   max: -.6596E-01   C at   56  1
       a = 19.000      CL =  1.3585
      Cm =  0.0091     CD =  0.08533   =>   CDf =  0.00529    CDp =  0.08004

 Side 1  free  transition at x/c =  0.1024   56
 Side 2 forced transition at x/c =  0.9999   56

 122   rms: 0.3776E-02   max: -.6596E-01   C at   56  1
       a = 19.000      CL =  1.3585
      Cm =  0.0091     CD =  0.08533   =>   CDf =  0.00529    CDp =  0.08004

 Side 1  free  transition at x/c =  0.1024   56
 Side 2 forced transition at x/c =  0.9999   56

 123   rms: 0.3776E-02   max: -.6596E-01   C at   56  1
       a = 19.000      CL =  1.3585
      Cm =  0.0091     CD =  0.08533   =>   CDf =  0.00529    CDp =  0.08004

 Side 1  free  transition at x/c =  0.1024   56
 Side 2 forced transition at x/c =  0.9999   56

 124   rms: 0.3776E-02   max: -.6596E-01   C at   56  1
       a = 19.000      CL =  1.3585
      Cm =  0.0091     CD =  0.08533   =>   CDf =  0.00529    CDp =  0.08004

 Side 1  free  transition at x/c =  0.1024   56
 Side 2 forced transition at x/c =  0.9999   56

 125   rms: 0.3776E-02   max: -.6596E-01   C at   56  1
       a = 19.000      CL =  1.3585
      Cm =  0.0091     CD =  0.08533   =>   CDf =  0.00529    CDp =  0.08004

 Side 1  free  transition at x/c =  0.1024   56
 Side 2 forced transition at x/c =  0.9999   56

 126   rms: 0.3776E-02   max: -.6596E-01   C at   56  1
       a = 19.000      CL =  1.3585
      Cm =  0.0091     CD =  0.08533   =>   CDf =  0.00529    CDp =  0.08004

 Side 1  free  transition at x/c =  0.1024   56
 Side 2 forced transition at x/c =  0.9999   56

 127   rms: 0.3776E-02   max: -.6596E-01   C at   56  1
       a = 19.000      CL =  1.3585
      Cm =  0.0091     CD =  0.08533   =>   CDf =  0.00529    CDp =  0.08004

 Side 1  free  transition at x/c =  0.1024   56
 Side 2 forced transition at x/c =  0.9999   56

 128   rms: 0.3776E-02   max: -.6596E-01   C at   56  1
       a = 19.000      CL =  1.3585
      Cm =  0.0091     CD =  0.08533   =>   CDf =  0.00529    CDp =  0.08004

 Side 1  free  transition at x/c =  0.1024   56
 Side 2 forced transition at x/c =  0.9999   56

 129   rms: 0.3775E-02   max: -.6596E-01   C at   56  1
       a = 19.000      CL =  1.3585
      Cm =  0.0091     CD =  0.08533   =>   CDf =  0.00529    CDp =  0.08004

 Side 1  free  transition at x/c =  0.1024   56
 Side 2 forced transition at x/c =  0.9999   56

 130   rms: 0.3776E-02   max: -.6596E-01   C at   56  1
       a = 19.000      CL =  1.3585
      Cm =  0.0091     CD =  0.08533   =>   CDf =  0.00529    CDp =  0.08004

 Side 1  free  transition at x/c =  0.1024   56
 Side 2 forced transition at x/c =  0.9999   56

 131   rms: 0.3775E-02   max: -.6596E-01   C at   56  1
       a = 19.000      CL =  1.3585
      Cm =  0.0091     CD =  0.08533   =>   CDf =  0.00529    CDp =  0.08004

 Side 1  free  transition at x/c =  0.1024   56
 Side 2 forced transition at x/c =  0.9999   56

 132   rms: 0.3776E-02   max: -.6596E-01   C at   56  1
       a = 19.000      CL =  1.3585
      Cm =  0.0091     CD =  0.08533   =>   CDf =  0.00529    CDp =  0.08004

 Side 1  free  transition at x/c =  0.1024   56
 Side 2 forced transition at x/c =  0.9999   56

 133   rms: 0.3776E-02   max: -.6596E-01   C at   56  1
       a = 19.000      CL =  1.3585
      Cm =  0.0091     CD =  0.08533   =>   CDf =  0.00529    CDp =  0.08004

 Side 1  free  transition at x/c =  0.1024   56
 Side 2 forced transition at x/c =  0.9999   56

 134   rms: 0.3776E-02   max: -.6596E-01   C at   56  1
       a = 19.000      CL =  1.3585
      Cm =  0.0091     CD =  0.08533   =>   CDf =  0.00529    CDp =  0.08004

 Side 1  free  transition at x/c =  0.1024   56
 Side 2 forced transition at x/c =  0.9999   56

 135   rms: 0.3775E-02   max: -.6595E-01   C at   56  1
       a = 19.000      CL =  1.3585
      Cm =  0.0091     CD =  0.08533   =>   CDf =  0.00529    CDp =  0.08004

 Side 1  free  transition at x/c =  0.1024   56
 Side 2 forced transition at x/c =  0.9999   56

 136   rms: 0.3776E-02   max: -.6596E-01   C at   56  1
       a = 19.000      CL =  1.3585
      Cm =  0.0091     CD =  0.08533   =>   CDf =  0.00529    CDp =  0.08004

 Side 1  free  transition at x/c =  0.1024   56
 Side 2 forced transition at x/c =  0.9999   56

 137   rms: 0.3775E-02   max: -.6595E-01   C at   56  1
       a = 19.000      CL =  1.3585
      Cm =  0.0091     CD =  0.08533   =>   CDf =  0.00529    CDp =  0.08004

 Side 1  free  transition at x/c =  0.1024   56
 Side 2 forced transition at x/c =  0.9999   56

 138   rms: 0.3775E-02   max: -.6596E-01   C at   56  1
       a = 19.000      CL =  1.3585
      Cm =  0.0091     CD =  0.08533   =>   CDf =  0.00529    CDp =  0.08004

 Side 1  free  transition at x/c =  0.1024   56
 Side 2 forced transition at x/c =  0.9999   56

 139   rms: 0.3776E-02   max: -.6596E-01   C at   56  1
       a = 19.000      CL =  1.3585
      Cm =  0.0091     CD =  0.08533   =>   CDf =  0.00529    CDp =  0.08004

 Side 1  free  transition at x/c =  0.1024   56
 Side 2 forced transition at x/c =  0.9999   56

 140   rms: 0.3775E-02   max: -.6596E-01   C at   56  1
       a = 19.000      CL =  1.3585
      Cm =  0.0091     CD =  0.08533   =>   CDf =  0.00529    CDp =  0.08004

 Side 1  free  transition at x/c =  0.1024   56
 Side 2 forced transition at x/c =  0.9999   56

 141   rms: 0.3776E-02   max: -.6596E-01   C at   56  1
       a = 19.000      CL =  1.3585
      Cm =  0.0091     CD =  0.08533   =>   CDf =  0.00529    CDp =  0.08004

 Side 1  free  transition at x/c =  0.1024   56
 Side 2 forced transition at x/c =  0.9999   56

 142   rms: 0.3776E-02   max: -.6596E-01   C at   56  1
       a = 19.000      CL =  1.3585
      Cm =  0.0091     CD =  0.08533   =>   CDf =  0.00529    CDp =  0.08004

 Side 1  free  transition at x/c =  0.1024   56
 Side 2 forced transition at x/c =  0.9999   56

 143   rms: 0.3776E-02   max: -.6596E-01   C at   56  1
       a = 19.000      CL =  1.3585
      Cm =  0.0091     CD =  0.08533   =>   CDf =  0.00529    CDp =  0.08004

 Side 1  free  transition at x/c =  0.1024   56
 Side 2 forced transition at x/c =  0.9999   56

 144   rms: 0.3776E-02   max: -.6596E-01   C at   56  1
       a = 19.000      CL =  1.3585
      Cm =  0.0091     CD =  0.08533   =>   CDf =  0.00529    CDp =  0.08004

 Side 1  free  transition at x/c =  0.1024   56
 Side 2 forced transition at x/c =  0.9999   56

 145   rms: 0.3775E-02   max: -.6596E-01   C at   56  1
       a = 19.000      CL =  1.3585
      Cm =  0.0091     CD =  0.08533   =>   CDf =  0.00529    CDp =  0.08004

 Side 1  free  transition at x/c =  0.1024   56
 Side 2 forced transition at x/c =  0.9999   56

 146   rms: 0.3775E-02   max: -.6596E-01   C at   56  1
       a = 19.000      CL =  1.3585
      Cm =  0.0091     CD =  0.08533   =>   CDf =  0.00529    CDp =  0.08004

 Side 1  free  transition at x/c =  0.1024   56
 Side 2 forced transition at x/c =  0.9999   56

 147   rms: 0.3776E-02   max: -.6596E-01   C at   56  1
       a = 19.000      CL =  1.3585
      Cm =  0.0091     CD =  0.08533   =>   CDf =  0.00529    CDp =  0.08004

 Side 1  free  transition at x/c =  0.1024   56
 Side 2 forced transition at x/c =  0.9999   56

 148   rms: 0.3776E-02   max: -.6596E-01   C at   56  1
       a = 19.000      CL =  1.3585
      Cm =  0.0091     CD =  0.08533   =>   CDf =  0.00529    CDp =  0.08004

 Side 1  free  transition at x/c =  0.1024   56
 Side 2 forced transition at x/c =  0.9999   56

 149   rms: 0.3776E-02   max: -.6596E-01   C at   56  1
       a = 19.000      CL =  1.3585
      Cm =  0.0091     CD =  0.08533   =>   CDf =  0.00529    CDp =  0.08004

 Side 1  free  transition at x/c =  0.1024   56
 Side 2 forced transition at x/c =  0.9999   56

 150   rms: 0.3776E-02   max: -.6596E-01   C at   56  1
       a = 19.000      CL =  1.3585
      Cm =  0.0091     CD =  0.08533   =>   CDf =  0.00529    CDp =  0.08004

 Side 1  free  transition at x/c =  0.1024   56
 Side 2 forced transition at x/c =  0.9999   56

 151   rms: 0.3775E-02   max: -.6596E-01   C at   56  1
       a = 19.000      CL =  1.3585
      Cm =  0.0091     CD =  0.08533   =>   CDf =  0.00529    CDp =  0.08004

 Side 1  free  transition at x/c =  0.1024   56
 Side 2 forced transition at x/c =  0.9999   56

 152   rms: 0.3776E-02   max: -.6596E-01   C at   56  1
       a = 19.000      CL =  1.3585
      Cm =  0.0091     CD =  0.08533   =>   CDf =  0.00529    CDp =  0.08004

 Side 1  free  transition at x/c =  0.1024   56
 Side 2 forced transition at x/c =  0.9999   56

 153   rms: 0.3776E-02   max: -.6596E-01   C at   56  1
       a = 19.000      CL =  1.3585
      Cm =  0.0091     CD =  0.08533   =>   CDf =  0.00529    CDp =  0.08004

 Side 1  free  transition at x/c =  0.1024   56
 Side 2 forced transition at x/c =  0.9999   56

 154   rms: 0.3776E-02   max: -.6596E-01   C at   56  1
       a = 19.000      CL =  1.3585
      Cm =  0.0091     CD =  0.08533   =>   CDf =  0.00529    CDp =  0.08004

 Side 1  free  transition at x/c =  0.1024   56
 Side 2 forced transition at x/c =  0.9999   56

 155   rms: 0.3776E-02   max: -.6596E-01   C at   56  1
       a = 19.000      CL =  1.3585
      Cm =  0.0091     CD =  0.08533   =>   CDf =  0.00529    CDp =  0.08004

 Side 1  free  transition at x/c =  0.1024   56
 Side 2 forced transition at x/c =  0.9999   56

 156   rms: 0.3775E-02   max: -.6596E-01   C at   56  1
       a = 19.000      CL =  1.3585
      Cm =  0.0091     CD =  0.08533   =>   CDf =  0.00529    CDp =  0.08004

 Side 1  free  transition at x/c =  0.1024   56
 Side 2 forced transition at x/c =  0.9999   56

 157   rms: 0.3775E-02   max: -.6596E-01   C at   56  1
       a = 19.000      CL =  1.3585
      Cm =  0.0091     CD =  0.08533   =>   CDf =  0.00529    CDp =  0.08004

 Side 1  free  transition at x/c =  0.1024   56
 Side 2 forced transition at x/c =  0.9999   56

 158   rms: 0.3776E-02   max: -.6596E-01   C at   56  1
       a = 19.000      CL =  1.3585
      Cm =  0.0091     CD =  0.08533   =>   CDf =  0.00529    CDp =  0.08004

 Side 1  free  transition at x/c =  0.1024   56
 Side 2 forced transition at x/c =  0.9999   56

 159   rms: 0.3776E-02   max: -.6596E-01   C at   56  1
       a = 19.000      CL =  1.3585
      Cm =  0.0091     CD =  0.08533   =>   CDf =  0.00529    CDp =  0.08004

 Side 1  free  transition at x/c =  0.1024   56
 Side 2 forced transition at x/c =  0.9999   56

 160   rms: 0.3776E-02   max: -.6596E-01   C at   56  1
       a = 19.000      CL =  1.3585
      Cm =  0.0091     CD =  0.08533   =>   CDf =  0.00529    CDp =  0.08004

 Side 1  free  transition at x/c =  0.1024   56
 Side 2 forced transition at x/c =  0.9999   56

 161   rms: 0.3776E-02   max: -.6596E-01   C at   56  1
       a = 19.000      CL =  1.3585
      Cm =  0.0091     CD =  0.08533   =>   CDf =  0.00529    CDp =  0.08004

 Side 1  free  transition at x/c =  0.1024   56
 Side 2 forced transition at x/c =  0.9999   56

 162   rms: 0.3776E-02   max: -.6596E-01   C at   56  1
       a = 19.000      CL =  1.3585
      Cm =  0.0091     CD =  0.08533   =>   CDf =  0.00529    CDp =  0.08004

 Side 1  free  transition at x/c =  0.1024   56
 Side 2 forced transition at x/c =  0.9999   56

 163   rms: 0.3776E-02   max: -.6596E-01   C at   56  1
       a = 19.000      CL =  1.3585
      Cm =  0.0091     CD =  0.08533   =>   CDf =  0.00529    CDp =  0.08004

 Side 1  free  transition at x/c =  0.1024   56
 Side 2 forced transition at x/c =  0.9999   56

 164   rms: 0.3776E-02   max: -.6596E-01   C at   56  1
       a = 19.000      CL =  1.3585
      Cm =  0.0091     CD =  0.08533   =>   CDf =  0.00529    CDp =  0.08004

 Side 1  free  transition at x/c =  0.1024   56
 Side 2 forced transition at x/c =  0.9999   56

 165   rms: 0.3776E-02   max: -.6596E-01   C at   56  1
       a = 19.000      CL =  1.3585
      Cm =  0.0091     CD =  0.08533   =>   CDf =  0.00529    CDp =  0.08004

 Side 1  free  transition at x/c =  0.1024   56
 Side 2 forced transition at x/c =  0.9999   56

 166   rms: 0.3776E-02   max: -.6596E-01   C at   56  1
       a = 19.000      CL =  1.3585
      Cm =  0.0091     CD =  0.08533   =>   CDf =  0.00529    CDp =  0.08004

 Side 1  free  transition at x/c =  0.1024   56
 Side 2 forced transition at x/c =  0.9999   56

 167   rms: 0.3776E-02   max: -.6596E-01   C at   56  1
       a = 19.000      CL =  1.3585
      Cm =  0.0091     CD =  0.08533   =>   CDf =  0.00529    CDp =  0.08004

 Side 1  free  transition at x/c =  0.1024   56
 Side 2 forced transition at x/c =  0.9999   56

 168   rms: 0.3776E-02   max: -.6596E-01   C at   56  1
       a = 19.000      CL =  1.3585
      Cm =  0.0091     CD =  0.08533   =>   CDf =  0.00529    CDp =  0.08004

 Side 1  free  transition at x/c =  0.1024   56
 Side 2 forced transition at x/c =  0.9999   56

 169   rms: 0.3776E-02   max: -.6597E-01   C at   56  1
       a = 19.000      CL =  1.3585
      Cm =  0.0091     CD =  0.08533   =>   CDf =  0.00529    CDp =  0.08004

 Side 1  free  transition at x/c =  0.1024   56
 Side 2 forced transition at x/c =  0.9999   56

 170   rms: 0.3776E-02   max: -.6596E-01   C at   56  1
       a = 19.000      CL =  1.3585
      Cm =  0.0091     CD =  0.08533   =>   CDf =  0.00529    CDp =  0.08004

 Side 1  free  transition at x/c =  0.1024   56
 Side 2 forced transition at x/c =  0.9999   56

 171   rms: 0.3776E-02   max: -.6596E-01   C at   56  1
       a = 19.000      CL =  1.3585
      Cm =  0.0091     CD =  0.08533   =>   CDf =  0.00529    CDp =  0.08004

 Side 1  free  transition at x/c =  0.1024   56
 Side 2 forced transition at x/c =  0.9999   56

 172   rms: 0.3776E-02   max: -.6596E-01   C at   56  1
       a = 19.000      CL =  1.3585
      Cm =  0.0091     CD =  0.08533   =>   CDf =  0.00529    CDp =  0.08004

 Side 1  free  transition at x/c =  0.1024   56
 Side 2 forced transition at x/c =  0.9999   56

 173   rms: 0.3776E-02   max: -.6596E-01   C at   56  1
       a = 19.000      CL =  1.3585
      Cm =  0.0091     CD =  0.08533   =>   CDf =  0.00529    CDp =  0.08004

 Side 1  free  transition at x/c =  0.1024   56
 Side 2 forced transition at x/c =  0.9999   56

 174   rms: 0.3776E-02   max: -.6596E-01   C at   56  1
       a = 19.000      CL =  1.3585
      Cm =  0.0091     CD =  0.08533   =>   CDf =  0.00529    CDp =  0.08004

 Side 1  free  transition at x/c =  0.1024   56
 Side 2 forced transition at x/c =  0.9999   56

 175   rms: 0.3776E-02   max: -.6596E-01   C at   56  1
       a = 19.000      CL =  1.3585
      Cm =  0.0091     CD =  0.08533   =>   CDf =  0.00529    CDp =  0.08004

 Side 1  free  transition at x/c =  0.1024   56
 Side 2 forced transition at x/c =  0.9999   56

 176   rms: 0.3776E-02   max: -.6596E-01   C at   56  1
       a = 19.000      CL =  1.3585
      Cm =  0.0091     CD =  0.08533   =>   CDf =  0.00529    CDp =  0.08004

 Side 1  free  transition at x/c =  0.1024   56
 Side 2 forced transition at x/c =  0.9999   56

 177   rms: 0.3776E-02   max: -.6596E-01   C at   56  1
       a = 19.000      CL =  1.3585
      Cm =  0.0091     CD =  0.08533   =>   CDf =  0.00529    CDp =  0.08004

 Side 1  free  transition at x/c =  0.1024   56
 Side 2 forced transition at x/c =  0.9999   56

 178   rms: 0.3776E-02   max: -.6596E-01   C at   56  1
       a = 19.000      CL =  1.3585
      Cm =  0.0091     CD =  0.08533   =>   CDf =  0.00529    CDp =  0.08004

 Side 1  free  transition at x/c =  0.1024   56
 Side 2 forced transition at x/c =  0.9999   56

 179   rms: 0.3776E-02   max: -.6596E-01   C at   56  1
       a = 19.000      CL =  1.3585
      Cm =  0.0091     CD =  0.08533   =>   CDf =  0.00529    CDp =  0.08004

 Side 1  free  transition at x/c =  0.1024   56
 Side 2 forced transition at x/c =  0.9999   56

 180   rms: 0.3776E-02   max: -.6596E-01   C at   56  1
       a = 19.000      CL =  1.3585
      Cm =  0.0091     CD =  0.08533   =>   CDf =  0.00529    CDp =  0.08004

 Side 1  free  transition at x/c =  0.1024   56
 Side 2 forced transition at x/c =  0.9999   56

 181   rms: 0.3776E-02   max: -.6596E-01   C at   56  1
       a = 19.000      CL =  1.3585
      Cm =  0.0091     CD =  0.08533   =>   CDf =  0.00529    CDp =  0.08004

 Side 1  free  transition at x/c =  0.1024   56
 Side 2 forced transition at x/c =  0.9999   56

 182   rms: 0.3776E-02   max: -.6596E-01   C at   56  1
       a = 19.000      CL =  1.3585
      Cm =  0.0091     CD =  0.08533   =>   CDf =  0.00529    CDp =  0.08004

 Side 1  free  transition at x/c =  0.1024   56
 Side 2 forced transition at x/c =  0.9999   56

 183   rms: 0.3776E-02   max: -.6596E-01   C at   56  1
       a = 19.000      CL =  1.3585
      Cm =  0.0091     CD =  0.08533   =>   CDf =  0.00529    CDp =  0.08004

 Side 1  free  transition at x/c =  0.1024   56
 Side 2 forced transition at x/c =  0.9999   56

 184   rms: 0.3776E-02   max: -.6596E-01   C at   56  1
       a = 19.000      CL =  1.3585
      Cm =  0.0091     CD =  0.08533   =>   CDf =  0.00529    CDp =  0.08004

 Side 1  free  transition at x/c =  0.1024   56
 Side 2 forced transition at x/c =  0.9999   56

 185   rms: 0.3776E-02   max: -.6596E-01   C at   56  1
       a = 19.000      CL =  1.3585
      Cm =  0.0091     CD =  0.08533   =>   CDf =  0.00529    CDp =  0.08004

 Side 1  free  transition at x/c =  0.1024   56
 Side 2 forced transition at x/c =  0.9999   56

 186   rms: 0.3776E-02   max: -.6596E-01   C at   56  1
       a = 19.000      CL =  1.3585
      Cm =  0.0091     CD =  0.08533   =>   CDf =  0.00529    CDp =  0.08004

 Side 1  free  transition at x/c =  0.1024   56
 Side 2 forced transition at x/c =  0.9999   56

 187   rms: 0.3776E-02   max: -.6596E-01   C at   56  1
       a = 19.000      CL =  1.3585
      Cm =  0.0091     CD =  0.08533   =>   CDf =  0.00529    CDp =  0.08004

 Side 1  free  transition at x/c =  0.1024   56
 Side 2 forced transition at x/c =  0.9999   56

 188   rms: 0.3776E-02   max: -.6596E-01   C at   56  1
       a = 19.000      CL =  1.3585
      Cm =  0.0091     CD =  0.08533   =>   CDf =  0.00529    CDp =  0.08004

 Side 1  free  transition at x/c =  0.1024   56
 Side 2 forced transition at x/c =  0.9999   56

 189   rms: 0.3776E-02   max: -.6596E-01   C at   56  1
       a = 19.000      CL =  1.3585
      Cm =  0.0091     CD =  0.08533   =>   CDf =  0.00529    CDp =  0.08004

 Side 1  free  transition at x/c =  0.1024   56
 Side 2 forced transition at x/c =  0.9999   56

 190   rms: 0.3776E-02   max: -.6596E-01   C at   56  1
       a = 19.000      CL =  1.3585
      Cm =  0.0091     CD =  0.08533   =>   CDf =  0.00529    CDp =  0.08004

 Side 1  free  transition at x/c =  0.1024   56
 Side 2 forced transition at x/c =  0.9999   56

 191   rms: 0.3776E-02   max: -.6596E-01   C at   56  1
       a = 19.000      CL =  1.3585
      Cm =  0.0091     CD =  0.08533   =>   CDf =  0.00529    CDp =  0.08004

 Side 1  free  transition at x/c =  0.1024   56
 Side 2 forced transition at x/c =  0.9999   56

 192   rms: 0.3776E-02   max: -.6596E-01   C at   56  1
       a = 19.000      CL =  1.3585
      Cm =  0.0091     CD =  0.08533   =>   CDf =  0.00529    CDp =  0.08004

 Side 1  free  transition at x/c =  0.1024   56
 Side 2 forced transition at x/c =  0.9999   56

 193   rms: 0.3776E-02   max: -.6596E-01   C at   56  1
       a = 19.000      CL =  1.3585
      Cm =  0.0091     CD =  0.08533   =>   CDf =  0.00529    CDp =  0.08004

 Side 1  free  transition at x/c =  0.1024   56
 Side 2 forced transition at x/c =  0.9999   56

 194   rms: 0.3776E-02   max: -.6596E-01   C at   56  1
       a = 19.000      CL =  1.3585
      Cm =  0.0091     CD =  0.08533   =>   CDf =  0.00529    CDp =  0.08004

 Side 1  free  transition at x/c =  0.1024   56
 Side 2 forced transition at x/c =  0.9999   56

 195   rms: 0.3776E-02   max: -.6596E-01   C at   56  1
       a = 19.000      CL =  1.3585
      Cm =  0.0091     CD =  0.08533   =>   CDf =  0.00529    CDp =  0.08004

 Side 1  free  transition at x/c =  0.1024   56
 Side 2 forced transition at x/c =  0.9999   56

 196   rms: 0.3775E-02   max: -.6596E-01   C at   56  1
       a = 19.000      CL =  1.3585
      Cm =  0.0091     CD =  0.08533   =>   CDf =  0.00529    CDp =  0.08004

 Side 1  free  transition at x/c =  0.1024   56
 Side 2 forced transition at x/c =  0.9999   56

 197   rms: 0.3776E-02   max: -.6596E-01   C at   56  1
       a = 19.000      CL =  1.3585
      Cm =  0.0091     CD =  0.08533   =>   CDf =  0.00529    CDp =  0.08004

 Side 1  free  transition at x/c =  0.1024   56
 Side 2 forced transition at x/c =  0.9999   56

 198   rms: 0.3776E-02   max: -.6596E-01   C at   56  1
       a = 19.000      CL =  1.3585
      Cm =  0.0091     CD =  0.08533   =>   CDf =  0.00529    CDp =  0.08004

 Side 1  free  transition at x/c =  0.1024   56
 Side 2 forced transition at x/c =  0.9999   56

 199   rms: 0.3776E-02   max: -.6596E-01   C at   56  1
       a = 19.000      CL =  1.3585
      Cm =  0.0091     CD =  0.08533   =>   CDf =  0.00529    CDp =  0.08004

 Side 1  free  transition at x/c =  0.1024   56
 Side 2 forced transition at x/c =  0.9999   56

 200   rms: 0.3776E-02   max: -.6596E-01   C at   56  1
       a = 19.000      CL =  1.3585
      Cm =  0.0091     CD =  0.08533   =>   CDf =  0.00529    CDp =  0.08004

 Side 1  free  transition at x/c =  0.1024   56
 Side 2 forced transition at x/c =  0.9999   56

 201   rms: 0.3775E-02   max: -.6596E-01   C at   56  1
       a = 19.000      CL =  1.3585
      Cm =  0.0091     CD =  0.08533   =>   CDf =  0.00529    CDp =  0.08004

 Side 1  free  transition at x/c =  0.1024   56
 Side 2 forced transition at x/c =  0.9999   56

 202   rms: 0.3775E-02   max: -.6596E-01   C at   56  1
       a = 19.000      CL =  1.3585
      Cm =  0.0091     CD =  0.08533   =>   CDf =  0.00529    CDp =  0.08004

 Side 1  free  transition at x/c =  0.1024   56
 Side 2 forced transition at x/c =  0.9999   56

 203   rms: 0.3775E-02   max: -.6595E-01   C at   56  1
       a = 19.000      CL =  1.3585
      Cm =  0.0091     CD =  0.08533   =>   CDf =  0.00529    CDp =  0.08004

 Side 1  free  transition at x/c =  0.1024   56
 Side 2 forced transition at x/c =  0.9999   56

 204   rms: 0.3775E-02   max: -.6596E-01   C at   56  1
       a = 19.000      CL =  1.3585
      Cm =  0.0091     CD =  0.08533   =>   CDf =  0.00529    CDp =  0.08004

 Side 1  free  transition at x/c =  0.1024   56
 Side 2 forced transition at x/c =  0.9999   56

 205   rms: 0.3776E-02   max: -.6596E-01   C at   56  1
       a = 19.000      CL =  1.3585
      Cm =  0.0091     CD =  0.08533   =>   CDf =  0.00529    CDp =  0.08004

 Side 1  free  transition at x/c =  0.1024   56
 Side 2 forced transition at x/c =  0.9999   56

 206   rms: 0.3776E-02   max: -.6596E-01   C at   56  1
       a = 19.000      CL =  1.3585
      Cm =  0.0091     CD =  0.08533   =>   CDf =  0.00529    CDp =  0.08004

 Side 1  free  transition at x/c =  0.1024   56
 Side 2 forced transition at x/c =  0.9999   56

 207   rms: 0.3776E-02   max: -.6596E-01   C at   56  1
       a = 19.000      CL =  1.3585
      Cm =  0.0091     CD =  0.08533   =>   CDf =  0.00529    CDp =  0.08004

 Side 1  free  transition at x/c =  0.1024   56
 Side 2 forced transition at x/c =  0.9999   56

 208   rms: 0.3776E-02   max: -.6596E-01   C at   56  1
       a = 19.000      CL =  1.3585
      Cm =  0.0091     CD =  0.08533   =>   CDf =  0.00529    CDp =  0.08004

 Side 1  free  transition at x/c =  0.1024   56
 Side 2 forced transition at x/c =  0.9999   56

 209   rms: 0.3776E-02   max: -.6596E-01   C at   56  1
       a = 19.000      CL =  1.3585
      Cm =  0.0091     CD =  0.08533   =>   CDf =  0.00529    CDp =  0.08004

 Side 1  free  transition at x/c =  0.1024   56
 Side 2 forced transition at x/c =  0.9999   56

 210   rms: 0.3776E-02   max: -.6596E-01   C at   56  1
       a = 19.000      CL =  1.3585
      Cm =  0.0091     CD =  0.08533   =>   CDf =  0.00529    CDp =  0.08004

 Side 1  free  transition at x/c =  0.1024   56
 Side 2 forced transition at x/c =  0.9999   56

 211   rms: 0.3776E-02   max: -.6596E-01   C at   56  1
       a = 19.000      CL =  1.3585
      Cm =  0.0091     CD =  0.08533   =>   CDf =  0.00529    CDp =  0.08004

 Side 1  free  transition at x/c =  0.1024   56
 Side 2 forced transition at x/c =  0.9999   56

 212   rms: 0.3776E-02   max: -.6596E-01   C at   56  1
       a = 19.000      CL =  1.3585
      Cm =  0.0091     CD =  0.08533   =>   CDf =  0.00529    CDp =  0.08004

 Side 1  free  transition at x/c =  0.1024   56
 Side 2 forced transition at x/c =  0.9999   56

 213   rms: 0.3776E-02   max: -.6596E-01   C at   56  1
       a = 19.000      CL =  1.3585
      Cm =  0.0091     CD =  0.08533   =>   CDf =  0.00529    CDp =  0.08004

 Side 1  free  transition at x/c =  0.1024   56
 Side 2 forced transition at x/c =  0.9999   56

 214   rms: 0.3776E-02   max: -.6596E-01   C at   56  1
       a = 19.000      CL =  1.3585
      Cm =  0.0091     CD =  0.08533   =>   CDf =  0.00529    CDp =  0.08004

 Side 1  free  transition at x/c =  0.1024   56
 Side 2 forced transition at x/c =  0.9999   56

 215   rms: 0.3776E-02   max: -.6596E-01   C at   56  1
       a = 19.000      CL =  1.3585
      Cm =  0.0091     CD =  0.08533   =>   CDf =  0.00529    CDp =  0.08004

 Side 1  free  transition at x/c =  0.1024   56
 Side 2 forced transition at x/c =  0.9999   56

 216   rms: 0.3775E-02   max: -.6596E-01   C at   56  1
       a = 19.000      CL =  1.3585
      Cm =  0.0091     CD =  0.08533   =>   CDf =  0.00529    CDp =  0.08004

 Side 1  free  transition at x/c =  0.1024   56
 Side 2 forced transition at x/c =  0.9999   56

 217   rms: 0.3776E-02   max: -.6596E-01   C at   56  1
       a = 19.000      CL =  1.3585
      Cm =  0.0091     CD =  0.08533   =>   CDf =  0.00529    CDp =  0.08004

 Side 1  free  transition at x/c =  0.1024   56
 Side 2 forced transition at x/c =  0.9999   56

 218   rms: 0.3775E-02   max: -.6596E-01   C at   56  1
       a = 19.000      CL =  1.3585
      Cm =  0.0091     CD =  0.08533   =>   CDf =  0.00529    CDp =  0.08004

 Side 1  free  transition at x/c =  0.1024   56
 Side 2 forced transition at x/c =  0.9999   56

 219   rms: 0.3776E-02   max: -.6596E-01   C at   56  1
       a = 19.000      CL =  1.3585
      Cm =  0.0091     CD =  0.08533   =>   CDf =  0.00529    CDp =  0.08004

 Side 1  free  transition at x/c =  0.1024   56
 Side 2 forced transition at x/c =  0.9999   56

 220   rms: 0.3776E-02   max: -.6596E-01   C at   56  1
       a = 19.000      CL =  1.3585
      Cm =  0.0091     CD =  0.08533   =>   CDf =  0.00529    CDp =  0.08004

 Side 1  free  transition at x/c =  0.1024   56
 Side 2 forced transition at x/c =  0.9999   56

 221   rms: 0.3776E-02   max: -.6596E-01   C at   56  1
       a = 19.000      CL =  1.3585
      Cm =  0.0091     CD =  0.08533   =>   CDf =  0.00529    CDp =  0.08004

 Side 1  free  transition at x/c =  0.1024   56
 Side 2 forced transition at x/c =  0.9999   56

 222   rms: 0.3776E-02   max: -.6596E-01   C at   56  1
       a = 19.000      CL =  1.3585
      Cm =  0.0091     CD =  0.08533   =>   CDf =  0.00529    CDp =  0.08004

 Side 1  free  transition at x/c =  0.1024   56
 Side 2 forced transition at x/c =  0.9999   56

 223   rms: 0.3776E-02   max: -.6596E-01   C at   56  1
       a = 19.000      CL =  1.3585
      Cm =  0.0091     CD =  0.08533   =>   CDf =  0.00529    CDp =  0.08004

 Side 1  free  transition at x/c =  0.1024   56
 Side 2 forced transition at x/c =  0.9999   56

 224   rms: 0.3776E-02   max: -.6596E-01   C at   56  1
       a = 19.000      CL =  1.3585
      Cm =  0.0091     CD =  0.08533   =>   CDf =  0.00529    CDp =  0.08004

 Side 1  free  transition at x/c =  0.1024   56
 Side 2 forced transition at x/c =  0.9999   56

 225   rms: 0.3776E-02   max: -.6596E-01   C at   56  1
       a = 19.000      CL =  1.3585
      Cm =  0.0091     CD =  0.08533   =>   CDf =  0.00529    CDp =  0.08004
 VISCAL:  Convergence failed
 Calculating wake trajectory ...
 Calculating source influence matrix ...

 Solving BL system ...

 Side 1  free  transition at x/c =  0.1024   56
 Side 2 forced transition at x/c =  0.9999   56

   1   rms: 0.9910E-01   max: -.6718E+00   C at   56  1   RLX: 0.342
       a = 20.000      CL =  1.3676
      Cm =  0.0079     CD =  0.08916   =>   CDf =  0.00531    CDp =  0.08385

 Side 1  free  transition at x/c =  0.0998   56
 Side 2 forced transition at x/c =  0.9999   56

   2   rms: 0.6658E-01   max: 0.3506E+00   D at   77  1
       a = 20.000      CL =  1.3667
      Cm =  0.0059     CD =  0.09874   =>   CDf =  0.00519    CDp =  0.09355

 Side 1  free  transition at x/c =  0.0939   55
 Side 2 forced transition at x/c =  0.9999   56

   3   rms: 0.1521E-01   max: 0.1344E+00   D at   76  1
       a = 20.000      CL =  1.3531
      Cm =  0.0062     CD =  0.09853   =>   CDf =  0.00515    CDp =  0.09338

 Side 1  free  transition at x/c =  0.0941   55
 Side 2 forced transition at x/c =  0.9999   56

   4   rms: 0.5601E-02   max: -.6417E-01   C at   55  1
       a = 20.000      CL =  1.3497
      Cm =  0.0061     CD =  0.09868   =>   CDf =  0.00514    CDp =  0.09354

 Side 1  free  transition at x/c =  0.0942   55
 Side 2 forced transition at x/c =  0.9999   56

   5   rms: 0.3915E-02   max: -.6428E-01   C at   55  1
       a = 20.000      CL =  1.3495
      Cm =  0.0061     CD =  0.09857   =>   CDf =  0.00513    CDp =  0.09344

 Side 1  free  transition at x/c =  0.0942   55
 Side 2 forced transition at x/c =  0.9999   56

   6   rms: 0.3879E-02   max: -.6436E-01   C at   55  1
       a = 20.000      CL =  1.3495
      Cm =  0.0061     CD =  0.09856   =>   CDf =  0.00513    CDp =  0.09343

 Side 1  free  transition at x/c =  0.0942   55
 Side 2 forced transition at x/c =  0.9999   56

   7   rms: 0.3879E-02   max: -.6436E-01   C at   55  1
       a = 20.000      CL =  1.3495
      Cm =  0.0061     CD =  0.09856   =>   CDf =  0.00513    CDp =  0.09343

 Side 1  free  transition at x/c =  0.0942   55
 Side 2 forced transition at x/c =  0.9999   56

   8   rms: 0.3878E-02   max: -.6436E-01   C at   55  1
       a = 20.000      CL =  1.3495
      Cm =  0.0061     CD =  0.09856   =>   CDf =  0.00513    CDp =  0.09343

 Side 1  free  transition at x/c =  0.0942   55
 Side 2 forced transition at x/c =  0.9999   56

   9   rms: 0.3878E-02   max: -.6435E-01   C at   55  1
       a = 20.000      CL =  1.3495
      Cm =  0.0061     CD =  0.09856   =>   CDf =  0.00513    CDp =  0.09343

 Side 1  free  transition at x/c =  0.0942   55
 Side 2 forced transition at x/c =  0.9999   56

  10   rms: 0.3878E-02   max: -.6436E-01   C at   55  1
       a = 20.000      CL =  1.3495
      Cm =  0.0061     CD =  0.09856   =>   CDf =  0.00513    CDp =  0.09343

 Side 1  free  transition at x/c =  0.0942   55
 Side 2 forced transition at x/c =  0.9999   56

  11   rms: 0.3878E-02   max: -.6435E-01   C at   55  1
       a = 20.000      CL =  1.3495
      Cm =  0.0061     CD =  0.09856   =>   CDf =  0.00513    CDp =  0.09343

 Side 1  free  transition at x/c =  0.0942   55
 Side 2 forced transition at x/c =  0.9999   56

  12   rms: 0.3878E-02   max: -.6436E-01   C at   55  1
       a = 20.000      CL =  1.3495
      Cm =  0.0061     CD =  0.09856   =>   CDf =  0.00513    CDp =  0.09343

 Side 1  free  transition at x/c =  0.0942   55
 Side 2 forced transition at x/c =  0.9999   56

  13   rms: 0.3878E-02   max: -.6436E-01   C at   55  1
       a = 20.000      CL =  1.3495
      Cm =  0.0061     CD =  0.09856   =>   CDf =  0.00513    CDp =  0.09343

 Side 1  free  transition at x/c =  0.0942   55
 Side 2 forced transition at x/c =  0.9999   56

  14   rms: 0.3878E-02   max: -.6436E-01   C at   55  1
       a = 20.000      CL =  1.3495
      Cm =  0.0061     CD =  0.09856   =>   CDf =  0.00513    CDp =  0.09343

 Side 1  free  transition at x/c =  0.0942   55
 Side 2 forced transition at x/c =  0.9999   56

  15   rms: 0.3878E-02   max: -.6436E-01   C at   55  1
       a = 20.000      CL =  1.3495
      Cm =  0.0061     CD =  0.09856   =>   CDf =  0.00513    CDp =  0.09343

 Side 1  free  transition at x/c =  0.0942   55
 Side 2 forced transition at x/c =  0.9999   56

  16   rms: 0.3878E-02   max: -.6435E-01   C at   55  1
       a = 20.000      CL =  1.3495
      Cm =  0.0061     CD =  0.09856   =>   CDf =  0.00513    CDp =  0.09343

 Side 1  free  transition at x/c =  0.0942   55
 Side 2 forced transition at x/c =  0.9999   56

  17   rms: 0.3878E-02   max: -.6435E-01   C at   55  1
       a = 20.000      CL =  1.3495
      Cm =  0.0061     CD =  0.09856   =>   CDf =  0.00513    CDp =  0.09343

 Side 1  free  transition at x/c =  0.0942   55
 Side 2 forced transition at x/c =  0.9999   56

  18   rms: 0.3878E-02   max: -.6436E-01   C at   55  1
       a = 20.000      CL =  1.3495
      Cm =  0.0061     CD =  0.09856   =>   CDf =  0.00513    CDp =  0.09343

 Side 1  free  transition at x/c =  0.0942   55
 Side 2 forced transition at x/c =  0.9999   56

  19   rms: 0.3878E-02   max: -.6436E-01   C at   55  1
       a = 20.000      CL =  1.3495
      Cm =  0.0061     CD =  0.09856   =>   CDf =  0.00513    CDp =  0.09343

 Side 1  free  transition at x/c =  0.0942   55
 Side 2 forced transition at x/c =  0.9999   56

  20   rms: 0.3878E-02   max: -.6436E-01   C at   55  1
       a = 20.000      CL =  1.3495
      Cm =  0.0061     CD =  0.09856   =>   CDf =  0.00513    CDp =  0.09343

 Side 1  free  transition at x/c =  0.0942   55
 Side 2 forced transition at x/c =  0.9999   56

  21   rms: 0.3878E-02   max: -.6436E-01   C at   55  1
       a = 20.000      CL =  1.3495
      Cm =  0.0061     CD =  0.09856   =>   CDf =  0.00513    CDp =  0.09343

 Side 1  free  transition at x/c =  0.0942   55
 Side 2 forced transition at x/c =  0.9999   56

  22   rms: 0.3878E-02   max: -.6436E-01   C at   55  1
       a = 20.000      CL =  1.3495
      Cm =  0.0061     CD =  0.09856   =>   CDf =  0.00513    CDp =  0.09343

 Side 1  free  transition at x/c =  0.0942   55
 Side 2 forced transition at x/c =  0.9999   56

  23   rms: 0.3878E-02   max: -.6436E-01   C at   55  1
       a = 20.000      CL =  1.3495
      Cm =  0.0061     CD =  0.09856   =>   CDf =  0.00513    CDp =  0.09343

 Side 1  free  transition at x/c =  0.0942   55
 Side 2 forced transition at x/c =  0.9999   56

  24   rms: 0.3878E-02   max: -.6436E-01   C at   55  1
       a = 20.000      CL =  1.3495
      Cm =  0.0061     CD =  0.09856   =>   CDf =  0.00513    CDp =  0.09343

 Side 1  free  transition at x/c =  0.0942   55
 Side 2 forced transition at x/c =  0.9999   56

  25   rms: 0.3878E-02   max: -.6435E-01   C at   55  1
       a = 20.000      CL =  1.3495
      Cm =  0.0061     CD =  0.09856   =>   CDf =  0.00513    CDp =  0.09343

 Side 1  free  transition at x/c =  0.0942   55
 Side 2 forced transition at x/c =  0.9999   56

  26   rms: 0.3878E-02   max: -.6436E-01   C at   55  1
       a = 20.000      CL =  1.3495
      Cm =  0.0061     CD =  0.09856   =>   CDf =  0.00513    CDp =  0.09343

 Side 1  free  transition at x/c =  0.0942   55
 Side 2 forced transition at x/c =  0.9999   56

  27   rms: 0.3878E-02   max: -.6436E-01   C at   55  1
       a = 20.000      CL =  1.3495
      Cm =  0.0061     CD =  0.09856   =>   CDf =  0.00513    CDp =  0.09343

 Side 1  free  transition at x/c =  0.0942   55
 Side 2 forced transition at x/c =  0.9999   56

  28   rms: 0.3878E-02   max: -.6435E-01   C at   55  1
       a = 20.000      CL =  1.3495
      Cm =  0.0061     CD =  0.09856   =>   CDf =  0.00513    CDp =  0.09343

 Side 1  free  transition at x/c =  0.0942   55
 Side 2 forced transition at x/c =  0.9999   56

  29   rms: 0.3878E-02   max: -.6436E-01   C at   55  1
       a = 20.000      CL =  1.3495
      Cm =  0.0061     CD =  0.09856   =>   CDf =  0.00513    CDp =  0.09343

 Side 1  free  transition at x/c =  0.0942   55
 Side 2 forced transition at x/c =  0.9999   56

  30   rms: 0.3878E-02   max: -.6436E-01   C at   55  1
       a = 20.000      CL =  1.3495
      Cm =  0.0061     CD =  0.09856   =>   CDf =  0.00513    CDp =  0.09343

 Side 1  free  transition at x/c =  0.0942   55
 Side 2 forced transition at x/c =  0.9999   56

  31   rms: 0.3878E-02   max: -.6436E-01   C at   55  1
       a = 20.000      CL =  1.3495
      Cm =  0.0061     CD =  0.09856   =>   CDf =  0.00513    CDp =  0.09343

 Side 1  free  transition at x/c =  0.0942   55
 Side 2 forced transition at x/c =  0.9999   56

  32   rms: 0.3878E-02   max: -.6436E-01   C at   55  1
       a = 20.000      CL =  1.3495
      Cm =  0.0061     CD =  0.09856   =>   CDf =  0.00513    CDp =  0.09343

 Side 1  free  transition at x/c =  0.0942   55
 Side 2 forced transition at x/c =  0.9999   56

  33   rms: 0.3878E-02   max: -.6436E-01   C at   55  1
       a = 20.000      CL =  1.3495
      Cm =  0.0061     CD =  0.09856   =>   CDf =  0.00513    CDp =  0.09343

 Side 1  free  transition at x/c =  0.0942   55
 Side 2 forced transition at x/c =  0.9999   56

  34   rms: 0.3878E-02   max: -.6436E-01   C at   55  1
       a = 20.000      CL =  1.3495
      Cm =  0.0061     CD =  0.09856   =>   CDf =  0.00513    CDp =  0.09343

 Side 1  free  transition at x/c =  0.0942   55
 Side 2 forced transition at x/c =  0.9999   56

  35   rms: 0.3878E-02   max: -.6436E-01   C at   55  1
       a = 20.000      CL =  1.3495
      Cm =  0.0061     CD =  0.09856   =>   CDf =  0.00513    CDp =  0.09343

 Side 1  free  transition at x/c =  0.0942   55
 Side 2 forced transition at x/c =  0.9999   56

  36   rms: 0.3878E-02   max: -.6436E-01   C at   55  1
       a = 20.000      CL =  1.3495
      Cm =  0.0061     CD =  0.09856   =>   CDf =  0.00513    CDp =  0.09343

 Side 1  free  transition at x/c =  0.0942   55
 Side 2 forced transition at x/c =  0.9999   56

  37   rms: 0.3878E-02   max: -.6436E-01   C at   55  1
       a = 20.000      CL =  1.3495
      Cm =  0.0061     CD =  0.09856   =>   CDf =  0.00513    CDp =  0.09343

 Side 1  free  transition at x/c =  0.0942   55
 Side 2 forced transition at x/c =  0.9999   56

  38   rms: 0.3878E-02   max: -.6436E-01   C at   55  1
       a = 20.000      CL =  1.3495
      Cm =  0.0061     CD =  0.09856   =>   CDf =  0.00513    CDp =  0.09343

 Side 1  free  transition at x/c =  0.0942   55
 Side 2 forced transition at x/c =  0.9999   56

  39   rms: 0.3878E-02   max: -.6436E-01   C at   55  1
       a = 20.000      CL =  1.3495
      Cm =  0.0061     CD =  0.09856   =>   CDf =  0.00513    CDp =  0.09343

 Side 1  free  transition at x/c =  0.0942   55
 Side 2 forced transition at x/c =  0.9999   56

  40   rms: 0.3878E-02   max: -.6436E-01   C at   55  1
       a = 20.000      CL =  1.3495
      Cm =  0.0061     CD =  0.09856   =>   CDf =  0.00513    CDp =  0.09343

 Side 1  free  transition at x/c =  0.0942   55
 Side 2 forced transition at x/c =  0.9999   56

  41   rms: 0.3878E-02   max: -.6436E-01   C at   55  1
       a = 20.000      CL =  1.3495
      Cm =  0.0061     CD =  0.09856   =>   CDf =  0.00513    CDp =  0.09343

 Side 1  free  transition at x/c =  0.0942   55
 Side 2 forced transition at x/c =  0.9999   56

  42   rms: 0.3878E-02   max: -.6436E-01   C at   55  1
       a = 20.000      CL =  1.3495
      Cm =  0.0061     CD =  0.09856   =>   CDf =  0.00513    CDp =  0.09343

 Side 1  free  transition at x/c =  0.0942   55
 Side 2 forced transition at x/c =  0.9999   56

  43   rms: 0.3878E-02   max: -.6436E-01   C at   55  1
       a = 20.000      CL =  1.3495
      Cm =  0.0061     CD =  0.09856   =>   CDf =  0.00513    CDp =  0.09343

 Side 1  free  transition at x/c =  0.0942   55
 Side 2 forced transition at x/c =  0.9999   56

  44   rms: 0.3878E-02   max: -.6436E-01   C at   55  1
       a = 20.000      CL =  1.3495
      Cm =  0.0061     CD =  0.09856   =>   CDf =  0.00513    CDp =  0.09343

 Side 1  free  transition at x/c =  0.0942   55
 Side 2 forced transition at x/c =  0.9999   56

  45   rms: 0.3878E-02   max: -.6436E-01   C at   55  1
       a = 20.000      CL =  1.3495
      Cm =  0.0061     CD =  0.09856   =>   CDf =  0.00513    CDp =  0.09343

 Side 1  free  transition at x/c =  0.0942   55
 Side 2 forced transition at x/c =  0.9999   56

  46   rms: 0.3878E-02   max: -.6435E-01   C at   55  1
       a = 20.000      CL =  1.3495
      Cm =  0.0061     CD =  0.09856   =>   CDf =  0.00513    CDp =  0.09343

 Side 1  free  transition at x/c =  0.0942   55
 Side 2 forced transition at x/c =  0.9999   56

  47   rms: 0.3878E-02   max: -.6436E-01   C at   55  1
       a = 20.000      CL =  1.3495
      Cm =  0.0061     CD =  0.09856   =>   CDf =  0.00513    CDp =  0.09343

 Side 1  free  transition at x/c =  0.0942   55
 Side 2 forced transition at x/c =  0.9999   56

  48   rms: 0.3878E-02   max: -.6436E-01   C at   55  1
       a = 20.000      CL =  1.3495
      Cm =  0.0061     CD =  0.09856   =>   CDf =  0.00513    CDp =  0.09343

 Side 1  free  transition at x/c =  0.0942   55
 Side 2 forced transition at x/c =  0.9999   56

  49   rms: 0.3878E-02   max: -.6435E-01   C at   55  1
       a = 20.000      CL =  1.3495
      Cm =  0.0061     CD =  0.09856   =>   CDf =  0.00513    CDp =  0.09343

 Side 1  free  transition at x/c =  0.0942   55
 Side 2 forced transition at x/c =  0.9999   56

  50   rms: 0.3878E-02   max: -.6436E-01   C at   55  1
       a = 20.000      CL =  1.3495
      Cm =  0.0061     CD =  0.09856   =>   CDf =  0.00513    CDp =  0.09343

 Side 1  free  transition at x/c =  0.0942   55
 Side 2 forced transition at x/c =  0.9999   56

  51   rms: 0.3878E-02   max: -.6436E-01   C at   55  1
       a = 20.000      CL =  1.3495
      Cm =  0.0061     CD =  0.09856   =>   CDf =  0.00513    CDp =  0.09343

 Side 1  free  transition at x/c =  0.0942   55
 Side 2 forced transition at x/c =  0.9999   56

  52   rms: 0.3878E-02   max: -.6436E-01   C at   55  1
       a = 20.000      CL =  1.3495
      Cm =  0.0061     CD =  0.09856   =>   CDf =  0.00513    CDp =  0.09343

 Side 1  free  transition at x/c =  0.0942   55
 Side 2 forced transition at x/c =  0.9999   56

  53   rms: 0.3878E-02   max: -.6435E-01   C at   55  1
       a = 20.000      CL =  1.3495
      Cm =  0.0061     CD =  0.09856   =>   CDf =  0.00513    CDp =  0.09343

 Side 1  free  transition at x/c =  0.0942   55
 Side 2 forced transition at x/c =  0.9999   56

  54   rms: 0.3878E-02   max: -.6435E-01   C at   55  1
       a = 20.000      CL =  1.3495
      Cm =  0.0061     CD =  0.09856   =>   CDf =  0.00513    CDp =  0.09343

 Side 1  free  transition at x/c =  0.0942   55
 Side 2 forced transition at x/c =  0.9999   56

  55   rms: 0.3878E-02   max: -.6436E-01   C at   55  1
       a = 20.000      CL =  1.3495
      Cm =  0.0061     CD =  0.09856   =>   CDf =  0.00513    CDp =  0.09343

 Side 1  free  transition at x/c =  0.0942   55
 Side 2 forced transition at x/c =  0.9999   56

  56   rms: 0.3878E-02   max: -.6436E-01   C at   55  1
       a = 20.000      CL =  1.3495
      Cm =  0.0061     CD =  0.09856   =>   CDf =  0.00513    CDp =  0.09343

 Side 1  free  transition at x/c =  0.0942   55
 Side 2 forced transition at x/c =  0.9999   56

  57   rms: 0.3878E-02   max: -.6435E-01   C at   55  1
       a = 20.000      CL =  1.3495
      Cm =  0.0061     CD =  0.09856   =>   CDf =  0.00513    CDp =  0.09343

 Side 1  free  transition at x/c =  0.0942   55
 Side 2 forced transition at x/c =  0.9999   56

  58   rms: 0.3878E-02   max: -.6436E-01   C at   55  1
       a = 20.000      CL =  1.3495
      Cm =  0.0061     CD =  0.09856   =>   CDf =  0.00513    CDp =  0.09343

 Side 1  free  transition at x/c =  0.0942   55
 Side 2 forced transition at x/c =  0.9999   56

  59   rms: 0.3878E-02   max: -.6436E-01   C at   55  1
       a = 20.000      CL =  1.3495
      Cm =  0.0061     CD =  0.09856   =>   CDf =  0.00513    CDp =  0.09343

 Side 1  free  transition at x/c =  0.0942   55
 Side 2 forced transition at x/c =  0.9999   56

  60   rms: 0.3878E-02   max: -.6436E-01   C at   55  1
       a = 20.000      CL =  1.3495
      Cm =  0.0061     CD =  0.09856   =>   CDf =  0.00513    CDp =  0.09343

 Side 1  free  transition at x/c =  0.0942   55
 Side 2 forced transition at x/c =  0.9999   56

  61   rms: 0.3878E-02   max: -.6436E-01   C at   55  1
       a = 20.000      CL =  1.3495
      Cm =  0.0061     CD =  0.09856   =>   CDf =  0.00513    CDp =  0.09343

 Side 1  free  transition at x/c =  0.0942   55
 Side 2 forced transition at x/c =  0.9999   56

  62   rms: 0.3878E-02   max: -.6436E-01   C at   55  1
       a = 20.000      CL =  1.3495
      Cm =  0.0061     CD =  0.09856   =>   CDf =  0.00513    CDp =  0.09343

 Side 1  free  transition at x/c =  0.0942   55
 Side 2 forced transition at x/c =  0.9999   56

  63   rms: 0.3878E-02   max: -.6435E-01   C at   55  1
       a = 20.000      CL =  1.3495
      Cm =  0.0061     CD =  0.09856   =>   CDf =  0.00513    CDp =  0.09343

 Side 1  free  transition at x/c =  0.0942   55
 Side 2 forced transition at x/c =  0.9999   56

  64   rms: 0.3878E-02   max: -.6436E-01   C at   55  1
       a = 20.000      CL =  1.3495
      Cm =  0.0061     CD =  0.09856   =>   CDf =  0.00513    CDp =  0.09343

 Side 1  free  transition at x/c =  0.0942   55
 Side 2 forced transition at x/c =  0.9999   56

  65   rms: 0.3878E-02   max: -.6436E-01   C at   55  1
       a = 20.000      CL =  1.3495
      Cm =  0.0061     CD =  0.09856   =>   CDf =  0.00513    CDp =  0.09343

 Side 1  free  transition at x/c =  0.0942   55
 Side 2 forced transition at x/c =  0.9999   56

  66   rms: 0.3878E-02   max: -.6436E-01   C at   55  1
       a = 20.000      CL =  1.3495
      Cm =  0.0061     CD =  0.09856   =>   CDf =  0.00513    CDp =  0.09343

 Side 1  free  transition at x/c =  0.0942   55
 Side 2 forced transition at x/c =  0.9999   56

  67   rms: 0.3878E-02   max: -.6435E-01   C at   55  1
       a = 20.000      CL =  1.3495
      Cm =  0.0061     CD =  0.09856   =>   CDf =  0.00513    CDp =  0.09343

 Side 1  free  transition at x/c =  0.0942   55
 Side 2 forced transition at x/c =  0.9999   56

  68   rms: 0.3878E-02   max: -.6436E-01   C at   55  1
       a = 20.000      CL =  1.3495
      Cm =  0.0061     CD =  0.09856   =>   CDf =  0.00513    CDp =  0.09343

 Side 1  free  transition at x/c =  0.0942   55
 Side 2 forced transition at x/c =  0.9999   56

  69   rms: 0.3878E-02   max: -.6435E-01   C at   55  1
       a = 20.000      CL =  1.3495
      Cm =  0.0061     CD =  0.09856   =>   CDf =  0.00513    CDp =  0.09343

 Side 1  free  transition at x/c =  0.0942   55
 Side 2 forced transition at x/c =  0.9999   56

  70   rms: 0.3878E-02   max: -.6435E-01   C at   55  1
       a = 20.000      CL =  1.3495
      Cm =  0.0061     CD =  0.09856   =>   CDf =  0.00513    CDp =  0.09343

 Side 1  free  transition at x/c =  0.0942   55
 Side 2 forced transition at x/c =  0.9999   56

  71   rms: 0.3878E-02   max: -.6436E-01   C at   55  1
       a = 20.000      CL =  1.3495
      Cm =  0.0061     CD =  0.09856   =>   CDf =  0.00513    CDp =  0.09343

 Side 1  free  transition at x/c =  0.0942   55
 Side 2 forced transition at x/c =  0.9999   56

  72   rms: 0.3878E-02   max: -.6435E-01   C at   55  1
       a = 20.000      CL =  1.3495
      Cm =  0.0061     CD =  0.09856   =>   CDf =  0.00513    CDp =  0.09343

 Side 1  free  transition at x/c =  0.0942   55
 Side 2 forced transition at x/c =  0.9999   56

  73   rms: 0.3878E-02   max: -.6436E-01   C at   55  1
       a = 20.000      CL =  1.3495
      Cm =  0.0061     CD =  0.09856   =>   CDf =  0.00513    CDp =  0.09343

 Side 1  free  transition at x/c =  0.0942   55
 Side 2 forced transition at x/c =  0.9999   56

  74   rms: 0.3878E-02   max: -.6436E-01   C at   55  1
       a = 20.000      CL =  1.3495
      Cm =  0.0061     CD =  0.09856   =>   CDf =  0.00513    CDp =  0.09343

 Side 1  free  transition at x/c =  0.0942   55
 Side 2 forced transition at x/c =  0.9999   56

  75   rms: 0.3878E-02   max: -.6436E-01   C at   55  1
       a = 20.000      CL =  1.3495
      Cm =  0.0061     CD =  0.09856   =>   CDf =  0.00513    CDp =  0.09343

 Side 1  free  transition at x/c =  0.0942   55
 Side 2 forced transition at x/c =  0.9999   56

  76   rms: 0.3878E-02   max: -.6436E-01   C at   55  1
       a = 20.000      CL =  1.3495
      Cm =  0.0061     CD =  0.09856   =>   CDf =  0.00513    CDp =  0.09343

 Side 1  free  transition at x/c =  0.0942   55
 Side 2 forced transition at x/c =  0.9999   56

  77   rms: 0.3878E-02   max: -.6436E-01   C at   55  1
       a = 20.000      CL =  1.3495
      Cm =  0.0061     CD =  0.09856   =>   CDf =  0.00513    CDp =  0.09343

 Side 1  free  transition at x/c =  0.0942   55
 Side 2 forced transition at x/c =  0.9999   56

  78   rms: 0.3878E-02   max: -.6436E-01   C at   55  1
       a = 20.000      CL =  1.3495
      Cm =  0.0061     CD =  0.09856   =>   CDf =  0.00513    CDp =  0.09343

 Side 1  free  transition at x/c =  0.0942   55
 Side 2 forced transition at x/c =  0.9999   56

  79   rms: 0.3878E-02   max: -.6435E-01   C at   55  1
       a = 20.000      CL =  1.3495
      Cm =  0.0061     CD =  0.09856   =>   CDf =  0.00513    CDp =  0.09343

 Side 1  free  transition at x/c =  0.0942   55
 Side 2 forced transition at x/c =  0.9999   56

  80   rms: 0.3878E-02   max: -.6436E-01   C at   55  1
       a = 20.000      CL =  1.3495
      Cm =  0.0061     CD =  0.09856   =>   CDf =  0.00513    CDp =  0.09343

 Side 1  free  transition at x/c =  0.0942   55
 Side 2 forced transition at x/c =  0.9999   56

  81   rms: 0.3878E-02   max: -.6436E-01   C at   55  1
       a = 20.000      CL =  1.3495
      Cm =  0.0061     CD =  0.09856   =>   CDf =  0.00513    CDp =  0.09343

 Side 1  free  transition at x/c =  0.0942   55
 Side 2 forced transition at x/c =  0.9999   56

  82   rms: 0.3878E-02   max: -.6436E-01   C at   55  1
       a = 20.000      CL =  1.3495
      Cm =  0.0061     CD =  0.09856   =>   CDf =  0.00513    CDp =  0.09343

 Side 1  free  transition at x/c =  0.0942   55
 Side 2 forced transition at x/c =  0.9999   56

  83   rms: 0.3878E-02   max: -.6435E-01   C at   55  1
       a = 20.000      CL =  1.3495
      Cm =  0.0061     CD =  0.09856   =>   CDf =  0.00513    CDp =  0.09343

 Side 1  free  transition at x/c =  0.0942   55
 Side 2 forced transition at x/c =  0.9999   56

  84   rms: 0.3878E-02   max: -.6436E-01   C at   55  1
       a = 20.000      CL =  1.3495
      Cm =  0.0061     CD =  0.09856   =>   CDf =  0.00513    CDp =  0.09343

 Side 1  free  transition at x/c =  0.0942   55
 Side 2 forced transition at x/c =  0.9999   56

  85   rms: 0.3878E-02   max: -.6436E-01   C at   55  1
       a = 20.000      CL =  1.3495
      Cm =  0.0061     CD =  0.09856   =>   CDf =  0.00513    CDp =  0.09343

 Side 1  free  transition at x/c =  0.0942   55
 Side 2 forced transition at x/c =  0.9999   56

  86   rms: 0.3878E-02   max: -.6436E-01   C at   55  1
       a = 20.000      CL =  1.3495
      Cm =  0.0061     CD =  0.09856   =>   CDf =  0.00513    CDp =  0.09343

 Side 1  free  transition at x/c =  0.0942   55
 Side 2 forced transition at x/c =  0.9999   56

  87   rms: 0.3878E-02   max: -.6435E-01   C at   55  1
       a = 20.000      CL =  1.3495
      Cm =  0.0061     CD =  0.09856   =>   CDf =  0.00513    CDp =  0.09343

 Side 1  free  transition at x/c =  0.0942   55
 Side 2 forced transition at x/c =  0.9999   56

  88   rms: 0.3878E-02   max: -.6436E-01   C at   55  1
       a = 20.000      CL =  1.3495
      Cm =  0.0061     CD =  0.09856   =>   CDf =  0.00513    CDp =  0.09343

 Side 1  free  transition at x/c =  0.0942   55
 Side 2 forced transition at x/c =  0.9999   56

  89   rms: 0.3878E-02   max: -.6436E-01   C at   55  1
       a = 20.000      CL =  1.3495
      Cm =  0.0061     CD =  0.09856   =>   CDf =  0.00513    CDp =  0.09343

 Side 1  free  transition at x/c =  0.0942   55
 Side 2 forced transition at x/c =  0.9999   56

  90   rms: 0.3878E-02   max: -.6436E-01   C at   55  1
       a = 20.000      CL =  1.3495
      Cm =  0.0061     CD =  0.09856   =>   CDf =  0.00513    CDp =  0.09343

 Side 1  free  transition at x/c =  0.0942   55
 Side 2 forced transition at x/c =  0.9999   56

  91   rms: 0.3878E-02   max: -.6436E-01   C at   55  1
       a = 20.000      CL =  1.3495
      Cm =  0.0061     CD =  0.09856   =>   CDf =  0.00513    CDp =  0.09343

 Side 1  free  transition at x/c =  0.0942   55
 Side 2 forced transition at x/c =  0.9999   56

  92   rms: 0.3878E-02   max: -.6436E-01   C at   55  1
       a = 20.000      CL =  1.3495
      Cm =  0.0061     CD =  0.09856   =>   CDf =  0.00513    CDp =  0.09343

 Side 1  free  transition at x/c =  0.0942   55
 Side 2 forced transition at x/c =  0.9999   56

  93   rms: 0.3878E-02   max: -.6436E-01   C at   55  1
       a = 20.000      CL =  1.3495
      Cm =  0.0061     CD =  0.09856   =>   CDf =  0.00513    CDp =  0.09343

 Side 1  free  transition at x/c =  0.0942   55
 Side 2 forced transition at x/c =  0.9999   56

  94   rms: 0.3878E-02   max: -.6436E-01   C at   55  1
       a = 20.000      CL =  1.3495
      Cm =  0.0061     CD =  0.09856   =>   CDf =  0.00513    CDp =  0.09343

 Side 1  free  transition at x/c =  0.0942   55
 Side 2 forced transition at x/c =  0.9999   56

  95   rms: 0.3878E-02   max: -.6436E-01   C at   55  1
       a = 20.000      CL =  1.3495
      Cm =  0.0061     CD =  0.09856   =>   CDf =  0.00513    CDp =  0.09343

 Side 1  free  transition at x/c =  0.0942   55
 Side 2 forced transition at x/c =  0.9999   56

  96   rms: 0.3878E-02   max: -.6435E-01   C at   55  1
       a = 20.000      CL =  1.3495
      Cm =  0.0061     CD =  0.09856   =>   CDf =  0.00513    CDp =  0.09343

 Side 1  free  transition at x/c =  0.0942   55
 Side 2 forced transition at x/c =  0.9999   56

  97   rms: 0.3878E-02   max: -.6436E-01   C at   55  1
       a = 20.000      CL =  1.3495
      Cm =  0.0061     CD =  0.09856   =>   CDf =  0.00513    CDp =  0.09343

 Side 1  free  transition at x/c =  0.0942   55
 Side 2 forced transition at x/c =  0.9999   56

  98   rms: 0.3878E-02   max: -.6436E-01   C at   55  1
       a = 20.000      CL =  1.3495
      Cm =  0.0061     CD =  0.09856   =>   CDf =  0.00513    CDp =  0.09343

 Side 1  free  transition at x/c =  0.0942   55
 Side 2 forced transition at x/c =  0.9999   56

  99   rms: 0.3878E-02   max: -.6436E-01   C at   55  1
       a = 20.000      CL =  1.3495
      Cm =  0.0061     CD =  0.09856   =>   CDf =  0.00513    CDp =  0.09343

 Side 1  free  transition at x/c =  0.0942   55
 Side 2 forced transition at x/c =  0.9999   56

 100   rms: 0.3878E-02   max: -.6436E-01   C at   55  1
       a = 20.000      CL =  1.3495
      Cm =  0.0061     CD =  0.09856   =>   CDf =  0.00513    CDp =  0.09343

 Side 1  free  transition at x/c =  0.0942   55
 Side 2 forced transition at x/c =  0.9999   56

 101   rms: 0.3878E-02   max: -.6436E-01   C at   55  1
       a = 20.000      CL =  1.3495
      Cm =  0.0061     CD =  0.09856   =>   CDf =  0.00513    CDp =  0.09343

 Side 1  free  transition at x/c =  0.0942   55
 Side 2 forced transition at x/c =  0.9999   56

 102   rms: 0.3878E-02   max: -.6436E-01   C at   55  1
       a = 20.000      CL =  1.3495
      Cm =  0.0061     CD =  0.09856   =>   CDf =  0.00513    CDp =  0.09343

 Side 1  free  transition at x/c =  0.0942   55
 Side 2 forced transition at x/c =  0.9999   56

 103   rms: 0.3878E-02   max: -.6436E-01   C at   55  1
       a = 20.000      CL =  1.3495
      Cm =  0.0061     CD =  0.09856   =>   CDf =  0.00513    CDp =  0.09343

 Side 1  free  transition at x/c =  0.0942   55
 Side 2 forced transition at x/c =  0.9999   56

 104   rms: 0.3878E-02   max: -.6436E-01   C at   55  1
       a = 20.000      CL =  1.3495
      Cm =  0.0061     CD =  0.09856   =>   CDf =  0.00513    CDp =  0.09343

 Side 1  free  transition at x/c =  0.0942   55
 Side 2 forced transition at x/c =  0.9999   56

 105   rms: 0.3878E-02   max: -.6436E-01   C at   55  1
       a = 20.000      CL =  1.3495
      Cm =  0.0061     CD =  0.09856   =>   CDf =  0.00513    CDp =  0.09343

 Side 1  free  transition at x/c =  0.0942   55
 Side 2 forced transition at x/c =  0.9999   56

 106   rms: 0.3878E-02   max: -.6436E-01   C at   55  1
       a = 20.000      CL =  1.3495
      Cm =  0.0061     CD =  0.09856   =>   CDf =  0.00513    CDp =  0.09343

 Side 1  free  transition at x/c =  0.0942   55
 Side 2 forced transition at x/c =  0.9999   56

 107   rms: 0.3878E-02   max: -.6436E-01   C at   55  1
       a = 20.000      CL =  1.3495
      Cm =  0.0061     CD =  0.09856   =>   CDf =  0.00513    CDp =  0.09343

 Side 1  free  transition at x/c =  0.0942   55
 Side 2 forced transition at x/c =  0.9999   56

 108   rms: 0.3878E-02   max: -.6436E-01   C at   55  1
       a = 20.000      CL =  1.3495
      Cm =  0.0061     CD =  0.09856   =>   CDf =  0.00513    CDp =  0.09343

 Side 1  free  transition at x/c =  0.0942   55
 Side 2 forced transition at x/c =  0.9999   56

 109   rms: 0.3878E-02   max: -.6435E-01   C at   55  1
       a = 20.000      CL =  1.3495
      Cm =  0.0061     CD =  0.09856   =>   CDf =  0.00513    CDp =  0.09343

 Side 1  free  transition at x/c =  0.0942   55
 Side 2 forced transition at x/c =  0.9999   56

 110   rms: 0.3878E-02   max: -.6435E-01   C at   55  1
       a = 20.000      CL =  1.3495
      Cm =  0.0061     CD =  0.09856   =>   CDf =  0.00513    CDp =  0.09343

 Side 1  free  transition at x/c =  0.0942   55
 Side 2 forced transition at x/c =  0.9999   56

 111   rms: 0.3878E-02   max: -.6436E-01   C at   55  1
       a = 20.000      CL =  1.3495
      Cm =  0.0061     CD =  0.09856   =>   CDf =  0.00513    CDp =  0.09343

 Side 1  free  transition at x/c =  0.0942   55
 Side 2 forced transition at x/c =  0.9999   56

 112   rms: 0.3878E-02   max: -.6435E-01   C at   55  1
       a = 20.000      CL =  1.3495
      Cm =  0.0061     CD =  0.09856   =>   CDf =  0.00513    CDp =  0.09343

 Side 1  free  transition at x/c =  0.0942   55
 Side 2 forced transition at x/c =  0.9999   56

 113   rms: 0.3878E-02   max: -.6436E-01   C at   55  1
       a = 20.000      CL =  1.3495
      Cm =  0.0061     CD =  0.09856   =>   CDf =  0.00513    CDp =  0.09343

 Side 1  free  transition at x/c =  0.0942   55
 Side 2 forced transition at x/c =  0.9999   56

 114   rms: 0.3878E-02   max: -.6435E-01   C at   55  1
       a = 20.000      CL =  1.3495
      Cm =  0.0061     CD =  0.09856   =>   CDf =  0.00513    CDp =  0.09343

 Side 1  free  transition at x/c =  0.0942   55
 Side 2 forced transition at x/c =  0.9999   56

 115   rms: 0.3878E-02   max: -.6436E-01   C at   55  1
       a = 20.000      CL =  1.3495
      Cm =  0.0061     CD =  0.09856   =>   CDf =  0.00513    CDp =  0.09343

 Side 1  free  transition at x/c =  0.0942   55
 Side 2 forced transition at x/c =  0.9999   56

 116   rms: 0.3878E-02   max: -.6435E-01   C at   55  1
       a = 20.000      CL =  1.3495
      Cm =  0.0061     CD =  0.09856   =>   CDf =  0.00513    CDp =  0.09343

 Side 1  free  transition at x/c =  0.0942   55
 Side 2 forced transition at x/c =  0.9999   56

 117   rms: 0.3878E-02   max: -.6436E-01   C at   55  1
       a = 20.000      CL =  1.3495
      Cm =  0.0061     CD =  0.09856   =>   CDf =  0.00513    CDp =  0.09343

 Side 1  free  transition at x/c =  0.0942   55
 Side 2 forced transition at x/c =  0.9999   56

 118   rms: 0.3878E-02   max: -.6436E-01   C at   55  1
       a = 20.000      CL =  1.3495
      Cm =  0.0061     CD =  0.09856   =>   CDf =  0.00513    CDp =  0.09343

 Side 1  free  transition at x/c =  0.0942   55
 Side 2 forced transition at x/c =  0.9999   56

 119   rms: 0.3878E-02   max: -.6436E-01   C at   55  1
       a = 20.000      CL =  1.3495
      Cm =  0.0061     CD =  0.09856   =>   CDf =  0.00513    CDp =  0.09343

 Side 1  free  transition at x/c =  0.0942   55
 Side 2 forced transition at x/c =  0.9999   56

 120   rms: 0.3879E-02   max: -.6436E-01   C at   55  1
       a = 20.000      CL =  1.3495
      Cm =  0.0061     CD =  0.09856   =>   CDf =  0.00513    CDp =  0.09343

 Side 1  free  transition at x/c =  0.0942   55
 Side 2 forced transition at x/c =  0.9999   56

 121   rms: 0.3878E-02   max: -.6436E-01   C at   55  1
       a = 20.000      CL =  1.3495
      Cm =  0.0061     CD =  0.09856   =>   CDf =  0.00513    CDp =  0.09343

 Side 1  free  transition at x/c =  0.0942   55
 Side 2 forced transition at x/c =  0.9999   56

 122   rms: 0.3878E-02   max: -.6436E-01   C at   55  1
       a = 20.000      CL =  1.3495
      Cm =  0.0061     CD =  0.09856   =>   CDf =  0.00513    CDp =  0.09343

 Side 1  free  transition at x/c =  0.0942   55
 Side 2 forced transition at x/c =  0.9999   56

 123   rms: 0.3878E-02   max: -.6436E-01   C at   55  1
       a = 20.000      CL =  1.3495
      Cm =  0.0061     CD =  0.09856   =>   CDf =  0.00513    CDp =  0.09343

 Side 1  free  transition at x/c =  0.0942   55
 Side 2 forced transition at x/c =  0.9999   56

 124   rms: 0.3878E-02   max: -.6436E-01   C at   55  1
       a = 20.000      CL =  1.3495
      Cm =  0.0061     CD =  0.09856   =>   CDf =  0.00513    CDp =  0.09343

 Side 1  free  transition at x/c =  0.0942   55
 Side 2 forced transition at x/c =  0.9999   56

 125   rms: 0.3878E-02   max: -.6436E-01   C at   55  1
       a = 20.000      CL =  1.3495
      Cm =  0.0061     CD =  0.09856   =>   CDf =  0.00513    CDp =  0.09343

 Side 1  free  transition at x/c =  0.0942   55
 Side 2 forced transition at x/c =  0.9999   56

 126   rms: 0.3878E-02   max: -.6436E-01   C at   55  1
       a = 20.000      CL =  1.3495
      Cm =  0.0061     CD =  0.09856   =>   CDf =  0.00513    CDp =  0.09343

 Side 1  free  transition at x/c =  0.0942   55
 Side 2 forced transition at x/c =  0.9999   56

 127   rms: 0.3878E-02   max: -.6436E-01   C at   55  1
       a = 20.000      CL =  1.3495
      Cm =  0.0061     CD =  0.09856   =>   CDf =  0.00513    CDp =  0.09343

 Side 1  free  transition at x/c =  0.0942   55
 Side 2 forced transition at x/c =  0.9999   56

 128   rms: 0.3878E-02   max: -.6435E-01   C at   55  1
       a = 20.000      CL =  1.3495
      Cm =  0.0061     CD =  0.09856   =>   CDf =  0.00513    CDp =  0.09343

 Side 1  free  transition at x/c =  0.0942   55
 Side 2 forced transition at x/c =  0.9999   56

 129   rms: 0.3878E-02   max: -.6436E-01   C at   55  1
       a = 20.000      CL =  1.3495
      Cm =  0.0061     CD =  0.09856   =>   CDf =  0.00513    CDp =  0.09343

 Side 1  free  transition at x/c =  0.0942   55
 Side 2 forced transition at x/c =  0.9999   56

 130   rms: 0.3878E-02   max: -.6435E-01   C at   55  1
       a = 20.000      CL =  1.3495
      Cm =  0.0061     CD =  0.09856   =>   CDf =  0.00513    CDp =  0.09343

 Side 1  free  transition at x/c =  0.0942   55
 Side 2 forced transition at x/c =  0.9999   56

 131   rms: 0.3878E-02   max: -.6436E-01   C at   55  1
       a = 20.000      CL =  1.3495
      Cm =  0.0061     CD =  0.09856   =>   CDf =  0.00513    CDp =  0.09343

 Side 1  free  transition at x/c =  0.0942   55
 Side 2 forced transition at x/c =  0.9999   56

 132   rms: 0.3878E-02   max: -.6435E-01   C at   55  1
       a = 20.000      CL =  1.3495
      Cm =  0.0061     CD =  0.09856   =>   CDf =  0.00513    CDp =  0.09343

 Side 1  free  transition at x/c =  0.0942   55
 Side 2 forced transition at x/c =  0.9999   56

 133   rms: 0.3878E-02   max: -.6436E-01   C at   55  1
       a = 20.000      CL =  1.3495
      Cm =  0.0061     CD =  0.09856   =>   CDf =  0.00513    CDp =  0.09343

 Side 1  free  transition at x/c =  0.0942   55
 Side 2 forced transition at x/c =  0.9999   56

 134   rms: 0.3879E-02   max: -.6436E-01   C at   55  1
       a = 20.000      CL =  1.3495
      Cm =  0.0061     CD =  0.09856   =>   CDf =  0.00513    CDp =  0.09343

 Side 1  free  transition at x/c =  0.0942   55
 Side 2 forced transition at x/c =  0.9999   56

 135   rms: 0.3878E-02   max: -.6435E-01   C at   55  1
       a = 20.000      CL =  1.3495
      Cm =  0.0061     CD =  0.09856   =>   CDf =  0.00513    CDp =  0.09343

 Side 1  free  transition at x/c =  0.0942   55
 Side 2 forced transition at x/c =  0.9999   56

 136   rms: 0.3878E-02   max: -.6436E-01   C at   55  1
       a = 20.000      CL =  1.3495
      Cm =  0.0061     CD =  0.09856   =>   CDf =  0.00513    CDp =  0.09343

 Side 1  free  transition at x/c =  0.0942   55
 Side 2 forced transition at x/c =  0.9999   56

 137   rms: 0.3878E-02   max: -.6436E-01   C at   55  1
       a = 20.000      CL =  1.3495
      Cm =  0.0061     CD =  0.09856   =>   CDf =  0.00513    CDp =  0.09343

 Side 1  free  transition at x/c =  0.0942   55
 Side 2 forced transition at x/c =  0.9999   56

 138   rms: 0.3878E-02   max: -.6436E-01   C at   55  1
       a = 20.000      CL =  1.3495
      Cm =  0.0061     CD =  0.09856   =>   CDf =  0.00513    CDp =  0.09343

 Side 1  free  transition at x/c =  0.0942   55
 Side 2 forced transition at x/c =  0.9999   56

 139   rms: 0.3878E-02   max: -.6436E-01   C at   55  1
       a = 20.000      CL =  1.3495
      Cm =  0.0061     CD =  0.09856   =>   CDf =  0.00513    CDp =  0.09343

 Side 1  free  transition at x/c =  0.0942   55
 Side 2 forced transition at x/c =  0.9999   56

 140   rms: 0.3878E-02   max: -.6436E-01   C at   55  1
       a = 20.000      CL =  1.3495
      Cm =  0.0061     CD =  0.09856   =>   CDf =  0.00513    CDp =  0.09343

 Side 1  free  transition at x/c =  0.0942   55
 Side 2 forced transition at x/c =  0.9999   56

 141   rms: 0.3878E-02   max: -.6436E-01   C at   55  1
       a = 20.000      CL =  1.3495
      Cm =  0.0061     CD =  0.09856   =>   CDf =  0.00513    CDp =  0.09343

 Side 1  free  transition at x/c =  0.0942   55
 Side 2 forced transition at x/c =  0.9999   56

 142   rms: 0.3878E-02   max: -.6436E-01   C at   55  1
       a = 20.000      CL =  1.3495
      Cm =  0.0061     CD =  0.09856   =>   CDf =  0.00513    CDp =  0.09343

 Side 1  free  transition at x/c =  0.0942   55
 Side 2 forced transition at x/c =  0.9999   56

 143   rms: 0.3878E-02   max: -.6436E-01   C at   55  1
       a = 20.000      CL =  1.3495
      Cm =  0.0061     CD =  0.09856   =>   CDf =  0.00513    CDp =  0.09343

 Side 1  free  transition at x/c =  0.0942   55
 Side 2 forced transition at x/c =  0.9999   56

 144   rms: 0.3878E-02   max: -.6435E-01   C at   55  1
       a = 20.000      CL =  1.3495
      Cm =  0.0061     CD =  0.09856   =>   CDf =  0.00513    CDp =  0.09343

 Side 1  free  transition at x/c =  0.0942   55
 Side 2 forced transition at x/c =  0.9999   56

 145   rms: 0.3878E-02   max: -.6436E-01   C at   55  1
       a = 20.000      CL =  1.3495
      Cm =  0.0061     CD =  0.09856   =>   CDf =  0.00513    CDp =  0.09343

 Side 1  free  transition at x/c =  0.0942   55
 Side 2 forced transition at x/c =  0.9999   56

 146   rms: 0.3878E-02   max: -.6436E-01   C at   55  1
       a = 20.000      CL =  1.3495
      Cm =  0.0061     CD =  0.09856   =>   CDf =  0.00513    CDp =  0.09343

 Side 1  free  transition at x/c =  0.0942   55
 Side 2 forced transition at x/c =  0.9999   56

 147   rms: 0.3878E-02   max: -.6436E-01   C at   55  1
       a = 20.000      CL =  1.3495
      Cm =  0.0061     CD =  0.09856   =>   CDf =  0.00513    CDp =  0.09343

 Side 1  free  transition at x/c =  0.0942   55
 Side 2 forced transition at x/c =  0.9999   56

 148   rms: 0.3878E-02   max: -.6436E-01   C at   55  1
       a = 20.000      CL =  1.3495
      Cm =  0.0061     CD =  0.09856   =>   CDf =  0.00513    CDp =  0.09343

 Side 1  free  transition at x/c =  0.0942   55
 Side 2 forced transition at x/c =  0.9999   56

 149   rms: 0.3878E-02   max: -.6436E-01   C at   55  1
       a = 20.000      CL =  1.3495
      Cm =  0.0061     CD =  0.09856   =>   CDf =  0.00513    CDp =  0.09343

 Side 1  free  transition at x/c =  0.0942   55
 Side 2 forced transition at x/c =  0.9999   56

 150   rms: 0.3878E-02   max: -.6436E-01   C at   55  1
       a = 20.000      CL =  1.3495
      Cm =  0.0061     CD =  0.09856   =>   CDf =  0.00513    CDp =  0.09343

 Side 1  free  transition at x/c =  0.0942   55
 Side 2 forced transition at x/c =  0.9999   56

 151   rms: 0.3878E-02   max: -.6435E-01   C at   55  1
       a = 20.000      CL =  1.3495
      Cm =  0.0061     CD =  0.09856   =>   CDf =  0.00513    CDp =  0.09343

 Side 1  free  transition at x/c =  0.0942   55
 Side 2 forced transition at x/c =  0.9999   56

 152   rms: 0.3878E-02   max: -.6436E-01   C at   55  1
       a = 20.000      CL =  1.3495
      Cm =  0.0061     CD =  0.09856   =>   CDf =  0.00513    CDp =  0.09343

 Side 1  free  transition at x/c =  0.0942   55
 Side 2 forced transition at x/c =  0.9999   56

 153   rms: 0.3878E-02   max: -.6436E-01   C at   55  1
       a = 20.000      CL =  1.3495
      Cm =  0.0061     CD =  0.09856   =>   CDf =  0.00513    CDp =  0.09343

 Side 1  free  transition at x/c =  0.0942   55
 Side 2 forced transition at x/c =  0.9999   56

 154   rms: 0.3878E-02   max: -.6436E-01   C at   55  1
       a = 20.000      CL =  1.3495
      Cm =  0.0061     CD =  0.09856   =>   CDf =  0.00513    CDp =  0.09343

 Side 1  free  transition at x/c =  0.0942   55
 Side 2 forced transition at x/c =  0.9999   56

 155   rms: 0.3878E-02   max: -.6436E-01   C at   55  1
       a = 20.000      CL =  1.3495
      Cm =  0.0061     CD =  0.09856   =>   CDf =  0.00513    CDp =  0.09343

 Side 1  free  transition at x/c =  0.0942   55
 Side 2 forced transition at x/c =  0.9999   56

 156   rms: 0.3878E-02   max: -.6436E-01   C at   55  1
       a = 20.000      CL =  1.3495
      Cm =  0.0061     CD =  0.09856   =>   CDf =  0.00513    CDp =  0.09343

 Side 1  free  transition at x/c =  0.0942   55
 Side 2 forced transition at x/c =  0.9999   56

 157   rms: 0.3878E-02   max: -.6436E-01   C at   55  1
       a = 20.000      CL =  1.3495
      Cm =  0.0061     CD =  0.09856   =>   CDf =  0.00513    CDp =  0.09343

 Side 1  free  transition at x/c =  0.0942   55
 Side 2 forced transition at x/c =  0.9999   56

 158   rms: 0.3878E-02   max: -.6436E-01   C at   55  1
       a = 20.000      CL =  1.3495
      Cm =  0.0061     CD =  0.09856   =>   CDf =  0.00513    CDp =  0.09343

 Side 1  free  transition at x/c =  0.0942   55
 Side 2 forced transition at x/c =  0.9999   56

 159   rms: 0.3878E-02   max: -.6436E-01   C at   55  1
       a = 20.000      CL =  1.3495
      Cm =  0.0061     CD =  0.09856   =>   CDf =  0.00513    CDp =  0.09343

 Side 1  free  transition at x/c =  0.0942   55
 Side 2 forced transition at x/c =  0.9999   56

 160   rms: 0.3879E-02   max: -.6436E-01   C at   55  1
       a = 20.000      CL =  1.3495
      Cm =  0.0061     CD =  0.09856   =>   CDf =  0.00513    CDp =  0.09343

 Side 1  free  transition at x/c =  0.0942   55
 Side 2 forced transition at x/c =  0.9999   56

 161   rms: 0.3878E-02   max: -.6436E-01   C at   55  1
       a = 20.000      CL =  1.3495
      Cm =  0.0061     CD =  0.09856   =>   CDf =  0.00513    CDp =  0.09343

 Side 1  free  transition at x/c =  0.0942   55
 Side 2 forced transition at x/c =  0.9999   56

 162   rms: 0.3878E-02   max: -.6435E-01   C at   55  1
       a = 20.000      CL =  1.3495
      Cm =  0.0061     CD =  0.09856   =>   CDf =  0.00513    CDp =  0.09343

 Side 1  free  transition at x/c =  0.0942   55
 Side 2 forced transition at x/c =  0.9999   56

 163   rms: 0.3878E-02   max: -.6436E-01   C at   55  1
       a = 20.000      CL =  1.3495
      Cm =  0.0061     CD =  0.09856   =>   CDf =  0.00513    CDp =  0.09343

 Side 1  free  transition at x/c =  0.0942   55
 Side 2 forced transition at x/c =  0.9999   56

 164   rms: 0.3878E-02   max: -.6436E-01   C at   55  1
       a = 20.000      CL =  1.3495
      Cm =  0.0061     CD =  0.09856   =>   CDf =  0.00513    CDp =  0.09343

 Side 1  free  transition at x/c =  0.0942   55
 Side 2 forced transition at x/c =  0.9999   56

 165   rms: 0.3878E-02   max: -.6436E-01   C at   55  1
       a = 20.000      CL =  1.3495
      Cm =  0.0061     CD =  0.09856   =>   CDf =  0.00513    CDp =  0.09343

 Side 1  free  transition at x/c =  0.0942   55
 Side 2 forced transition at x/c =  0.9999   56

 166   rms: 0.3878E-02   max: -.6436E-01   C at   55  1
       a = 20.000      CL =  1.3495
      Cm =  0.0061     CD =  0.09856   =>   CDf =  0.00513    CDp =  0.09343

 Side 1  free  transition at x/c =  0.0942   55
 Side 2 forced transition at x/c =  0.9999   56

 167   rms: 0.3878E-02   max: -.6435E-01   C at   55  1
       a = 20.000      CL =  1.3495
      Cm =  0.0061     CD =  0.09856   =>   CDf =  0.00513    CDp =  0.09343

 Side 1  free  transition at x/c =  0.0942   55
 Side 2 forced transition at x/c =  0.9999   56

 168   rms: 0.3878E-02   max: -.6436E-01   C at   55  1
       a = 20.000      CL =  1.3495
      Cm =  0.0061     CD =  0.09856   =>   CDf =  0.00513    CDp =  0.09343

 Side 1  free  transition at x/c =  0.0942   55
 Side 2 forced transition at x/c =  0.9999   56

 169   rms: 0.3878E-02   max: -.6436E-01   C at   55  1
       a = 20.000      CL =  1.3495
      Cm =  0.0061     CD =  0.09856   =>   CDf =  0.00513    CDp =  0.09343

 Side 1  free  transition at x/c =  0.0942   55
 Side 2 forced transition at x/c =  0.9999   56

 170   rms: 0.3878E-02   max: -.6436E-01   C at   55  1
       a = 20.000      CL =  1.3495
      Cm =  0.0061     CD =  0.09856   =>   CDf =  0.00513    CDp =  0.09343

 Side 1  free  transition at x/c =  0.0942   55
 Side 2 forced transition at x/c =  0.9999   56

 171   rms: 0.3878E-02   max: -.6436E-01   C at   55  1
       a = 20.000      CL =  1.3495
      Cm =  0.0061     CD =  0.09856   =>   CDf =  0.00513    CDp =  0.09343

 Side 1  free  transition at x/c =  0.0942   55
 Side 2 forced transition at x/c =  0.9999   56

 172   rms: 0.3878E-02   max: -.6436E-01   C at   55  1
       a = 20.000      CL =  1.3495
      Cm =  0.0061     CD =  0.09856   =>   CDf =  0.00513    CDp =  0.09343

 Side 1  free  transition at x/c =  0.0942   55
 Side 2 forced transition at x/c =  0.9999   56

 173   rms: 0.3878E-02   max: -.6435E-01   C at   55  1
       a = 20.000      CL =  1.3495
      Cm =  0.0061     CD =  0.09856   =>   CDf =  0.00513    CDp =  0.09343

 Side 1  free  transition at x/c =  0.0942   55
 Side 2 forced transition at x/c =  0.9999   56

 174   rms: 0.3878E-02   max: -.6436E-01   C at   55  1
       a = 20.000      CL =  1.3495
      Cm =  0.0061     CD =  0.09856   =>   CDf =  0.00513    CDp =  0.09343

 Side 1  free  transition at x/c =  0.0942   55
 Side 2 forced transition at x/c =  0.9999   56

 175   rms: 0.3878E-02   max: -.6435E-01   C at   55  1
       a = 20.000      CL =  1.3495
      Cm =  0.0061     CD =  0.09856   =>   CDf =  0.00513    CDp =  0.09343

 Side 1  free  transition at x/c =  0.0942   55
 Side 2 forced transition at x/c =  0.9999   56

 176   rms: 0.3878E-02   max: -.6436E-01   C at   55  1
       a = 20.000      CL =  1.3495
      Cm =  0.0061     CD =  0.09856   =>   CDf =  0.00513    CDp =  0.09343

 Side 1  free  transition at x/c =  0.0942   55
 Side 2 forced transition at x/c =  0.9999   56

 177   rms: 0.3878E-02   max: -.6436E-01   C at   55  1
       a = 20.000      CL =  1.3495
      Cm =  0.0061     CD =  0.09856   =>   CDf =  0.00513    CDp =  0.09343

 Side 1  free  transition at x/c =  0.0942   55
 Side 2 forced transition at x/c =  0.9999   56

 178   rms: 0.3878E-02   max: -.6436E-01   C at   55  1
       a = 20.000      CL =  1.3495
      Cm =  0.0061     CD =  0.09856   =>   CDf =  0.00513    CDp =  0.09343

 Side 1  free  transition at x/c =  0.0942   55
 Side 2 forced transition at x/c =  0.9999   56

 179   rms: 0.3878E-02   max: -.6435E-01   C at   55  1
       a = 20.000      CL =  1.3495
      Cm =  0.0061     CD =  0.09856   =>   CDf =  0.00513    CDp =  0.09343

 Side 1  free  transition at x/c =  0.0942   55
 Side 2 forced transition at x/c =  0.9999   56

 180   rms: 0.3878E-02   max: -.6436E-01   C at   55  1
       a = 20.000      CL =  1.3495
      Cm =  0.0061     CD =  0.09856   =>   CDf =  0.00513    CDp =  0.09343

 Side 1  free  transition at x/c =  0.0942   55
 Side 2 forced transition at x/c =  0.9999   56

 181   rms: 0.3878E-02   max: -.6436E-01   C at   55  1
       a = 20.000      CL =  1.3495
      Cm =  0.0061     CD =  0.09856   =>   CDf =  0.00513    CDp =  0.09343

 Side 1  free  transition at x/c =  0.0942   55
 Side 2 forced transition at x/c =  0.9999   56

 182   rms: 0.3878E-02   max: -.6436E-01   C at   55  1
       a = 20.000      CL =  1.3495
      Cm =  0.0061     CD =  0.09856   =>   CDf =  0.00513    CDp =  0.09343

 Side 1  free  transition at x/c =  0.0942   55
 Side 2 forced transition at x/c =  0.9999   56

 183   rms: 0.3878E-02   max: -.6436E-01   C at   55  1
       a = 20.000      CL =  1.3495
      Cm =  0.0061     CD =  0.09856   =>   CDf =  0.00513    CDp =  0.09343

 Side 1  free  transition at x/c =  0.0942   55
 Side 2 forced transition at x/c =  0.9999   56

 184   rms: 0.3878E-02   max: -.6435E-01   C at   55  1
       a = 20.000      CL =  1.3495
      Cm =  0.0061     CD =  0.09856   =>   CDf =  0.00513    CDp =  0.09343

 Side 1  free  transition at x/c =  0.0942   55
 Side 2 forced transition at x/c =  0.9999   56

 185   rms: 0.3878E-02   max: -.6436E-01   C at   55  1
       a = 20.000      CL =  1.3495
      Cm =  0.0061     CD =  0.09856   =>   CDf =  0.00513    CDp =  0.09343

 Side 1  free  transition at x/c =  0.0942   55
 Side 2 forced transition at x/c =  0.9999   56

 186   rms: 0.3878E-02   max: -.6436E-01   C at   55  1
       a = 20.000      CL =  1.3495
      Cm =  0.0061     CD =  0.09856   =>   CDf =  0.00513    CDp =  0.09343

 Side 1  free  transition at x/c =  0.0942   55
 Side 2 forced transition at x/c =  0.9999   56

 187   rms: 0.3878E-02   max: -.6436E-01   C at   55  1
       a = 20.000      CL =  1.3495
      Cm =  0.0061     CD =  0.09856   =>   CDf =  0.00513    CDp =  0.09343

 Side 1  free  transition at x/c =  0.0942   55
 Side 2 forced transition at x/c =  0.9999   56

 188   rms: 0.3878E-02   max: -.6436E-01   C at   55  1
       a = 20.000      CL =  1.3495
      Cm =  0.0061     CD =  0.09856   =>   CDf =  0.00513    CDp =  0.09343

 Side 1  free  transition at x/c =  0.0942   55
 Side 2 forced transition at x/c =  0.9999   56

 189   rms: 0.3878E-02   max: -.6436E-01   C at   55  1
       a = 20.000      CL =  1.3495
      Cm =  0.0061     CD =  0.09856   =>   CDf =  0.00513    CDp =  0.09343

 Side 1  free  transition at x/c =  0.0942   55
 Side 2 forced transition at x/c =  0.9999   56

 190   rms: 0.3878E-02   max: -.6436E-01   C at   55  1
       a = 20.000      CL =  1.3495
      Cm =  0.0061     CD =  0.09856   =>   CDf =  0.00513    CDp =  0.09343

 Side 1  free  transition at x/c =  0.0942   55
 Side 2 forced transition at x/c =  0.9999   56

 191   rms: 0.3878E-02   max: -.6436E-01   C at   55  1
       a = 20.000      CL =  1.3495
      Cm =  0.0061     CD =  0.09856   =>   CDf =  0.00513    CDp =  0.09343

 Side 1  free  transition at x/c =  0.0942   55
 Side 2 forced transition at x/c =  0.9999   56

 192   rms: 0.3879E-02   max: -.6436E-01   C at   55  1
       a = 20.000      CL =  1.3495
      Cm =  0.0061     CD =  0.09856   =>   CDf =  0.00513    CDp =  0.09343

 Side 1  free  transition at x/c =  0.0942   55
 Side 2 forced transition at x/c =  0.9999   56

 193   rms: 0.3878E-02   max: -.6436E-01   C at   55  1
       a = 20.000      CL =  1.3495
      Cm =  0.0061     CD =  0.09856   =>   CDf =  0.00513    CDp =  0.09343

 Side 1  free  transition at x/c =  0.0942   55
 Side 2 forced transition at x/c =  0.9999   56

 194   rms: 0.3878E-02   max: -.6436E-01   C at   55  1
       a = 20.000      CL =  1.3495
      Cm =  0.0061     CD =  0.09856   =>   CDf =  0.00513    CDp =  0.09343

 Side 1  free  transition at x/c =  0.0942   55
 Side 2 forced transition at x/c =  0.9999   56

 195   rms: 0.3878E-02   max: -.6436E-01   C at   55  1
       a = 20.000      CL =  1.3495
      Cm =  0.0061     CD =  0.09856   =>   CDf =  0.00513    CDp =  0.09343

 Side 1  free  transition at x/c =  0.0942   55
 Side 2 forced transition at x/c =  0.9999   56

 196   rms: 0.3878E-02   max: -.6436E-01   C at   55  1
       a = 20.000      CL =  1.3495
      Cm =  0.0061     CD =  0.09856   =>   CDf =  0.00513    CDp =  0.09343

 Side 1  free  transition at x/c =  0.0942   55
 Side 2 forced transition at x/c =  0.9999   56

 197   rms: 0.3878E-02   max: -.6436E-01   C at   55  1
       a = 20.000      CL =  1.3495
      Cm =  0.0061     CD =  0.09856   =>   CDf =  0.00513    CDp =  0.09343

 Side 1  free  transition at x/c =  0.0942   55
 Side 2 forced transition at x/c =  0.9999   56

 198   rms: 0.3878E-02   max: -.6435E-01   C at   55  1
       a = 20.000      CL =  1.3495
      Cm =  0.0061     CD =  0.09856   =>   CDf =  0.00513    CDp =  0.09343

 Side 1  free  transition at x/c =  0.0942   55
 Side 2 forced transition at x/c =  0.9999   56

 199   rms: 0.3878E-02   max: -.6436E-01   C at   55  1
       a = 20.000      CL =  1.3495
      Cm =  0.0061     CD =  0.09856   =>   CDf =  0.00513    CDp =  0.09343

 Side 1  free  transition at x/c =  0.0942   55
 Side 2 forced transition at x/c =  0.9999   56

 200   rms: 0.3878E-02   max: -.6435E-01   C at   55  1
       a = 20.000      CL =  1.3495
      Cm =  0.0061     CD =  0.09856   =>   CDf =  0.00513    CDp =  0.09343

 Side 1  free  transition at x/c =  0.0942   55
 Side 2 forced transition at x/c =  0.9999   56

 201   rms: 0.3878E-02   max: -.6436E-01   C at   55  1
       a = 20.000      CL =  1.3495
      Cm =  0.0061     CD =  0.09856   =>   CDf =  0.00513    CDp =  0.09343

 Side 1  free  transition at x/c =  0.0942   55
 Side 2 forced transition at x/c =  0.9999   56

 202   rms: 0.3878E-02   max: -.6436E-01   C at   55  1
       a = 20.000      CL =  1.3495
      Cm =  0.0061     CD =  0.09856   =>   CDf =  0.00513    CDp =  0.09343

 Side 1  free  transition at x/c =  0.0942   55
 Side 2 forced transition at x/c =  0.9999   56

 203   rms: 0.3878E-02   max: -.6436E-01   C at   55  1
       a = 20.000      CL =  1.3495
      Cm =  0.0061     CD =  0.09856   =>   CDf =  0.00513    CDp =  0.09343

 Side 1  free  transition at x/c =  0.0942   55
 Side 2 forced transition at x/c =  0.9999   56

 204   rms: 0.3878E-02   max: -.6436E-01   C at   55  1
       a = 20.000      CL =  1.3495
      Cm =  0.0061     CD =  0.09856   =>   CDf =  0.00513    CDp =  0.09343

 Side 1  free  transition at x/c =  0.0942   55
 Side 2 forced transition at x/c =  0.9999   56

 205   rms: 0.3878E-02   max: -.6436E-01   C at   55  1
       a = 20.000      CL =  1.3495
      Cm =  0.0061     CD =  0.09856   =>   CDf =  0.00513    CDp =  0.09343

 Side 1  free  transition at x/c =  0.0942   55
 Side 2 forced transition at x/c =  0.9999   56

 206   rms: 0.3878E-02   max: -.6436E-01   C at   55  1
       a = 20.000      CL =  1.3495
      Cm =  0.0061     CD =  0.09856   =>   CDf =  0.00513    CDp =  0.09343

 Side 1  free  transition at x/c =  0.0942   55
 Side 2 forced transition at x/c =  0.9999   56

 207   rms: 0.3878E-02   max: -.6436E-01   C at   55  1
       a = 20.000      CL =  1.3495
      Cm =  0.0061     CD =  0.09856   =>   CDf =  0.00513    CDp =  0.09343

 Side 1  free  transition at x/c =  0.0942   55
 Side 2 forced transition at x/c =  0.9999   56

 208   rms: 0.3878E-02   max: -.6436E-01   C at   55  1
       a = 20.000      CL =  1.3495
      Cm =  0.0061     CD =  0.09856   =>   CDf =  0.00513    CDp =  0.09343

 Side 1  free  transition at x/c =  0.0942   55
 Side 2 forced transition at x/c =  0.9999   56

 209   rms: 0.3878E-02   max: -.6436E-01   C at   55  1
       a = 20.000      CL =  1.3495
      Cm =  0.0061     CD =  0.09856   =>   CDf =  0.00513    CDp =  0.09343

 Side 1  free  transition at x/c =  0.0942   55
 Side 2 forced transition at x/c =  0.9999   56

 210   rms: 0.3878E-02   max: -.6435E-01   C at   55  1
       a = 20.000      CL =  1.3495
      Cm =  0.0061     CD =  0.09856   =>   CDf =  0.00513    CDp =  0.09343

 Side 1  free  transition at x/c =  0.0942   55
 Side 2 forced transition at x/c =  0.9999   56

 211   rms: 0.3878E-02   max: -.6436E-01   C at   55  1
       a = 20.000      CL =  1.3495
      Cm =  0.0061     CD =  0.09856   =>   CDf =  0.00513    CDp =  0.09343

 Side 1  free  transition at x/c =  0.0942   55
 Side 2 forced transition at x/c =  0.9999   56

 212   rms: 0.3878E-02   max: -.6436E-01   C at   55  1
       a = 20.000      CL =  1.3495
      Cm =  0.0061     CD =  0.09856   =>   CDf =  0.00513    CDp =  0.09343

 Side 1  free  transition at x/c =  0.0942   55
 Side 2 forced transition at x/c =  0.9999   56

 213   rms: 0.3878E-02   max: -.6436E-01   C at   55  1
       a = 20.000      CL =  1.3495
      Cm =  0.0061     CD =  0.09856   =>   CDf =  0.00513    CDp =  0.09343

 Side 1  free  transition at x/c =  0.0942   55
 Side 2 forced transition at x/c =  0.9999   56

 214   rms: 0.3878E-02   max: -.6436E-01   C at   55  1
       a = 20.000      CL =  1.3495
      Cm =  0.0061     CD =  0.09856   =>   CDf =  0.00513    CDp =  0.09343

 Side 1  free  transition at x/c =  0.0942   55
 Side 2 forced transition at x/c =  0.9999   56

 215   rms: 0.3878E-02   max: -.6436E-01   C at   55  1
       a = 20.000      CL =  1.3495
      Cm =  0.0061     CD =  0.09856   =>   CDf =  0.00513    CDp =  0.09343

 Side 1  free  transition at x/c =  0.0942   55
 Side 2 forced transition at x/c =  0.9999   56

 216   rms: 0.3878E-02   max: -.6436E-01   C at   55  1
       a = 20.000      CL =  1.3495
      Cm =  0.0061     CD =  0.09856   =>   CDf =  0.00513    CDp =  0.09343

 Side 1  free  transition at x/c =  0.0942   55
 Side 2 forced transition at x/c =  0.9999   56

 217   rms: 0.3878E-02   max: -.6436E-01   C at   55  1
       a = 20.000      CL =  1.3495
      Cm =  0.0061     CD =  0.09856   =>   CDf =  0.00513    CDp =  0.09343

 Side 1  free  transition at x/c =  0.0942   55
 Side 2 forced transition at x/c =  0.9999   56

 218   rms: 0.3878E-02   max: -.6436E-01   C at   55  1
       a = 20.000      CL =  1.3495
      Cm =  0.0061     CD =  0.09856   =>   CDf =  0.00513    CDp =  0.09343

 Side 1  free  transition at x/c =  0.0942   55
 Side 2 forced transition at x/c =  0.9999   56

 219   rms: 0.3878E-02   max: -.6436E-01   C at   55  1
       a = 20.000      CL =  1.3495
      Cm =  0.0061     CD =  0.09856   =>   CDf =  0.00513    CDp =  0.09343

 Side 1  free  transition at x/c =  0.0942   55
 Side 2 forced transition at x/c =  0.9999   56

 220   rms: 0.3878E-02   max: -.6435E-01   C at   55  1
       a = 20.000      CL =  1.3495
      Cm =  0.0061     CD =  0.09856   =>   CDf =  0.00513    CDp =  0.09343

 Side 1  free  transition at x/c =  0.0942   55
 Side 2 forced transition at x/c =  0.9999   56

 221   rms: 0.3878E-02   max: -.6436E-01   C at   55  1
       a = 20.000      CL =  1.3495
      Cm =  0.0061     CD =  0.09856   =>   CDf =  0.00513    CDp =  0.09343

 Side 1  free  transition at x/c =  0.0942   55
 Side 2 forced transition at x/c =  0.9999   56

 222   rms: 0.3878E-02   max: -.6436E-01   C at   55  1
       a = 20.000      CL =  1.3495
      Cm =  0.0061     CD =  0.09856   =>   CDf =  0.00513    CDp =  0.09343

 Side 1  free  transition at x/c =  0.0942   55
 Side 2 forced transition at x/c =  0.9999   56

 223   rms: 0.3878E-02   max: -.6436E-01   C at   55  1
       a = 20.000      CL =  1.3495
      Cm =  0.0061     CD =  0.09856   =>   CDf =  0.00513    CDp =  0.09343

 Side 1  free  transition at x/c =  0.0942   55
 Side 2 forced transition at x/c =  0.9999   56

 224   rms: 0.3878E-02   max: -.6436E-01   C at   55  1
       a = 20.000      CL =  1.3495
      Cm =  0.0061     CD =  0.09856   =>   CDf =  0.00513    CDp =  0.09343

 Side 1  free  transition at x/c =  0.0942   55
 Side 2 forced transition at x/c =  0.9999   56

 225   rms: 0.3878E-02   max: -.6435E-01   C at   55  1
       a = 20.000      CL =  1.3495
      Cm =  0.0061     CD =  0.09856   =>   CDf =  0.00513    CDp =  0.09343
 VISCAL:  Convergence failed
 Calculating wake trajectory ...
 Calculating source influence matrix ...

 Solving BL system ...

 Side 1  free  transition at x/c =  0.0942   55
 Side 2 forced transition at x/c =  0.9999   56

   1   rms: 0.9731E-01   max: -.6656E+00   C at   55  1   RLX: 0.313
       a = 21.000      CL =  1.3554
      Cm =  0.0047     CD =  0.10259   =>   CDf =  0.00492    CDp =  0.09767

 Side 1  free  transition at x/c =  0.0920   56
 Side 2 forced transition at x/c =  0.9999   55

   2   rms: 0.6670E-01   max: 0.3339E+00   D at   76  1
       a = 21.000      CL =  1.3574
      Cm =  0.0021     CD =  0.11256   =>   CDf =  0.00503    CDp =  0.10753

 Side 1  free  transition at x/c =  0.0866   56
 Side 2 forced transition at x/c =  0.9999   55

   3   rms: 0.1343E-01   max: 0.1061E+00   D at   75  1
       a = 21.000      CL =  1.3456
      Cm =  0.0022     CD =  0.11186   =>   CDf =  0.00499    CDp =  0.10687

 Side 1  free  transition at x/c =  0.0870   56
 Side 2 forced transition at x/c =  0.9999   55

   4   rms: 0.3995E-02   max: 0.4015E-01   D at   75  1
       a = 21.000      CL =  1.3428
      Cm =  0.0021     CD =  0.11197   =>   CDf =  0.00493    CDp =  0.10704

 Side 1  free  transition at x/c =  0.0870   56
 Side 2 forced transition at x/c =  0.9999   55

   5   rms: 0.2586E-03   max: -.1492E-02   D at   75  1
       a = 21.000      CL =  1.3427
      Cm =  0.0021     CD =  0.11184   =>   CDf =  0.00493    CDp =  0.10692

 Side 1  free  transition at x/c =  0.0871   56
 Side 2 forced transition at x/c =  0.9999   55

   6   rms: 0.6760E-05   max: 0.4069E-04   C at   55  2
       a = 21.000      CL =  1.3427
      Cm =  0.0021     CD =  0.11184   =>   CDf =  0.00493    CDp =  0.10691
 plradd ia,ip,cpol           45           0  1.24317231E-02

 Point added to stored polar  1
 Point written to save file  polar.txt                                       
 Dump file unspecified or not available
 Calculating wake trajectory ...
 Calculating source influence matrix ...

 Solving BL system ...

 Side 1  free  transition at x/c =  0.0871   56
 Side 2 forced transition at x/c =  0.9999   55

   1   rms: 0.1002E+00   max: 0.5145E+00   D at   74  1   RLX: 0.285
       a = 22.000      CL =  1.3399
      Cm =  0.0006     CD =  0.11677   =>   CDf =  0.00495    CDp =  0.11182

 Side 1  free  transition at x/c =  0.0851   55
 Side 2 forced transition at x/c =  0.9999   55

   2   rms: 0.6644E-01   max: 0.3088E+00   D at   74  1
       a = 22.000      CL =  1.3518
      Cm = -0.0029     CD =  0.12621   =>   CDf =  0.00466    CDp =  0.12155

 Side 1  free  transition at x/c =  0.0799   56
 Side 2 forced transition at x/c =  0.9999   54

   3   rms: 0.1569E-01   max: 0.9931E-01   D at   75  1
       a = 22.000      CL =  1.3385
      Cm = -0.0030     CD =  0.12548   =>   CDf =  0.00483    CDp =  0.12065

 Side 1  free  transition at x/c =  0.0805   56
 Side 2 forced transition at x/c =  0.9999   54

   4   rms: 0.1012E-02   max: -.1041E-01   D at   75  1
       a = 22.000      CL =  1.3386
      Cm = -0.0029     CD =  0.12491   =>   CDf =  0.00475    CDp =  0.12016

 Side 1  free  transition at x/c =  0.0804   56
 Side 2 forced transition at x/c =  0.9999   54

   5   rms: 0.4176E-04   max: -.1972E-03   D at   73  2
       a = 22.000      CL =  1.3387
      Cm = -0.0029     CD =  0.12490   =>   CDf =  0.00476    CDp =  0.12015
 plradd ia,ip,cpol           46           0  1.03551224E-02

 Point added to stored polar  1
 Point written to save file  polar.txt                                       
 Dump file unspecified or not available
 Calculating wake trajectory ...
 Calculating source influence matrix ...

 Solving BL system ...

 Side 1  free  transition at x/c =  0.0804   56
 Side 2 forced transition at x/c =  0.9999   54

   1   rms: 0.9848E-01   max: 0.5242E+00   D at   73  1   RLX: 0.267
       a = 23.000      CL =  1.3365
      Cm = -0.0047     CD =  0.12965   =>   CDf =  0.00478    CDp =  0.12488

 Side 1  free  transition at x/c =  0.0789   55
 Side 2 forced transition at x/c =  0.9999   54

   2   rms: 0.6891E-01   max: 0.3548E+00   D at   73  1
       a = 23.000      CL =  1.3432
      Cm = -0.0094     CD =  0.14097   =>   CDf =  0.00475    CDp =  0.13622

 Side 1  free  transition at x/c =  0.0742   55
 Side 2 forced transition at x/c =  0.9999   54

   3   rms: 0.1301E-01   max: 0.1069E+00   D at   73  1
       a = 23.000      CL =  1.3343
      Cm = -0.0092     CD =  0.13884   =>   CDf =  0.00461    CDp =  0.13423

 Side 1  free  transition at x/c =  0.0745   55
 Side 2 forced transition at x/c =  0.9999   54

   4   rms: 0.3237E-02   max: -.2599E-01   D at   73  1
       a = 23.000      CL =  1.3363
      Cm = -0.0090     CD =  0.13785   =>   CDf =  0.00457    CDp =  0.13327

 Side 1  free  transition at x/c =  0.0745   55
 Side 2 forced transition at x/c =  0.9999   54

   5   rms: 0.3396E-03   max: -.1551E-02   D at   74  2
       a = 23.000      CL =  1.3366
      Cm = -0.0090     CD =  0.13792   =>   CDf =  0.00458    CDp =  0.13334

 Side 1  free  transition at x/c =  0.0745   55
 Side 2 forced transition at x/c =  0.9999   54

   6   rms: 0.2407E-04   max: -.1713E-03   D at   71  2
       a = 23.000      CL =  1.3366
      Cm = -0.0090     CD =  0.13794   =>   CDf =  0.00458    CDp =  0.13335
 plradd ia,ip,cpol           47           0  1.03551224E-02

 Point added to stored polar  1
 Point written to save file  polar.txt                                       
 Dump file unspecified or not available
 Calculating wake trajectory ...
 Calculating source influence matrix ...

 Solving BL system ...

 Side 1  free  transition at x/c =  0.0745   55
 Side 2 forced transition at x/c =  0.9999   54

   1   rms: 0.9116E-01   max: 0.4359E+00   D at   72  1   RLX: 0.252
       a = 24.000      CL =  1.3377
      Cm = -0.0108     CD =  0.14194   =>   CDf =  0.00460    CDp =  0.13734

 Side 1  free  transition at x/c =  0.0731   55
 Side 2 forced transition at x/c =  0.9999   54

   2   rms: 0.6626E-01   max: 0.2083E+00   D at   71  1
       a = 24.000      CL =  1.3546
      Cm = -0.0146     CD =  0.15035   =>   CDf =  0.00438    CDp =  0.14597

 Side 1  free  transition at x/c =  0.0686   55
 Side 2 forced transition at x/c =  0.9999   53

   3   rms: 0.4850E-01   max: -.3853E+00   D at   55  1
       a = 24.000      CL =  1.3292
      Cm = -0.0173     CD =  0.15386   =>   CDf =  0.00453    CDp =  0.14933

 Side 1  free  transition at x/c =  0.0694   55
 Side 2 forced transition at x/c =  0.9999   53

   4   rms: 0.1457E-01   max: -.1123E+00   D at   73  1
       a = 24.000      CL =  1.3369
      Cm = -0.0158     CD =  0.14981   =>   CDf =  0.00438    CDp =  0.14543

 Side 1  free  transition at x/c =  0.0690   55
 Side 2 forced transition at x/c =  0.9999   53

   5   rms: 0.2136E-02   max: -.9722E-02   D at   73  2
       a = 24.000      CL =  1.3385
      Cm = -0.0159     CD =  0.15029   =>   CDf =  0.00443    CDp =  0.14586

 Side 1  free  transition at x/c =  0.0690   55
 Side 2 forced transition at x/c =  0.9999   53

   6   rms: 0.1888E-03   max: -.1198E-02   D at   70  2
       a = 24.000      CL =  1.3387
      Cm = -0.0159     CD =  0.15040   =>   CDf =  0.00443    CDp =  0.14597

 Side 1  free  transition at x/c =  0.0690   55
 Side 2 forced transition at x/c =  0.9999   53

   7   rms: 0.8140E-05   max: -.5822E-04   D at   70  2
       a = 24.000      CL =  1.3387
      Cm = -0.0159     CD =  0.15040   =>   CDf =  0.00443    CDp =  0.14598
 plradd ia,ip,cpol           48           0  8.47558491E-03

 Point added to stored polar  1
 Point written to save file  polar.txt                                       
 Dump file unspecified or not available
 Calculating wake trajectory ...
 Calculating source influence matrix ...

 Solving BL system ...

 Side 1  free  transition at x/c =  0.0690   55
 Side 2 forced transition at x/c =  0.9999   53

   1   rms: 0.9054E-01   max: 0.4793E+00   D at   71  1   RLX: 0.238
       a = 25.000      CL =  1.3387
      Cm = -0.0179     CD =  0.15450   =>   CDf =  0.00445    CDp =  0.15005

 Side 1  free  transition at x/c =  0.0678   55
 Side 2 forced transition at x/c =  0.9999   53

   2   rms: 0.6680E-01   max: 0.3062E+00   D at   71  1
       a = 25.000      CL =  1.3487
      Cm = -0.0237     CD =  0.16573   =>   CDf =  0.00420    CDp =  0.16153

 Side 1  free  transition at x/c =  0.0648   55
 Side 2 forced transition at x/c =  0.9999   52

   3   rms: 0.1863E-01   max: -.1597E+00   D at   55  1
       a = 25.000      CL =  1.3419
      Cm = -0.0239     CD =  0.16342   =>   CDf =  0.00433    CDp =  0.15909

 Side 1  free  transition at x/c =  0.0642   55
 Side 2 forced transition at x/c =  0.9999   52

   4   rms: 0.1988E-02   max: -.1490E-01   D at   73  1
       a = 25.000      CL =  1.3425
      Cm = -0.0237     CD =  0.16252   =>   CDf =  0.00429    CDp =  0.15823

 Side 1  free  transition at x/c =  0.0642   55
 Side 2 forced transition at x/c =  0.9999   52

   5   rms: 0.3252E-03   max: -.1535E-02   D at   72  2
       a = 25.000      CL =  1.3427
      Cm = -0.0237     CD =  0.16262   =>   CDf =  0.00430    CDp =  0.15832

 Side 1  free  transition at x/c =  0.0642   55
 Side 2 forced transition at x/c =  0.9999   52

   6   rms: 0.2309E-04   max: -.1679E-03   D at   69  2
       a = 25.000      CL =  1.3427
      Cm = -0.0237     CD =  0.16264   =>   CDf =  0.00430    CDp =  0.15834
 plradd ia,ip,cpol           49           0  8.47558491E-03

 Point added to stored polar  1
 Point written to save file  polar.txt                                       
 Dump file unspecified or not available

.OPERva   c>  
 Polar accumulation disabled

.OPERv   c>  
 XFOIL   c>  