
 ===================================================
  XFOIL Version 6.99
  Copyright (C) 2000   Mark Drela, Harold Youngren

  This software comes with ABSOLUTELY NO WARRANTY,
    subject to the GNU General Public License.

  Caveat computor
 ===================================================

 File  xfoil.def  not found

   QUIT    Exit program

  .OPER    Direct operating point(s)
  .MDES    Complex mapping design routine
  .QDES    Surface speed design routine
  .GDES    Geometry design routine

   SAVE f  Write airfoil to labeled coordinate file
   PSAV f  Write airfoil to plain coordinate file
   ISAV f  Write airfoil to ISES coordinate file
   MSAV f  Write airfoil to MSES coordinate file
   REVE    Reverse written-airfoil node ordering

   LOAD f  Read buffer airfoil from coordinate file
   NACA i  Set NACA 4,5-digit airfoil and buffer airfoil
   INTE    Set buffer airfoil by interpolating two airfoils
   NORM    Buffer airfoil normalization toggle
   XYCM rr Change CM reference location, currently  0.25000 0.00000

   BEND    Display structural properties of current airfoil

   PCOP    Set current-airfoil panel nodes directly from buffer airfoil points
   PANE    Set current-airfoil panel nodes ( 160 ) based on curvature
  .PPAR    Show/change paneling

  .PLOP    Plotting options

   WDEF f  Write  current-settings file
   RDEF f  Reread current-settings file
   NAME s  Specify new airfoil name
   NINC    Increment name version number

   Z       Zoom    | (available in all menus)
   U       Unzoom  | 

 XFOIL   c>  
 Labeled airfoil file.  Name:  NACA 64A223 STANDARD - PDAS/NASA TM-X-3069 6A ge

 Number of input coordinate points: 801
 Counterclockwise ordering
 Max thickness =     0.230026  at x =   0.378
 Max camber    =     0.011962  at x =   0.571

  LE  x,y  =  -0.00023   0.00291  |   Chord =   1.00024
  TE  x,y  =   1.00000   0.00000  |
 Maximum number of panel nodes  :          495
 Number of buffer airfoil points:          801
 Current airfoil cannot be set.
 Try executing PANE at Top Level instead.

 XFOIL   c>  
 Sharp trailing edge

 Paneling parameters used...
   Number of panel nodes       160
   Panel bunching parameter    1.000
   TE/LE panel density ratio   0.150
   Refined-area/LE panel density ratio    0.200
   Top    side refined area x/c limits  1.000 1.000
   Bottom side refined area x/c limits  1.000 1.000

 XFOIL   c>  
.OPERi   c>  
 M  =    0.0000
 Re =   1400000

.OPERv   c>  
.OPERv   c>  
.OPERv   c>  
 Polar  1 newly created for accumulation
 Airfoil archived with polar: NACA 64A223 STANDARD - PDAS/NASA TM-X-3069 6A ge

Enter  polar save filename  OR  <return> for no file   s>  
 New polar save file available

Enter  polar dump filename  OR  <return> for no file   s>  
 Polar dump file will NOT be written

 Polar accumulation enabled

.OPERva   c>   Calculating unit vorticity distributions ...
 Calculating wake trajectory ...
 Calculating source influence matrix ...

 Solving BL system ...

 Initializing BL ...
    side            1  ...
 MRCHUE: Inverse mode at  48     Hk =   4.853
 MRCHUE: Inverse mode at  49     Hk =   6.545
 MRCHUE: Inverse mode at  50     Hk =   8.218
 MRCHUE: Inverse mode at  51     Hk =   7.634
 MRCHUE: Inverse mode at  52     Hk =   2.500
 MRCHUE: Convergence failed at  81  side 1    Res =  0.2807E+02
    side            2  ...
 MRCHUE: Inverse mode at  48     Hk =   4.763
 MRCHUE: Inverse mode at  49     Hk =   6.381
 MRCHUE: Inverse mode at  50     Hk =   7.988
 MRCHUE: Inverse mode at  51     Hk =   9.588
 MRCHUE: Inverse mode at  52     Hk =   2.500
 MRCHUE: Convergence failed at  81  side 2    Res =  0.1656E+02

 MRCHDU: Convergence failed at  81  side 1    Res =  0.1553E+01
 MRCHDU: Convergence failed at  81  side 2    Res =  0.3387E+01
 Side 1  free  transition at x/c =  0.5126   51
 Side 2  free  transition at x/c =  0.5088   51

   1   rms: 0.6625E+00   max: 0.3000E+01   D at   83  2   RLX: 0.500
       a =  0.000      CL =  0.1810
      Cm = -0.0389     CD =  0.00139   =>   CDf =  0.00572    CDp = -0.00433

 MRCHDU: Convergence failed at  81  side 1    Res =  0.1627E+00
 Side 1  free  transition at x/c =  0.5241   52
 Side 2  free  transition at x/c =  0.5202   52

   2   rms: 0.4565E+00   max: 0.2087E+01   D at   84  2   RLX: 0.719
       a =  0.000      CL =  0.2511
      Cm = -0.0550     CD =  0.00323   =>   CDf =  0.00548    CDp = -0.00225

 MRCHDU: Convergence failed at  82  side 1    Res =  0.1518E+01
 Side 1  free  transition at x/c =  0.5403   54
 Side 2  free  transition at x/c =  0.5342   52

   3   rms: 0.1775E+00   max: 0.1102E+01   D at   82  1
       a =  0.000      CL =  0.3063
      Cm = -0.0674     CD =  0.00574   =>   CDf =  0.00533    CDp =  0.00040

 MRCHDU: Convergence failed at  82  side 1    Res =  0.2606E+01
 Side 1  free  transition at x/c =  0.5522   54
 Side 2  free  transition at x/c =  0.5459   52

   4   rms: 0.9396E-01   max: 0.1088E+01   D at   82  1
       a =  0.000      CL =  0.3233
      Cm = -0.0712     CD =  0.00642   =>   CDf =  0.00522    CDp =  0.00120

 MRCHDU: Convergence failed at  82  side 1    Res =  0.4523E+01
 Side 1  free  transition at x/c =  0.5514   54
 Side 2  free  transition at x/c =  0.5449   52

   5   rms: 0.8791E-01   max: 0.1131E+01   D at   82  1
       a =  0.000      CL =  0.3334
      Cm = -0.0735     CD =  0.00642   =>   CDf =  0.00521    CDp =  0.00122

 MRCHDU: Convergence failed at  82  side 1    Res =  0.3272E+01
 Side 1  free  transition at x/c =  0.5512   54
 Side 2  free  transition at x/c =  0.5449   52

   6   rms: 0.9169E-01   max: 0.1154E+01   D at   82  1
       a =  0.000      CL =  0.3436
      Cm = -0.0758     CD =  0.00635   =>   CDf =  0.00521    CDp =  0.00114

 MRCHDU: Convergence failed at  82  side 1    Res =  0.2778E+01
 Side 1  free  transition at x/c =  0.5511   54
 Side 2  free  transition at x/c =  0.5450   52

   7   rms: 0.9395E-01   max: 0.1180E+01   D at   82  1
       a =  0.000      CL =  0.3545
      Cm = -0.0782     CD =  0.00627   =>   CDf =  0.00521    CDp =  0.00106

 MRCHDU: Convergence failed at  82  side 1    Res =  0.2436E+01
 Side 1  free  transition at x/c =  0.5511   54
 Side 2  free  transition at x/c =  0.5451   52

   8   rms: 0.9652E-01   max: 0.1207E+01   D at   82  1
       a =  0.000      CL =  0.3661
      Cm = -0.0808     CD =  0.00618   =>   CDf =  0.00522    CDp =  0.00097

 MRCHDU: Convergence failed at  82  side 1    Res =  0.2187E+01
 Side 1  free  transition at x/c =  0.5510   54
 Side 2  free  transition at x/c =  0.5451   52

   9   rms: 0.9912E-01   max: 0.1236E+01   D at   82  1
       a =  0.000      CL =  0.3786
      Cm = -0.0837     CD =  0.00609   =>   CDf =  0.00522    CDp =  0.00087

 MRCHDU: Convergence failed at  82  side 1    Res =  0.2001E+01
 Side 1  free  transition at x/c =  0.5509   54
 Side 2  free  transition at x/c =  0.5452   52

  10   rms: 0.1018E+00   max: 0.1268E+01   D at   82  1
       a =  0.000      CL =  0.3924
      Cm = -0.0868     CD =  0.00598   =>   CDf =  0.00522    CDp =  0.00076

 MRCHDU: Convergence failed at  82  side 1    Res =  0.1853E+01
 Side 1  free  transition at x/c =  0.5508   54
 Side 2  free  transition at x/c =  0.5453   52

  11   rms: 0.1048E+00   max: 0.1302E+01   D at   82  1
       a =  0.000      CL =  0.4077
      Cm = -0.0902     CD =  0.00587   =>   CDf =  0.00523    CDp =  0.00064

 MRCHDU: Convergence failed at  83  side 1    Res =  0.1741E+01
 Side 1  free  transition at x/c =  0.5507   55
 Side 2  free  transition at x/c =  0.5454   51

  12   rms: 0.1080E+00   max: 0.1340E+01   D at   83  1
       a =  0.000      CL =  0.4252
      Cm = -0.0942     CD =  0.00575   =>   CDf =  0.00523    CDp =  0.00052

 MRCHDU: Convergence failed at  83  side 1    Res =  0.1652E+01
 Side 1  free  transition at x/c =  0.5506   55
 Side 2  free  transition at x/c =  0.5454   51

  13   rms: 0.1115E+00   max: 0.1382E+01   D at   83  1
       a =  0.000      CL =  0.4454
      Cm = -0.0988     CD =  0.00561   =>   CDf =  0.00523    CDp =  0.00038

 MRCHDU: Convergence failed at  83  side 1    Res =  0.1553E+01
 Side 1  free  transition at x/c =  0.5505   55
 Side 2  free  transition at x/c =  0.5456   51

  14   rms: 0.1154E+00   max: 0.1431E+01   D at   83  1
       a =  0.000      CL =  0.4695
      Cm = -0.1042     CD =  0.00546   =>   CDf =  0.00524    CDp =  0.00022

 MRCHDU: Convergence failed at  83  side 1    Res =  0.1488E+01
 Side 1  free  transition at x/c =  0.5504   55
 Side 2  free  transition at x/c =  0.5457   51

  15   rms: 0.1201E+00   max: 0.1488E+01   D at   83  1
       a =  0.000      CL =  0.4989
      Cm = -0.1109     CD =  0.00527   =>   CDf =  0.00525    CDp =  0.00003

 MRCHDU: Convergence failed at  83  side 1    Res =  0.1785E+01
 Side 1  free  transition at x/c =  0.5502   55
 Side 2  free  transition at x/c =  0.5458   51

  16   rms: 0.1257E+00   max: 0.1556E+01   D at   83  1   RLX: 0.964
       a =  0.000      CL =  0.5346
      Cm = -0.1191     CD =  0.00501   =>   CDf =  0.00526    CDp = -0.00024

 MRCHDU: Convergence failed at  83  side 1    Res =  0.2137E+01
 Side 1  free  transition at x/c =  0.5499   55
 Side 2  free  transition at x/c =  0.5460   51

  17   rms: 0.1328E+00   max: 0.1635E+01   D at   83  1   RLX: 0.918
       a =  0.000      CL =  0.5788
      Cm = -0.1292     CD =  0.00471   =>   CDf =  0.00529    CDp = -0.00059

 MRCHDU: Convergence failed at  84  side 1    Res =  0.2800E+01
 Side 1  free  transition at x/c =  0.5496   56
 Side 2  free  transition at x/c =  0.5462   50

  18   rms: 0.1477E+00   max: 0.4987E+00   D at   80  2   RLX: 0.814
       a =  0.000      CL =  0.6359
      Cm = -0.1423     CD =  0.00432   =>   CDf =  0.00529    CDp = -0.00097

 MRCHDU: Convergence failed at  84  side 1    Res =  0.3696E+01
 Side 1  free  transition at x/c =  0.5492   56
 Side 2  free  transition at x/c =  0.5464   50

  19   rms: 0.1557E+00   max: -.5396E+00   U at   84  1   RLX: 0.695
       a =  0.000      CL =  0.6973
      Cm = -0.1566     CD =  0.00390   =>   CDf =  0.00531    CDp = -0.00140

 MRCHDU: Convergence failed at  84  side 1    Res =  0.4310E+01
 Side 1  free  transition at x/c =  0.5488   56
 Side 2  free  transition at x/c =  0.5466   50

  20   rms: 0.1759E+00   max: -.6299E+00   U at   84  1   RLX: 0.595
       a =  0.000      CL =  0.7700
      Cm = -0.1736     CD =  0.00353   =>   CDf =  0.00539    CDp = -0.00186

 MRCHDU: Convergence failed at  85  side 1    Res =  0.2998E+01
 Side 1  free  transition at x/c =  0.5482   57
 Side 2  free  transition at x/c =  0.5466   49

  21   rms: 0.1997E+00   max: -.7409E+00   U at   85  1   RLX: 0.506
       a =  0.000      CL =  0.8453
      Cm = -0.1913     CD =  0.00322   =>   CDf =  0.00538    CDp = -0.00216

 MRCHDU: Convergence failed at  85  side 1    Res =  0.7476E+01
 Side 1  free  transition at x/c =  0.5476   57
 Side 2  free  transition at x/c =  0.5469   50

  22   rms: 0.2230E+00   max: -.8596E+00   U at   85  1   RLX: 0.436
       a =  0.000      CL =  0.9272
      Cm = -0.2107     CD =  0.00294   =>   CDf =  0.00550    CDp = -0.00256

 MRCHDU: Convergence failed at  86  side 1    Res =  0.1523E+00
 Side 1  free  transition at x/c =  0.5470   58
 Side 2  free  transition at x/c =  0.5479   49

  23   rms: 0.2572E+00   max: -.9908E+00   U at   86  1   RLX: 0.378
       a =  0.000      CL =  1.0128
      Cm = -0.2312     CD =  0.00272   =>   CDf =  0.00546    CDp = -0.00273

 Side 1  free  transition at x/c =  0.5463   58
 Side 2  free  transition at x/c =  0.5487   49
 idif Ue xi dudx           1  0.17814410      4.49740887E-03   39.610386    
 Uenew xinew           2  7.19243735E-02  1.81579590E-03

  24   rms: 0.4461E+00   max: -.1299E+01   D at   69  2   RLX: 0.385
       a =  0.000      CL =  0.7854
      Cm = -0.1776     CD =  0.00345   =>   CDf =  0.00536    CDp = -0.00191

 Side 1  free  transition at x/c =  0.5483   57
 Side 2  free  transition at x/c =  0.5474   50
 idif Ue xi dudx           1  0.20373675      5.14292717E-03   39.614941    
 Uenew xinew           2  0.10045163      2.53570080E-03

  25   rms: 0.3711E+00   max: -.1143E+01   D at   73  2   RLX: 0.437
       a =  0.000      CL =  0.5743
      Cm = -0.1287     CD =  0.00430   =>   CDf =  0.00529    CDp = -0.00099

 Side 1  free  transition at x/c =  0.5499   56
 Side 2  free  transition at x/c =  0.5458   50
 idif Ue xi dudx           1  0.16675413      3.93700600E-03   42.355568    
 Uenew xinew           2  5.91410138E-02  1.39629841E-03

  26   rms: 0.4107E+00   max: 0.5602E+01   D at    2  1   RLX: 0.268
       a =  0.000      CL =  0.4765
      Cm = -0.1061     CD =  0.00491   =>   CDf =  0.00525    CDp = -0.00034

 Side 1  free  transition at x/c =  0.5505   55
 Side 2  free  transition at x/c =  0.5455   51
 idif Ue xi dudx           1  0.19543660      4.23145294E-03   46.186642    
 Uenew xinew           2  8.10299888E-02  1.75440311E-03

  27   rms: 0.2390E+00   max: -.7858E+00   D at   76  2   RLX: 0.636
       a =  0.000      CL =  0.2833
      Cm = -0.0624     CD =  0.00600   =>   CDf =  0.00523    CDp =  0.00077

 Side 1  free  transition at x/c =  0.5515   54
 Side 2  free  transition at x/c =  0.5447   52
 idif Ue xi dudx           1  0.19546656      4.53615189E-03   43.090832    
 Uenew xinew           2  9.12351906E-02  2.11727619E-03

  28   rms: 0.1638E+00   max: -.6395E+00   D at   79  2   RLX: 0.782
       a =  0.000      CL =  0.1154
      Cm = -0.0248     CD =  0.00702   =>   CDf =  0.00520    CDp =  0.00183

 Side 1  free  transition at x/c =  0.5522   53
 Side 2  free  transition at x/c =  0.5437   53
 idif Ue xi dudx           1  0.17213663      3.34727764E-03   51.425861    
 Uenew xinew           2  4.92826104E-02  9.58323479E-04

  29   rms: 0.8099E-01   max: 0.4638E+00   D at   81  1
       a =  0.000      CL =  0.0169
      Cm = -0.0028     CD =  0.00717   =>   CDf =  0.00518    CDp =  0.00198

 Side 1  free  transition at x/c =  0.5526   52
 Side 2  free  transition at x/c =  0.5429   54

  30   rms: 0.3461E-01   max: -.1421E+00   D at   77  1
       a =  0.000      CL =  0.0634
      Cm = -0.0131     CD =  0.00739   =>   CDf =  0.00517    CDp =  0.00221

 Side 1  free  transition at x/c =  0.5524   52
 Side 2  free  transition at x/c =  0.5433   54

  31   rms: 0.3139E-02   max: 0.2311E-01   D at   82  2
       a =  0.000      CL =  0.0670
      Cm = -0.0140     CD =  0.00739   =>   CDf =  0.00517    CDp =  0.00222

 Side 1  free  transition at x/c =  0.5524   52
 Side 2  free  transition at x/c =  0.5433   54

  32   rms: 0.2548E-03   max: 0.1882E-02   D at   82  2
       a =  0.000      CL =  0.0673
      Cm = -0.0140     CD =  0.00739   =>   CDf =  0.00517    CDp =  0.00222

 Side 1  free  transition at x/c =  0.5524   52
 Side 2  free  transition at x/c =  0.5433   54

  33   rms: 0.8462E-05   max: 0.4648E-04   D at   81  2
       a =  0.000      CL =  0.0674
      Cm = -0.0140     CD =  0.00739   =>   CDf =  0.00517    CDp =  0.00222
 plradd ia,ip,cpol            1           0  0.37224060    

 Point added to stored polar  1
 Point written to save file  polar.txt                                       
 Dump file unspecified or not available
 Calculating wake trajectory ...
 Calculating source influence matrix ...

 Solving BL system ...

 Side 1  free  transition at x/c =  0.5524   52
 Side 2  free  transition at x/c =  0.5433   54
 idif Ue xi dudx           1  0.19458309      3.41546535E-03   56.971180    
 Uenew xinew           2  5.65256029E-02  9.92178917E-04

   1   rms: 0.1311E+00   max: 0.1959E+00   T at   54  2
       a = -1.000      CL = -0.0388
      Cm = -0.0146     CD =  0.00737   =>   CDf =  0.00518    CDp =  0.00219

 Side 1  free  transition at x/c =  0.5647   52
 Side 2  free  transition at x/c =  0.5335   55

   2   rms: 0.1123E-01   max: 0.9712E-01   D at   52  1
       a = -1.000      CL = -0.0279
      Cm = -0.0169     CD =  0.00729   =>   CDf =  0.00513    CDp =  0.00216

 Side 1  free  transition at x/c =  0.5658   52
 Side 2  free  transition at x/c =  0.5335   55

   3   rms: 0.9277E-03   max: 0.9554E-02   D at    5  2
       a = -1.000      CL = -0.0279
      Cm = -0.0169     CD =  0.00729   =>   CDf =  0.00512    CDp =  0.00217

 Side 1  free  transition at x/c =  0.5658   52
 Side 2  free  transition at x/c =  0.5335   55

   4   rms: 0.1851E-05   max: 0.9327E-05   D at   55  2
       a = -1.000      CL = -0.0279
      Cm = -0.0169     CD =  0.00729   =>   CDf =  0.00512    CDp =  0.00217
 plradd ia,ip,cpol            2           0  0.38938251    

 Point added to stored polar  1
 Point written to save file  polar.txt                                       
 Dump file unspecified or not available
 Calculating wake trajectory ...
 Calculating source influence matrix ...

 Solving BL system ...

 Side 1  free  transition at x/c =  0.5658   52
 Side 2  free  transition at x/c =  0.5335   55
 idif Ue xi dudx           1  0.19577265      4.50766087E-03   43.431095    
 Uenew xinew           2  8.79483223E-02  2.02500820E-03

   1   rms: 0.1310E+00   max: -.3387E+00   D at   55  2
       a = -2.000      CL = -0.1255
      Cm = -0.0193     CD =  0.00733   =>   CDf =  0.00511    CDp =  0.00222

 Side 1  free  transition at x/c =  0.5767   52
 Side 2  free  transition at x/c =  0.5217   55

   2   rms: 0.2446E-01   max: -.2626E+00   D at   55  2
       a = -2.000      CL = -0.1206
      Cm = -0.0204     CD =  0.00726   =>   CDf =  0.00512    CDp =  0.00214

 Side 1  free  transition at x/c =  0.5799   52
 Side 2  free  transition at x/c =  0.5234   55

   3   rms: 0.2534E-02   max: 0.2196E-01   C at   55  2
       a = -2.000      CL = -0.1226
      Cm = -0.0200     CD =  0.00728   =>   CDf =  0.00506    CDp =  0.00221

 Side 1  free  transition at x/c =  0.5793   52
 Side 2  free  transition at x/c =  0.5228   55

   4   rms: 0.3247E-04   max: -.3952E-03   D at   55  2
       a = -2.000      CL = -0.1226
      Cm = -0.0200     CD =  0.00728   =>   CDf =  0.00507    CDp =  0.00221
 plradd ia,ip,cpol            3           0  0.36553767    

 Point added to stored polar  1
 Point written to save file  polar.txt                                       
 Dump file unspecified or not available
 Calculating wake trajectory ...
 Calculating source influence matrix ...

 Solving BL system ...

 Side 1  free  transition at x/c =  0.5793   52
 Side 2  free  transition at x/c =  0.5228   55
 idif Ue xi dudx           2  0.24028943      5.95247746E-03   40.367970    
 Uenew xinew           3  0.13732681      3.40187550E-03

   1   rms: 0.1290E+00   max: -.2886E+00   D at   55  2
       a = -3.000      CL = -0.2135
      Cm = -0.0239     CD =  0.00714   =>   CDf =  0.00502    CDp =  0.00212

 Side 1  free  transition at x/c =  0.5912   50
 Side 2  free  transition at x/c =  0.5052   56

   2   rms: 0.1912E-01   max: -.1767E+00   D at   56  2
       a = -3.000      CL = -0.2133
      Cm = -0.0239     CD =  0.00734   =>   CDf =  0.00511    CDp =  0.00224

 Side 1  free  transition at x/c =  0.5925   51
 Side 2  free  transition at x/c =  0.5074   56

   3   rms: 0.3884E-02   max: -.5245E-01   D at   50  1
       a = -3.000      CL = -0.2126
      Cm = -0.0241     CD =  0.00732   =>   CDf =  0.00507    CDp =  0.00226

 Side 1  free  transition at x/c =  0.5939   51
 Side 2  free  transition at x/c =  0.5072   56

   4   rms: 0.5012E-03   max: -.8342E-02   D at   51  1
       a = -3.000      CL = -0.2122
      Cm = -0.0242     CD =  0.00732   =>   CDf =  0.00505    CDp =  0.00227

 Side 1  free  transition at x/c =  0.5937   51
 Side 2  free  transition at x/c =  0.5072   56

   5   rms: 0.8774E-05   max: -.1564E-03   D at   51  1
       a = -3.000      CL = -0.2122
      Cm = -0.0242     CD =  0.00732   =>   CDf =  0.00505    CDp =  0.00227
 plradd ia,ip,cpol            4           0  0.36553767    

 Point added to stored polar  1
 Point written to save file  polar.txt                                       
 Dump file unspecified or not available
 Calculating wake trajectory ...
 Calculating source influence matrix ...

 Solving BL system ...

 Side 1  free  transition at x/c =  0.5937   51
 Side 2  free  transition at x/c =  0.5072   56
 idif Ue xi dudx           1  0.15079771      3.66950035E-03   41.094891    
 Uenew xinew           2  3.84024195E-02  9.34481621E-04

   1   rms: 0.1315E+00   max: -.5389E+00   C at   56  2   RLX: 0.928
       a = -4.000      CL = -0.2919
      Cm = -0.0288     CD =  0.00707   =>   CDf =  0.00502    CDp =  0.00205

 Side 1  free  transition at x/c =  0.6152   51
 Side 2  free  transition at x/c =  0.4886   56

   2   rms: 0.1273E-01   max: -.1235E+00   C at   56  2
       a = -4.000      CL = -0.2963
      Cm = -0.0296     CD =  0.00735   =>   CDf =  0.00498    CDp =  0.00237

 Side 1  free  transition at x/c =  0.6115   50
 Side 2  free  transition at x/c =  0.4888   56

   3   rms: 0.2000E-02   max: -.1411E-01   D at   51  1
       a = -4.000      CL = -0.2941
      Cm = -0.0301     CD =  0.00735   =>   CDf =  0.00498    CDp =  0.00237

 Side 1  free  transition at x/c =  0.6113   50
 Side 2  free  transition at x/c =  0.4887   56

   4   rms: 0.8496E-04   max: 0.4354E-03   D at   87  2
       a = -4.000      CL = -0.2939
      Cm = -0.0301     CD =  0.00735   =>   CDf =  0.00498    CDp =  0.00237
 plradd ia,ip,cpol            5           0  5.06032631E-02

 Point added to stored polar  1
 Point written to save file  polar.txt                                       
 Dump file unspecified or not available
 Calculating wake trajectory ...
 Calculating source influence matrix ...

 Solving BL system ...

 Side 1  free  transition at x/c =  0.6113   50
 Side 2  free  transition at x/c =  0.4887   56
 idif Ue xi dudx           1  0.18136387      5.57720661E-03   32.518764    
 Uenew xinew           2  8.83501992E-02  2.71689892E-03

   1   rms: 0.1303E+00   max: -.5043E+00   C at   56  2   RLX: 0.991
       a = -5.000      CL = -0.3866
      Cm = -0.0336     CD =  0.00735   =>   CDf =  0.00494    CDp =  0.00242

 Side 1  free  transition at x/c =  0.6271   50
 Side 2  free  transition at x/c =  0.4720   57

   2   rms: 0.2435E-01   max: -.2542E+00   D at   50  1
       a = -5.000      CL = -0.3754
      Cm = -0.0360     CD =  0.00743   =>   CDf =  0.00493    CDp =  0.00250

 Side 1  free  transition at x/c =  0.6310   50
 Side 2  free  transition at x/c =  0.4719   57

   3   rms: 0.1947E-02   max: 0.2605E-01   C at   50  1
       a = -5.000      CL = -0.3737
      Cm = -0.0364     CD =  0.00743   =>   CDf =  0.00490    CDp =  0.00253

 Side 1  free  transition at x/c =  0.6302   50
 Side 2  free  transition at x/c =  0.4720   57

   4   rms: 0.3128E-04   max: -.5852E-03   C at   50  1
       a = -5.000      CL = -0.3737
      Cm = -0.0364     CD =  0.00743   =>   CDf =  0.00490    CDp =  0.00253
 plradd ia,ip,cpol            6           0  5.06032631E-02

 Point added to stored polar  1
 Point written to save file  polar.txt                                       
 Dump file unspecified or not available
 Calculating wake trajectory ...
 Calculating source influence matrix ...

 Solving BL system ...

 Side 1  free  transition at x/c =  0.6302   50
 Side 2  free  transition at x/c =  0.4720   57
 idif Ue xi dudx           2  0.15812956      6.58953190E-03   23.997086    
 Uenew xinew           3  8.58832002E-02  3.57890129E-03

   1   rms: 0.1334E+00   max: -.4134E+00   D at   57  2
       a = -6.000      CL = -0.4562
      Cm = -0.0419     CD =  0.00782   =>   CDf =  0.00476    CDp =  0.00306

 Side 1  free  transition at x/c =  0.6477   49
 Side 2  free  transition at x/c =  0.4473   57

   2   rms: 0.2845E-01   max: 0.2878E+00   D at   58  2
       a = -6.000      CL = -0.4637
      Cm = -0.0403     CD =  0.00754   =>   CDf =  0.00486    CDp =  0.00268

 Side 1  free  transition at x/c =  0.6506   49
 Side 2  free  transition at x/c =  0.4526   57

   3   rms: 0.1955E-02   max: -.2344E-01   D at   58  2
       a = -6.000      CL = -0.4625
      Cm = -0.0406     CD =  0.00754   =>   CDf =  0.00478    CDp =  0.00276

 Side 1  free  transition at x/c =  0.6500   49
 Side 2  free  transition at x/c =  0.4522   57

   4   rms: 0.2338E-04   max: -.3920E-03   C at   49  1
       a = -6.000      CL = -0.4625
      Cm = -0.0406     CD =  0.00754   =>   CDf =  0.00478    CDp =  0.00276
 plradd ia,ip,cpol            7           0  2.98684426E-02

 Point added to stored polar  1
 Point written to save file  polar.txt                                       
 Dump file unspecified or not available
 Calculating wake trajectory ...
 Calculating source influence matrix ...

 Solving BL system ...

 Side 1  free  transition at x/c =  0.6500   49
 Side 2  free  transition at x/c =  0.4522   57
 idif Ue xi dudx           1  0.13993782      5.17833233E-03   27.023724    
 Uenew xinew           2  4.85380217E-02  1.79612637E-03

   1   rms: 0.1358E+00   max: -.2993E+00   D at   57  2   RLX: 0.991
       a = -7.000      CL = -0.5639
      Cm = -0.0420     CD =  0.00766   =>   CDf =  0.00471    CDp =  0.00296

 Side 1  free  transition at x/c =  0.6681   49
 Side 2  free  transition at x/c =  0.3724   54

   2   rms: 0.4331E-01   max: -.8236E+00   C at   54  2   RLX: 0.607
       a = -7.000      CL = -0.5516
      Cm = -0.0444     CD =  0.00795   =>   CDf =  0.00498    CDp =  0.00298

 Side 1  free  transition at x/c =  0.6696   49
 Side 2  free  transition at x/c =  0.3833   55

   3   rms: 0.2067E-01   max: -.2789E+00   C at   55  2
       a = -7.000      CL = -0.5445
      Cm = -0.0459     CD =  0.00795   =>   CDf =  0.00491    CDp =  0.00304

 Side 1  free  transition at x/c =  0.6705   49
 Side 2  free  transition at x/c =  0.3953   55

   4   rms: 0.1568E-02   max: -.2450E-01   C at   55  2
       a = -7.000      CL = -0.5433
      Cm = -0.0461     CD =  0.00797   =>   CDf =  0.00483    CDp =  0.00314

 Side 1  free  transition at x/c =  0.6704   49
 Side 2  free  transition at x/c =  0.3962   55

   5   rms: 0.5988E-04   max: -.1372E-02   C at   55  2
       a = -7.000      CL = -0.5433
      Cm = -0.0461     CD =  0.00797   =>   CDf =  0.00483    CDp =  0.00314
 plradd ia,ip,cpol            8           0  1.91027932E-02

 Point added to stored polar  1
 Point written to save file  polar.txt                                       
 Dump file unspecified or not available
 Calculating wake trajectory ...
 Calculating source influence matrix ...

 Solving BL system ...

 Side 1  free  transition at x/c =  0.6704   49
 Side 2  free  transition at x/c =  0.3962   55

   1   rms: 0.2803E+00   max: 0.5827E+01   C at   55  2   RLX: 0.257
       a = -8.000      CL = -0.5587
      Cm = -0.0485     CD =  0.00827   =>   CDf =  0.00483    CDp =  0.00344

 Side 1  free  transition at x/c =  0.6746   50
 Side 2  free  transition at x/c =  0.3394   52

   2   rms: 0.1818E+00   max: 0.3313E+01   C at   52  2   RLX: 0.453
       a = -8.000      CL = -0.5686
      Cm = -0.0531     CD =  0.00893   =>   CDf =  0.00508    CDp =  0.00385

 Side 1  free  transition at x/c =  0.6842   50
 Side 2  free  transition at x/c =  0.3037   50
 idif Ue xi dudx           1  0.12583975      4.59635258E-03   27.378178    
 Uenew xinew           2  2.72130072E-02  9.93967056E-04

   3   rms: 0.8741E-01   max: 0.1451E+01   C at   50  2
       a = -8.000      CL = -0.5793
      Cm = -0.0592     CD =  0.00963   =>   CDf =  0.00508    CDp =  0.00455

 Side 1  free  transition at x/c =  0.6909   49
 Side 2  free  transition at x/c =  0.2591   48

   4   rms: 0.2022E-01   max: -.2772E+00   C at   48  2
       a = -8.000      CL = -0.5745
      Cm = -0.0599     CD =  0.00979   =>   CDf =  0.00537    CDp =  0.00442

 Side 1  free  transition at x/c =  0.6916   50
 Side 2  free  transition at x/c =  0.2660   49

   5   rms: 0.5343E-02   max: 0.4706E-01   C at   49  2
       a = -8.000      CL = -0.5766
      Cm = -0.0596     CD =  0.00973   =>   CDf =  0.00532    CDp =  0.00442

 Side 1  free  transition at x/c =  0.6931   50
 Side 2  free  transition at x/c =  0.2644   49

   6   rms: 0.5506E-03   max: -.9609E-02   D at   50  1
       a = -8.000      CL = -0.5764
      Cm = -0.0596     CD =  0.00973   =>   CDf =  0.00531    CDp =  0.00442

 Side 1  free  transition at x/c =  0.6928   50
 Side 2  free  transition at x/c =  0.2646   49

   7   rms: 0.1152E-04   max: -.1816E-03   D at   50  1
       a = -8.000      CL = -0.5764
      Cm = -0.0596     CD =  0.00973   =>   CDf =  0.00531    CDp =  0.00442
 plradd ia,ip,cpol            9           0  8.91487300E-03

 Point added to stored polar  1
 Point written to save file  polar.txt                                       
 Dump file unspecified or not available
 Calculating wake trajectory ...
 Calculating source influence matrix ...

 Solving BL system ...

 Side 1  free  transition at x/c =  0.6928   50
 Side 2  free  transition at x/c =  0.2646   49

   1   rms: 0.2467E+00   max: 0.3539E+01   C at   49  2   RLX: 0.264
       a = -9.000      CL = -0.5835
      Cm = -0.0632     CD =  0.01026   =>   CDf =  0.00531    CDp =  0.00495

 Side 1  free  transition at x/c =  0.7013   50
 Side 2  free  transition at x/c =  0.2381   47
 idif Ue xi dudx           1  6.95333853E-02  4.16028500E-03   16.713612    
 Uenew xinew           2  5.20817982E-03  3.11613083E-04

   2   rms: 0.1671E+00   max: 0.3091E+01   C at   47  2   RLX: 0.485
       a = -9.000      CL = -0.6029
      Cm = -0.0662     CD =  0.01075   =>   CDf =  0.00528    CDp =  0.00547

 Side 1  free  transition at x/c =  0.7081   49
 Side 2  free  transition at x/c =  0.2001   46

   3   rms: 0.7991E-01   max: 0.1111E+01   C at   46  2
       a = -9.000      CL = -0.6124
      Cm = -0.0706     CD =  0.01173   =>   CDf =  0.00553    CDp =  0.00620

 Side 1  free  transition at x/c =  0.7152   50
 Side 2  free  transition at x/c =  0.1706   44

   4   rms: 0.1192E-01   max: -.1573E+00   C at   44  2
       a = -9.000      CL = -0.6100
      Cm = -0.0708     CD =  0.01186   =>   CDf =  0.00565    CDp =  0.00621

 Side 1  free  transition at x/c =  0.7182   50
 Side 2  free  transition at x/c =  0.1730   44

   5   rms: 0.8468E-03   max: -.1034E-01   D at   50  1
       a = -9.000      CL = -0.6100
      Cm = -0.0708     CD =  0.01186   =>   CDf =  0.00560    CDp =  0.00626

 Side 1  free  transition at x/c =  0.7177   50
 Side 2  free  transition at x/c =  0.1729   44

   6   rms: 0.7259E-05   max: 0.8549E-04   C at   44  2
       a = -9.000      CL = -0.6100
      Cm = -0.0708     CD =  0.01186   =>   CDf =  0.00561    CDp =  0.00626
 plradd ia,ip,cpol           10           0  8.91487300E-03

 Point added to stored polar  1
 Point written to save file  polar.txt                                       
 Dump file unspecified or not available
 Calculating wake trajectory ...
 Calculating source influence matrix ...

 Solving BL system ...

 Side 1  free  transition at x/c =  0.7177   50
 Side 2  free  transition at x/c =  0.1729   44

   1   rms: 0.1868E+00   max: 0.3010E+01   C at   44  2   RLX: 0.498
       a =-10.000      CL = -0.6401
      Cm = -0.0737     CD =  0.01263   =>   CDf =  0.00560    CDp =  0.00703

 Side 1  free  transition at x/c =  0.7284   50
 Side 2  free  transition at x/c =  0.1413   42
 idif Ue xi dudx           1  0.12920083      4.75811958E-03   27.153759    
 Uenew xinew           2  1.73048973E-02  6.37292862E-04

   2   rms: 0.7917E-01   max: 0.6424E+00   C at   42  2
       a =-10.000      CL = -0.6610
      Cm = -0.0772     CD =  0.01405   =>   CDf =  0.00560    CDp =  0.00845

 Side 1  free  transition at x/c =  0.7439   50
 Side 2  free  transition at x/c =  0.1162   41

   3   rms: 0.2398E-01   max: -.2039E+00   C at   41  2
       a =-10.000      CL = -0.6500
      Cm = -0.0782     CD =  0.01457   =>   CDf =  0.00577    CDp =  0.00881

 Side 1  free  transition at x/c =  0.7463   50
 Side 2  free  transition at x/c =  0.1206   42

   4   rms: 0.3701E-02   max: -.2884E-01   D at   83  2
       a =-10.000      CL = -0.6524
      Cm = -0.0779     CD =  0.01448   =>   CDf =  0.00570    CDp =  0.00878

 Side 1  free  transition at x/c =  0.7463   50
 Side 2  free  transition at x/c =  0.1205   42

   5   rms: 0.5008E-04   max: -.4490E-03   D at   83  2
       a =-10.000      CL = -0.6524
      Cm = -0.0779     CD =  0.01447   =>   CDf =  0.00570    CDp =  0.00878
 plradd ia,ip,cpol           11           0  8.91487300E-03

 Point added to stored polar  1
 Point written to save file  polar.txt                                       
 Dump file unspecified or not available
 Calculating wake trajectory ...
 Calculating source influence matrix ...

 Solving BL system ...

 Side 1  free  transition at x/c =  0.7463   50
 Side 2  free  transition at x/c =  0.1205   42

   1   rms: 0.1815E+00   max: 0.1326E+01   C at   42  2   RLX: 0.381
       a =-11.000      CL = -0.6673
      Cm = -0.0802     CD =  0.01572   =>   CDf =  0.00570    CDp =  0.01003

 Side 1  free  transition at x/c =  0.7549   51
 Side 2  free  transition at x/c =  0.1075   41

   2   rms: 0.1142E+00   max: -.7269E+00   D at   41  2   RLX: 0.688
       a =-11.000      CL = -0.6861
      Cm = -0.0823     CD =  0.01713   =>   CDf =  0.00573    CDp =  0.01140

 Side 1  free  transition at x/c =  0.7699   51
 Side 2  free  transition at x/c =  0.0944   40
 idif Ue xi dudx           1  9.19412300E-02  4.98998165E-03   18.425163    
 Uenew xinew           2  1.05341775E-02  5.71727753E-04

   3   rms: 0.3184E-01   max: 0.1499E+00   D at   77  2
       a =-11.000      CL = -0.6986
      Cm = -0.0826     CD =  0.01772   =>   CDf =  0.00557    CDp =  0.01214

 Side 1  free  transition at x/c =  0.7797   51
 Side 2  free  transition at x/c =  0.0898   40

   4   rms: 0.5781E-02   max: -.7604E-01   C at   51  1
       a =-11.000      CL = -0.7000
      Cm = -0.0825     CD =  0.01757   =>   CDf =  0.00566    CDp =  0.01191

 Side 1  free  transition at x/c =  0.7814   51
 Side 2  free  transition at x/c =  0.0903   40

   5   rms: 0.9424E-03   max: -.1020E-01   D at    4  2
       a =-11.000      CL = -0.7000
      Cm = -0.0825     CD =  0.01757   =>   CDf =  0.00565    CDp =  0.01192

 Side 1  free  transition at x/c =  0.7813   51
 Side 2  free  transition at x/c =  0.0903   40

   6   rms: 0.8398E-06   max: 0.6786E-05   D at    8  2
       a =-11.000      CL = -0.7000
      Cm = -0.0825     CD =  0.01757   =>   CDf =  0.00565    CDp =  0.01192
 plradd ia,ip,cpol           12           0  5.29714068E-03

 Point added to stored polar  1
 Point written to save file  polar.txt                                       
 Dump file unspecified or not available
 Calculating wake trajectory ...
 Calculating source influence matrix ...

 Solving BL system ...

 Side 1  free  transition at x/c =  0.7813   51
 Side 2  free  transition at x/c =  0.0903   40

   1   rms: 0.1605E+00   max: 0.1211E+01   C at   40  2   RLX: 0.454
       a =-12.000      CL = -0.7246
      Cm = -0.0839     CD =  0.01898   =>   CDf =  0.00565    CDp =  0.01333

 Side 1  free  transition at x/c =  0.7905   52
 Side 2  free  transition at x/c =  0.0794   39
 idif Ue xi dudx           1  8.37140828E-02  5.72657585E-03   14.618524    
 Uenew xinew           2  1.42549900E-02  9.75131989E-04

   2   rms: 0.9172E-01   max: -.5689E+00   C at   52  1   RLX: 0.879
       a =-12.000      CL = -0.7493
      Cm = -0.0850     CD =  0.02068   =>   CDf =  0.00554    CDp =  0.01514

 Side 1  free  transition at x/c =  0.8319   53
 Side 2  free  transition at x/c =  0.0712   39

   3   rms: 0.1324E-01   max: 0.1132E+00   D at   76  2
       a =-12.000      CL = -0.7468
      Cm = -0.0861     CD =  0.02105   =>   CDf =  0.00550    CDp =  0.01555

 Side 1  free  transition at x/c =  0.8314   53
 Side 2  free  transition at x/c =  0.0707   39

   4   rms: 0.7522E-03   max: -.1030E-01   D at   76  2
       a =-12.000      CL = -0.7468
      Cm = -0.0862     CD =  0.02102   =>   CDf =  0.00550    CDp =  0.01552

 Side 1  free  transition at x/c =  0.8312   53
 Side 2  free  transition at x/c =  0.0707   39

   5   rms: 0.1960E-04   max: 0.3351E-03   D at   75  2
       a =-12.000      CL = -0.7468
      Cm = -0.0862     CD =  0.02102   =>   CDf =  0.00550    CDp =  0.01552
 plradd ia,ip,cpol           13           0  3.83087946E-03

 Point added to stored polar  1
 Point written to save file  polar.txt                                       
 Dump file unspecified or not available
 Calculating wake trajectory ...
 Calculating source influence matrix ...

 Solving BL system ...

 Side 1  free  transition at x/c =  0.8312   53
 Side 2  free  transition at x/c =  0.0707   39

   1   rms: 0.1487E+00   max: -.1424E+01   C at   53  1   RLX: 0.351
       a =-13.000      CL = -0.7655
      Cm = -0.0870     CD =  0.02225   =>   CDf =  0.00550    CDp =  0.01675

 Side 1  free  transition at x/c =  0.8570   55
 Side 2  free  transition at x/c =  0.0653   38

   2   rms: 0.8214E-01   max: -.2394E+00   D at   38  2
       a =-13.000      CL = -0.8021
      Cm = -0.0887     CD =  0.02428   =>   CDf =  0.00543    CDp =  0.01886

 Side 1  free  transition at x/c =  0.9223   60
 Side 2  free  transition at x/c =  0.0544   37

   3   rms: 0.2766E-01   max: 0.4329E+00   D at   55  1
       a =-13.000      CL = -0.7910
      Cm = -0.0896     CD =  0.02473   =>   CDf =  0.00522    CDp =  0.01951

 Side 1  free  transition at x/c =  0.9119   59
 Side 2  free  transition at x/c =  0.0561   37

   4   rms: 0.5575E-02   max: -.9092E-01   D at   59  1
       a =-13.000      CL = -0.7902
      Cm = -0.0896     CD =  0.02479   =>   CDf =  0.00520    CDp =  0.01959

 Side 1  free  transition at x/c =  0.9067   59
 Side 2  free  transition at x/c =  0.0562   37

   5   rms: 0.9776E-03   max: -.1603E-01   C at   59  1
       a =-13.000      CL = -0.7899
      Cm = -0.0896     CD =  0.02479   =>   CDf =  0.00521    CDp =  0.01959

 Side 1  free  transition at x/c =  0.9070   59
 Side 2  free  transition at x/c =  0.0563   37

   6   rms: 0.9552E-05   max: -.1625E-03   D at   60  1
       a =-13.000      CL = -0.7899
      Cm = -0.0896     CD =  0.02479   =>   CDf =  0.00520    CDp =  0.01959
 plradd ia,ip,cpol           14           0  3.83087946E-03

 Point added to stored polar  1
 Point written to save file  polar.txt                                       
 Dump file unspecified or not available
 Calculating wake trajectory ...
 Calculating source influence matrix ...

 Solving BL system ...

 Side 1  free  transition at x/c =  0.9070   59
 Side 2  free  transition at x/c =  0.0563   37
 idif Ue xi dudx           1  0.10694108      5.83446026E-03   18.329216    
 Uenew xinew           2  1.25288637E-02  6.83546066E-04

   1   rms: 0.1558E+00   max: -.1745E+01   C at   59  1   RLX: 0.287
       a =-14.000      CL = -0.8055
      Cm = -0.0901     CD =  0.02588   =>   CDf =  0.00500    CDp =  0.02088

 Side 1  free  transition at x/c =  0.9169   58
 Side 2  free  transition at x/c =  0.0526   38

   2   rms: 0.1113E+00   max: 0.1014E+01   T at    2  2   RLX: 0.795
       a =-14.000      CL = -0.8261
      Cm = -0.0922     CD =  0.02845   =>   CDf =  0.00520    CDp =  0.02325

 MRCHDU: Convergence failed at  64  side 1    Res =  0.1323E+01
 Side 1  free  transition at x/c =  0.9933   64
 Side 2  free  transition at x/c =  0.0480   37

   3   rms: 0.7124E-01   max: 0.7816E+00   D at   65  1
       a =-14.000      CL = -0.8750
      Cm = -0.0836     CD =  0.02947   =>   CDf =  0.00498    CDp =  0.02449

 Side 1  free  transition at x/c =  0.9583   61
 Side 2  free  transition at x/c =  0.0441   36

   4   rms: 0.3120E-01   max: -.4698E+00   C at   61  1
       a =-14.000      CL = -0.8533
      Cm = -0.0879     CD =  0.02926   =>   CDf =  0.00504    CDp =  0.02422

 Side 1  free  transition at x/c =  0.9641   62
 Side 2  free  transition at x/c =  0.0448   36

   5   rms: 0.9557E-02   max: 0.1182E+00   C at   62  1
       a =-14.000      CL = -0.8602
      Cm = -0.0864     CD =  0.02935   =>   CDf =  0.00502    CDp =  0.02433

 Side 1  free  transition at x/c =  0.9579   61
 Side 2  free  transition at x/c =  0.0447   36

   6   rms: 0.5791E-03   max: -.1104E-01   C at   61  1
       a =-14.000      CL = -0.8604
      Cm = -0.0863     CD =  0.02936   =>   CDf =  0.00503    CDp =  0.02433

 Side 1  free  transition at x/c =  0.9581   61
 Side 2  free  transition at x/c =  0.0446   36

   7   rms: 0.8196E-05   max: 0.8813E-04   C at   61  1
       a =-14.000      CL = -0.8604
      Cm = -0.0863     CD =  0.02936   =>   CDf =  0.00503    CDp =  0.02433
 plradd ia,ip,cpol           15           0  3.83087946E-03

 Point added to stored polar  1
 Point written to save file  polar.txt                                       
 Dump file unspecified or not available
 Calculating wake trajectory ...
 Calculating source influence matrix ...

 Solving BL system ...

 Side 1  free  transition at x/c =  0.9581   61
 Side 2  free  transition at x/c =  0.0446   36
 idif Ue xi dudx           1  9.95222703E-02  8.30334425E-03   11.985806    
 Uenew xinew           2  3.20212692E-02  2.67159939E-03

   1   rms: 0.1675E+00   max: -.1279E+01   C at   61  1   RLX: 0.391
       a =-15.000      CL = -0.9070
      Cm = -0.0812     CD =  0.03145   =>   CDf =  0.00483    CDp =  0.02661

 Side 1  free  transition at x/c =  0.9639   61
 Side 2  free  transition at x/c =  0.0415   37
 idif Ue xi dudx           1  8.94730538E-02  6.68108463E-03   13.391995    
 Uenew xinew           2  6.61489181E-03  4.93943691E-04

   2   rms: 0.9921E-01   max: 0.5119E+00   D at   62  1
       a =-15.000      CL = -0.9744
      Cm = -0.0728     CD =  0.03548   =>   CDf =  0.00479    CDp =  0.03069

 Side 1  free  transition at x/c =  0.9694   60
 Side 2  free  transition at x/c =  0.0373   37

   3   rms: 0.2416E-01   max: -.2302E+00   C at   60  1
       a =-15.000      CL = -0.9549
      Cm = -0.0764     CD =  0.03539   =>   CDf =  0.00513    CDp =  0.03026

 Side 1  free  transition at x/c =  0.9757   62
 Side 2  free  transition at x/c =  0.0366   36

   4   rms: 0.8617E-02   max: -.8532E-01   D at   63  1
       a =-15.000      CL = -0.9536
      Cm = -0.0768     CD =  0.03525   =>   CDf =  0.00493    CDp =  0.03032

 Side 1  free  transition at x/c =  0.9807   62
 Side 2  free  transition at x/c =  0.0366   36

   5   rms: 0.1740E-02   max: -.2269E-01   D at   63  1
       a =-15.000      CL = -0.9525
      Cm = -0.0770     CD =  0.03525   =>   CDf =  0.00493    CDp =  0.03032

 Side 1  free  transition at x/c =  0.9821   62
 Side 2  free  transition at x/c =  0.0367   36

   6   rms: 0.6995E-04   max: 0.3912E-03   C at   62  1
       a =-15.000      CL = -0.9525
      Cm = -0.0770     CD =  0.03526   =>   CDf =  0.00493    CDp =  0.03033
 plradd ia,ip,cpol           16           0  3.83087946E-03

 Point added to stored polar  1
 Point written to save file  polar.txt                                       
 Dump file unspecified or not available
 Calculating wake trajectory ...
 Calculating source influence matrix ...

 Solving BL system ...

 Side 1  free  transition at x/c =  0.9821   62
 Side 2  free  transition at x/c =  0.0367   36
 idif Ue xi dudx           1  0.11422266      9.02867317E-03   12.651101    
 Uenew xinew           2  3.59485112E-02  2.84153223E-03

   1   rms: 0.1519E+00   max: 0.1170E+01   C at   62  1   RLX: 0.591
       a =-16.000      CL = -0.9731
      Cm = -0.0780     CD =  0.03916   =>   CDf =  0.00473    CDp =  0.03444

 Side 1 forced transition at x/c =  1.0000   63
 Side 2  free  transition at x/c =  0.0302   35

   2   rms: 0.7111E-01   max: 0.7803E+00   D at   62  1
       a =-16.000      CL = -0.9925
      Cm = -0.0771     CD =  0.04170   =>   CDf =  0.00499    CDp =  0.03671

 Side 1 forced transition at x/c =  1.0000   63
 Side 2  free  transition at x/c =  0.0274   35

   3   rms: 0.4651E-01   max: 0.6509E+00   D at   62  1
       a =-16.000      CL = -1.0213
      Cm = -0.0694     CD =  0.04285   =>   CDf =  0.00496    CDp =  0.03789

 Side 1 forced transition at x/c =  1.0000   63
 Side 2  free  transition at x/c =  0.0263   35

   4   rms: 0.2569E-01   max: 0.3176E+00   D at   61  1
       a =-16.000      CL = -1.0283
      Cm = -0.0678     CD =  0.04318   =>   CDf =  0.00495    CDp =  0.03823

 Side 1  free  transition at x/c =  0.9851   62
 Side 2  free  transition at x/c =  0.0259   34

   5   rms: 0.3180E+00   max: -.5928E+01   C at   62  1   RLX: 0.084
       a =-16.000      CL = -1.0357
      Cm = -0.0660     CD =  0.04315   =>   CDf =  0.00494    CDp =  0.03822

 Side 1  free  transition at x/c =  0.9722   60
 Side 2  free  transition at x/c =  0.0258   34

   6   rms: 0.7891E-01   max: -.7300E+00   T at   60  1   RLX: 0.685
       a =-16.000      CL = -0.9868
      Cm = -0.0771     CD =  0.04206   =>   CDf =  0.00493    CDp =  0.03713

 Side 1 forced transition at x/c =  1.0000   63
 Side 2  free  transition at x/c =  0.0267   35

   7   rms: 0.4999E-01   max: 0.9436E+00   D at   62  1
       a =-16.000      CL = -0.9997
      Cm = -0.0743     CD =  0.04218   =>   CDf =  0.00497    CDp =  0.03721

 Side 1 forced transition at x/c =  1.0000   63
 Side 2  free  transition at x/c =  0.0269   35

   8   rms: 0.3946E-01   max: 0.5030E+00   D at   62  1
       a =-16.000      CL = -1.0237
      Cm = -0.0688     CD =  0.04297   =>   CDf =  0.00495    CDp =  0.03802

 Side 1  free  transition at x/c =  0.9979   63
 Side 2  free  transition at x/c =  0.0262   34

   9   rms: 0.1420E-01   max: -.2568E+00   D at   63  1
       a =-16.000      CL = -1.0106
      Cm = -0.0722     CD =  0.04246   =>   CDf =  0.00495    CDp =  0.03751

 Side 1  free  transition at x/c =  0.9990   63
 Side 2  free  transition at x/c =  0.0262   34

  10   rms: 0.5718E-02   max: -.1081E+00   C at   34  2
       a =-16.000      CL = -1.0088
      Cm = -0.0722     CD =  0.04267   =>   CDf =  0.00496    CDp =  0.03771

 Side 1  free  transition at x/c =  0.9989   63
 Side 2  free  transition at x/c =  0.0262   34

  11   rms: 0.5039E-02   max: -.1043E+00   C at   34  2
       a =-16.000      CL = -1.0087
      Cm = -0.0722     CD =  0.04266   =>   CDf =  0.00495    CDp =  0.03771

 Side 1  free  transition at x/c =  0.9989   63
 Side 2  free  transition at x/c =  0.0262   34

  12   rms: 0.5039E-02   max: -.1044E+00   C at   34  2
       a =-16.000      CL = -1.0087
      Cm = -0.0722     CD =  0.04266   =>   CDf =  0.00495    CDp =  0.03771

 Side 1  free  transition at x/c =  0.9989   63
 Side 2  free  transition at x/c =  0.0262   34

  13   rms: 0.5039E-02   max: -.1044E+00   C at   34  2
       a =-16.000      CL = -1.0087
      Cm = -0.0722     CD =  0.04266   =>   CDf =  0.00495    CDp =  0.03771

 Side 1  free  transition at x/c =  0.9989   63
 Side 2  free  transition at x/c =  0.0262   34

  14   rms: 0.5039E-02   max: -.1044E+00   C at   34  2
       a =-16.000      CL = -1.0087
      Cm = -0.0722     CD =  0.04266   =>   CDf =  0.00495    CDp =  0.03771

 Side 1  free  transition at x/c =  0.9989   63
 Side 2  free  transition at x/c =  0.0262   34

  15   rms: 0.5040E-02   max: -.1044E+00   C at   34  2
       a =-16.000      CL = -1.0087
      Cm = -0.0722     CD =  0.04266   =>   CDf =  0.00495    CDp =  0.03771

 Side 1  free  transition at x/c =  0.9989   63
 Side 2  free  transition at x/c =  0.0262   34

  16   rms: 0.5039E-02   max: -.1044E+00   C at   34  2
       a =-16.000      CL = -1.0087
      Cm = -0.0722     CD =  0.04266   =>   CDf =  0.00495    CDp =  0.03771

 Side 1  free  transition at x/c =  0.9989   63
 Side 2  free  transition at x/c =  0.0262   34

  17   rms: 0.5039E-02   max: -.1044E+00   C at   34  2
       a =-16.000      CL = -1.0087
      Cm = -0.0722     CD =  0.04266   =>   CDf =  0.00495    CDp =  0.03771

 Side 1  free  transition at x/c =  0.9989   63
 Side 2  free  transition at x/c =  0.0262   34

  18   rms: 0.5039E-02   max: -.1044E+00   C at   34  2
       a =-16.000      CL = -1.0087
      Cm = -0.0722     CD =  0.04266   =>   CDf =  0.00495    CDp =  0.03771

 Side 1  free  transition at x/c =  0.9989   63
 Side 2  free  transition at x/c =  0.0262   34

  19   rms: 0.5039E-02   max: -.1044E+00   C at   34  2
       a =-16.000      CL = -1.0087
      Cm = -0.0722     CD =  0.04266   =>   CDf =  0.00495    CDp =  0.03771

 Side 1  free  transition at x/c =  0.9989   63
 Side 2  free  transition at x/c =  0.0262   34

  20   rms: 0.5039E-02   max: -.1044E+00   C at   34  2
       a =-16.000      CL = -1.0087
      Cm = -0.0722     CD =  0.04266   =>   CDf =  0.00495    CDp =  0.03771

 Side 1  free  transition at x/c =  0.9989   63
 Side 2  free  transition at x/c =  0.0262   34

  21   rms: 0.5039E-02   max: -.1044E+00   C at   34  2
       a =-16.000      CL = -1.0087
      Cm = -0.0722     CD =  0.04266   =>   CDf =  0.00495    CDp =  0.03771

 Side 1  free  transition at x/c =  0.9989   63
 Side 2  free  transition at x/c =  0.0262   34

  22   rms: 0.5039E-02   max: -.1044E+00   C at   34  2
       a =-16.000      CL = -1.0087
      Cm = -0.0722     CD =  0.04266   =>   CDf =  0.00495    CDp =  0.03771

 MRCHDU: Convergence failed at  63  side 1    Res =  0.8262E-05
 Side 1  free  transition at x/c =  0.9989   63
 Side 2  free  transition at x/c =  0.0262   34

  23   rms: 0.5039E-02   max: -.1044E+00   C at   34  2
       a =-16.000      CL = -1.0087
      Cm = -0.0722     CD =  0.04266   =>   CDf =  0.00495    CDp =  0.03771

 Side 1  free  transition at x/c =  0.9989   63
 Side 2  free  transition at x/c =  0.0262   34

  24   rms: 0.5040E-02   max: -.1044E+00   C at   34  2
       a =-16.000      CL = -1.0087
      Cm = -0.0722     CD =  0.04266   =>   CDf =  0.00495    CDp =  0.03771

 Side 1  free  transition at x/c =  0.9989   63
 Side 2  free  transition at x/c =  0.0262   34

  25   rms: 0.5040E-02   max: -.1044E+00   C at   34  2
       a =-16.000      CL = -1.0087
      Cm = -0.0722     CD =  0.04266   =>   CDf =  0.00495    CDp =  0.03771

 Side 1  free  transition at x/c =  0.9989   63
 Side 2  free  transition at x/c =  0.0262   34

  26   rms: 0.5039E-02   max: -.1044E+00   C at   34  2
       a =-16.000      CL = -1.0087
      Cm = -0.0722     CD =  0.04266   =>   CDf =  0.00495    CDp =  0.03771

 Side 1  free  transition at x/c =  0.9989   63
 Side 2  free  transition at x/c =  0.0262   34

  27   rms: 0.5039E-02   max: -.1044E+00   C at   34  2
       a =-16.000      CL = -1.0087
      Cm = -0.0722     CD =  0.04266   =>   CDf =  0.00495    CDp =  0.03771

 Side 1  free  transition at x/c =  0.9989   63
 Side 2  free  transition at x/c =  0.0262   34

  28   rms: 0.5039E-02   max: -.1044E+00   C at   34  2
       a =-16.000      CL = -1.0087
      Cm = -0.0722     CD =  0.04266   =>   CDf =  0.00495    CDp =  0.03771

 Side 1  free  transition at x/c =  0.9989   63
 Side 2  free  transition at x/c =  0.0262   34

  29   rms: 0.5039E-02   max: -.1044E+00   C at   34  2
       a =-16.000      CL = -1.0087
      Cm = -0.0722     CD =  0.04266   =>   CDf =  0.00495    CDp =  0.03771

 Side 1  free  transition at x/c =  0.9989   63
 Side 2  free  transition at x/c =  0.0262   34

  30   rms: 0.5039E-02   max: -.1044E+00   C at   34  2
       a =-16.000      CL = -1.0087
      Cm = -0.0722     CD =  0.04266   =>   CDf =  0.00495    CDp =  0.03771

 Side 1  free  transition at x/c =  0.9989   63
 Side 2  free  transition at x/c =  0.0262   34

  31   rms: 0.5039E-02   max: -.1044E+00   C at   34  2
       a =-16.000      CL = -1.0087
      Cm = -0.0722     CD =  0.04266   =>   CDf =  0.00495    CDp =  0.03771

 Side 1  free  transition at x/c =  0.9989   63
 Side 2  free  transition at x/c =  0.0262   34

  32   rms: 0.5039E-02   max: -.1044E+00   C at   34  2
       a =-16.000      CL = -1.0087
      Cm = -0.0722     CD =  0.04266   =>   CDf =  0.00495    CDp =  0.03771

 Side 1  free  transition at x/c =  0.9989   63
 Side 2  free  transition at x/c =  0.0262   34

  33   rms: 0.5039E-02   max: -.1044E+00   C at   34  2
       a =-16.000      CL = -1.0087
      Cm = -0.0722     CD =  0.04266   =>   CDf =  0.00495    CDp =  0.03771

 Side 1  free  transition at x/c =  0.9989   63
 Side 2  free  transition at x/c =  0.0262   34

  34   rms: 0.5039E-02   max: -.1044E+00   C at   34  2
       a =-16.000      CL = -1.0087
      Cm = -0.0722     CD =  0.04266   =>   CDf =  0.00495    CDp =  0.03771

 Side 1  free  transition at x/c =  0.9989   63
 Side 2  free  transition at x/c =  0.0262   34

  35   rms: 0.5039E-02   max: -.1044E+00   C at   34  2
       a =-16.000      CL = -1.0087
      Cm = -0.0722     CD =  0.04266   =>   CDf =  0.00495    CDp =  0.03771

 Side 1  free  transition at x/c =  0.9989   63
 Side 2  free  transition at x/c =  0.0262   34

  36   rms: 0.5040E-02   max: -.1044E+00   C at   34  2
       a =-16.000      CL = -1.0087
      Cm = -0.0722     CD =  0.04266   =>   CDf =  0.00495    CDp =  0.03771

 Side 1  free  transition at x/c =  0.9989   63
 Side 2  free  transition at x/c =  0.0262   34

  37   rms: 0.5040E-02   max: -.1044E+00   C at   34  2
       a =-16.000      CL = -1.0087
      Cm = -0.0722     CD =  0.04266   =>   CDf =  0.00495    CDp =  0.03771

 Side 1  free  transition at x/c =  0.9989   63
 Side 2  free  transition at x/c =  0.0262   34

  38   rms: 0.5039E-02   max: -.1044E+00   C at   34  2
       a =-16.000      CL = -1.0087
      Cm = -0.0722     CD =  0.04266   =>   CDf =  0.00495    CDp =  0.03771

 Side 1  free  transition at x/c =  0.9989   63
 Side 2  free  transition at x/c =  0.0262   34

  39   rms: 0.5039E-02   max: -.1044E+00   C at   34  2
       a =-16.000      CL = -1.0087
      Cm = -0.0722     CD =  0.04266   =>   CDf =  0.00495    CDp =  0.03771

 Side 1  free  transition at x/c =  0.9989   63
 Side 2  free  transition at x/c =  0.0262   34

  40   rms: 0.5039E-02   max: -.1044E+00   C at   34  2
       a =-16.000      CL = -1.0087
      Cm = -0.0722     CD =  0.04266   =>   CDf =  0.00495    CDp =  0.03771

 MRCHDU: Convergence failed at  63  side 1    Res =  0.8343E-05
 Side 1  free  transition at x/c =  0.9989   63
 Side 2  free  transition at x/c =  0.0262   34

  41   rms: 0.5039E-02   max: -.1044E+00   C at   34  2
       a =-16.000      CL = -1.0087
      Cm = -0.0722     CD =  0.04266   =>   CDf =  0.00495    CDp =  0.03771

 Side 1  free  transition at x/c =  0.9989   63
 Side 2  free  transition at x/c =  0.0262   34

  42   rms: 0.5039E-02   max: -.1044E+00   C at   34  2
       a =-16.000      CL = -1.0087
      Cm = -0.0722     CD =  0.04266   =>   CDf =  0.00495    CDp =  0.03771

 Side 1  free  transition at x/c =  0.9989   63
 Side 2  free  transition at x/c =  0.0262   34

  43   rms: 0.5039E-02   max: -.1044E+00   C at   34  2
       a =-16.000      CL = -1.0087
      Cm = -0.0722     CD =  0.04266   =>   CDf =  0.00495    CDp =  0.03771

 Side 1  free  transition at x/c =  0.9989   63
 Side 2  free  transition at x/c =  0.0262   34

  44   rms: 0.5040E-02   max: -.1044E+00   C at   34  2
       a =-16.000      CL = -1.0087
      Cm = -0.0722     CD =  0.04266   =>   CDf =  0.00495    CDp =  0.03771

 Side 1  free  transition at x/c =  0.9989   63
 Side 2  free  transition at x/c =  0.0262   34

  45   rms: 0.5039E-02   max: -.1044E+00   C at   34  2
       a =-16.000      CL = -1.0087
      Cm = -0.0722     CD =  0.04266   =>   CDf =  0.00495    CDp =  0.03771

 Side 1  free  transition at x/c =  0.9989   63
 Side 2  free  transition at x/c =  0.0262   34

  46   rms: 0.5039E-02   max: -.1044E+00   C at   34  2
       a =-16.000      CL = -1.0087
      Cm = -0.0722     CD =  0.04266   =>   CDf =  0.00495    CDp =  0.03771

 Side 1  free  transition at x/c =  0.9989   63
 Side 2  free  transition at x/c =  0.0262   34

  47   rms: 0.5039E-02   max: -.1044E+00   C at   34  2
       a =-16.000      CL = -1.0087
      Cm = -0.0722     CD =  0.04266   =>   CDf =  0.00495    CDp =  0.03771

 Side 1  free  transition at x/c =  0.9989   63
 Side 2  free  transition at x/c =  0.0262   34

  48   rms: 0.5039E-02   max: -.1044E+00   C at   34  2
       a =-16.000      CL = -1.0087
      Cm = -0.0722     CD =  0.04266   =>   CDf =  0.00495    CDp =  0.03771

 Side 1  free  transition at x/c =  0.9989   63
 Side 2  free  transition at x/c =  0.0262   34

  49   rms: 0.5039E-02   max: -.1044E+00   C at   34  2
       a =-16.000      CL = -1.0087
      Cm = -0.0722     CD =  0.04266   =>   CDf =  0.00495    CDp =  0.03771

 MRCHDU: Convergence failed at  63  side 1    Res =  0.8314E-05
 Side 1  free  transition at x/c =  0.9989   63
 Side 2  free  transition at x/c =  0.0262   34

  50   rms: 0.5039E-02   max: -.1044E+00   C at   34  2
       a =-16.000      CL = -1.0087
      Cm = -0.0722     CD =  0.04266   =>   CDf =  0.00495    CDp =  0.03771

 MRCHDU: Convergence failed at  63  side 1    Res =  0.8358E-05
 Side 1  free  transition at x/c =  0.9989   63
 Side 2  free  transition at x/c =  0.0262   34

  51   rms: 0.5039E-02   max: -.1044E+00   C at   34  2
       a =-16.000      CL = -1.0087
      Cm = -0.0722     CD =  0.04266   =>   CDf =  0.00495    CDp =  0.03771

 Side 1  free  transition at x/c =  0.9989   63
 Side 2  free  transition at x/c =  0.0262   34

  52   rms: 0.5040E-02   max: -.1044E+00   C at   34  2
       a =-16.000      CL = -1.0087
      Cm = -0.0722     CD =  0.04266   =>   CDf =  0.00495    CDp =  0.03771

 Side 1  free  transition at x/c =  0.9989   63
 Side 2  free  transition at x/c =  0.0262   34

  53   rms: 0.5039E-02   max: -.1044E+00   C at   34  2
       a =-16.000      CL = -1.0087
      Cm = -0.0722     CD =  0.04266   =>   CDf =  0.00495    CDp =  0.03771

 Side 1  free  transition at x/c =  0.9989   63
 Side 2  free  transition at x/c =  0.0262   34

  54   rms: 0.5039E-02   max: -.1044E+00   C at   34  2
       a =-16.000      CL = -1.0087
      Cm = -0.0722     CD =  0.04266   =>   CDf =  0.00495    CDp =  0.03771

 MRCHDU: Convergence failed at  63  side 1    Res =  0.8304E-05
 Side 1  free  transition at x/c =  0.9989   63
 Side 2  free  transition at x/c =  0.0262   34

  55   rms: 0.5039E-02   max: -.1044E+00   C at   34  2
       a =-16.000      CL = -1.0087
      Cm = -0.0722     CD =  0.04266   =>   CDf =  0.00495    CDp =  0.03771

 Side 1  free  transition at x/c =  0.9989   63
 Side 2  free  transition at x/c =  0.0262   34

  56   rms: 0.5039E-02   max: -.1044E+00   C at   34  2
       a =-16.000      CL = -1.0087
      Cm = -0.0722     CD =  0.04266   =>   CDf =  0.00495    CDp =  0.03771

 Side 1  free  transition at x/c =  0.9989   63
 Side 2  free  transition at x/c =  0.0262   34

  57   rms: 0.5039E-02   max: -.1044E+00   C at   34  2
       a =-16.000      CL = -1.0087
      Cm = -0.0722     CD =  0.04266   =>   CDf =  0.00495    CDp =  0.03771

 Side 1  free  transition at x/c =  0.9989   63
 Side 2  free  transition at x/c =  0.0262   34

  58   rms: 0.5039E-02   max: -.1044E+00   C at   34  2
       a =-16.000      CL = -1.0087
      Cm = -0.0722     CD =  0.04266   =>   CDf =  0.00495    CDp =  0.03771

 Side 1  free  transition at x/c =  0.9989   63
 Side 2  free  transition at x/c =  0.0262   34

  59   rms: 0.5039E-02   max: -.1044E+00   C at   34  2
       a =-16.000      CL = -1.0087
      Cm = -0.0722     CD =  0.04266   =>   CDf =  0.00495    CDp =  0.03771

 Side 1  free  transition at x/c =  0.9989   63
 Side 2  free  transition at x/c =  0.0262   34

  60   rms: 0.5039E-02   max: -.1044E+00   C at   34  2
       a =-16.000      CL = -1.0087
      Cm = -0.0722     CD =  0.04266   =>   CDf =  0.00495    CDp =  0.03771

 Side 1  free  transition at x/c =  0.9989   63
 Side 2  free  transition at x/c =  0.0262   34

  61   rms: 0.5039E-02   max: -.1044E+00   C at   34  2
       a =-16.000      CL = -1.0087
      Cm = -0.0722     CD =  0.04266   =>   CDf =  0.00495    CDp =  0.03771

 MRCHDU: Convergence failed at  63  side 1    Res =  0.8344E-05
 Side 1  free  transition at x/c =  0.9989   63
 Side 2  free  transition at x/c =  0.0262   34

  62   rms: 0.5039E-02   max: -.1044E+00   C at   34  2
       a =-16.000      CL = -1.0087
      Cm = -0.0722     CD =  0.04266   =>   CDf =  0.00495    CDp =  0.03771

 Side 1  free  transition at x/c =  0.9989   63
 Side 2  free  transition at x/c =  0.0262   34

  63   rms: 0.5039E-02   max: -.1044E+00   C at   34  2
       a =-16.000      CL = -1.0087
      Cm = -0.0722     CD =  0.04266   =>   CDf =  0.00495    CDp =  0.03771

 Side 1  free  transition at x/c =  0.9989   63
 Side 2  free  transition at x/c =  0.0262   34

  64   rms: 0.5039E-02   max: -.1044E+00   C at   34  2
       a =-16.000      CL = -1.0087
      Cm = -0.0722     CD =  0.04266   =>   CDf =  0.00495    CDp =  0.03771

 Side 1  free  transition at x/c =  0.9989   63
 Side 2  free  transition at x/c =  0.0262   34

  65   rms: 0.5039E-02   max: -.1044E+00   C at   34  2
       a =-16.000      CL = -1.0087
      Cm = -0.0722     CD =  0.04266   =>   CDf =  0.00495    CDp =  0.03771

 Side 1  free  transition at x/c =  0.9989   63
 Side 2  free  transition at x/c =  0.0262   34

  66   rms: 0.5039E-02   max: -.1044E+00   C at   34  2
       a =-16.000      CL = -1.0087
      Cm = -0.0722     CD =  0.04266   =>   CDf =  0.00495    CDp =  0.03771

 Side 1  free  transition at x/c =  0.9989   63
 Side 2  free  transition at x/c =  0.0262   34

  67   rms: 0.5040E-02   max: -.1044E+00   C at   34  2
       a =-16.000      CL = -1.0087
      Cm = -0.0722     CD =  0.04266   =>   CDf =  0.00495    CDp =  0.03771

 Side 1  free  transition at x/c =  0.9989   63
 Side 2  free  transition at x/c =  0.0262   34

  68   rms: 0.5039E-02   max: -.1044E+00   C at   34  2
       a =-16.000      CL = -1.0087
      Cm = -0.0722     CD =  0.04266   =>   CDf =  0.00495    CDp =  0.03771

 Side 1  free  transition at x/c =  0.9989   63
 Side 2  free  transition at x/c =  0.0262   34

  69   rms: 0.5039E-02   max: -.1044E+00   C at   34  2
       a =-16.000      CL = -1.0087
      Cm = -0.0722     CD =  0.04266   =>   CDf =  0.00495    CDp =  0.03771

 Side 1  free  transition at x/c =  0.9989   63
 Side 2  free  transition at x/c =  0.0262   34

  70   rms: 0.5039E-02   max: -.1044E+00   C at   34  2
       a =-16.000      CL = -1.0087
      Cm = -0.0722     CD =  0.04266   =>   CDf =  0.00495    CDp =  0.03771

 Side 1  free  transition at x/c =  0.9989   63
 Side 2  free  transition at x/c =  0.0262   34

  71   rms: 0.5039E-02   max: -.1044E+00   C at   34  2
       a =-16.000      CL = -1.0087
      Cm = -0.0722     CD =  0.04266   =>   CDf =  0.00495    CDp =  0.03771

 Side 1  free  transition at x/c =  0.9989   63
 Side 2  free  transition at x/c =  0.0262   34

  72   rms: 0.5040E-02   max: -.1044E+00   C at   34  2
       a =-16.000      CL = -1.0087
      Cm = -0.0722     CD =  0.04266   =>   CDf =  0.00495    CDp =  0.03771

 Side 1  free  transition at x/c =  0.9989   63
 Side 2  free  transition at x/c =  0.0262   34

  73   rms: 0.5039E-02   max: -.1044E+00   C at   34  2
       a =-16.000      CL = -1.0087
      Cm = -0.0722     CD =  0.04266   =>   CDf =  0.00495    CDp =  0.03771

 Side 1  free  transition at x/c =  0.9989   63
 Side 2  free  transition at x/c =  0.0262   34

  74   rms: 0.5039E-02   max: -.1044E+00   C at   34  2
       a =-16.000      CL = -1.0087
      Cm = -0.0722     CD =  0.04266   =>   CDf =  0.00495    CDp =  0.03771

 MRCHDU: Convergence failed at  63  side 1    Res =  0.8345E-05
 Side 1  free  transition at x/c =  0.9989   63
 Side 2  free  transition at x/c =  0.0262   34

  75   rms: 0.5039E-02   max: -.1044E+00   C at   34  2
       a =-16.000      CL = -1.0087
      Cm = -0.0722     CD =  0.04266   =>   CDf =  0.00495    CDp =  0.03771

 Side 1  free  transition at x/c =  0.9989   63
 Side 2  free  transition at x/c =  0.0262   34

  76   rms: 0.5039E-02   max: -.1044E+00   C at   34  2
       a =-16.000      CL = -1.0087
      Cm = -0.0722     CD =  0.04266   =>   CDf =  0.00495    CDp =  0.03771

 Side 1  free  transition at x/c =  0.9989   63
 Side 2  free  transition at x/c =  0.0262   34

  77   rms: 0.5039E-02   max: -.1044E+00   C at   34  2
       a =-16.000      CL = -1.0087
      Cm = -0.0722     CD =  0.04266   =>   CDf =  0.00495    CDp =  0.03771

 Side 1  free  transition at x/c =  0.9989   63
 Side 2  free  transition at x/c =  0.0262   34

  78   rms: 0.5040E-02   max: -.1044E+00   C at   34  2
       a =-16.000      CL = -1.0087
      Cm = -0.0722     CD =  0.04266   =>   CDf =  0.00495    CDp =  0.03771

 Side 1  free  transition at x/c =  0.9989   63
 Side 2  free  transition at x/c =  0.0262   34

  79   rms: 0.5039E-02   max: -.1044E+00   C at   34  2
       a =-16.000      CL = -1.0087
      Cm = -0.0722     CD =  0.04266   =>   CDf =  0.00495    CDp =  0.03771

 Side 1  free  transition at x/c =  0.9989   63
 Side 2  free  transition at x/c =  0.0262   34

  80   rms: 0.5039E-02   max: -.1044E+00   C at   34  2
       a =-16.000      CL = -1.0087
      Cm = -0.0722     CD =  0.04266   =>   CDf =  0.00495    CDp =  0.03771

 Side 1  free  transition at x/c =  0.9989   63
 Side 2  free  transition at x/c =  0.0262   34

  81   rms: 0.5039E-02   max: -.1044E+00   C at   34  2
       a =-16.000      CL = -1.0087
      Cm = -0.0722     CD =  0.04266   =>   CDf =  0.00495    CDp =  0.03771

 Side 1  free  transition at x/c =  0.9989   63
 Side 2  free  transition at x/c =  0.0262   34

  82   rms: 0.5039E-02   max: -.1044E+00   C at   34  2
       a =-16.000      CL = -1.0087
      Cm = -0.0722     CD =  0.04266   =>   CDf =  0.00495    CDp =  0.03771

 Side 1  free  transition at x/c =  0.9989   63
 Side 2  free  transition at x/c =  0.0262   34

  83   rms: 0.5039E-02   max: -.1044E+00   C at   34  2
       a =-16.000      CL = -1.0087
      Cm = -0.0722     CD =  0.04266   =>   CDf =  0.00495    CDp =  0.03771

 Side 1  free  transition at x/c =  0.9989   63
 Side 2  free  transition at x/c =  0.0262   34

  84   rms: 0.5039E-02   max: -.1044E+00   C at   34  2
       a =-16.000      CL = -1.0087
      Cm = -0.0722     CD =  0.04266   =>   CDf =  0.00495    CDp =  0.03771

 Side 1  free  transition at x/c =  0.9989   63
 Side 2  free  transition at x/c =  0.0262   34

  85   rms: 0.5039E-02   max: -.1044E+00   C at   34  2
       a =-16.000      CL = -1.0087
      Cm = -0.0722     CD =  0.04266   =>   CDf =  0.00495    CDp =  0.03771

 Side 1  free  transition at x/c =  0.9989   63
 Side 2  free  transition at x/c =  0.0262   34

  86   rms: 0.5039E-02   max: -.1044E+00   C at   34  2
       a =-16.000      CL = -1.0087
      Cm = -0.0722     CD =  0.04266   =>   CDf =  0.00495    CDp =  0.03771

 Side 1  free  transition at x/c =  0.9989   63
 Side 2  free  transition at x/c =  0.0262   34

  87   rms: 0.5039E-02   max: -.1044E+00   C at   34  2
       a =-16.000      CL = -1.0087
      Cm = -0.0722     CD =  0.04266   =>   CDf =  0.00495    CDp =  0.03771

 MRCHDU: Convergence failed at  63  side 1    Res =  0.8308E-05
 Side 1  free  transition at x/c =  0.9989   63
 Side 2  free  transition at x/c =  0.0262   34

  88   rms: 0.5039E-02   max: -.1044E+00   C at   34  2
       a =-16.000      CL = -1.0087
      Cm = -0.0722     CD =  0.04266   =>   CDf =  0.00495    CDp =  0.03771

 Side 1  free  transition at x/c =  0.9989   63
 Side 2  free  transition at x/c =  0.0262   34

  89   rms: 0.5039E-02   max: -.1044E+00   C at   34  2
       a =-16.000      CL = -1.0087
      Cm = -0.0722     CD =  0.04266   =>   CDf =  0.00495    CDp =  0.03771

 Side 1  free  transition at x/c =  0.9989   63
 Side 2  free  transition at x/c =  0.0262   34

  90   rms: 0.5039E-02   max: -.1044E+00   C at   34  2
       a =-16.000      CL = -1.0087
      Cm = -0.0722     CD =  0.04266   =>   CDf =  0.00495    CDp =  0.03771

 MRCHDU: Convergence failed at  63  side 1    Res =  0.8328E-05
 Side 1  free  transition at x/c =  0.9989   63
 Side 2  free  transition at x/c =  0.0262   34

  91   rms: 0.5039E-02   max: -.1044E+00   C at   34  2
       a =-16.000      CL = -1.0087
      Cm = -0.0722     CD =  0.04266   =>   CDf =  0.00495    CDp =  0.03771

 Side 1  free  transition at x/c =  0.9989   63
 Side 2  free  transition at x/c =  0.0262   34

  92   rms: 0.5039E-02   max: -.1044E+00   C at   34  2
       a =-16.000      CL = -1.0087
      Cm = -0.0722     CD =  0.04266   =>   CDf =  0.00495    CDp =  0.03771

 Side 1  free  transition at x/c =  0.9989   63
 Side 2  free  transition at x/c =  0.0262   34

  93   rms: 0.5039E-02   max: -.1044E+00   C at   34  2
       a =-16.000      CL = -1.0087
      Cm = -0.0722     CD =  0.04266   =>   CDf =  0.00495    CDp =  0.03771

 Side 1  free  transition at x/c =  0.9989   63
 Side 2  free  transition at x/c =  0.0262   34

  94   rms: 0.5039E-02   max: -.1044E+00   C at   34  2
       a =-16.000      CL = -1.0087
      Cm = -0.0722     CD =  0.04266   =>   CDf =  0.00495    CDp =  0.03771

 Side 1  free  transition at x/c =  0.9989   63
 Side 2  free  transition at x/c =  0.0262   34

  95   rms: 0.5039E-02   max: -.1044E+00   C at   34  2
       a =-16.000      CL = -1.0087
      Cm = -0.0722     CD =  0.04266   =>   CDf =  0.00495    CDp =  0.03771

 Side 1  free  transition at x/c =  0.9989   63
 Side 2  free  transition at x/c =  0.0262   34

  96   rms: 0.5039E-02   max: -.1044E+00   C at   34  2
       a =-16.000      CL = -1.0087
      Cm = -0.0722     CD =  0.04266   =>   CDf =  0.00495    CDp =  0.03771

 Side 1  free  transition at x/c =  0.9989   63
 Side 2  free  transition at x/c =  0.0262   34

  97   rms: 0.5039E-02   max: -.1044E+00   C at   34  2
       a =-16.000      CL = -1.0087
      Cm = -0.0722     CD =  0.04266   =>   CDf =  0.00495    CDp =  0.03771

 Side 1  free  transition at x/c =  0.9989   63
 Side 2  free  transition at x/c =  0.0262   34

  98   rms: 0.5040E-02   max: -.1044E+00   C at   34  2
       a =-16.000      CL = -1.0087
      Cm = -0.0722     CD =  0.04266   =>   CDf =  0.00495    CDp =  0.03771

 Side 1  free  transition at x/c =  0.9989   63
 Side 2  free  transition at x/c =  0.0262   34

  99   rms: 0.5039E-02   max: -.1044E+00   C at   34  2
       a =-16.000      CL = -1.0087
      Cm = -0.0722     CD =  0.04266   =>   CDf =  0.00495    CDp =  0.03771

 Side 1  free  transition at x/c =  0.9989   63
 Side 2  free  transition at x/c =  0.0262   34

 100   rms: 0.5039E-02   max: -.1044E+00   C at   34  2
       a =-16.000      CL = -1.0087
      Cm = -0.0722     CD =  0.04266   =>   CDf =  0.00495    CDp =  0.03771

 Side 1  free  transition at x/c =  0.9989   63
 Side 2  free  transition at x/c =  0.0262   34

 101   rms: 0.5039E-02   max: -.1044E+00   C at   34  2
       a =-16.000      CL = -1.0087
      Cm = -0.0722     CD =  0.04266   =>   CDf =  0.00495    CDp =  0.03771

 Side 1  free  transition at x/c =  0.9989   63
 Side 2  free  transition at x/c =  0.0262   34

 102   rms: 0.5039E-02   max: -.1044E+00   C at   34  2
       a =-16.000      CL = -1.0087
      Cm = -0.0722     CD =  0.04266   =>   CDf =  0.00495    CDp =  0.03771

 Side 1  free  transition at x/c =  0.9989   63
 Side 2  free  transition at x/c =  0.0262   34

 103   rms: 0.5039E-02   max: -.1044E+00   C at   34  2
       a =-16.000      CL = -1.0087
      Cm = -0.0722     CD =  0.04266   =>   CDf =  0.00495    CDp =  0.03771

 Side 1  free  transition at x/c =  0.9989   63
 Side 2  free  transition at x/c =  0.0262   34

 104   rms: 0.5039E-02   max: -.1044E+00   C at   34  2
       a =-16.000      CL = -1.0087
      Cm = -0.0722     CD =  0.04266   =>   CDf =  0.00495    CDp =  0.03771

 Side 1  free  transition at x/c =  0.9989   63
 Side 2  free  transition at x/c =  0.0262   34

 105   rms: 0.5039E-02   max: -.1044E+00   C at   34  2
       a =-16.000      CL = -1.0087
      Cm = -0.0722     CD =  0.04266   =>   CDf =  0.00495    CDp =  0.03771

 Side 1  free  transition at x/c =  0.9989   63
 Side 2  free  transition at x/c =  0.0262   34

 106   rms: 0.5040E-02   max: -.1044E+00   C at   34  2
       a =-16.000      CL = -1.0087
      Cm = -0.0722     CD =  0.04266   =>   CDf =  0.00495    CDp =  0.03771

 Side 1  free  transition at x/c =  0.9989   63
 Side 2  free  transition at x/c =  0.0262   34

 107   rms: 0.5039E-02   max: -.1044E+00   C at   34  2
       a =-16.000      CL = -1.0087
      Cm = -0.0722     CD =  0.04266   =>   CDf =  0.00495    CDp =  0.03771

 Side 1  free  transition at x/c =  0.9989   63
 Side 2  free  transition at x/c =  0.0262   34

 108   rms: 0.5039E-02   max: -.1044E+00   C at   34  2
       a =-16.000      CL = -1.0087
      Cm = -0.0722     CD =  0.04266   =>   CDf =  0.00495    CDp =  0.03771

 Side 1  free  transition at x/c =  0.9989   63
 Side 2  free  transition at x/c =  0.0262   34

 109   rms: 0.5039E-02   max: -.1044E+00   C at   34  2
       a =-16.000      CL = -1.0087
      Cm = -0.0722     CD =  0.04266   =>   CDf =  0.00495    CDp =  0.03771

 Side 1  free  transition at x/c =  0.9989   63
 Side 2  free  transition at x/c =  0.0262   34

 110   rms: 0.5039E-02   max: -.1044E+00   C at   34  2
       a =-16.000      CL = -1.0087
      Cm = -0.0722     CD =  0.04266   =>   CDf =  0.00495    CDp =  0.03771

 Side 1  free  transition at x/c =  0.9989   63
 Side 2  free  transition at x/c =  0.0262   34

 111   rms: 0.5039E-02   max: -.1044E+00   C at   34  2
       a =-16.000      CL = -1.0087
      Cm = -0.0722     CD =  0.04266   =>   CDf =  0.00495    CDp =  0.03771

 Side 1  free  transition at x/c =  0.9989   63
 Side 2  free  transition at x/c =  0.0262   34

 112   rms: 0.5039E-02   max: -.1044E+00   C at   34  2
       a =-16.000      CL = -1.0087
      Cm = -0.0722     CD =  0.04266   =>   CDf =  0.00495    CDp =  0.03771

 Side 1  free  transition at x/c =  0.9989   63
 Side 2  free  transition at x/c =  0.0262   34

 113   rms: 0.5039E-02   max: -.1044E+00   C at   34  2
       a =-16.000      CL = -1.0087
      Cm = -0.0722     CD =  0.04266   =>   CDf =  0.00495    CDp =  0.03771

 Side 1  free  transition at x/c =  0.9989   63
 Side 2  free  transition at x/c =  0.0262   34

 114   rms: 0.5039E-02   max: -.1044E+00   C at   34  2
       a =-16.000      CL = -1.0087
      Cm = -0.0722     CD =  0.04266   =>   CDf =  0.00495    CDp =  0.03771

 Side 1  free  transition at x/c =  0.9989   63
 Side 2  free  transition at x/c =  0.0262   34

 115   rms: 0.5039E-02   max: -.1044E+00   C at   34  2
       a =-16.000      CL = -1.0087
      Cm = -0.0722     CD =  0.04266   =>   CDf =  0.00495    CDp =  0.03771

 Side 1  free  transition at x/c =  0.9989   63
 Side 2  free  transition at x/c =  0.0262   34

 116   rms: 0.5039E-02   max: -.1044E+00   C at   34  2
       a =-16.000      CL = -1.0087
      Cm = -0.0722     CD =  0.04266   =>   CDf =  0.00495    CDp =  0.03771

 Side 1  free  transition at x/c =  0.9989   63
 Side 2  free  transition at x/c =  0.0262   34

 117   rms: 0.5039E-02   max: -.1044E+00   C at   34  2
       a =-16.000      CL = -1.0087
      Cm = -0.0722     CD =  0.04266   =>   CDf =  0.00495    CDp =  0.03771

 Side 1  free  transition at x/c =  0.9989   63
 Side 2  free  transition at x/c =  0.0262   34

 118   rms: 0.5039E-02   max: -.1044E+00   C at   34  2
       a =-16.000      CL = -1.0087
      Cm = -0.0722     CD =  0.04266   =>   CDf =  0.00495    CDp =  0.03771

 Side 1  free  transition at x/c =  0.9989   63
 Side 2  free  transition at x/c =  0.0262   34

 119   rms: 0.5039E-02   max: -.1044E+00   C at   34  2
       a =-16.000      CL = -1.0087
      Cm = -0.0722     CD =  0.04266   =>   CDf =  0.00495    CDp =  0.03771

 Side 1  free  transition at x/c =  0.9989   63
 Side 2  free  transition at x/c =  0.0262   34

 120   rms: 0.5039E-02   max: -.1044E+00   C at   34  2
       a =-16.000      CL = -1.0087
      Cm = -0.0722     CD =  0.04266   =>   CDf =  0.00495    CDp =  0.03771

 Side 1  free  transition at x/c =  0.9989   63
 Side 2  free  transition at x/c =  0.0262   34

 121   rms: 0.5039E-02   max: -.1044E+00   C at   34  2
       a =-16.000      CL = -1.0087
      Cm = -0.0722     CD =  0.04266   =>   CDf =  0.00495    CDp =  0.03771

 Side 1  free  transition at x/c =  0.9989   63
 Side 2  free  transition at x/c =  0.0262   34

 122   rms: 0.5039E-02   max: -.1044E+00   C at   34  2
       a =-16.000      CL = -1.0087
      Cm = -0.0722     CD =  0.04266   =>   CDf =  0.00495    CDp =  0.03771

 Side 1  free  transition at x/c =  0.9989   63
 Side 2  free  transition at x/c =  0.0262   34

 123   rms: 0.5039E-02   max: -.1044E+00   C at   34  2
       a =-16.000      CL = -1.0087
      Cm = -0.0722     CD =  0.04266   =>   CDf =  0.00495    CDp =  0.03771

 Side 1  free  transition at x/c =  0.9989   63
 Side 2  free  transition at x/c =  0.0262   34

 124   rms: 0.5039E-02   max: -.1044E+00   C at   34  2
       a =-16.000      CL = -1.0087
      Cm = -0.0722     CD =  0.04266   =>   CDf =  0.00495    CDp =  0.03771

 Side 1  free  transition at x/c =  0.9989   63
 Side 2  free  transition at x/c =  0.0262   34

 125   rms: 0.5039E-02   max: -.1044E+00   C at   34  2
       a =-16.000      CL = -1.0087
      Cm = -0.0722     CD =  0.04266   =>   CDf =  0.00495    CDp =  0.03771

 Side 1  free  transition at x/c =  0.9989   63
 Side 2  free  transition at x/c =  0.0262   34

 126   rms: 0.5040E-02   max: -.1044E+00   C at   34  2
       a =-16.000      CL = -1.0087
      Cm = -0.0722     CD =  0.04266   =>   CDf =  0.00495    CDp =  0.03771

 Side 1  free  transition at x/c =  0.9989   63
 Side 2  free  transition at x/c =  0.0262   34

 127   rms: 0.5039E-02   max: -.1044E+00   C at   34  2
       a =-16.000      CL = -1.0087
      Cm = -0.0722     CD =  0.04266   =>   CDf =  0.00495    CDp =  0.03771

 Side 1  free  transition at x/c =  0.9989   63
 Side 2  free  transition at x/c =  0.0262   34

 128   rms: 0.5039E-02   max: -.1044E+00   C at   34  2
       a =-16.000      CL = -1.0087
      Cm = -0.0722     CD =  0.04266   =>   CDf =  0.00495    CDp =  0.03771

 Side 1  free  transition at x/c =  0.9989   63
 Side 2  free  transition at x/c =  0.0262   34

 129   rms: 0.5039E-02   max: -.1044E+00   C at   34  2
       a =-16.000      CL = -1.0087
      Cm = -0.0722     CD =  0.04266   =>   CDf =  0.00495    CDp =  0.03771

 Side 1  free  transition at x/c =  0.9989   63
 Side 2  free  transition at x/c =  0.0262   34

 130   rms: 0.5039E-02   max: -.1044E+00   C at   34  2
       a =-16.000      CL = -1.0087
      Cm = -0.0722     CD =  0.04266   =>   CDf =  0.00495    CDp =  0.03771

 Side 1  free  transition at x/c =  0.9989   63
 Side 2  free  transition at x/c =  0.0262   34

 131   rms: 0.5039E-02   max: -.1044E+00   C at   34  2
       a =-16.000      CL = -1.0087
      Cm = -0.0722     CD =  0.04266   =>   CDf =  0.00495    CDp =  0.03771

 Side 1  free  transition at x/c =  0.9989   63
 Side 2  free  transition at x/c =  0.0262   34

 132   rms: 0.5039E-02   max: -.1044E+00   C at   34  2
       a =-16.000      CL = -1.0087
      Cm = -0.0722     CD =  0.04266   =>   CDf =  0.00495    CDp =  0.03771

 Side 1  free  transition at x/c =  0.9989   63
 Side 2  free  transition at x/c =  0.0262   34

 133   rms: 0.5039E-02   max: -.1044E+00   C at   34  2
       a =-16.000      CL = -1.0087
      Cm = -0.0722     CD =  0.04266   =>   CDf =  0.00495    CDp =  0.03771

 Side 1  free  transition at x/c =  0.9989   63
 Side 2  free  transition at x/c =  0.0262   34

 134   rms: 0.5039E-02   max: -.1044E+00   C at   34  2
       a =-16.000      CL = -1.0087
      Cm = -0.0722     CD =  0.04266   =>   CDf =  0.00495    CDp =  0.03771

 Side 1  free  transition at x/c =  0.9989   63
 Side 2  free  transition at x/c =  0.0262   34

 135   rms: 0.5039E-02   max: -.1044E+00   C at   34  2
       a =-16.000      CL = -1.0087
      Cm = -0.0722     CD =  0.04266   =>   CDf =  0.00495    CDp =  0.03771

 Side 1  free  transition at x/c =  0.9989   63
 Side 2  free  transition at x/c =  0.0262   34

 136   rms: 0.5039E-02   max: -.1044E+00   C at   34  2
       a =-16.000      CL = -1.0087
      Cm = -0.0722     CD =  0.04266   =>   CDf =  0.00495    CDp =  0.03771

 Side 1  free  transition at x/c =  0.9989   63
 Side 2  free  transition at x/c =  0.0262   34

 137   rms: 0.5039E-02   max: -.1044E+00   C at   34  2
       a =-16.000      CL = -1.0087
      Cm = -0.0722     CD =  0.04266   =>   CDf =  0.00495    CDp =  0.03771

 MRCHDU: Convergence failed at  63  side 1    Res =  0.8394E-05
 Side 1  free  transition at x/c =  0.9989   63
 Side 2  free  transition at x/c =  0.0262   34

 138   rms: 0.5039E-02   max: -.1044E+00   C at   34  2
       a =-16.000      CL = -1.0087
      Cm = -0.0722     CD =  0.04266   =>   CDf =  0.00495    CDp =  0.03771

 Side 1  free  transition at x/c =  0.9989   63
 Side 2  free  transition at x/c =  0.0262   34

 139   rms: 0.5039E-02   max: -.1044E+00   C at   34  2
       a =-16.000      CL = -1.0087
      Cm = -0.0722     CD =  0.04266   =>   CDf =  0.00495    CDp =  0.03771

 Side 1  free  transition at x/c =  0.9989   63
 Side 2  free  transition at x/c =  0.0262   34

 140   rms: 0.5039E-02   max: -.1044E+00   C at   34  2
       a =-16.000      CL = -1.0087
      Cm = -0.0722     CD =  0.04266   =>   CDf =  0.00495    CDp =  0.03771

 Side 1  free  transition at x/c =  0.9989   63
 Side 2  free  transition at x/c =  0.0262   34

 141   rms: 0.5039E-02   max: -.1044E+00   C at   34  2
       a =-16.000      CL = -1.0087
      Cm = -0.0722     CD =  0.04266   =>   CDf =  0.00495    CDp =  0.03771

 Side 1  free  transition at x/c =  0.9989   63
 Side 2  free  transition at x/c =  0.0262   34

 142   rms: 0.5039E-02   max: -.1044E+00   C at   34  2
       a =-16.000      CL = -1.0087
      Cm = -0.0722     CD =  0.04266   =>   CDf =  0.00495    CDp =  0.03771

 Side 1  free  transition at x/c =  0.9989   63
 Side 2  free  transition at x/c =  0.0262   34

 143   rms: 0.5039E-02   max: -.1044E+00   C at   34  2
       a =-16.000      CL = -1.0087
      Cm = -0.0722     CD =  0.04266   =>   CDf =  0.00495    CDp =  0.03771

 Side 1  free  transition at x/c =  0.9989   63
 Side 2  free  transition at x/c =  0.0262   34

 144   rms: 0.5039E-02   max: -.1044E+00   C at   34  2
       a =-16.000      CL = -1.0087
      Cm = -0.0722     CD =  0.04266   =>   CDf =  0.00495    CDp =  0.03771

 Side 1  free  transition at x/c =  0.9989   63
 Side 2  free  transition at x/c =  0.0262   34

 145   rms: 0.5040E-02   max: -.1044E+00   C at   34  2
       a =-16.000      CL = -1.0087
      Cm = -0.0722     CD =  0.04266   =>   CDf =  0.00495    CDp =  0.03771

 Side 1  free  transition at x/c =  0.9989   63
 Side 2  free  transition at x/c =  0.0262   34

 146   rms: 0.5039E-02   max: -.1044E+00   C at   34  2
       a =-16.000      CL = -1.0087
      Cm = -0.0722     CD =  0.04266   =>   CDf =  0.00495    CDp =  0.03771

 Side 1  free  transition at x/c =  0.9989   63
 Side 2  free  transition at x/c =  0.0262   34

 147   rms: 0.5039E-02   max: -.1044E+00   C at   34  2
       a =-16.000      CL = -1.0087
      Cm = -0.0722     CD =  0.04266   =>   CDf =  0.00495    CDp =  0.03771

 Side 1  free  transition at x/c =  0.9989   63
 Side 2  free  transition at x/c =  0.0262   34

 148   rms: 0.5039E-02   max: -.1044E+00   C at   34  2
       a =-16.000      CL = -1.0087
      Cm = -0.0722     CD =  0.04266   =>   CDf =  0.00495    CDp =  0.03771

 Side 1  free  transition at x/c =  0.9989   63
 Side 2  free  transition at x/c =  0.0262   34

 149   rms: 0.5039E-02   max: -.1044E+00   C at   34  2
       a =-16.000      CL = -1.0087
      Cm = -0.0722     CD =  0.04266   =>   CDf =  0.00495    CDp =  0.03771

 Side 1  free  transition at x/c =  0.9989   63
 Side 2  free  transition at x/c =  0.0262   34

 150   rms: 0.5039E-02   max: -.1044E+00   C at   34  2
       a =-16.000      CL = -1.0087
      Cm = -0.0722     CD =  0.04266   =>   CDf =  0.00495    CDp =  0.03771

 Side 1  free  transition at x/c =  0.9989   63
 Side 2  free  transition at x/c =  0.0262   34

 151   rms: 0.5039E-02   max: -.1044E+00   C at   34  2
       a =-16.000      CL = -1.0087
      Cm = -0.0722     CD =  0.04266   =>   CDf =  0.00495    CDp =  0.03771

 Side 1  free  transition at x/c =  0.9989   63
 Side 2  free  transition at x/c =  0.0262   34

 152   rms: 0.5039E-02   max: -.1044E+00   C at   34  2
       a =-16.000      CL = -1.0087
      Cm = -0.0722     CD =  0.04266   =>   CDf =  0.00495    CDp =  0.03771

 Side 1  free  transition at x/c =  0.9989   63
 Side 2  free  transition at x/c =  0.0262   34

 153   rms: 0.5039E-02   max: -.1044E+00   C at   34  2
       a =-16.000      CL = -1.0087
      Cm = -0.0722     CD =  0.04266   =>   CDf =  0.00495    CDp =  0.03771

 Side 1  free  transition at x/c =  0.9989   63
 Side 2  free  transition at x/c =  0.0262   34

 154   rms: 0.5039E-02   max: -.1044E+00   C at   34  2
       a =-16.000      CL = -1.0087
      Cm = -0.0722     CD =  0.04266   =>   CDf =  0.00495    CDp =  0.03771

 MRCHDU: Convergence failed at  63  side 1    Res =  0.8319E-05
 Side 1  free  transition at x/c =  0.9989   63
 Side 2  free  transition at x/c =  0.0262   34

 155   rms: 0.5039E-02   max: -.1044E+00   C at   34  2
       a =-16.000      CL = -1.0087
      Cm = -0.0722     CD =  0.04266   =>   CDf =  0.00495    CDp =  0.03771

 Side 1  free  transition at x/c =  0.9989   63
 Side 2  free  transition at x/c =  0.0262   34

 156   rms: 0.5039E-02   max: -.1044E+00   C at   34  2
       a =-16.000      CL = -1.0087
      Cm = -0.0722     CD =  0.04266   =>   CDf =  0.00495    CDp =  0.03771

 Side 1  free  transition at x/c =  0.9989   63
 Side 2  free  transition at x/c =  0.0262   34

 157   rms: 0.5039E-02   max: -.1044E+00   C at   34  2
       a =-16.000      CL = -1.0087
      Cm = -0.0722     CD =  0.04266   =>   CDf =  0.00495    CDp =  0.03771

 Side 1  free  transition at x/c =  0.9989   63
 Side 2  free  transition at x/c =  0.0262   34

 158   rms: 0.5039E-02   max: -.1044E+00   C at   34  2
       a =-16.000      CL = -1.0087
      Cm = -0.0722     CD =  0.04266   =>   CDf =  0.00495    CDp =  0.03771

 Side 1  free  transition at x/c =  0.9989   63
 Side 2  free  transition at x/c =  0.0262   34

 159   rms: 0.5039E-02   max: -.1044E+00   C at   34  2
       a =-16.000      CL = -1.0087
      Cm = -0.0722     CD =  0.04266   =>   CDf =  0.00495    CDp =  0.03771

 Side 1  free  transition at x/c =  0.9989   63
 Side 2  free  transition at x/c =  0.0262   34

 160   rms: 0.5039E-02   max: -.1044E+00   C at   34  2
       a =-16.000      CL = -1.0087
      Cm = -0.0722     CD =  0.04266   =>   CDf =  0.00495    CDp =  0.03771

 MRCHDU: Convergence failed at  63  side 1    Res =  0.8420E-05
 Side 1  free  transition at x/c =  0.9989   63
 Side 2  free  transition at x/c =  0.0262   34

 161   rms: 0.5039E-02   max: -.1044E+00   C at   34  2
       a =-16.000      CL = -1.0087
      Cm = -0.0722     CD =  0.04266   =>   CDf =  0.00495    CDp =  0.03771

 Side 1  free  transition at x/c =  0.9989   63
 Side 2  free  transition at x/c =  0.0262   34

 162   rms: 0.5039E-02   max: -.1044E+00   C at   34  2
       a =-16.000      CL = -1.0087
      Cm = -0.0722     CD =  0.04266   =>   CDf =  0.00495    CDp =  0.03771

 Side 1  free  transition at x/c =  0.9989   63
 Side 2  free  transition at x/c =  0.0262   34

 163   rms: 0.5039E-02   max: -.1044E+00   C at   34  2
       a =-16.000      CL = -1.0087
      Cm = -0.0722     CD =  0.04266   =>   CDf =  0.00495    CDp =  0.03771

 Side 1  free  transition at x/c =  0.9989   63
 Side 2  free  transition at x/c =  0.0262   34

 164   rms: 0.5039E-02   max: -.1044E+00   C at   34  2
       a =-16.000      CL = -1.0087
      Cm = -0.0722     CD =  0.04266   =>   CDf =  0.00495    CDp =  0.03771

 Side 1  free  transition at x/c =  0.9989   63
 Side 2  free  transition at x/c =  0.0262   34

 165   rms: 0.5039E-02   max: -.1044E+00   C at   34  2
       a =-16.000      CL = -1.0087
      Cm = -0.0722     CD =  0.04266   =>   CDf =  0.00495    CDp =  0.03771

 MRCHDU: Convergence failed at  63  side 1    Res =  0.8287E-05
 Side 1  free  transition at x/c =  0.9989   63
 Side 2  free  transition at x/c =  0.0262   34

 166   rms: 0.5039E-02   max: -.1044E+00   C at   34  2
       a =-16.000      CL = -1.0087
      Cm = -0.0722     CD =  0.04266   =>   CDf =  0.00495    CDp =  0.03771

 Side 1  free  transition at x/c =  0.9989   63
 Side 2  free  transition at x/c =  0.0262   34

 167   rms: 0.5040E-02   max: -.1044E+00   C at   34  2
       a =-16.000      CL = -1.0087
      Cm = -0.0722     CD =  0.04266   =>   CDf =  0.00495    CDp =  0.03771

 Side 1  free  transition at x/c =  0.9989   63
 Side 2  free  transition at x/c =  0.0262   34

 168   rms: 0.5039E-02   max: -.1044E+00   C at   34  2
       a =-16.000      CL = -1.0087
      Cm = -0.0722     CD =  0.04266   =>   CDf =  0.00495    CDp =  0.03771

 Side 1  free  transition at x/c =  0.9989   63
 Side 2  free  transition at x/c =  0.0262   34

 169   rms: 0.5039E-02   max: -.1044E+00   C at   34  2
       a =-16.000      CL = -1.0087
      Cm = -0.0722     CD =  0.04266   =>   CDf =  0.00495    CDp =  0.03771

 Side 1  free  transition at x/c =  0.9989   63
 Side 2  free  transition at x/c =  0.0262   34

 170   rms: 0.5039E-02   max: -.1044E+00   C at   34  2
       a =-16.000      CL = -1.0087
      Cm = -0.0722     CD =  0.04266   =>   CDf =  0.00495    CDp =  0.03771

 Side 1  free  transition at x/c =  0.9989   63
 Side 2  free  transition at x/c =  0.0262   34

 171   rms: 0.5039E-02   max: -.1044E+00   C at   34  2
       a =-16.000      CL = -1.0087
      Cm = -0.0722     CD =  0.04266   =>   CDf =  0.00495    CDp =  0.03771

 Side 1  free  transition at x/c =  0.9989   63
 Side 2  free  transition at x/c =  0.0262   34

 172   rms: 0.5039E-02   max: -.1044E+00   C at   34  2
       a =-16.000      CL = -1.0087
      Cm = -0.0722     CD =  0.04266   =>   CDf =  0.00495    CDp =  0.03771

 Side 1  free  transition at x/c =  0.9989   63
 Side 2  free  transition at x/c =  0.0262   34

 173   rms: 0.5039E-02   max: -.1044E+00   C at   34  2
       a =-16.000      CL = -1.0087
      Cm = -0.0722     CD =  0.04266   =>   CDf =  0.00495    CDp =  0.03771

 Side 1  free  transition at x/c =  0.9989   63
 Side 2  free  transition at x/c =  0.0262   34

 174   rms: 0.5039E-02   max: -.1044E+00   C at   34  2
       a =-16.000      CL = -1.0087
      Cm = -0.0722     CD =  0.04266   =>   CDf =  0.00495    CDp =  0.03771

 MRCHDU: Convergence failed at  63  side 1    Res =  0.8263E-05
 Side 1  free  transition at x/c =  0.9989   63
 Side 2  free  transition at x/c =  0.0262   34

 175   rms: 0.5039E-02   max: -.1044E+00   C at   34  2
       a =-16.000      CL = -1.0087
      Cm = -0.0722     CD =  0.04266   =>   CDf =  0.00495    CDp =  0.03771

 Side 1  free  transition at x/c =  0.9989   63
 Side 2  free  transition at x/c =  0.0262   34

 176   rms: 0.5039E-02   max: -.1044E+00   C at   34  2
       a =-16.000      CL = -1.0087
      Cm = -0.0722     CD =  0.04266   =>   CDf =  0.00495    CDp =  0.03771

 Side 1  free  transition at x/c =  0.9989   63
 Side 2  free  transition at x/c =  0.0262   34

 177   rms: 0.5039E-02   max: -.1044E+00   C at   34  2
       a =-16.000      CL = -1.0087
      Cm = -0.0722     CD =  0.04266   =>   CDf =  0.00495    CDp =  0.03771

 Side 1  free  transition at x/c =  0.9989   63
 Side 2  free  transition at x/c =  0.0262   34

 178   rms: 0.5039E-02   max: -.1044E+00   C at   34  2
       a =-16.000      CL = -1.0087
      Cm = -0.0722     CD =  0.04266   =>   CDf =  0.00495    CDp =  0.03771

 Side 1  free  transition at x/c =  0.9989   63
 Side 2  free  transition at x/c =  0.0262   34

 179   rms: 0.5039E-02   max: -.1044E+00   C at   34  2
       a =-16.000      CL = -1.0087
      Cm = -0.0722     CD =  0.04266   =>   CDf =  0.00495    CDp =  0.03771

 Side 1  free  transition at x/c =  0.9989   63
 Side 2  free  transition at x/c =  0.0262   34

 180   rms: 0.5039E-02   max: -.1044E+00   C at   34  2
       a =-16.000      CL = -1.0087
      Cm = -0.0722     CD =  0.04266   =>   CDf =  0.00495    CDp =  0.03771

 Side 1  free  transition at x/c =  0.9989   63
 Side 2  free  transition at x/c =  0.0262   34

 181   rms: 0.5039E-02   max: -.1044E+00   C at   34  2
       a =-16.000      CL = -1.0087
      Cm = -0.0722     CD =  0.04266   =>   CDf =  0.00495    CDp =  0.03771

 Side 1  free  transition at x/c =  0.9989   63
 Side 2  free  transition at x/c =  0.0262   34

 182   rms: 0.5039E-02   max: -.1044E+00   C at   34  2
       a =-16.000      CL = -1.0087
      Cm = -0.0722     CD =  0.04266   =>   CDf =  0.00495    CDp =  0.03771

 MRCHDU: Convergence failed at  63  side 1    Res =  0.8334E-05
 Side 1  free  transition at x/c =  0.9989   63
 Side 2  free  transition at x/c =  0.0262   34

 183   rms: 0.5039E-02   max: -.1044E+00   C at   34  2
       a =-16.000      CL = -1.0087
      Cm = -0.0722     CD =  0.04266   =>   CDf =  0.00495    CDp =  0.03771

 Side 1  free  transition at x/c =  0.9989   63
 Side 2  free  transition at x/c =  0.0262   34

 184   rms: 0.5039E-02   max: -.1044E+00   C at   34  2
       a =-16.000      CL = -1.0087
      Cm = -0.0722     CD =  0.04266   =>   CDf =  0.00495    CDp =  0.03771

 Side 1  free  transition at x/c =  0.9989   63
 Side 2  free  transition at x/c =  0.0262   34

 185   rms: 0.5039E-02   max: -.1044E+00   C at   34  2
       a =-16.000      CL = -1.0087
      Cm = -0.0722     CD =  0.04266   =>   CDf =  0.00495    CDp =  0.03771

 Side 1  free  transition at x/c =  0.9989   63
 Side 2  free  transition at x/c =  0.0262   34

 186   rms: 0.5039E-02   max: -.1044E+00   C at   34  2
       a =-16.000      CL = -1.0087
      Cm = -0.0722     CD =  0.04266   =>   CDf =  0.00495    CDp =  0.03771

 Side 1  free  transition at x/c =  0.9989   63
 Side 2  free  transition at x/c =  0.0262   34

 187   rms: 0.5039E-02   max: -.1044E+00   C at   34  2
       a =-16.000      CL = -1.0087
      Cm = -0.0722     CD =  0.04266   =>   CDf =  0.00495    CDp =  0.03771

 Side 1  free  transition at x/c =  0.9989   63
 Side 2  free  transition at x/c =  0.0262   34

 188   rms: 0.5039E-02   max: -.1044E+00   C at   34  2
       a =-16.000      CL = -1.0087
      Cm = -0.0722     CD =  0.04266   =>   CDf =  0.00495    CDp =  0.03771

 Side 1  free  transition at x/c =  0.9989   63
 Side 2  free  transition at x/c =  0.0262   34

 189   rms: 0.5039E-02   max: -.1044E+00   C at   34  2
       a =-16.000      CL = -1.0087
      Cm = -0.0722     CD =  0.04266   =>   CDf =  0.00495    CDp =  0.03771

 MRCHDU: Convergence failed at  63  side 1    Res =  0.8185E-05
 Side 1  free  transition at x/c =  0.9989   63
 Side 2  free  transition at x/c =  0.0262   34

 190   rms: 0.5039E-02   max: -.1044E+00   C at   34  2
       a =-16.000      CL = -1.0087
      Cm = -0.0722     CD =  0.04266   =>   CDf =  0.00495    CDp =  0.03771

 Side 1  free  transition at x/c =  0.9989   63
 Side 2  free  transition at x/c =  0.0262   34

 191   rms: 0.5039E-02   max: -.1044E+00   C at   34  2
       a =-16.000      CL = -1.0087
      Cm = -0.0722     CD =  0.04266   =>   CDf =  0.00495    CDp =  0.03771

 Side 1  free  transition at x/c =  0.9989   63
 Side 2  free  transition at x/c =  0.0262   34

 192   rms: 0.5039E-02   max: -.1044E+00   C at   34  2
       a =-16.000      CL = -1.0087
      Cm = -0.0722     CD =  0.04266   =>   CDf =  0.00495    CDp =  0.03771

 Side 1  free  transition at x/c =  0.9989   63
 Side 2  free  transition at x/c =  0.0262   34

 193   rms: 0.5039E-02   max: -.1044E+00   C at   34  2
       a =-16.000      CL = -1.0087
      Cm = -0.0722     CD =  0.04266   =>   CDf =  0.00495    CDp =  0.03771

 Side 1  free  transition at x/c =  0.9989   63
 Side 2  free  transition at x/c =  0.0262   34

 194   rms: 0.5039E-02   max: -.1044E+00   C at   34  2
       a =-16.000      CL = -1.0087
      Cm = -0.0722     CD =  0.04266   =>   CDf =  0.00495    CDp =  0.03771

 Side 1  free  transition at x/c =  0.9989   63
 Side 2  free  transition at x/c =  0.0262   34

 195   rms: 0.5039E-02   max: -.1044E+00   C at   34  2
       a =-16.000      CL = -1.0087
      Cm = -0.0722     CD =  0.04266   =>   CDf =  0.00495    CDp =  0.03771

 Side 1  free  transition at x/c =  0.9989   63
 Side 2  free  transition at x/c =  0.0262   34

 196   rms: 0.5039E-02   max: -.1044E+00   C at   34  2
       a =-16.000      CL = -1.0087
      Cm = -0.0722     CD =  0.04266   =>   CDf =  0.00495    CDp =  0.03771

 Side 1  free  transition at x/c =  0.9989   63
 Side 2  free  transition at x/c =  0.0262   34

 197   rms: 0.5039E-02   max: -.1044E+00   C at   34  2
       a =-16.000      CL = -1.0087
      Cm = -0.0722     CD =  0.04266   =>   CDf =  0.00495    CDp =  0.03771

 Side 1  free  transition at x/c =  0.9989   63
 Side 2  free  transition at x/c =  0.0262   34

 198   rms: 0.5039E-02   max: -.1044E+00   C at   34  2
       a =-16.000      CL = -1.0087
      Cm = -0.0722     CD =  0.04266   =>   CDf =  0.00495    CDp =  0.03771

 Side 1  free  transition at x/c =  0.9989   63
 Side 2  free  transition at x/c =  0.0262   34

 199   rms: 0.5039E-02   max: -.1044E+00   C at   34  2
       a =-16.000      CL = -1.0087
      Cm = -0.0722     CD =  0.04266   =>   CDf =  0.00495    CDp =  0.03771

 Side 1  free  transition at x/c =  0.9989   63
 Side 2  free  transition at x/c =  0.0262   34

 200   rms: 0.5039E-02   max: -.1044E+00   C at   34  2
       a =-16.000      CL = -1.0087
      Cm = -0.0722     CD =  0.04266   =>   CDf =  0.00495    CDp =  0.03771

 Side 1  free  transition at x/c =  0.9989   63
 Side 2  free  transition at x/c =  0.0262   34

 201   rms: 0.5039E-02   max: -.1044E+00   C at   34  2
       a =-16.000      CL = -1.0087
      Cm = -0.0722     CD =  0.04266   =>   CDf =  0.00495    CDp =  0.03771

 Side 1  free  transition at x/c =  0.9989   63
 Side 2  free  transition at x/c =  0.0262   34

 202   rms: 0.5039E-02   max: -.1044E+00   C at   34  2
       a =-16.000      CL = -1.0087
      Cm = -0.0722     CD =  0.04266   =>   CDf =  0.00495    CDp =  0.03771

 Side 1  free  transition at x/c =  0.9989   63
 Side 2  free  transition at x/c =  0.0262   34

 203   rms: 0.5039E-02   max: -.1044E+00   C at   34  2
       a =-16.000      CL = -1.0087
      Cm = -0.0722     CD =  0.04266   =>   CDf =  0.00495    CDp =  0.03771

 Side 1  free  transition at x/c =  0.9989   63
 Side 2  free  transition at x/c =  0.0262   34

 204   rms: 0.5039E-02   max: -.1044E+00   C at   34  2
       a =-16.000      CL = -1.0087
      Cm = -0.0722     CD =  0.04266   =>   CDf =  0.00495    CDp =  0.03771

 Side 1  free  transition at x/c =  0.9989   63
 Side 2  free  transition at x/c =  0.0262   34

 205   rms: 0.5039E-02   max: -.1044E+00   C at   34  2
       a =-16.000      CL = -1.0087
      Cm = -0.0722     CD =  0.04266   =>   CDf =  0.00495    CDp =  0.03771

 Side 1  free  transition at x/c =  0.9989   63
 Side 2  free  transition at x/c =  0.0262   34

 206   rms: 0.5039E-02   max: -.1044E+00   C at   34  2
       a =-16.000      CL = -1.0087
      Cm = -0.0722     CD =  0.04266   =>   CDf =  0.00495    CDp =  0.03771

 Side 1  free  transition at x/c =  0.9989   63
 Side 2  free  transition at x/c =  0.0262   34

 207   rms: 0.5039E-02   max: -.1044E+00   C at   34  2
       a =-16.000      CL = -1.0087
      Cm = -0.0722     CD =  0.04266   =>   CDf =  0.00495    CDp =  0.03771

 Side 1  free  transition at x/c =  0.9989   63
 Side 2  free  transition at x/c =  0.0262   34

 208   rms: 0.5039E-02   max: -.1044E+00   C at   34  2
       a =-16.000      CL = -1.0087
      Cm = -0.0722     CD =  0.04266   =>   CDf =  0.00495    CDp =  0.03771

 Side 1  free  transition at x/c =  0.9989   63
 Side 2  free  transition at x/c =  0.0262   34

 209   rms: 0.5039E-02   max: -.1044E+00   C at   34  2
       a =-16.000      CL = -1.0087
      Cm = -0.0722     CD =  0.04266   =>   CDf =  0.00495    CDp =  0.03771

 Side 1  free  transition at x/c =  0.9989   63
 Side 2  free  transition at x/c =  0.0262   34

 210   rms: 0.5039E-02   max: -.1044E+00   C at   34  2
       a =-16.000      CL = -1.0087
      Cm = -0.0722     CD =  0.04266   =>   CDf =  0.00495    CDp =  0.03771

 Side 1  free  transition at x/c =  0.9989   63
 Side 2  free  transition at x/c =  0.0262   34

 211   rms: 0.5039E-02   max: -.1044E+00   C at   34  2
       a =-16.000      CL = -1.0087
      Cm = -0.0722     CD =  0.04266   =>   CDf =  0.00495    CDp =  0.03771

 Side 1  free  transition at x/c =  0.9989   63
 Side 2  free  transition at x/c =  0.0262   34

 212   rms: 0.5039E-02   max: -.1044E+00   C at   34  2
       a =-16.000      CL = -1.0087
      Cm = -0.0722     CD =  0.04266   =>   CDf =  0.00495    CDp =  0.03771

 Side 1  free  transition at x/c =  0.9989   63
 Side 2  free  transition at x/c =  0.0262   34

 213   rms: 0.5039E-02   max: -.1044E+00   C at   34  2
       a =-16.000      CL = -1.0087
      Cm = -0.0722     CD =  0.04266   =>   CDf =  0.00495    CDp =  0.03771

 Side 1  free  transition at x/c =  0.9989   63
 Side 2  free  transition at x/c =  0.0262   34

 214   rms: 0.5040E-02   max: -.1044E+00   C at   34  2
       a =-16.000      CL = -1.0087
      Cm = -0.0722     CD =  0.04266   =>   CDf =  0.00495    CDp =  0.03771

 Side 1  free  transition at x/c =  0.9989   63
 Side 2  free  transition at x/c =  0.0262   34

 215   rms: 0.5039E-02   max: -.1044E+00   C at   34  2
       a =-16.000      CL = -1.0087
      Cm = -0.0722     CD =  0.04266   =>   CDf =  0.00495    CDp =  0.03771

 Side 1  free  transition at x/c =  0.9989   63
 Side 2  free  transition at x/c =  0.0262   34

 216   rms: 0.5039E-02   max: -.1044E+00   C at   34  2
       a =-16.000      CL = -1.0087
      Cm = -0.0722     CD =  0.04266   =>   CDf =  0.00495    CDp =  0.03771

 Side 1  free  transition at x/c =  0.9989   63
 Side 2  free  transition at x/c =  0.0262   34

 217   rms: 0.5039E-02   max: -.1044E+00   C at   34  2
       a =-16.000      CL = -1.0087
      Cm = -0.0722     CD =  0.04266   =>   CDf =  0.00495    CDp =  0.03771

 Side 1  free  transition at x/c =  0.9989   63
 Side 2  free  transition at x/c =  0.0262   34

 218   rms: 0.5040E-02   max: -.1044E+00   C at   34  2
       a =-16.000      CL = -1.0087
      Cm = -0.0722     CD =  0.04266   =>   CDf =  0.00495    CDp =  0.03771

 Side 1  free  transition at x/c =  0.9989   63
 Side 2  free  transition at x/c =  0.0262   34

 219   rms: 0.5039E-02   max: -.1044E+00   C at   34  2
       a =-16.000      CL = -1.0087
      Cm = -0.0722     CD =  0.04266   =>   CDf =  0.00495    CDp =  0.03771

 Side 1  free  transition at x/c =  0.9989   63
 Side 2  free  transition at x/c =  0.0262   34

 220   rms: 0.5039E-02   max: -.1044E+00   C at   34  2
       a =-16.000      CL = -1.0087
      Cm = -0.0722     CD =  0.04266   =>   CDf =  0.00495    CDp =  0.03771

 Side 1  free  transition at x/c =  0.9989   63
 Side 2  free  transition at x/c =  0.0262   34

 221   rms: 0.5039E-02   max: -.1044E+00   C at   34  2
       a =-16.000      CL = -1.0087
      Cm = -0.0722     CD =  0.04266   =>   CDf =  0.00495    CDp =  0.03771

 Side 1  free  transition at x/c =  0.9989   63
 Side 2  free  transition at x/c =  0.0262   34

 222   rms: 0.5039E-02   max: -.1044E+00   C at   34  2
       a =-16.000      CL = -1.0087
      Cm = -0.0722     CD =  0.04266   =>   CDf =  0.00495    CDp =  0.03771

 Side 1  free  transition at x/c =  0.9989   63
 Side 2  free  transition at x/c =  0.0262   34

 223   rms: 0.5039E-02   max: -.1044E+00   C at   34  2
       a =-16.000      CL = -1.0087
      Cm = -0.0722     CD =  0.04266   =>   CDf =  0.00495    CDp =  0.03771

 Side 1  free  transition at x/c =  0.9989   63
 Side 2  free  transition at x/c =  0.0262   34

 224   rms: 0.5040E-02   max: -.1044E+00   C at   34  2
       a =-16.000      CL = -1.0087
      Cm = -0.0722     CD =  0.04266   =>   CDf =  0.00495    CDp =  0.03771

 Side 1  free  transition at x/c =  0.9989   63
 Side 2  free  transition at x/c =  0.0262   34

 225   rms: 0.5040E-02   max: -.1044E+00   C at   34  2
       a =-16.000      CL = -1.0087
      Cm = -0.0722     CD =  0.04266   =>   CDf =  0.00495    CDp =  0.03771

 Side 1  free  transition at x/c =  0.9989   63
 Side 2  free  transition at x/c =  0.0262   34

 226   rms: 0.5040E-02   max: -.1044E+00   C at   34  2
       a =-16.000      CL = -1.0087
      Cm = -0.0722     CD =  0.04266   =>   CDf =  0.00495    CDp =  0.03771

 Side 1  free  transition at x/c =  0.9989   63
 Side 2  free  transition at x/c =  0.0262   34

 227   rms: 0.5039E-02   max: -.1044E+00   C at   34  2
       a =-16.000      CL = -1.0087
      Cm = -0.0722     CD =  0.04266   =>   CDf =  0.00495    CDp =  0.03771

 Side 1  free  transition at x/c =  0.9989   63
 Side 2  free  transition at x/c =  0.0262   34

 228   rms: 0.5039E-02   max: -.1044E+00   C at   34  2
       a =-16.000      CL = -1.0087
      Cm = -0.0722     CD =  0.04266   =>   CDf =  0.00495    CDp =  0.03771

 MRCHDU: Convergence failed at  63  side 1    Res =  0.8399E-05
 Side 1  free  transition at x/c =  0.9989   63
 Side 2  free  transition at x/c =  0.0262   34

 229   rms: 0.5040E-02   max: -.1044E+00   C at   34  2
       a =-16.000      CL = -1.0087
      Cm = -0.0722     CD =  0.04266   =>   CDf =  0.00495    CDp =  0.03771

 Side 1  free  transition at x/c =  0.9989   63
 Side 2  free  transition at x/c =  0.0262   34

 230   rms: 0.5039E-02   max: -.1044E+00   C at   34  2
       a =-16.000      CL = -1.0087
      Cm = -0.0722     CD =  0.04266   =>   CDf =  0.00495    CDp =  0.03771

 Side 1  free  transition at x/c =  0.9989   63
 Side 2  free  transition at x/c =  0.0262   34

 231   rms: 0.5039E-02   max: -.1044E+00   C at   34  2
       a =-16.000      CL = -1.0087
      Cm = -0.0722     CD =  0.04266   =>   CDf =  0.00495    CDp =  0.03771

 Side 1  free  transition at x/c =  0.9989   63
 Side 2  free  transition at x/c =  0.0262   34

 232   rms: 0.5039E-02   max: -.1044E+00   C at   34  2
       a =-16.000      CL = -1.0087
      Cm = -0.0722     CD =  0.04266   =>   CDf =  0.00495    CDp =  0.03771

 Side 1  free  transition at x/c =  0.9989   63
 Side 2  free  transition at x/c =  0.0262   34

 233   rms: 0.5039E-02   max: -.1044E+00   C at   34  2
       a =-16.000      CL = -1.0087
      Cm = -0.0722     CD =  0.04266   =>   CDf =  0.00495    CDp =  0.03771

 Side 1  free  transition at x/c =  0.9989   63
 Side 2  free  transition at x/c =  0.0262   34

 234   rms: 0.5039E-02   max: -.1044E+00   C at   34  2
       a =-16.000      CL = -1.0087
      Cm = -0.0722     CD =  0.04266   =>   CDf =  0.00495    CDp =  0.03771

 Side 1  free  transition at x/c =  0.9989   63
 Side 2  free  transition at x/c =  0.0262   34

 235   rms: 0.5040E-02   max: -.1044E+00   C at   34  2
       a =-16.000      CL = -1.0087
      Cm = -0.0722     CD =  0.04266   =>   CDf =  0.00495    CDp =  0.03771

 Side 1  free  transition at x/c =  0.9989   63
 Side 2  free  transition at x/c =  0.0262   34

 236   rms: 0.5040E-02   max: -.1044E+00   C at   34  2
       a =-16.000      CL = -1.0087
      Cm = -0.0722     CD =  0.04266   =>   CDf =  0.00495    CDp =  0.03771

 Side 1  free  transition at x/c =  0.9989   63
 Side 2  free  transition at x/c =  0.0262   34

 237   rms: 0.5039E-02   max: -.1044E+00   C at   34  2
       a =-16.000      CL = -1.0087
      Cm = -0.0722     CD =  0.04266   =>   CDf =  0.00495    CDp =  0.03771

 Side 1  free  transition at x/c =  0.9989   63
 Side 2  free  transition at x/c =  0.0262   34

 238   rms: 0.5039E-02   max: -.1044E+00   C at   34  2
       a =-16.000      CL = -1.0087
      Cm = -0.0722     CD =  0.04266   =>   CDf =  0.00495    CDp =  0.03771

 Side 1  free  transition at x/c =  0.9989   63
 Side 2  free  transition at x/c =  0.0262   34

 239   rms: 0.5040E-02   max: -.1044E+00   C at   34  2
       a =-16.000      CL = -1.0087
      Cm = -0.0722     CD =  0.04266   =>   CDf =  0.00495    CDp =  0.03771

 Side 1  free  transition at x/c =  0.9989   63
 Side 2  free  transition at x/c =  0.0262   34

 240   rms: 0.5039E-02   max: -.1044E+00   C at   34  2
       a =-16.000      CL = -1.0087
      Cm = -0.0722     CD =  0.04266   =>   CDf =  0.00495    CDp =  0.03771

 Side 1  free  transition at x/c =  0.9989   63
 Side 2  free  transition at x/c =  0.0262   34

 241   rms: 0.5039E-02   max: -.1044E+00   C at   34  2
       a =-16.000      CL = -1.0087
      Cm = -0.0722     CD =  0.04266   =>   CDf =  0.00495    CDp =  0.03771

 MRCHDU: Convergence failed at  63  side 1    Res =  0.8368E-05
 Side 1  free  transition at x/c =  0.9989   63
 Side 2  free  transition at x/c =  0.0262   34

 242   rms: 0.5039E-02   max: -.1044E+00   C at   34  2
       a =-16.000      CL = -1.0087
      Cm = -0.0722     CD =  0.04266   =>   CDf =  0.00495    CDp =  0.03771

 Side 1  free  transition at x/c =  0.9989   63
 Side 2  free  transition at x/c =  0.0262   34

 243   rms: 0.5039E-02   max: -.1044E+00   C at   34  2
       a =-16.000      CL = -1.0087
      Cm = -0.0722     CD =  0.04266   =>   CDf =  0.00495    CDp =  0.03771

 Side 1  free  transition at x/c =  0.9989   63
 Side 2  free  transition at x/c =  0.0262   34

 244   rms: 0.5039E-02   max: -.1044E+00   C at   34  2
       a =-16.000      CL = -1.0087
      Cm = -0.0722     CD =  0.04266   =>   CDf =  0.00495    CDp =  0.03771

 Side 1  free  transition at x/c =  0.9989   63
 Side 2  free  transition at x/c =  0.0262   34

 245   rms: 0.5039E-02   max: -.1044E+00   C at   34  2
       a =-16.000      CL = -1.0087
      Cm = -0.0722     CD =  0.04266   =>   CDf =  0.00495    CDp =  0.03771

 Side 1  free  transition at x/c =  0.9989   63
 Side 2  free  transition at x/c =  0.0262   34

 246   rms: 0.5039E-02   max: -.1044E+00   C at   34  2
       a =-16.000      CL = -1.0087
      Cm = -0.0722     CD =  0.04266   =>   CDf =  0.00495    CDp =  0.03771

 Side 1  free  transition at x/c =  0.9989   63
 Side 2  free  transition at x/c =  0.0262   34

 247   rms: 0.5039E-02   max: -.1044E+00   C at   34  2
       a =-16.000      CL = -1.0087
      Cm = -0.0722     CD =  0.04266   =>   CDf =  0.00495    CDp =  0.03771

 Side 1  free  transition at x/c =  0.9989   63
 Side 2  free  transition at x/c =  0.0262   34

 248   rms: 0.5039E-02   max: -.1044E+00   C at   34  2
       a =-16.000      CL = -1.0087
      Cm = -0.0722     CD =  0.04266   =>   CDf =  0.00495    CDp =  0.03771

 Side 1  free  transition at x/c =  0.9989   63
 Side 2  free  transition at x/c =  0.0262   34

 249   rms: 0.5039E-02   max: -.1044E+00   C at   34  2
       a =-16.000      CL = -1.0087
      Cm = -0.0722     CD =  0.04266   =>   CDf =  0.00495    CDp =  0.03771

 Side 1  free  transition at x/c =  0.9989   63
 Side 2  free  transition at x/c =  0.0262   34

 250   rms: 0.5039E-02   max: -.1044E+00   C at   34  2
       a =-16.000      CL = -1.0087
      Cm = -0.0722     CD =  0.04266   =>   CDf =  0.00495    CDp =  0.03771

 Side 1  free  transition at x/c =  0.9989   63
 Side 2  free  transition at x/c =  0.0262   34

 251   rms: 0.5039E-02   max: -.1044E+00   C at   34  2
       a =-16.000      CL = -1.0087
      Cm = -0.0722     CD =  0.04266   =>   CDf =  0.00495    CDp =  0.03771

 Side 1  free  transition at x/c =  0.9989   63
 Side 2  free  transition at x/c =  0.0262   34

 252   rms: 0.5040E-02   max: -.1044E+00   C at   34  2
       a =-16.000      CL = -1.0087
      Cm = -0.0722     CD =  0.04266   =>   CDf =  0.00495    CDp =  0.03771

 Side 1  free  transition at x/c =  0.9989   63
 Side 2  free  transition at x/c =  0.0262   34

 253   rms: 0.5039E-02   max: -.1044E+00   C at   34  2
       a =-16.000      CL = -1.0087
      Cm = -0.0722     CD =  0.04266   =>   CDf =  0.00495    CDp =  0.03771

 Side 1  free  transition at x/c =  0.9989   63
 Side 2  free  transition at x/c =  0.0262   34

 254   rms: 0.5039E-02   max: -.1044E+00   C at   34  2
       a =-16.000      CL = -1.0087
      Cm = -0.0722     CD =  0.04266   =>   CDf =  0.00495    CDp =  0.03771

 Side 1  free  transition at x/c =  0.9989   63
 Side 2  free  transition at x/c =  0.0262   34

 255   rms: 0.5039E-02   max: -.1044E+00   C at   34  2
       a =-16.000      CL = -1.0087
      Cm = -0.0722     CD =  0.04266   =>   CDf =  0.00495    CDp =  0.03771

 Side 1  free  transition at x/c =  0.9989   63
 Side 2  free  transition at x/c =  0.0262   34

 256   rms: 0.5039E-02   max: -.1044E+00   C at   34  2
       a =-16.000      CL = -1.0087
      Cm = -0.0722     CD =  0.04266   =>   CDf =  0.00495    CDp =  0.03771

 Side 1  free  transition at x/c =  0.9989   63
 Side 2  free  transition at x/c =  0.0262   34

 257   rms: 0.5039E-02   max: -.1044E+00   C at   34  2
       a =-16.000      CL = -1.0087
      Cm = -0.0722     CD =  0.04266   =>   CDf =  0.00495    CDp =  0.03771

 Side 1  free  transition at x/c =  0.9989   63
 Side 2  free  transition at x/c =  0.0262   34

 258   rms: 0.5039E-02   max: -.1044E+00   C at   34  2
       a =-16.000      CL = -1.0087
      Cm = -0.0722     CD =  0.04266   =>   CDf =  0.00495    CDp =  0.03771

 Side 1  free  transition at x/c =  0.9989   63
 Side 2  free  transition at x/c =  0.0262   34

 259   rms: 0.5039E-02   max: -.1044E+00   C at   34  2
       a =-16.000      CL = -1.0087
      Cm = -0.0722     CD =  0.04266   =>   CDf =  0.00495    CDp =  0.03771

 Side 1  free  transition at x/c =  0.9989   63
 Side 2  free  transition at x/c =  0.0262   34

 260   rms: 0.5039E-02   max: -.1044E+00   C at   34  2
       a =-16.000      CL = -1.0087
      Cm = -0.0722     CD =  0.04266   =>   CDf =  0.00495    CDp =  0.03771

 Side 1  free  transition at x/c =  0.9989   63
 Side 2  free  transition at x/c =  0.0262   34

 261   rms: 0.5039E-02   max: -.1044E+00   C at   34  2
       a =-16.000      CL = -1.0087
      Cm = -0.0722     CD =  0.04266   =>   CDf =  0.00495    CDp =  0.03771

 Side 1  free  transition at x/c =  0.9989   63
 Side 2  free  transition at x/c =  0.0262   34

 262   rms: 0.5040E-02   max: -.1044E+00   C at   34  2
       a =-16.000      CL = -1.0087
      Cm = -0.0722     CD =  0.04266   =>   CDf =  0.00495    CDp =  0.03771

 Side 1  free  transition at x/c =  0.9989   63
 Side 2  free  transition at x/c =  0.0262   34

 263   rms: 0.5039E-02   max: -.1044E+00   C at   34  2
       a =-16.000      CL = -1.0087
      Cm = -0.0722     CD =  0.04266   =>   CDf =  0.00495    CDp =  0.03771

 MRCHDU: Convergence failed at  63  side 1    Res =  0.8257E-05
 Side 1  free  transition at x/c =  0.9989   63
 Side 2  free  transition at x/c =  0.0262   34

 264   rms: 0.5039E-02   max: -.1044E+00   C at   34  2
       a =-16.000      CL = -1.0087
      Cm = -0.0722     CD =  0.04266   =>   CDf =  0.00495    CDp =  0.03771

 Side 1  free  transition at x/c =  0.9989   63
 Side 2  free  transition at x/c =  0.0262   34

 265   rms: 0.5039E-02   max: -.1044E+00   C at   34  2
       a =-16.000      CL = -1.0087
      Cm = -0.0722     CD =  0.04266   =>   CDf =  0.00495    CDp =  0.03771
 VISCAL:  Convergence failed
 Calculating wake trajectory ...
 Calculating source influence matrix ...

 Solving BL system ...

 Side 1  free  transition at x/c =  0.9989   63
 Side 2  free  transition at x/c =  0.0262   34
 idif Ue xi dudx           1  0.11151187      9.58055258E-03   11.639399    
 Uenew xinew           2  3.22883874E-02  2.77405977E-03

   1   rms: 0.1388E+00   max: -.8671E+00   C at   34  2   RLX: 0.577
       a =-17.000      CL = -1.0607
      Cm = -0.0670     CD =  0.04622   =>   CDf =  0.00472    CDp =  0.04150

 Side 1 forced transition at x/c =  1.0000   62
 Side 2  free  transition at x/c =  0.0233   35

   2   rms: 0.6052E-01   max: -.3680E+00   D at   59  1
       a =-17.000      CL = -1.0405
      Cm = -0.0719     CD =  0.04999   =>   CDf =  0.00493    CDp =  0.04507

 Side 1 forced transition at x/c =  1.0000   62
 Side 2  free  transition at x/c =  0.0222   34

   3   rms: 0.1515E-01   max: 0.1458E+00   D at   60  1
       a =-17.000      CL = -1.0426
      Cm = -0.0714     CD =  0.04953   =>   CDf =  0.00487    CDp =  0.04465

 Side 1 forced transition at x/c =  1.0000   62
 Side 2  free  transition at x/c =  0.0223   34

   4   rms: 0.2267E-02   max: 0.2503E-01   D at   60  1
       a =-17.000      CL = -1.0427
      Cm = -0.0713     CD =  0.04957   =>   CDf =  0.00486    CDp =  0.04471

 Side 1 forced transition at x/c =  1.0000   62
 Side 2  free  transition at x/c =  0.0223   34

   5   rms: 0.1051E-03   max: 0.6531E-03   D at   59  1
       a =-17.000      CL = -1.0427
      Cm = -0.0713     CD =  0.04956   =>   CDf =  0.00486    CDp =  0.04470

 Side 1 forced transition at x/c =  1.0000   62
 Side 2  free  transition at x/c =  0.0223   34

   6   rms: 0.1092E-04   max: -.4501E-04   D at  115  2
       a =-17.000      CL = -1.0427
      Cm = -0.0713     CD =  0.04956   =>   CDf =  0.00486    CDp =  0.04470
 plradd ia,ip,cpol           17           0  3.83087946E-03

 Point added to stored polar  1
 Point written to save file  polar.txt                                       
 Dump file unspecified or not available
 Calculating wake trajectory ...
 Calculating source influence matrix ...

 Solving BL system ...

 Side 1 forced transition at x/c =  1.0000   62
 Side 2  free  transition at x/c =  0.0223   34

   1   rms: 0.1076E+00   max: 0.3854E+00   D at   69  2   RLX: 0.492
       a =-18.000      CL = -1.0540
      Cm = -0.0722     CD =  0.05332   =>   CDf =  0.00486    CDp =  0.04845

 Side 1 forced transition at x/c =  1.0000   62
 Side 2  free  transition at x/c =  0.0221   34
 idif Ue xi dudx           1  8.95558074E-02  8.47423077E-03   10.568016    
 Uenew xinew           2  1.04532372E-02  9.89139080E-04

   2   rms: 0.5337E-01   max: 0.1993E+00   D at   69  2
       a =-18.000      CL = -1.0680
      Cm = -0.0730     CD =  0.05640   =>   CDf =  0.00454    CDp =  0.05186

 Side 1 forced transition at x/c =  1.0000   61
 Side 2  free  transition at x/c =  0.0213   35

   3   rms: 0.1081E-01   max: 0.9668E-01   D at   70  2
       a =-18.000      CL = -1.0610
      Cm = -0.0729     CD =  0.05671   =>   CDf =  0.00473    CDp =  0.05199

 Side 1 forced transition at x/c =  1.0000   61
 Side 2  free  transition at x/c =  0.0213   35

   4   rms: 0.1261E-02   max: -.1433E-01   D at   70  2
       a =-18.000      CL = -1.0615
      Cm = -0.0730     CD =  0.05644   =>   CDf =  0.00470    CDp =  0.05173

 Side 1 forced transition at x/c =  1.0000   61
 Side 2  free  transition at x/c =  0.0213   35

   5   rms: 0.1196E-03   max: -.5760E-03   D at  116  2
       a =-18.000      CL = -1.0616
      Cm = -0.0730     CD =  0.05645   =>   CDf =  0.00471    CDp =  0.05174

 Side 1 forced transition at x/c =  1.0000   61
 Side 2  free  transition at x/c =  0.0213   35

   6   rms: 0.4464E-05   max: -.3860E-04   D at  114  2
       a =-18.000      CL = -1.0616
      Cm = -0.0730     CD =  0.05645   =>   CDf =  0.00471    CDp =  0.05174
 plradd ia,ip,cpol           18           0  3.83087946E-03

 Point added to stored polar  1
 Point written to save file  polar.txt                                       
 Dump file unspecified or not available
 Calculating wake trajectory ...
 Calculating source influence matrix ...

 Solving BL system ...

 Side 1 forced transition at x/c =  1.0000   61
 Side 2  free  transition at x/c =  0.0213   35

   1   rms: 0.1065E+00   max: 0.3888E+00   D at   68  2   RLX: 0.445
       a =-19.000      CL = -1.0711
      Cm = -0.0733     CD =  0.06016   =>   CDf =  0.00472    CDp =  0.05544

 Side 1 forced transition at x/c =  1.0000   61
 Side 2  free  transition at x/c =  0.0203   35

   2   rms: 0.6653E-01   max: 0.3553E+00   D at   69  2
       a =-19.000      CL = -1.0680
      Cm = -0.0731     CD =  0.06645   =>   CDf =  0.00468    CDp =  0.06177

 Side 1 forced transition at x/c =  1.0000   61
 Side 2  free  transition at x/c =  0.0193   34

   3   rms: 0.7988E-02   max: 0.9072E-01   D at   68  2
       a =-19.000      CL = -1.0675
      Cm = -0.0734     CD =  0.06532   =>   CDf =  0.00457    CDp =  0.06075

 Side 1 forced transition at x/c =  1.0000   61
 Side 2  free  transition at x/c =  0.0193   34

   4   rms: 0.1056E-02   max: 0.1211E-01   D at   68  2
       a =-19.000      CL = -1.0669
      Cm = -0.0734     CD =  0.06542   =>   CDf =  0.00457    CDp =  0.06084

 Side 1 forced transition at x/c =  1.0000   61
 Side 2  free  transition at x/c =  0.0193   34

   5   rms: 0.6642E-04   max: 0.3711E-03   D at  115  2
       a =-19.000      CL = -1.0668
      Cm = -0.0734     CD =  0.06540   =>   CDf =  0.00457    CDp =  0.06083
 plradd ia,ip,cpol           19           0  1.59942429E-03

 Point added to stored polar  1
 Point written to save file  polar.txt                                       
 Dump file unspecified or not available
 Calculating wake trajectory ...
 Calculating source influence matrix ...

 Solving BL system ...

 Side 1 forced transition at x/c =  1.0000   61
 Side 2  free  transition at x/c =  0.0193   34

   1   rms: 0.9846E-01   max: 0.3668E+00   D at   66  2   RLX: 0.404
       a =-20.000      CL = -1.0771
      Cm = -0.0730     CD =  0.06895   =>   CDf =  0.00458    CDp =  0.06437

 Side 1 forced transition at x/c =  1.0000   61
 Side 2  free  transition at x/c =  0.0188   34
 idif Ue xi dudx           1  9.06520486E-02  9.84102488E-03   9.2116470    
 Uenew xinew           2  1.50655741E-02  1.63549185E-03

   2   rms: 0.5835E-01   max: 0.2420E+00   D at   67  2
       a =-20.000      CL = -1.0904
      Cm = -0.0724     CD =  0.07395   =>   CDf =  0.00424    CDp =  0.06971

 Side 1 forced transition at x/c =  1.0000   60
 Side 2  free  transition at x/c =  0.0180   35

   3   rms: 0.1098E-01   max: 0.8805E-01   D at   68  2
       a =-20.000      CL = -1.0825
      Cm = -0.0724     CD =  0.07410   =>   CDf =  0.00442    CDp =  0.06967

 Side 1 forced transition at x/c =  1.0000   60
 Side 2  free  transition at x/c =  0.0181   35

   4   rms: 0.1022E-02   max: 0.1061E-01   D at   67  2
       a =-20.000      CL = -1.0818
      Cm = -0.0725     CD =  0.07399   =>   CDf =  0.00440    CDp =  0.06958

 Side 1 forced transition at x/c =  1.0000   60
 Side 2  free  transition at x/c =  0.0181   35

   5   rms: 0.1409E-03   max: 0.1054E-02   D at   67  2
       a =-20.000      CL = -1.0817
      Cm = -0.0725     CD =  0.07398   =>   CDf =  0.00440    CDp =  0.06958

 Side 1 forced transition at x/c =  1.0000   60
 Side 2  free  transition at x/c =  0.0181   35

   6   rms: 0.9803E-05   max: 0.5603E-04   D at  116  2
       a =-20.000      CL = -1.0817
      Cm = -0.0725     CD =  0.07398   =>   CDf =  0.00440    CDp =  0.06958
 plradd ia,ip,cpol           20           0 -1.71368287E-04

 Point added to stored polar  1
 Point written to save file  polar.txt                                       
 Dump file unspecified or not available
 Calculating wake trajectory ...
 Calculating source influence matrix ...

 Solving BL system ...

 Side 1 forced transition at x/c =  1.0000   60
 Side 2  free  transition at x/c =  0.0181   35

   1   rms: 0.1041E+00   max: 0.5238E+00   D at   66  2   RLX: 0.366
       a =-21.000      CL = -1.0833
      Cm = -0.0715     CD =  0.07860   =>   CDf =  0.00441    CDp =  0.07419

 Side 1 forced transition at x/c =  1.0000   60
 Side 2  free  transition at x/c =  0.0176   35

   2   rms: 0.6325E-01   max: 0.3129E+00   D at   66  2
       a =-21.000      CL = -1.0897
      Cm = -0.0701     CD =  0.08541   =>   CDf =  0.00435    CDp =  0.08106

 Side 1 forced transition at x/c =  1.0000   60
 Side 2  free  transition at x/c =  0.0169   35

   3   rms: 0.2056E-01   max: 0.1833E+00   D at   66  2
       a =-21.000      CL = -1.0755
      Cm = -0.0698     CD =  0.08618   =>   CDf =  0.00426    CDp =  0.08192

 Side 1 forced transition at x/c =  1.0000   60
 Side 2  free  transition at x/c =  0.0169   35

   4   rms: 0.1721E-02   max: -.2264E-01   D at   66  2
       a =-21.000      CL = -1.0754
      Cm = -0.0700     CD =  0.08562   =>   CDf =  0.00422    CDp =  0.08141

 Side 1 forced transition at x/c =  1.0000   60
 Side 2  free  transition at x/c =  0.0169   35

   5   rms: 0.8516E-04   max: 0.9278E-03   D at   65  2
       a =-21.000      CL = -1.0753
      Cm = -0.0700     CD =  0.08562   =>   CDf =  0.00422    CDp =  0.08140
 plradd ia,ip,cpol           21           0 -1.71368287E-04

 Point added to stored polar  1
 Point written to save file  polar.txt                                       
 Dump file unspecified or not available
 Calculating wake trajectory ...
 Calculating source influence matrix ...

 Solving BL system ...

 Side 1 forced transition at x/c =  1.0000   60
 Side 2  free  transition at x/c =  0.0169   35

   1   rms: 0.1184E+00   max: 0.7057E+00   D at   64  2   RLX: 0.330
       a =-22.000      CL = -1.0688
      Cm = -0.0683     CD =  0.09145   =>   CDf =  0.00423    CDp =  0.08722

 Side 1 forced transition at x/c =  1.0000   60
 Side 2  free  transition at x/c =  0.0168   35

   2   rms: 0.7092E-01   max: 0.4226E+00   D at   64  2
       a =-22.000      CL = -1.0656
      Cm = -0.0656     CD =  0.10079   =>   CDf =  0.00413    CDp =  0.09666

 Side 1 forced transition at x/c =  1.0000   60
 Side 2  free  transition at x/c =  0.0164   34

   3   rms: 0.2547E-01   max: 0.2425E+00   D at   63  2
       a =-22.000      CL = -1.0495
      Cm = -0.0650     CD =  0.10137   =>   CDf =  0.00397    CDp =  0.09740

 Side 1 forced transition at x/c =  1.0000   60
 Side 2  free  transition at x/c =  0.0165   34

   4   rms: 0.4267E-02   max: 0.3554E-01   D at   62  2
       a =-22.000      CL = -1.0469
      Cm = -0.0651     CD =  0.10105   =>   CDf =  0.00392    CDp =  0.09713

 Side 1 forced transition at x/c =  1.0000   60
 Side 2  free  transition at x/c =  0.0165   34

   5   rms: 0.1381E-02   max: 0.1143E-01   D at   62  2
       a =-22.000      CL = -1.0460
      Cm = -0.0650     CD =  0.10108   =>   CDf =  0.00392    CDp =  0.09716

 Side 1 forced transition at x/c =  1.0000   60
 Side 2  free  transition at x/c =  0.0165   34

   6   rms: 0.1493E-03   max: 0.6058E-03   D at  121  2
       a =-22.000      CL = -1.0459
      Cm = -0.0651     CD =  0.10106   =>   CDf =  0.00391    CDp =  0.09714

 Side 1 forced transition at x/c =  1.0000   60
 Side 2  free  transition at x/c =  0.0165   34

   7   rms: 0.9321E-05   max: 0.6796E-04   D at  118  2
       a =-22.000      CL = -1.0458
      Cm = -0.0651     CD =  0.10105   =>   CDf =  0.00391    CDp =  0.09714
 plradd ia,ip,cpol           22           0 -1.71368287E-04

 Point added to stored polar  1
 Point written to save file  polar.txt                                       
 Dump file unspecified or not available
 Calculating wake trajectory ...
 Calculating source influence matrix ...

 Solving BL system ...

 Side 1 forced transition at x/c =  1.0000   60
 Side 2  free  transition at x/c =  0.0165   34

   1   rms: 0.1010E+00   max: 0.5605E+00   D at   61  2   RLX: 0.303
       a =-23.000      CL = -1.0452
      Cm = -0.0633     CD =  0.10590   =>   CDf =  0.00393    CDp =  0.10198

 Side 1 forced transition at x/c =  1.0000   60
 Side 2  free  transition at x/c =  0.0164   34
 idif Ue xi dudx           1  0.10068361      1.16786361E-02   8.6211796    
 Uenew xinew           2  2.30462123E-02  2.67320871E-03

   2   rms: 0.6392E-01   max: 0.3074E+00   D at   61  2
       a =-23.000      CL = -1.0563
      Cm = -0.0603     CD =  0.11402   =>   CDf =  0.00357    CDp =  0.11045

 Side 1 forced transition at x/c =  1.0000   59
 Side 2  free  transition at x/c =  0.0158   35

   3   rms: 0.2163E-01   max: 0.1744E+00   D at   62  2
       a =-23.000      CL = -1.0429
      Cm = -0.0597     CD =  0.11441   =>   CDf =  0.00371    CDp =  0.11069

 Side 1 forced transition at x/c =  1.0000   59
 Side 2  free  transition at x/c =  0.0157   35

   4   rms: 0.6488E-02   max: 0.6767E-01   D at   61  2
       a =-23.000      CL = -1.0389
      Cm = -0.0596     CD =  0.11449   =>   CDf =  0.00367    CDp =  0.11082

 Side 1 forced transition at x/c =  1.0000   59
 Side 2  free  transition at x/c =  0.0157   35

   5   rms: 0.8878E-03   max: -.8571E-02   D at   61  2
       a =-23.000      CL = -1.0391
      Cm = -0.0597     CD =  0.11415   =>   CDf =  0.00366    CDp =  0.11049

 Side 1 forced transition at x/c =  1.0000   59
 Side 2  free  transition at x/c =  0.0157   35

   6   rms: 0.1059E-03   max: -.4156E-03   D at  122  2
       a =-23.000      CL = -1.0392
      Cm = -0.0597     CD =  0.11415   =>   CDf =  0.00366    CDp =  0.11049

 Side 1 forced transition at x/c =  1.0000   59
 Side 2  free  transition at x/c =  0.0157   35

   7   rms: 0.1010E-04   max: -.5726E-04   D at  119  2
       a =-23.000      CL = -1.0392
      Cm = -0.0597     CD =  0.11416   =>   CDf =  0.00366    CDp =  0.11050
 plradd ia,ip,cpol           23           0 -1.71368287E-04

 Point added to stored polar  1
 Point written to save file  polar.txt                                       
 Dump file unspecified or not available
 Calculating wake trajectory ...
 Calculating source influence matrix ...

 Solving BL system ...

 Side 1 forced transition at x/c =  1.0000   59
 Side 2  free  transition at x/c =  0.0157   35

   1   rms: 0.1159E+00   max: 0.7390E+00   D at   60  2   RLX: 0.278
       a =-24.000      CL = -1.0319
      Cm = -0.0574     CD =  0.12022   =>   CDf =  0.00368    CDp =  0.11654

 Side 1 forced transition at x/c =  1.0000   59
 Side 2  free  transition at x/c =  0.0157   35

   2   rms: 0.9644E-01   max: 0.6879E+00   D at   60  2
       a =-24.000      CL = -1.0056
      Cm = -0.0505     CD =  0.13771   =>   CDf =  0.00359    CDp =  0.13412

 Side 1 forced transition at x/c =  1.0000   59
 Side 2  free  transition at x/c =  0.0154   35

   3   rms: 0.4029E-01   max: 0.4815E+00   D at   59  2
       a =-24.000      CL = -0.9874
      Cm = -0.0497     CD =  0.13679   =>   CDf =  0.00338    CDp =  0.13341

 Side 1 forced transition at x/c =  1.0000   59
 Side 2  free  transition at x/c =  0.0156   35

   4   rms: 0.2059E-01   max: -.1726E+00   D at   59  2
       a =-24.000      CL = -1.0002
      Cm = -0.0513     CD =  0.13187   =>   CDf =  0.00331    CDp =  0.12856

 Side 1 forced transition at x/c =  1.0000   59
 Side 2  free  transition at x/c =  0.0155   35

   5   rms: 0.1800E-02   max: -.8187E-02   D at   56  2
       a =-24.000      CL = -1.0016
      Cm = -0.0512     CD =  0.13211   =>   CDf =  0.00335    CDp =  0.12875

 Side 1 forced transition at x/c =  1.0000   59
 Side 2  free  transition at x/c =  0.0155   35

   6   rms: 0.1000E-03   max: -.9500E-03   D at  120  2
       a =-24.000      CL = -1.0017
      Cm = -0.0512     CD =  0.13221   =>   CDf =  0.00336    CDp =  0.12886
 plradd ia,ip,cpol           24           0 -1.71368287E-04

 Point added to stored polar  1
 Point written to save file  polar.txt                                       
 Dump file unspecified or not available
 Calculating wake trajectory ...
 Calculating source influence matrix ...

 Solving BL system ...

 Side 1 forced transition at x/c =  1.0000   59
 Side 2  free  transition at x/c =  0.0155   35

   1   rms: 0.1128E+00   max: 0.7640E+00   D at   57  2   RLX: 0.256
       a =-25.000      CL = -0.9945
      Cm = -0.0487     CD =  0.13824   =>   CDf =  0.00337    CDp =  0.13487

 Side 1 forced transition at x/c =  1.0000   59
 Side 2  free  transition at x/c =  0.0155   35

   2   rms: 0.9328E-01   max: 0.6904E+00   D at   57  2
       a =-25.000      CL = -0.9705
      Cm = -0.0406     CD =  0.15714   =>   CDf =  0.00330    CDp =  0.15384

 Side 1 forced transition at x/c =  1.0000   59
 Side 2  free  transition at x/c =  0.0155   35

   3   rms: 0.3458E-01   max: 0.4571E+00   D at   56  2
       a =-25.000      CL = -0.9585
      Cm = -0.0402     CD =  0.15460   =>   CDf =  0.00309    CDp =  0.15151

 Side 1 forced transition at x/c =  1.0000   59
 Side 2  free  transition at x/c =  0.0155   35

   4   rms: 0.6556E-02   max: -.6814E-01   D at   56  2
       a =-25.000      CL = -0.9611
      Cm = -0.0408     CD =  0.15172   =>   CDf =  0.00304    CDp =  0.14868

 Side 1 forced transition at x/c =  1.0000   59
 Side 2  free  transition at x/c =  0.0154   35

   5   rms: 0.9636E-03   max: -.6222E-02   D at   55  2
       a =-25.000      CL = -0.9617
      Cm = -0.0409     CD =  0.15138   =>   CDf =  0.00305    CDp =  0.14833

 Side 1 forced transition at x/c =  1.0000   59
 Side 2  free  transition at x/c =  0.0154   35

   6   rms: 0.1197E-03   max: -.6216E-03   D at  123  2
       a =-25.000      CL = -0.9618
      Cm = -0.0409     CD =  0.15142   =>   CDf =  0.00305    CDp =  0.14837

 Side 1 forced transition at x/c =  1.0000   59
 Side 2  free  transition at x/c =  0.0154   35

   7   rms: 0.8107E-05   max: -.5550E-04   D at  124  2
       a =-25.000      CL = -0.9618
      Cm = -0.0409     CD =  0.15143   =>   CDf =  0.00305    CDp =  0.14838
 plradd ia,ip,cpol           25           0 -1.71368287E-04

 Point added to stored polar  1
 Point written to save file  polar.txt                                       
 Dump file unspecified or not available

.OPERva   c>  
 Polar accumulation disabled

.OPERv   c>  
 XFOIL   c>  