
 ===================================================
  XFOIL Version 6.99
  Copyright (C) 2000   Mark Drela, Harold Youngren

  This software comes with ABSOLUTELY NO WARRANTY,
    subject to the GNU General Public License.

  Caveat computor
 ===================================================

 File  xfoil.def  not found

   QUIT    Exit program

  .OPER    Direct operating point(s)
  .MDES    Complex mapping design routine
  .QDES    Surface speed design routine
  .GDES    Geometry design routine

   SAVE f  Write airfoil to labeled coordinate file
   PSAV f  Write airfoil to plain coordinate file
   ISAV f  Write airfoil to ISES coordinate file
   MSAV f  Write airfoil to MSES coordinate file
   REVE    Reverse written-airfoil node ordering

   LOAD f  Read buffer airfoil from coordinate file
   NACA i  Set NACA 4,5-digit airfoil and buffer airfoil
   INTE    Set buffer airfoil by interpolating two airfoils
   NORM    Buffer airfoil normalization toggle
   XYCM rr Change CM reference location, currently  0.25000 0.00000

   BEND    Display structural properties of current airfoil

   PCOP    Set current-airfoil panel nodes directly from buffer airfoil points
   PANE    Set current-airfoil panel nodes ( 160 ) based on curvature
  .PPAR    Show/change paneling

  .PLOP    Plotting options

   WDEF f  Write  current-settings file
   RDEF f  Reread current-settings file
   NAME s  Specify new airfoil name
   NINC    Increment name version number

   Z       Zoom    | (available in all menus)
   U       Unzoom  | 

 XFOIL   c>  
 Labeled airfoil file.  Name:  NACA 64A223 SURROGATE - 23 pct thickness, 2 pct 

 Number of input coordinate points: 321
 Counterclockwise ordering
 Max thickness =     0.230159  at x =   0.295
 Max camber    =     0.016567  at x =   0.460

  LE  x,y  =  -0.00028   0.00600  |   Chord =   1.00030
  TE  x,y  =   1.00000   0.00000  |

 Current airfoil nodes set from buffer airfoil nodes ( 321 )

 XFOIL   c>  
 Blunt trailing edge.  Gap =  0.00483

 Paneling parameters used...
   Number of panel nodes       160
   Panel bunching parameter    1.000
   TE/LE panel density ratio   0.150
   Refined-area/LE panel density ratio    0.200
   Top    side refined area x/c limits  1.000 1.000
   Bottom side refined area x/c limits  1.000 1.000

 XFOIL   c>  
.OPERi   c>  
 M  =    0.0000
 Re =   1400000

.OPERv   c>  
 Sonic Cp =    -66.86      Sonic Q/Qinf =     9.138


.OPERv   c>  
.OPERv   c>  
 Polar  1 newly created for accumulation
 Airfoil archived with polar: NACA 64A223 SURROGATE - 23 pct thickness, 2 pct 

Enter  polar save filename  OR  <return> for no file   s>  
 New polar save file available

Enter  polar dump filename  OR  <return> for no file   s>  
 Polar dump file will NOT be written

 Polar accumulation enabled

.OPERva   c>   Calculating unit vorticity distributions ...
 Calculating wake trajectory ...
 Calculating source influence matrix ...

 Solving BL system ...

 Initializing BL ...
    side            1  ...
 MRCHUE: Inverse mode at  43     Hk =   4.369
 MRCHUE: Inverse mode at  44     Hk =   5.474
 MRCHUE: Inverse mode at  45     Hk =   6.471
 MRCHUE: Inverse mode at  46     Hk =   7.368
 MRCHUE: Inverse mode at  47     Hk =   7.915
    side            2  ...
 MRCHUE: Inverse mode at  53     Hk =   4.806
 MRCHUE: Inverse mode at  54     Hk =   6.286
 MRCHUE: Inverse mode at  55     Hk =   7.771
 MRCHUE: Inverse mode at  56     Hk =   9.278
 MRCHUE: Inverse mode at  57     Hk =   2.500
 MRCHUE: Inverse mode at  88     Hk =   2.500
 MRCHUE: Inverse mode at  89     Hk =   2.500
 MRCHUE: Inverse mode at  90     Hk =   2.500
 MRCHUE: Inverse mode at  91     Hk =   2.500
 MRCHUE: Inverse mode at  92     Hk =   2.500
 MRCHUE: Inverse mode at  93     Hk =   2.500
 MRCHUE: Inverse mode at  94     Hk =   2.500
 MRCHUE: Inverse mode at  95     Hk =   2.500
 MRCHUE: Inverse mode at  96     Hk =   2.500
 MRCHUE: Inverse mode at  97     Hk =   2.500
 MRCHUE: Inverse mode at  98     Hk =   2.500
 MRCHUE: Inverse mode at  99     Hk =   2.500
 MRCHUE: Inverse mode at 100     Hk =   2.500
 MRCHUE: Inverse mode at 101     Hk =   2.500
 MRCHUE: Inverse mode at 102     Hk =   2.500
 MRCHUE: Inverse mode at 103     Hk =   2.500
 MRCHUE: Inverse mode at 104     Hk =   2.500
 MRCHUE: Inverse mode at 105     Hk =   2.500
 MRCHUE: Convergence failed at 106  side 2    Res =  0.6510E+01
 MRCHUE: Inverse mode at 107     Hk =   2.500
 MRCHUE: Inverse mode at 108     Hk =   2.500
 MRCHUE: Inverse mode at 109     Hk =   2.500
 MRCHUE: Inverse mode at 110     Hk =   2.500
 MRCHUE: Convergence failed at 110  side 2    Res =  0.2957E-01
 MRCHUE: Convergence failed at 111  side 2    Res =  0.7319E+01
 MRCHUE: Inverse mode at 112     Hk =   2.500
 MRCHUE: Convergence failed at 113  side 2    Res =  0.4525E+01
 MRCHUE: Inverse mode at 114     Hk =   2.500
 MRCHUE: Convergence failed at 115  side 2    Res =  0.5977E+01

 MRCHDU: Convergence failed at 106  side 2    Res =  0.1307E+01
 MRCHDU: Convergence failed at 107  side 2    Res =  0.1416E+01
 MRCHDU: Convergence failed at 108  side 2    Res =  0.1531E+01
 MRCHDU: Convergence failed at 109  side 2    Res =  0.1701E+01
 MRCHDU: Convergence failed at 110  side 2    Res =  0.1820E+01
 MRCHDU: Convergence failed at 111  side 2    Res =  0.4604E+01
 MRCHDU: Convergence failed at 112  side 2    Res =  0.4026E+01
 MRCHDU: Convergence failed at 113  side 2    Res =  0.1399E+02
 MRCHDU: Convergence failed at 114  side 2    Res =  0.1475E+02
 MRCHDU: Convergence failed at 115  side 2    Res =  0.1241E+02
 Side 1 forced transition at x/c =  1.0001   47
 Side 2  free  transition at x/c =  0.0314   57

   1   rms: 0.1167E+01   max: -.7798E+01   D at   47  1   RLX: 0.064
       a =-25.000      CL = -3.1701
      Cm =  0.1601     CD =  0.00441   =>   CDf =  0.00592    CDp = -0.00151

 Side 1 forced transition at x/c =  1.0001   47
 Side 2  free  transition at x/c =  0.0319   57

   2   rms: 0.9484E+00   max: -.1003E+02   C at   47  1   RLX: 0.050
       a =-25.000      CL = -3.1366
      Cm =  0.1495     CD =  0.00499   =>   CDf =  0.00630    CDp = -0.00131

 Side 1 forced transition at x/c =  1.0001   48
 Side 2  free  transition at x/c =  0.0321   56

   3   rms: 0.9008E+00   max: -.7442E+01   C at   48  1   RLX: 0.067
       a =-25.000      CL = -3.1046
      Cm =  0.1414     CD =  0.00592   =>   CDf =  0.00590    CDp =  0.00003

 Side 1 forced transition at x/c =  1.0001   48
 Side 2  free  transition at x/c =  0.0324   56

   4   rms: 0.8956E+00   max: -.5920E+01   C at   48  1   RLX: 0.084
       a =-25.000      CL = -3.0664
      Cm =  0.1337     CD =  0.00736   =>   CDf =  0.00580    CDp =  0.00156

 Side 1 forced transition at x/c =  1.0001   48
 Side 2  free  transition at x/c =  0.0328   56

   5   rms: 0.1136E+01   max: -.5832E+01   C at   48  1   RLX: 0.086
       a =-25.000      CL = -3.0286
      Cm =  0.1331     CD =  0.00960   =>   CDf =  0.00568    CDp =  0.00392

 Side 1 forced transition at x/c =  1.0001   48
 Side 2  free  transition at x/c =  0.0331   56

   6   rms: 0.2510E+01   max: 0.9044E+01   D at  120  2   RLX: 0.062
       a =-25.000      CL = -2.9995
      Cm =  0.1518     CD =  0.01381   =>   CDf =  0.00551    CDp =  0.00830

 Side 1 forced transition at x/c =  1.0001   48
 Side 2  free  transition at x/c =  0.0332   56

   7   rms: 0.1828E+01   max: 0.6882E+01   D at  122  2   RLX: 0.094
       a =-25.000      CL = -2.8904
      Cm =  0.1556     CD =  0.01978   =>   CDf =  0.00526    CDp =  0.01453

 Side 1 forced transition at x/c =  1.0001   48
 Side 2  free  transition at x/c =  0.0337   56

   8   rms: 0.2434E+01   max: -.8219E+01   C at   48  1   RLX: 0.061
       a =-25.000      CL = -2.7431
      Cm =  0.1530     CD =  0.02607   =>   CDf =  0.00533    CDp =  0.02074

 Side 1 forced transition at x/c =  1.0001   49
 Side 2  free  transition at x/c =  0.0341   55

   9   rms: 0.1753E+01   max: 0.5255E+01   D at  125  2   RLX: 0.274
       a =-25.000      CL = -2.2042
      Cm =  0.1246     CD =  0.05401   =>   CDf =  0.00544    CDp =  0.04857

 MRCHDU: Convergence failed at  77  side 2    Res =  0.1265E+01
 MRCHDU: Convergence failed at  78  side 2    Res =  0.5961E+01
 MRCHDU: Convergence failed at 121  side 2    Res =  0.1729E+01
 MRCHDU: Convergence failed at 122  side 2    Res =  0.3220E+01
 MRCHDU: Convergence failed at 123  side 2    Res =  0.1328E+01
 MRCHDU: Convergence failed at 124  side 2    Res =  0.2046E+01
 Side 1 forced transition at x/c =  1.0001   51
 Side 2  free  transition at x/c =  0.0358   54

  10   rms: 0.5787E+00   max: 0.1773E+01   D at  119  2   RLX: 0.565
       a =-25.000      CL = -1.7137
      Cm =  0.0265     CD =  0.08479   =>   CDf =  0.00474    CDp =  0.08005

 MRCHDU: Convergence failed at  53  side 2    Res =  0.8367E+01
 Side 1 forced transition at x/c =  1.0001   53
 Side 2  free  transition at x/c =  0.0419   53

  11   rms: 0.9347E+00   max: 0.4596E+01   D at   76  2   RLX: 0.326
       a =-25.000      CL = -1.4154
      Cm =  0.0126     CD =  0.13125   =>   CDf =  0.00416    CDp =  0.12709

 MRCHDU: Convergence failed at  70  side 2    Res =  0.1207E+01
 Side 1 forced transition at x/c =  1.0001   55
 Side 2  free  transition at x/c =  0.0433   52

  12   rms: 0.2306E+00   max: 0.9441E+00   D at   70  2
       a =-25.000      CL = -1.1055
      Cm = -0.0364     CD =  0.16253   =>   CDf =  0.00362    CDp =  0.15891

 Side 1 forced transition at x/c =  1.0001   56
 Side 2  free  transition at x/c =  0.0477   52

  13   rms: 0.8542E-01   max: 0.4554E+00   D at   67  2
       a =-25.000      CL = -1.0684
      Cm = -0.0287     CD =  0.16536   =>   CDf =  0.00326    CDp =  0.16210

 Side 1 forced transition at x/c =  1.0001   57
 Side 2  free  transition at x/c =  0.0450   50
 idif Ue xi dudx           1  6.15692101E-02  6.83176517E-03   9.0121965    
 Uenew xinew           2  1.61687797E-03  1.79409981E-04

  14   rms: 0.4240E-01   max: -.4653E+00   D at   50  2
       a =-25.000      CL = -1.0745
      Cm = -0.0304     CD =  0.15797   =>   CDf =  0.00290    CDp =  0.15507

 Side 1 forced transition at x/c =  1.0001   56
 Side 2  free  transition at x/c =  0.0461   51

  15   rms: 0.2278E-01   max: 0.1536E+00   D at    2  2
       a =-25.000      CL = -1.0864
      Cm = -0.0319     CD =  0.15472   =>   CDf =  0.00301    CDp =  0.15171

 Side 1 forced transition at x/c =  1.0001   56
 Side 2  free  transition at x/c =  0.0458   51

  16   rms: 0.3605E-02   max: 0.4809E-01   D at   66  2
       a =-25.000      CL = -1.0858
      Cm = -0.0316     CD =  0.15598   =>   CDf =  0.00306    CDp =  0.15291

 Side 1 forced transition at x/c =  1.0001   56
 Side 2  free  transition at x/c =  0.0457   51

  17   rms: 0.5814E-03   max: 0.4870E-02   D at   66  2
       a =-25.000      CL = -1.0855
      Cm = -0.0315     CD =  0.15606   =>   CDf =  0.00306    CDp =  0.15301

 Side 1 forced transition at x/c =  1.0001   56
 Side 2  free  transition at x/c =  0.0457   51

  18   rms: 0.6308E-04   max: 0.3469E-03   D at  124  2
       a =-25.000      CL = -1.0854
      Cm = -0.0315     CD =  0.15603   =>   CDf =  0.00306    CDp =  0.15297
 plradd ia,ip,cpol            1           0  9.07668099E-03

 Point added to stored polar  1
 Point written to save file  polar.txt                                       
 Dump file unspecified or not available
 Calculating wake trajectory ...
 Calculating source influence matrix ...

 Solving BL system ...

 Side 1 forced transition at x/c =  1.0001   56
 Side 2  free  transition at x/c =  0.0457   51

   1   rms: 0.8547E-01   max: -.5220E+00   D at   66  2   RLX: 0.283
       a =-24.000      CL = -1.0840
      Cm = -0.0343     CD =  0.15096   =>   CDf =  0.00318    CDp =  0.14778

 Side 1 forced transition at x/c =  1.0001   57
 Side 2  free  transition at x/c =  0.0465   50

   2   rms: 0.6417E-01   max: -.3870E+00   D at   65  2
       a =-24.000      CL = -1.0791
      Cm = -0.0413     CD =  0.13939   =>   CDf =  0.00309    CDp =  0.13630

 Side 1 forced transition at x/c =  1.0001   57
 Side 2  free  transition at x/c =  0.0482   51

   3   rms: 0.1401E-01   max: -.1223E+00   D at   65  2
       a =-24.000      CL = -1.0907
      Cm = -0.0413     CD =  0.14083   =>   CDf =  0.00322    CDp =  0.13761

 Side 1 forced transition at x/c =  1.0001   57
 Side 2  free  transition at x/c =  0.0483   51

   4   rms: 0.9816E-03   max: -.7716E-02   D at   65  2
       a =-24.000      CL = -1.0915
      Cm = -0.0412     CD =  0.14138   =>   CDf =  0.00323    CDp =  0.13815

 Side 1 forced transition at x/c =  1.0001   57
 Side 2  free  transition at x/c =  0.0483   51

   5   rms: 0.3866E-04   max: -.4053E-03   D at  122  2
       a =-24.000      CL = -1.0915
      Cm = -0.0412     CD =  0.14142   =>   CDf =  0.00323    CDp =  0.13819
 plradd ia,ip,cpol            2           0  1.10394033E-02

 Point added to stored polar  1
 Point written to save file  polar.txt                                       
 Dump file unspecified or not available
 Calculating wake trajectory ...
 Calculating source influence matrix ...

 Solving BL system ...

 Side 1 forced transition at x/c =  1.0001   57
 Side 2  free  transition at x/c =  0.0483   51

   1   rms: 0.1097E+00   max: -.7445E+00   D at   66  2   RLX: 0.312
       a =-23.000      CL = -1.0987
      Cm = -0.0449     CD =  0.13427   =>   CDf =  0.00321    CDp =  0.13106

 Side 1 forced transition at x/c =  1.0001   57
 Side 2  free  transition at x/c =  0.0496   51

   2   rms: 0.6490E-01   max: -.4101E+00   D at   66  2
       a =-23.000      CL = -1.1045
      Cm = -0.0515     CD =  0.12253   =>   CDf =  0.00324    CDp =  0.11929

 Side 1 forced transition at x/c =  1.0001   57
 Side 2  free  transition at x/c =  0.0512   51

   3   rms: 0.1574E-01   max: -.1419E+00   D at   67  2
       a =-23.000      CL = -1.1173
      Cm = -0.0512     CD =  0.12377   =>   CDf =  0.00337    CDp =  0.12039

 Side 1 forced transition at x/c =  1.0001   57
 Side 2  free  transition at x/c =  0.0512   51

   4   rms: 0.9502E-03   max: 0.1146E-01   D at  122  2
       a =-23.000      CL = -1.1177
      Cm = -0.0511     CD =  0.12421   =>   CDf =  0.00339    CDp =  0.12082

 Side 1 forced transition at x/c =  1.0001   57
 Side 2  free  transition at x/c =  0.0512   51

   5   rms: 0.4309E-04   max: 0.3037E-03   D at   69  2
       a =-23.000      CL = -1.1177
      Cm = -0.0511     CD =  0.12424   =>   CDf =  0.00338    CDp =  0.12085
 plradd ia,ip,cpol            3           0  1.10394033E-02

 Point added to stored polar  1
 Point written to save file  polar.txt                                       
 Dump file unspecified or not available
 Calculating wake trajectory ...
 Calculating source influence matrix ...

 Solving BL system ...

 Side 1 forced transition at x/c =  1.0001   57
 Side 2  free  transition at x/c =  0.0512   51

   1   rms: 0.9851E-01   max: -.6489E+00   D at   68  2   RLX: 0.342
       a =-22.000      CL = -1.1219
      Cm = -0.0544     CD =  0.11749   =>   CDf =  0.00353    CDp =  0.11396

 Side 1 forced transition at x/c =  1.0001   58
 Side 2  free  transition at x/c =  0.0520   50

   2   rms: 0.8206E-01   max: -.9894E+00   D at    2  1   RLX: 0.505
       a =-22.000      CL = -1.1225
      Cm = -0.0567     CD =  0.11353   =>   CDf =  0.00346    CDp =  0.11007

 Side 1 forced transition at x/c =  1.0001   58
 Side 2  free  transition at x/c =  0.0526   51

   3   rms: 0.6929E-01   max: -.4571E+00   D at   69  2
       a =-22.000      CL = -1.1610
      Cm = -0.0619     CD =  0.10238   =>   CDf =  0.00354    CDp =  0.09884

 Side 1 forced transition at x/c =  1.0001   58
 Side 2  free  transition at x/c =  0.0543   51

   4   rms: 0.1145E-01   max: 0.1083E+00   D at   70  2
       a =-22.000      CL = -1.1613
      Cm = -0.0606     CD =  0.10529   =>   CDf =  0.00364    CDp =  0.10165

 Side 1 forced transition at x/c =  1.0001   58
 Side 2  free  transition at x/c =  0.0537   51

   5   rms: 0.4549E-02   max: 0.3400E-01   D at   70  2
       a =-22.000      CL = -1.1579
      Cm = -0.0604     CD =  0.10581   =>   CDf =  0.00364    CDp =  0.10217

 Side 1 forced transition at x/c =  1.0001   58
 Side 2  free  transition at x/c =  0.0537   51

   6   rms: 0.5753E-03   max: 0.3456E-02   D at   70  2
       a =-22.000      CL = -1.1574
      Cm = -0.0604     CD =  0.10576   =>   CDf =  0.00363    CDp =  0.10212

 Side 1 forced transition at x/c =  1.0001   58
 Side 2  free  transition at x/c =  0.0537   51

   7   rms: 0.5611E-04   max: 0.2580E-03   D at  120  2
       a =-22.000      CL = -1.1574
      Cm = -0.0604     CD =  0.10575   =>   CDf =  0.00363    CDp =  0.10211
 plradd ia,ip,cpol            4           0  1.10394033E-02

 Point added to stored polar  1
 Point written to save file  polar.txt                                       
 Dump file unspecified or not available
 Calculating wake trajectory ...
 Calculating source influence matrix ...

 Solving BL system ...

 Side 1 forced transition at x/c =  1.0001   58
 Side 2  free  transition at x/c =  0.0537   51

   1   rms: 0.1288E+00   max: -.8668E+00   D at   70  2   RLX: 0.397
       a =-21.000      CL = -1.1751
      Cm = -0.0646     CD =  0.09626   =>   CDf =  0.00362    CDp =  0.09264

 Side 1 forced transition at x/c =  1.0001   58
 Side 2  free  transition at x/c =  0.0551   51

   2   rms: 0.6640E-01   max: -.4361E+00   D at   70  2
       a =-21.000      CL = -1.1915
      Cm = -0.0690     CD =  0.08619   =>   CDf =  0.00371    CDp =  0.08247

 Side 1 forced transition at x/c =  1.0001   58
 Side 2  free  transition at x/c =  0.0566   51

   3   rms: 0.1684E-01   max: -.1349E+00   D at   71  2
       a =-21.000      CL = -1.2049
      Cm = -0.0687     CD =  0.08661   =>   CDf =  0.00387    CDp =  0.08274

 Side 1 forced transition at x/c =  1.0001   58
 Side 2  free  transition at x/c =  0.0565   51

   4   rms: 0.9901E-03   max: 0.1244E-01   D at  119  2
       a =-21.000      CL = -1.2053
      Cm = -0.0686     CD =  0.08692   =>   CDf =  0.00389    CDp =  0.08303

 Side 1 forced transition at x/c =  1.0001   58
 Side 2  free  transition at x/c =  0.0565   51

   5   rms: 0.3994E-04   max: 0.2486E-03   D at   73  2
       a =-21.000      CL = -1.2052
      Cm = -0.0686     CD =  0.08693   =>   CDf =  0.00389    CDp =  0.08304
 plradd ia,ip,cpol            5           0  1.32038509E-02

 Point added to stored polar  1
 Point written to save file  polar.txt                                       
 Dump file unspecified or not available
 Calculating wake trajectory ...
 Calculating source influence matrix ...

 Solving BL system ...

 Side 1 forced transition at x/c =  1.0001   58
 Side 2  free  transition at x/c =  0.0565   51

   1   rms: 0.1298E+00   max: -.8319E+00   D at   73  2   RLX: 0.460
       a =-20.000      CL = -1.2237
      Cm = -0.0727     CD =  0.07697   =>   CDf =  0.00387    CDp =  0.07310

 Side 1 forced transition at x/c =  1.0001   58
 Side 2  free  transition at x/c =  0.0575   51

   2   rms: 0.5306E-01   max: -.2967E+00   D at   73  2
       a =-20.000      CL = -1.2213
      Cm = -0.0746     CD =  0.07128   =>   CDf =  0.00424    CDp =  0.06704

 Side 1 forced transition at x/c =  1.0001   59
 Side 2  free  transition at x/c =  0.0591   51
 idif Ue xi dudx           1  7.00508058E-02  6.91378117E-03   10.132054    
 Uenew xinew           2  9.22182016E-03  9.10162926E-04

   3   rms: 0.3594E-01   max: 0.1706E+00   D at    2  1
       a =-20.000      CL = -1.2509
      Cm = -0.0755     CD =  0.06855   =>   CDf =  0.00393    CDp =  0.06462

 Side 1 forced transition at x/c =  1.0001   58
 Side 2  free  transition at x/c =  0.0592   52

   4   rms: 0.8834E-02   max: -.5622E-01   D at   76  2
       a =-20.000      CL = -1.2578
      Cm = -0.0756     CD =  0.06820   =>   CDf =  0.00418    CDp =  0.06402

 Side 1 forced transition at x/c =  1.0001   58
 Side 2  free  transition at x/c =  0.0591   52

   5   rms: 0.1501E-02   max: 0.2006E-01   D at   76  2
       a =-20.000      CL = -1.2572
      Cm = -0.0755     CD =  0.06846   =>   CDf =  0.00420    CDp =  0.06426

 Side 1 forced transition at x/c =  1.0001   58
 Side 2  free  transition at x/c =  0.0591   52

   6   rms: 0.1751E-03   max: 0.9645E-03   D at   76  2
       a =-20.000      CL = -1.2570
      Cm = -0.0755     CD =  0.06845   =>   CDf =  0.00420    CDp =  0.06426

 Side 1 forced transition at x/c =  1.0001   58
 Side 2  free  transition at x/c =  0.0591   52

   7   rms: 0.8874E-05   max: 0.3679E-04   D at  117  2
       a =-20.000      CL = -1.2570
      Cm = -0.0755     CD =  0.06845   =>   CDf =  0.00420    CDp =  0.06425
 plradd ia,ip,cpol            6           0  1.32038509E-02

 Point added to stored polar  1
 Point written to save file  polar.txt                                       
 Dump file unspecified or not available
 Calculating wake trajectory ...
 Calculating source influence matrix ...

 Solving BL system ...

 Side 1 forced transition at x/c =  1.0001   58
 Side 2  free  transition at x/c =  0.0591   52

   1   rms: 0.1277E+00   max: -.7440E+00   D at   76  2   RLX: 0.546
       a =-19.000      CL = -1.2727
      Cm = -0.0789     CD =  0.05880   =>   CDf =  0.00438    CDp =  0.05442

 Side 1 forced transition at x/c =  1.0001   59
 Side 2  free  transition at x/c =  0.0608   51

   2   rms: 0.7647E-01   max: -.4623E+00   D at   75  2
       a =-19.000      CL = -1.2967
      Cm = -0.0815     CD =  0.05066   =>   CDf =  0.00433    CDp =  0.04634

 Side 1 forced transition at x/c =  1.0001   59
 Side 2  free  transition at x/c =  0.0619   51

   3   rms: 0.1087E-01   max: -.9220E-01   D at   77  2
       a =-19.000      CL = -1.2916
      Cm = -0.0803     CD =  0.05295   =>   CDf =  0.00451    CDp =  0.04844

 Side 1 forced transition at x/c =  1.0001   59
 Side 2  free  transition at x/c =  0.0619   51

   4   rms: 0.3798E-02   max: 0.3595E-01   D at   79  2
       a =-19.000      CL = -1.2890
      Cm = -0.0802     CD =  0.05323   =>   CDf =  0.00448    CDp =  0.04875

 Side 1 forced transition at x/c =  1.0001   59
 Side 2  free  transition at x/c =  0.0620   51

   5   rms: 0.7174E-03   max: 0.5597E-02   D at   79  2
       a =-19.000      CL = -1.2885
      Cm = -0.0801     CD =  0.05326   =>   CDf =  0.00447    CDp =  0.04879

 Side 1 forced transition at x/c =  1.0001   59
 Side 2  free  transition at x/c =  0.0620   51

   6   rms: 0.4490E-04   max: 0.2191E-03   D at  115  2
       a =-19.000      CL = -1.2884
      Cm = -0.0802     CD =  0.05326   =>   CDf =  0.00447    CDp =  0.04879
 plradd ia,ip,cpol            7           0  1.32038509E-02

 Point added to stored polar  1
 Point written to save file  polar.txt                                       
 Dump file unspecified or not available
 Calculating wake trajectory ...
 Calculating source influence matrix ...

 Solving BL system ...

 Side 1 forced transition at x/c =  1.0001   59
 Side 2  free  transition at x/c =  0.0620   51

   1   rms: 0.1279E+00   max: -.6963E+00   D at   78  2   RLX: 0.645
       a =-18.000      CL = -1.2943
      Cm = -0.0829     CD =  0.04406   =>   CDf =  0.00446    CDp =  0.03960

 Side 1 forced transition at x/c =  1.0001   59
 Side 2  free  transition at x/c =  0.0636   52

   2   rms: 0.5428E-01   max: -.3522E+00   D at   79  2
       a =-18.000      CL = -1.3015
      Cm = -0.0830     CD =  0.04043   =>   CDf =  0.00466    CDp =  0.03576

 Side 1 forced transition at x/c =  1.0001   59
 Side 2  free  transition at x/c =  0.0659   52

   3   rms: 0.6993E-02   max: -.5683E-01   D at   79  2
       a =-18.000      CL = -1.3003
      Cm = -0.0824     CD =  0.04123   =>   CDf =  0.00471    CDp =  0.03652

 Side 1 forced transition at x/c =  1.0001   59
 Side 2  free  transition at x/c =  0.0653   52

   4   rms: 0.9559E-03   max: 0.5955E-02   D at   82  2
       a =-18.000      CL = -1.2996
      Cm = -0.0824     CD =  0.04129   =>   CDf =  0.00471    CDp =  0.03657

 Side 1 forced transition at x/c =  1.0001   59
 Side 2  free  transition at x/c =  0.0653   52

   5   rms: 0.3169E-04   max: 0.2178E-03   D at  114  2
       a =-18.000      CL = -1.2996
      Cm = -0.0824     CD =  0.04128   =>   CDf =  0.00471    CDp =  0.03657
 plradd ia,ip,cpol            8           0  1.32038509E-02

 Point added to stored polar  1
 Point written to save file  polar.txt                                       
 Dump file unspecified or not available
 Calculating wake trajectory ...
 Calculating source influence matrix ...

 Solving BL system ...

 Side 1 forced transition at x/c =  1.0001   59
 Side 2  free  transition at x/c =  0.0653   52

   1   rms: 0.1258E+00   max: -.5905E+00   D at   82  2   RLX: 0.768
       a =-17.000      CL = -1.2942
      Cm = -0.0832     CD =  0.03334   =>   CDf =  0.00491    CDp =  0.02843

 Side 1 forced transition at x/c =  1.0001   60
 Side 2  free  transition at x/c =  0.0679   51

   2   rms: 0.3248E-01   max: 0.2325E+00   C at   60  1
       a =-17.000      CL = -1.2836
      Cm = -0.0821     CD =  0.03305   =>   CDf =  0.00488    CDp =  0.02817

 Side 1 forced transition at x/c =  1.0001   60
 Side 2  free  transition at x/c =  0.0689   51

   3   rms: 0.3948E-02   max: 0.6402E-01   C at   60  1
       a =-17.000      CL = -1.2857
      Cm = -0.0817     CD =  0.03317   =>   CDf =  0.00490    CDp =  0.02827

 Side 1 forced transition at x/c =  1.0001   60
 Side 2  free  transition at x/c =  0.0689   51

   4   rms: 0.2760E-03   max: 0.4649E-02   C at   60  1
       a =-17.000      CL = -1.2859
      Cm = -0.0817     CD =  0.03317   =>   CDf =  0.00490    CDp =  0.02827

 Side 1 forced transition at x/c =  1.0001   60
 Side 2  free  transition at x/c =  0.0689   51

   5   rms: 0.1244E-04   max: -.5448E-04   D at   84  2
       a =-17.000      CL = -1.2859
      Cm = -0.0817     CD =  0.03317   =>   CDf =  0.00490    CDp =  0.02827
 plradd ia,ip,cpol            9           0  1.55727854E-02

 Point added to stored polar  1
 Point written to save file  polar.txt                                       
 Dump file unspecified or not available
 Calculating wake trajectory ...
 Calculating source influence matrix ...

 Solving BL system ...

 Side 1 forced transition at x/c =  1.0001   60
 Side 2  free  transition at x/c =  0.0689   51

   1   rms: 0.1179E+00   max: 0.7585E+00   C at   60  1   RLX: 0.904
       a =-16.000      CL = -1.2626
      Cm = -0.0791     CD =  0.02741   =>   CDf =  0.00510    CDp =  0.02231

 MRCHDU: Convergence failed at  51  side 2    Res =  0.2086E+01
 Side 1 forced transition at x/c =  1.0001   61
 Side 2  free  transition at x/c =  0.0726   51

   2   rms: 0.4842E-01   max: 0.5069E+00   C at   61  1
       a =-16.000      CL = -1.2917
      Cm = -0.0745     CD =  0.02666   =>   CDf =  0.00495    CDp =  0.02171

 Side 1 forced transition at x/c =  1.0001   61
 Side 2  free  transition at x/c =  0.0733   51

   3   rms: 0.1649E-01   max: 0.1544E+00   D at   58  1
       a =-16.000      CL = -1.2993
      Cm = -0.0730     CD =  0.02689   =>   CDf =  0.00504    CDp =  0.02186

 Side 1 forced transition at x/c =  1.0001   61
 Side 2  free  transition at x/c =  0.0731   51

   4   rms: 0.3767E-02   max: 0.3278E-01   D at   57  1
       a =-16.000      CL = -1.3013
      Cm = -0.0728     CD =  0.02688   =>   CDf =  0.00504    CDp =  0.02185

 Side 1 forced transition at x/c =  1.0001   61
 Side 2  free  transition at x/c =  0.0730   51

   5   rms: 0.4722E-03   max: 0.2998E-02   D at   57  1
       a =-16.000      CL = -1.3017
      Cm = -0.0727     CD =  0.02687   =>   CDf =  0.00504    CDp =  0.02184

 Side 1 forced transition at x/c =  1.0001   61
 Side 2  free  transition at x/c =  0.0730   51

   6   rms: 0.3838E-04   max: 0.1813E-03   D at   61  1
       a =-16.000      CL = -1.3017
      Cm = -0.0727     CD =  0.02687   =>   CDf =  0.00504    CDp =  0.02184
 plradd ia,ip,cpol           10           0  1.55727854E-02

 Point added to stored polar  1
 Point written to save file  polar.txt                                       
 Dump file unspecified or not available
 Calculating wake trajectory ...
 Calculating source influence matrix ...

 Solving BL system ...

 Side 1 forced transition at x/c =  1.0001   61
 Side 2  free  transition at x/c =  0.0730   51

   1   rms: 0.1444E+00   max: 0.9603E+00   D at   61  1
       a =-15.000      CL = -1.3211
      Cm = -0.0587     CD =  0.02255   =>   CDf =  0.00503    CDp =  0.01752

 Side 1  free  transition at x/c =  0.9538   58
 Side 2  free  transition at x/c =  0.0761   52

   2   rms: 0.1866E+00   max: -.2324E+01   T at   58  1   RLX: 0.215
       a =-15.000      CL = -1.2871
      Cm = -0.0635     CD =  0.02587   =>   CDf =  0.00542    CDp =  0.02045

 Side 1  free  transition at x/c =  0.9664   60
 Side 2  free  transition at x/c =  0.0775   51

   3   rms: 0.1671E+00   max: -.1880E+01   T at    2  1   RLX: 0.266
       a =-15.000      CL = -1.2568
      Cm = -0.0695     CD =  0.02403   =>   CDf =  0.00519    CDp =  0.01884

 Side 1  free  transition at x/c =  0.9787   61
 Side 2  free  transition at x/c =  0.0783   51

   4   rms: 0.8796E-01   max: -.8635E+00   D at   62  1   RLX: 0.579
       a =-15.000      CL = -1.2165
      Cm = -0.0776     CD =  0.02241   =>   CDf =  0.00516    CDp =  0.01724

 Side 1 forced transition at x/c =  1.0001   62
 Side 2  free  transition at x/c =  0.0794   51
 idif Ue xi dudx           1  6.87268823E-02  5.66244125E-03   12.137323    
 Uenew xinew           2  5.52708795E-03  4.55379486E-04

   5   rms: 0.1636E+00   max: 0.1874E+01   C at   62  1   RLX: 0.800
       a =-15.000      CL = -1.3011
      Cm = -0.0617     CD =  0.02270   =>   CDf =  0.00496    CDp =  0.01774

 Side 1  free  transition at x/c =  0.9636   59
 Side 2  free  transition at x/c =  0.0772   52

   6   rms: 0.1068E+00   max: -.1193E+01   T at   59  1   RLX: 0.419
       a =-15.000      CL = -1.2646
      Cm = -0.0682     CD =  0.02377   =>   CDf =  0.00539    CDp =  0.01838

 Side 1  free  transition at x/c =  0.9740   60
 Side 2  free  transition at x/c =  0.0782   51
 idif Ue xi dudx           1  6.74698502E-02  5.61362505E-03   12.018945    
 Uenew xinew           2  4.88646142E-03  4.06563282E-04

   7   rms: 0.1544E+02   max: 0.2294E+03   T at   60  1   RLX: 0.003
       a =-15.000      CL = -1.2990
      Cm = -0.0611     CD =  0.02381   =>   CDf =  0.00497    CDp =  0.01884

 Side 1  free  transition at x/c =  0.9621   59
 Side 2  free  transition at x/c =  0.0774   52

   8   rms: 0.9509E-01   max: -.9910E+00   T at   59  1   RLX: 0.505
       a =-15.000      CL = -1.2624
      Cm = -0.0684     CD =  0.02359   =>   CDf =  0.00538    CDp =  0.01820

 Side 1  free  transition at x/c =  0.9706   60
 Side 2  free  transition at x/c =  0.0783   51

   9   rms: 0.1519E+00   max: -.2161E+01   T at   60  1   RLX: 0.231
       a =-15.000      CL = -1.2339
      Cm = -0.0737     CD =  0.02426   =>   CDf =  0.00515    CDp =  0.01911

 Side 1  free  transition at x/c =  0.9841   61
 Side 2  free  transition at x/c =  0.0791   51

  10   rms: 0.5938E-01   max: -.7592E+00   T at   61  1   RLX: 0.659
       a =-15.000      CL = -1.2119
      Cm = -0.0783     CD =  0.02231   =>   CDf =  0.00513    CDp =  0.01717

 Side 1 forced transition at x/c =  1.0001   62
 Side 2  free  transition at x/c =  0.0796   51
 idif Ue xi dudx           1  6.96666613E-02  5.74934483E-03   12.117322    
 Uenew xinew           2  6.57101860E-03  5.42283058E-04

  11   rms: 0.1686E+00   max: 0.1952E+01   C at   62  1   RLX: 0.769
       a =-15.000      CL = -1.3034
      Cm = -0.0613     CD =  0.02277   =>   CDf =  0.00494    CDp =  0.01782

 Side 1  free  transition at x/c =  0.9575   58
 Side 2  free  transition at x/c =  0.0771   52

  12   rms: 0.7209E+00   max: -.9633E+01   T at   58  1   RLX: 0.052
       a =-15.000      CL = -1.2711
      Cm = -0.0659     CD =  0.02596   =>   CDf =  0.00538    CDp =  0.02058

 Side 1  free  transition at x/c =  0.9709   60
 Side 2  free  transition at x/c =  0.0780   51

  13   rms: 0.1676E+00   max: -.2195E+01   T at   60  1   RLX: 0.228
       a =-15.000      CL = -1.2344
      Cm = -0.0736     CD =  0.02378   =>   CDf =  0.00516    CDp =  0.01862

 Side 1  free  transition at x/c =  0.9865   61
 Side 2  free  transition at x/c =  0.0789   51

  14   rms: 0.4849E-01   max: -.6131E+00   D at   62  1   RLX: 0.816
       a =-15.000      CL = -1.2062
      Cm = -0.0795     CD =  0.02206   =>   CDf =  0.00514    CDp =  0.01693

 Side 1 forced transition at x/c =  1.0001   62
 Side 2  free  transition at x/c =  0.0797   51

  15   rms: 0.1716E+00   max: 0.2850E+01   C at   62  1   RLX: 0.526
       a =-15.000      CL = -1.2610
      Cm = -0.0691     CD =  0.02221   =>   CDf =  0.00512    CDp =  0.01709

 Side 1  free  transition at x/c =  0.9720   60
 Side 2  free  transition at x/c =  0.0783   51

  16   rms: 0.1737E+00   max: -.2390E+01   T at   60  1   RLX: 0.209
       a =-15.000      CL = -1.2286
      Cm = -0.0746     CD =  0.02381   =>   CDf =  0.00515    CDp =  0.01866

 Side 1  free  transition at x/c =  0.9867   61
 Side 2  free  transition at x/c =  0.0791   51

  17   rms: 0.4637E-01   max: -.6099E+00   T at   61  1   RLX: 0.820
       a =-15.000      CL = -1.2048
      Cm = -0.0798     CD =  0.02206   =>   CDf =  0.00513    CDp =  0.01693

 Side 1 forced transition at x/c =  1.0001   62
 Side 2  free  transition at x/c =  0.0798   51

  18   rms: 0.1701E+00   max: 0.2857E+01   C at   62  1   RLX: 0.525
       a =-15.000      CL = -1.2596
      Cm = -0.0694     CD =  0.02221   =>   CDf =  0.00512    CDp =  0.01709

 Side 1  free  transition at x/c =  0.9723   60
 Side 2  free  transition at x/c =  0.0784   51

  19   rms: 0.1895E+00   max: -.2628E+01   T at   60  1   RLX: 0.190
       a =-15.000      CL = -1.2276
      Cm = -0.0748     CD =  0.02386   =>   CDf =  0.00515    CDp =  0.01871

 Side 1  free  transition at x/c =  0.9869   61
 Side 2  free  transition at x/c =  0.0792   51

  20   rms: 0.4613E-01   max: -.6125E+00   T at   61  1   RLX: 0.816
       a =-15.000      CL = -1.2043
      Cm = -0.0799     CD =  0.02206   =>   CDf =  0.00513    CDp =  0.01693

 Side 1 forced transition at x/c =  1.0001   62
 Side 2  free  transition at x/c =  0.0798   51

  21   rms: 0.1699E+00   max: 0.2866E+01   C at   62  1   RLX: 0.523
       a =-15.000      CL = -1.2590
      Cm = -0.0695     CD =  0.02220   =>   CDf =  0.00512    CDp =  0.01708

 Side 1  free  transition at x/c =  0.9726   60
 Side 2  free  transition at x/c =  0.0784   51

  22   rms: 0.2156E+00   max: -.2995E+01   T at   60  1   RLX: 0.167
       a =-15.000      CL = -1.2271
      Cm = -0.0749     CD =  0.02391   =>   CDf =  0.00515    CDp =  0.01876

 Side 1  free  transition at x/c =  0.9872   61
 Side 2  free  transition at x/c =  0.0792   51

  23   rms: 0.4596E-01   max: -.6127E+00   T at   61  1   RLX: 0.816
       a =-15.000      CL = -1.2038
      Cm = -0.0800     CD =  0.02206   =>   CDf =  0.00513    CDp =  0.01693

 Side 1 forced transition at x/c =  1.0001   62
 Side 2  free  transition at x/c =  0.0798   51

  24   rms: 0.1698E+00   max: 0.2891E+01   C at   62  1   RLX: 0.519
       a =-15.000      CL = -1.2577
      Cm = -0.0697     CD =  0.02218   =>   CDf =  0.00512    CDp =  0.01706

 Side 1  free  transition at x/c =  0.9731   60
 Side 2  free  transition at x/c =  0.0784   51

  25   rms: 0.2715E+00   max: -.3772E+01   T at   60  1   RLX: 0.133
       a =-15.000      CL = -1.2260
      Cm = -0.0751     CD =  0.02396   =>   CDf =  0.00515    CDp =  0.01881

 Side 1  free  transition at x/c =  0.9877   61
 Side 2  free  transition at x/c =  0.0792   51

  26   rms: 0.4559E-01   max: -.6132E+00   T at   61  1   RLX: 0.815
       a =-15.000      CL = -1.2026
      Cm = -0.0802     CD =  0.02206   =>   CDf =  0.00513    CDp =  0.01692

 Side 1 forced transition at x/c =  1.0001   62
 Side 2  free  transition at x/c =  0.0798   51

  27   rms: 0.1697E+00   max: 0.2940E+01   C at   62  1   RLX: 0.510
       a =-15.000      CL = -1.2552
      Cm = -0.0702     CD =  0.02215   =>   CDf =  0.00512    CDp =  0.01703

 Side 1  free  transition at x/c =  0.9742   60
 Side 2  free  transition at x/c =  0.0785   51

  28   rms: 0.6669E+00   max: -.9176E+01   T at   60  1   RLX: 0.054
       a =-15.000      CL = -1.2242
      Cm = -0.0754     CD =  0.02406   =>   CDf =  0.00515    CDp =  0.01891

 Side 1  free  transition at x/c =  0.9886   61
 Side 2  free  transition at x/c =  0.0793   51

  29   rms: 0.4586E-01   max: -.6258E+00   T at   61  1   RLX: 0.799
       a =-15.000      CL = -1.2005
      Cm = -0.0807     CD =  0.02206   =>   CDf =  0.00513    CDp =  0.01693

 Side 1 forced transition at x/c =  1.0001   62
 Side 2  free  transition at x/c =  0.0799   51

  30   rms: 0.1692E+00   max: 0.3001E+01   C at   62  1   RLX: 0.500
       a =-15.000      CL = -1.2516
      Cm = -0.0708     CD =  0.02210   =>   CDf =  0.00512    CDp =  0.01698

 Side 1  free  transition at x/c =  0.9756   60
 Side 2  free  transition at x/c =  0.0786   51
 idif Ue xi dudx           1  6.33602291E-02  5.22851944E-03   12.118197    
 Uenew xinew           2  2.60028319E-04  2.14576721E-05

  31   rms: 0.4108E+00   max: 0.5393E+01   T at   60  1   RLX: 0.108
       a =-15.000      CL = -1.2886
      Cm = -0.0629     CD =  0.02330   =>   CDf =  0.00496    CDp =  0.01835

 Side 1  free  transition at x/c =  0.9628   59
 Side 2  free  transition at x/c =  0.0777   52

  32   rms: 0.2196E+00   max: -.3537E+01   T at    2  2   RLX: 0.141
       a =-15.000      CL = -1.2803
      Cm = -0.0640     CD =  0.02439   =>   CDf =  0.00537    CDp =  0.01902

 Side 1  free  transition at x/c =  0.9646   60
 Side 2  free  transition at x/c =  0.0779   51

  33   rms: 0.8359E-01   max: -.8966E+00   T at   60  1   RLX: 0.558
       a =-15.000      CL = -1.2446
      Cm = -0.0715     CD =  0.02316   =>   CDf =  0.00516    CDp =  0.01800

 Side 1  free  transition at x/c =  0.9741   60
 Side 2  free  transition at x/c =  0.0788   51

  34   rms: 0.6806E+01   max: -.9535E+02   T at   60  1   RLX: 0.005
       a =-15.000      CL = -1.2166
      Cm = -0.0764     CD =  0.02464   =>   CDf =  0.00513    CDp =  0.01951

 Side 1  free  transition at x/c =  0.9873   61
 Side 2  free  transition at x/c =  0.0795   51

  35   rms: 0.4528E-01   max: -.6466E+00   T at   61  1   RLX: 0.773
       a =-15.000      CL = -1.2013
      Cm = -0.0803     CD =  0.02210   =>   CDf =  0.00512    CDp =  0.01698

 Side 1 forced transition at x/c =  1.0001   62
 Side 2  free  transition at x/c =  0.0799   51

  36   rms: 0.1711E+00   max: 0.2894E+01   C at   62  1   RLX: 0.518
       a =-15.000      CL = -1.2568
      Cm = -0.0699     CD =  0.02217   =>   CDf =  0.00512    CDp =  0.01705

 Side 1  free  transition at x/c =  0.9730   60
 Side 2  free  transition at x/c =  0.0784   51

  37   rms: 0.2546E+00   max: -.3543E+01   T at   60  1   RLX: 0.141
       a =-15.000      CL = -1.2252
      Cm = -0.0752     CD =  0.02393   =>   CDf =  0.00515    CDp =  0.01878

 Side 1  free  transition at x/c =  0.9876   61
 Side 2  free  transition at x/c =  0.0792   51

  38   rms: 0.4532E-01   max: -.6116E+00   T at   61  1   RLX: 0.818
       a =-15.000      CL = -1.2027
      Cm = -0.0802     CD =  0.02205   =>   CDf =  0.00513    CDp =  0.01692

 Side 1 forced transition at x/c =  1.0001   62
 Side 2  free  transition at x/c =  0.0798   51

  39   rms: 0.1698E+00   max: 0.2933E+01   C at   62  1   RLX: 0.511
       a =-15.000      CL = -1.2555
      Cm = -0.0701     CD =  0.02216   =>   CDf =  0.00512    CDp =  0.01703

 Side 1  free  transition at x/c =  0.9740   60
 Side 2  free  transition at x/c =  0.0785   51

  40   rms: 0.5304E+00   max: -.7320E+01   T at   60  1   RLX: 0.068
       a =-15.000      CL = -1.2244
      Cm = -0.0754     CD =  0.02404   =>   CDf =  0.00515    CDp =  0.01889

 Side 1  free  transition at x/c =  0.9884   61
 Side 2  free  transition at x/c =  0.0793   51

  41   rms: 0.4570E-01   max: -.6226E+00   T at   61  1   RLX: 0.803
       a =-15.000      CL = -1.2008
      Cm = -0.0806     CD =  0.02206   =>   CDf =  0.00513    CDp =  0.01693

 Side 1 forced transition at x/c =  1.0001   62
 Side 2  free  transition at x/c =  0.0799   51

  42   rms: 0.1693E+00   max: 0.2994E+01   C at   62  1   RLX: 0.501
       a =-15.000      CL = -1.2520
      Cm = -0.0708     CD =  0.02211   =>   CDf =  0.00512    CDp =  0.01699

 Side 1  free  transition at x/c =  0.9754   60
 Side 2  free  transition at x/c =  0.0786   51
 idif Ue xi dudx           1  6.39606118E-02  5.28061390E-03   12.112344    
 Uenew xinew           2  8.90888681E-04  7.35521317E-05

  43   rms: 0.5343E+00   max: 0.7075E+01   T at   60  1   RLX: 0.084
       a =-15.000      CL = -1.2903
      Cm = -0.0625     CD =  0.02336   =>   CDf =  0.00496    CDp =  0.01840

 Side 1  free  transition at x/c =  0.9622   59
 Side 2  free  transition at x/c =  0.0776   52

  44   rms: 0.1049E+00   max: -.9923E+00   T at   59  1   RLX: 0.504
       a =-15.000      CL = -1.2586
      Cm = -0.0686     CD =  0.02341   =>   CDf =  0.00537    CDp =  0.01804

 Side 1  free  transition at x/c =  0.9685   60
 Side 2  free  transition at x/c =  0.0784   51

  45   rms: 0.1121E+00   max: -.1486E+01   T at   60  1   RLX: 0.337
       a =-15.000      CL = -1.2289
      Cm = -0.0744     CD =  0.02371   =>   CDf =  0.00514    CDp =  0.01857

 Side 1  free  transition at x/c =  0.9835   61
 Side 2  free  transition at x/c =  0.0792   51

  46   rms: 0.5565E-01   max: -.7235E+00   T at   61  1   RLX: 0.691
       a =-15.000      CL = -1.2097
      Cm = -0.0786     CD =  0.02225   =>   CDf =  0.00513    CDp =  0.01713

 Side 1 forced transition at x/c =  1.0001   62
 Side 2  free  transition at x/c =  0.0797   51

  47   rms: 0.1713E+00   max: 0.2309E+01   C at   62  1   RLX: 0.650
       a =-15.000      CL = -1.2848
      Cm = -0.0647     CD =  0.02256   =>   CDf =  0.00512    CDp =  0.01744

 Side 1  free  transition at x/c =  0.9617   60
 Side 2  free  transition at x/c =  0.0776   51

  48   rms: 0.9897E-01   max: -.1165E+01   T at   60  1   RLX: 0.429
       a =-15.000      CL = -1.2588
      Cm = -0.0689     CD =  0.02374   =>   CDf =  0.00517    CDp =  0.01857

 Side 1  free  transition at x/c =  0.9705   60
 Side 2  free  transition at x/c =  0.0784   51

  49   rms: 0.1960E+00   max: -.3006E+01   T at   60  1   RLX: 0.166
       a =-15.000      CL = -1.2336
      Cm = -0.0736     CD =  0.02454   =>   CDf =  0.00515    CDp =  0.01939

 Side 1  free  transition at x/c =  0.9826   61
 Side 2  free  transition at x/c =  0.0791   51

  50   rms: 0.5390E-01   max: -.6847E+00   T at   61  1   RLX: 0.730
       a =-15.000      CL = -1.2122
      Cm = -0.0782     CD =  0.02210   =>   CDf =  0.00514    CDp =  0.01697

 Side 1  free  transition at x/c =  0.9999   62
 Side 2  free  transition at x/c =  0.0796   51

  51   rms: 0.1484E-01   max: 0.1982E+00   T at   62  1
       a =-15.000      CL = -1.2171
      Cm = -0.0772     CD =  0.02199   =>   CDf =  0.00513    CDp =  0.01687

 Side 1  free  transition at x/c =  0.9941   62
 Side 2  free  transition at x/c =  0.0795   51

  52   rms: 0.2917E-02   max: -.5780E-01   D at   62  1
       a =-15.000      CL = -1.2168
      Cm = -0.0772     CD =  0.02202   =>   CDf =  0.00512    CDp =  0.01690

 Side 1  free  transition at x/c =  0.9947   62
 Side 2  free  transition at x/c =  0.0795   51

  53   rms: 0.9025E-04   max: 0.4770E-03   D at   89  2
       a =-15.000      CL = -1.2167
      Cm = -0.0772     CD =  0.02203   =>   CDf =  0.00512    CDp =  0.01690
 plradd ia,ip,cpol           11           0  1.81495845E-02

 Point added to stored polar  1
 Point written to save file  polar.txt                                       
 Dump file unspecified or not available
 Calculating wake trajectory ...
 Calculating source influence matrix ...

 Solving BL system ...

 Side 1  free  transition at x/c =  0.9946   62
 Side 2  free  transition at x/c =  0.0795   51

   1   rms: 0.1366E+00   max: 0.3809E+00   D at   51  2
       a =-14.000      CL = -1.1153
      Cm = -0.0823     CD =  0.01831   =>   CDf =  0.00530    CDp =  0.01300

 Side 1  free  transition at x/c =  0.9882   62
 Side 2  free  transition at x/c =  0.0865   51

   2   rms: 0.1014E-01   max: -.1131E+00   D at   62  1
       a =-14.000      CL = -1.1183
      Cm = -0.0813     CD =  0.01851   =>   CDf =  0.00518    CDp =  0.01333

 Side 1  free  transition at x/c =  0.9875   62
 Side 2  free  transition at x/c =  0.0874   51

   3   rms: 0.5930E-03   max: 0.5208E-02   D at   63  1
       a =-14.000      CL = -1.1183
      Cm = -0.0812     CD =  0.01853   =>   CDf =  0.00517    CDp =  0.01336

 Side 1  free  transition at x/c =  0.9874   62
 Side 2  free  transition at x/c =  0.0873   51

   4   rms: 0.7912E-05   max: -.5974E-04   D at  108  2
       a =-14.000      CL = -1.1183
      Cm = -0.0812     CD =  0.01853   =>   CDf =  0.00517    CDp =  0.01336
 plradd ia,ip,cpol           12           0  1.81495845E-02

 Point added to stored polar  1
 Point written to save file  polar.txt                                       
 Dump file unspecified or not available
 Calculating wake trajectory ...
 Calculating source influence matrix ...

 Solving BL system ...

 Side 1  free  transition at x/c =  0.9874   62
 Side 2  free  transition at x/c =  0.0873   51

   1   rms: 0.1338E+00   max: 0.3683E+00   D at   51  2
       a =-13.000      CL = -1.0194
      Cm = -0.0832     CD =  0.01588   =>   CDf =  0.00552    CDp =  0.01036

 Side 1  free  transition at x/c =  0.9681   63
 Side 2  free  transition at x/c =  0.0954   50
 idif Ue xi dudx           1  7.15178251E-02  5.00738621E-03   14.282466    
 Uenew xinew           2  6.05786033E-03  4.24146652E-04

   2   rms: 0.2758E-01   max: 0.3002E+00   D at    2  1
       a =-13.000      CL = -1.0380
      Cm = -0.0794     CD =  0.01597   =>   CDf =  0.00504    CDp =  0.01093

 Side 1  free  transition at x/c =  0.9647   62
 Side 2  free  transition at x/c =  0.0958   51

   3   rms: 0.2883E-02   max: -.1923E-01   T at   62  1
       a =-13.000      CL = -1.0366
      Cm = -0.0796     CD =  0.01602   =>   CDf =  0.00523    CDp =  0.01079

 Side 1  free  transition at x/c =  0.9653   62
 Side 2  free  transition at x/c =  0.0957   51

   4   rms: 0.1703E-03   max: -.1866E-02   D at    4  2
       a =-13.000      CL = -1.0365
      Cm = -0.0796     CD =  0.01602   =>   CDf =  0.00522    CDp =  0.01079

 Side 1  free  transition at x/c =  0.9653   62
 Side 2  free  transition at x/c =  0.0957   51

   5   rms: 0.1283E-05   max: 0.8587E-05   D at   63  1
       a =-13.000      CL = -1.0365
      Cm = -0.0796     CD =  0.01602   =>   CDf =  0.00522    CDp =  0.01079
 plradd ia,ip,cpol           13           0  2.09384225E-02

 Point added to stored polar  1
 Point written to save file  polar.txt                                       
 Dump file unspecified or not available
 Calculating wake trajectory ...
 Calculating source influence matrix ...

 Solving BL system ...

 Side 1  free  transition at x/c =  0.9653   62
 Side 2  free  transition at x/c =  0.0957   51

   1   rms: 0.1290E+00   max: -.6788E+00   D at   62  1   RLX: 0.737
       a =-12.000      CL = -0.9789
      Cm = -0.0766     CD =  0.01467   =>   CDf =  0.00540    CDp =  0.00928

 Side 1  free  transition at x/c =  0.9444   62
 Side 2  free  transition at x/c =  0.1026   51

   2   rms: 0.4058E-01   max: -.4644E+00   D at   63  1
       a =-12.000      CL = -0.9697
      Cm = -0.0733     CD =  0.01413   =>   CDf =  0.00546    CDp =  0.00867

 Side 1  free  transition at x/c =  0.9322   62
 Side 2  free  transition at x/c =  0.1046   50

   3   rms: 0.1692E-01   max: -.2870E+00   D at   62  1
       a =-12.000      CL = -0.9667
      Cm = -0.0738     CD =  0.01423   =>   CDf =  0.00532    CDp =  0.00891

 Side 1  free  transition at x/c =  0.9348   62
 Side 2  free  transition at x/c =  0.1045   50

   4   rms: 0.4852E-02   max: -.8673E-01   C at   50  2
       a =-12.000      CL = -0.9663
      Cm = -0.0739     CD =  0.01424   =>   CDf =  0.00532    CDp =  0.00892

 Side 1  free  transition at x/c =  0.9337   62
 Side 2  free  transition at x/c =  0.1045   50

   5   rms: 0.4207E-02   max: -.8589E-01   C at   50  2
       a =-12.000      CL = -0.9663
      Cm = -0.0739     CD =  0.01424   =>   CDf =  0.00532    CDp =  0.00892

 Side 1  free  transition at x/c =  0.9337   62
 Side 2  free  transition at x/c =  0.1045   50

   6   rms: 0.4209E-02   max: -.8591E-01   C at   50  2
       a =-12.000      CL = -0.9663
      Cm = -0.0739     CD =  0.01424   =>   CDf =  0.00532    CDp =  0.00892

 Side 1  free  transition at x/c =  0.9337   62
 Side 2  free  transition at x/c =  0.1045   50

   7   rms: 0.4209E-02   max: -.8590E-01   C at   50  2
       a =-12.000      CL = -0.9663
      Cm = -0.0739     CD =  0.01424   =>   CDf =  0.00532    CDp =  0.00892

 Side 1  free  transition at x/c =  0.9337   62
 Side 2  free  transition at x/c =  0.1045   50

   8   rms: 0.4209E-02   max: -.8590E-01   C at   50  2
       a =-12.000      CL = -0.9663
      Cm = -0.0739     CD =  0.01424   =>   CDf =  0.00532    CDp =  0.00892

 Side 1  free  transition at x/c =  0.9337   62
 Side 2  free  transition at x/c =  0.1045   50

   9   rms: 0.4209E-02   max: -.8591E-01   C at   50  2
       a =-12.000      CL = -0.9663
      Cm = -0.0739     CD =  0.01424   =>   CDf =  0.00532    CDp =  0.00892

 Side 1  free  transition at x/c =  0.9337   62
 Side 2  free  transition at x/c =  0.1045   50

  10   rms: 0.4209E-02   max: -.8591E-01   C at   50  2
       a =-12.000      CL = -0.9663
      Cm = -0.0739     CD =  0.01424   =>   CDf =  0.00532    CDp =  0.00892

 Side 1  free  transition at x/c =  0.9337   62
 Side 2  free  transition at x/c =  0.1045   50

  11   rms: 0.4209E-02   max: -.8591E-01   C at   50  2
       a =-12.000      CL = -0.9663
      Cm = -0.0739     CD =  0.01424   =>   CDf =  0.00532    CDp =  0.00892

 Side 1  free  transition at x/c =  0.9337   62
 Side 2  free  transition at x/c =  0.1045   50

  12   rms: 0.4209E-02   max: -.8590E-01   C at   50  2
       a =-12.000      CL = -0.9663
      Cm = -0.0739     CD =  0.01424   =>   CDf =  0.00532    CDp =  0.00892

 Side 1  free  transition at x/c =  0.9337   62
 Side 2  free  transition at x/c =  0.1045   50

  13   rms: 0.4209E-02   max: -.8590E-01   C at   50  2
       a =-12.000      CL = -0.9663
      Cm = -0.0739     CD =  0.01424   =>   CDf =  0.00532    CDp =  0.00892

 Side 1  free  transition at x/c =  0.9337   62
 Side 2  free  transition at x/c =  0.1045   50

  14   rms: 0.4209E-02   max: -.8591E-01   C at   50  2
       a =-12.000      CL = -0.9663
      Cm = -0.0739     CD =  0.01424   =>   CDf =  0.00532    CDp =  0.00892

 Side 1  free  transition at x/c =  0.9337   62
 Side 2  free  transition at x/c =  0.1045   50

  15   rms: 0.4209E-02   max: -.8591E-01   C at   50  2
       a =-12.000      CL = -0.9663
      Cm = -0.0739     CD =  0.01424   =>   CDf =  0.00532    CDp =  0.00892

 Side 1  free  transition at x/c =  0.9337   62
 Side 2  free  transition at x/c =  0.1045   50

  16   rms: 0.4209E-02   max: -.8591E-01   C at   50  2
       a =-12.000      CL = -0.9663
      Cm = -0.0739     CD =  0.01424   =>   CDf =  0.00532    CDp =  0.00892

 Side 1  free  transition at x/c =  0.9337   62
 Side 2  free  transition at x/c =  0.1045   50

  17   rms: 0.4208E-02   max: -.8590E-01   C at   50  2
       a =-12.000      CL = -0.9663
      Cm = -0.0739     CD =  0.01424   =>   CDf =  0.00532    CDp =  0.00892

 Side 1  free  transition at x/c =  0.9337   62
 Side 2  free  transition at x/c =  0.1045   50

  18   rms: 0.4209E-02   max: -.8590E-01   C at   50  2
       a =-12.000      CL = -0.9663
      Cm = -0.0739     CD =  0.01424   =>   CDf =  0.00532    CDp =  0.00892

 Side 1  free  transition at x/c =  0.9337   62
 Side 2  free  transition at x/c =  0.1045   50

  19   rms: 0.4209E-02   max: -.8590E-01   C at   50  2
       a =-12.000      CL = -0.9663
      Cm = -0.0739     CD =  0.01424   =>   CDf =  0.00532    CDp =  0.00892

 Side 1  free  transition at x/c =  0.9337   62
 Side 2  free  transition at x/c =  0.1045   50

  20   rms: 0.4209E-02   max: -.8590E-01   C at   50  2
       a =-12.000      CL = -0.9663
      Cm = -0.0739     CD =  0.01424   =>   CDf =  0.00532    CDp =  0.00892

 Side 1  free  transition at x/c =  0.9337   62
 Side 2  free  transition at x/c =  0.1045   50

  21   rms: 0.4209E-02   max: -.8591E-01   C at   50  2
       a =-12.000      CL = -0.9663
      Cm = -0.0739     CD =  0.01424   =>   CDf =  0.00532    CDp =  0.00892

 Side 1  free  transition at x/c =  0.9337   62
 Side 2  free  transition at x/c =  0.1045   50

  22   rms: 0.4209E-02   max: -.8591E-01   C at   50  2
       a =-12.000      CL = -0.9663
      Cm = -0.0739     CD =  0.01424   =>   CDf =  0.00532    CDp =  0.00892

 Side 1  free  transition at x/c =  0.9337   62
 Side 2  free  transition at x/c =  0.1045   50

  23   rms: 0.4209E-02   max: -.8590E-01   C at   50  2
       a =-12.000      CL = -0.9663
      Cm = -0.0739     CD =  0.01424   =>   CDf =  0.00532    CDp =  0.00892

 Side 1  free  transition at x/c =  0.9337   62
 Side 2  free  transition at x/c =  0.1045   50

  24   rms: 0.4208E-02   max: -.8590E-01   C at   50  2
       a =-12.000      CL = -0.9663
      Cm = -0.0739     CD =  0.01424   =>   CDf =  0.00532    CDp =  0.00892

 Side 1  free  transition at x/c =  0.9337   62
 Side 2  free  transition at x/c =  0.1045   50

  25   rms: 0.4209E-02   max: -.8590E-01   C at   50  2
       a =-12.000      CL = -0.9663
      Cm = -0.0739     CD =  0.01424   =>   CDf =  0.00532    CDp =  0.00892

 Side 1  free  transition at x/c =  0.9337   62
 Side 2  free  transition at x/c =  0.1045   50

  26   rms: 0.4209E-02   max: -.8590E-01   C at   50  2
       a =-12.000      CL = -0.9663
      Cm = -0.0739     CD =  0.01424   =>   CDf =  0.00532    CDp =  0.00892

 Side 1  free  transition at x/c =  0.9337   62
 Side 2  free  transition at x/c =  0.1045   50

  27   rms: 0.4209E-02   max: -.8590E-01   C at   50  2
       a =-12.000      CL = -0.9663
      Cm = -0.0739     CD =  0.01424   =>   CDf =  0.00532    CDp =  0.00892

 Side 1  free  transition at x/c =  0.9337   62
 Side 2  free  transition at x/c =  0.1045   50

  28   rms: 0.4209E-02   max: -.8590E-01   C at   50  2
       a =-12.000      CL = -0.9663
      Cm = -0.0739     CD =  0.01424   =>   CDf =  0.00532    CDp =  0.00892

 Side 1  free  transition at x/c =  0.9337   62
 Side 2  free  transition at x/c =  0.1045   50

  29   rms: 0.4209E-02   max: -.8590E-01   C at   50  2
       a =-12.000      CL = -0.9663
      Cm = -0.0739     CD =  0.01424   =>   CDf =  0.00532    CDp =  0.00892

 Side 1  free  transition at x/c =  0.9337   62
 Side 2  free  transition at x/c =  0.1045   50

  30   rms: 0.4209E-02   max: -.8591E-01   C at   50  2
       a =-12.000      CL = -0.9663
      Cm = -0.0739     CD =  0.01424   =>   CDf =  0.00532    CDp =  0.00892

 Side 1  free  transition at x/c =  0.9337   62
 Side 2  free  transition at x/c =  0.1045   50

  31   rms: 0.4209E-02   max: -.8590E-01   C at   50  2
       a =-12.000      CL = -0.9663
      Cm = -0.0739     CD =  0.01424   =>   CDf =  0.00532    CDp =  0.00892

 Side 1  free  transition at x/c =  0.9337   62
 Side 2  free  transition at x/c =  0.1045   50

  32   rms: 0.4209E-02   max: -.8590E-01   C at   50  2
       a =-12.000      CL = -0.9663
      Cm = -0.0739     CD =  0.01424   =>   CDf =  0.00532    CDp =  0.00892

 Side 1  free  transition at x/c =  0.9337   62
 Side 2  free  transition at x/c =  0.1045   50

  33   rms: 0.4209E-02   max: -.8590E-01   C at   50  2
       a =-12.000      CL = -0.9663
      Cm = -0.0739     CD =  0.01424   =>   CDf =  0.00532    CDp =  0.00892

 Side 1  free  transition at x/c =  0.9337   62
 Side 2  free  transition at x/c =  0.1045   50

  34   rms: 0.4209E-02   max: -.8590E-01   C at   50  2
       a =-12.000      CL = -0.9663
      Cm = -0.0739     CD =  0.01424   =>   CDf =  0.00532    CDp =  0.00892

 Side 1  free  transition at x/c =  0.9337   62
 Side 2  free  transition at x/c =  0.1045   50

  35   rms: 0.4208E-02   max: -.8590E-01   C at   50  2
       a =-12.000      CL = -0.9663
      Cm = -0.0739     CD =  0.01424   =>   CDf =  0.00532    CDp =  0.00892

 Side 1  free  transition at x/c =  0.9337   62
 Side 2  free  transition at x/c =  0.1045   50

  36   rms: 0.4209E-02   max: -.8591E-01   C at   50  2
       a =-12.000      CL = -0.9663
      Cm = -0.0739     CD =  0.01424   =>   CDf =  0.00532    CDp =  0.00892

 Side 1  free  transition at x/c =  0.9337   62
 Side 2  free  transition at x/c =  0.1045   50

  37   rms: 0.4209E-02   max: -.8590E-01   C at   50  2
       a =-12.000      CL = -0.9663
      Cm = -0.0739     CD =  0.01424   =>   CDf =  0.00532    CDp =  0.00892

 Side 1  free  transition at x/c =  0.9337   62
 Side 2  free  transition at x/c =  0.1045   50

  38   rms: 0.4209E-02   max: -.8590E-01   C at   50  2
       a =-12.000      CL = -0.9663
      Cm = -0.0739     CD =  0.01424   =>   CDf =  0.00532    CDp =  0.00892

 Side 1  free  transition at x/c =  0.9337   62
 Side 2  free  transition at x/c =  0.1045   50

  39   rms: 0.4209E-02   max: -.8590E-01   C at   50  2
       a =-12.000      CL = -0.9663
      Cm = -0.0739     CD =  0.01424   =>   CDf =  0.00532    CDp =  0.00892

 Side 1  free  transition at x/c =  0.9337   62
 Side 2  free  transition at x/c =  0.1045   50

  40   rms: 0.4209E-02   max: -.8591E-01   C at   50  2
       a =-12.000      CL = -0.9663
      Cm = -0.0739     CD =  0.01424   =>   CDf =  0.00532    CDp =  0.00892

 Side 1  free  transition at x/c =  0.9337   62
 Side 2  free  transition at x/c =  0.1045   50

  41   rms: 0.4209E-02   max: -.8590E-01   C at   50  2
       a =-12.000      CL = -0.9663
      Cm = -0.0739     CD =  0.01424   =>   CDf =  0.00532    CDp =  0.00892

 Side 1  free  transition at x/c =  0.9337   62
 Side 2  free  transition at x/c =  0.1045   50

  42   rms: 0.4208E-02   max: -.8590E-01   C at   50  2
       a =-12.000      CL = -0.9663
      Cm = -0.0739     CD =  0.01424   =>   CDf =  0.00532    CDp =  0.00892

 Side 1  free  transition at x/c =  0.9337   62
 Side 2  free  transition at x/c =  0.1045   50

  43   rms: 0.4209E-02   max: -.8590E-01   C at   50  2
       a =-12.000      CL = -0.9663
      Cm = -0.0739     CD =  0.01424   =>   CDf =  0.00532    CDp =  0.00892

 Side 1  free  transition at x/c =  0.9337   62
 Side 2  free  transition at x/c =  0.1045   50

  44   rms: 0.4209E-02   max: -.8590E-01   C at   50  2
       a =-12.000      CL = -0.9663
      Cm = -0.0739     CD =  0.01424   =>   CDf =  0.00532    CDp =  0.00892

 Side 1  free  transition at x/c =  0.9337   62
 Side 2  free  transition at x/c =  0.1045   50

  45   rms: 0.4209E-02   max: -.8590E-01   C at   50  2
       a =-12.000      CL = -0.9663
      Cm = -0.0739     CD =  0.01424   =>   CDf =  0.00532    CDp =  0.00892

 Side 1  free  transition at x/c =  0.9337   62
 Side 2  free  transition at x/c =  0.1045   50

  46   rms: 0.4209E-02   max: -.8590E-01   C at   50  2
       a =-12.000      CL = -0.9663
      Cm = -0.0739     CD =  0.01424   =>   CDf =  0.00532    CDp =  0.00892

 Side 1  free  transition at x/c =  0.9337   62
 Side 2  free  transition at x/c =  0.1045   50

  47   rms: 0.4209E-02   max: -.8590E-01   C at   50  2
       a =-12.000      CL = -0.9663
      Cm = -0.0739     CD =  0.01424   =>   CDf =  0.00532    CDp =  0.00892

 Side 1  free  transition at x/c =  0.9337   62
 Side 2  free  transition at x/c =  0.1045   50

  48   rms: 0.4209E-02   max: -.8590E-01   C at   50  2
       a =-12.000      CL = -0.9663
      Cm = -0.0739     CD =  0.01424   =>   CDf =  0.00532    CDp =  0.00892

 Side 1  free  transition at x/c =  0.9337   62
 Side 2  free  transition at x/c =  0.1045   50

  49   rms: 0.4209E-02   max: -.8590E-01   C at   50  2
       a =-12.000      CL = -0.9663
      Cm = -0.0739     CD =  0.01424   =>   CDf =  0.00532    CDp =  0.00892

 Side 1  free  transition at x/c =  0.9337   62
 Side 2  free  transition at x/c =  0.1045   50

  50   rms: 0.4209E-02   max: -.8591E-01   C at   50  2
       a =-12.000      CL = -0.9663
      Cm = -0.0739     CD =  0.01424   =>   CDf =  0.00532    CDp =  0.00892

 Side 1  free  transition at x/c =  0.9337   62
 Side 2  free  transition at x/c =  0.1045   50

  51   rms: 0.4209E-02   max: -.8590E-01   C at   50  2
       a =-12.000      CL = -0.9663
      Cm = -0.0739     CD =  0.01424   =>   CDf =  0.00532    CDp =  0.00892

 Side 1  free  transition at x/c =  0.9337   62
 Side 2  free  transition at x/c =  0.1045   50

  52   rms: 0.4209E-02   max: -.8591E-01   C at   50  2
       a =-12.000      CL = -0.9663
      Cm = -0.0739     CD =  0.01424   =>   CDf =  0.00532    CDp =  0.00892

 Side 1  free  transition at x/c =  0.9337   62
 Side 2  free  transition at x/c =  0.1045   50

  53   rms: 0.4209E-02   max: -.8590E-01   C at   50  2
       a =-12.000      CL = -0.9663
      Cm = -0.0739     CD =  0.01424   =>   CDf =  0.00532    CDp =  0.00892

 Side 1  free  transition at x/c =  0.9337   62
 Side 2  free  transition at x/c =  0.1045   50

  54   rms: 0.4209E-02   max: -.8591E-01   C at   50  2
       a =-12.000      CL = -0.9663
      Cm = -0.0739     CD =  0.01424   =>   CDf =  0.00532    CDp =  0.00892

 Side 1  free  transition at x/c =  0.9337   62
 Side 2  free  transition at x/c =  0.1045   50

  55   rms: 0.4209E-02   max: -.8591E-01   C at   50  2
       a =-12.000      CL = -0.9663
      Cm = -0.0739     CD =  0.01424   =>   CDf =  0.00532    CDp =  0.00892

 Side 1  free  transition at x/c =  0.9337   62
 Side 2  free  transition at x/c =  0.1045   50

  56   rms: 0.4208E-02   max: -.8590E-01   C at   50  2
       a =-12.000      CL = -0.9663
      Cm = -0.0739     CD =  0.01424   =>   CDf =  0.00532    CDp =  0.00892

 Side 1  free  transition at x/c =  0.9337   62
 Side 2  free  transition at x/c =  0.1045   50

  57   rms: 0.4209E-02   max: -.8590E-01   C at   50  2
       a =-12.000      CL = -0.9663
      Cm = -0.0739     CD =  0.01424   =>   CDf =  0.00532    CDp =  0.00892

 Side 1  free  transition at x/c =  0.9337   62
 Side 2  free  transition at x/c =  0.1045   50

  58   rms: 0.4209E-02   max: -.8590E-01   C at   50  2
       a =-12.000      CL = -0.9663
      Cm = -0.0739     CD =  0.01424   =>   CDf =  0.00532    CDp =  0.00892

 Side 1  free  transition at x/c =  0.9337   62
 Side 2  free  transition at x/c =  0.1045   50

  59   rms: 0.4209E-02   max: -.8590E-01   C at   50  2
       a =-12.000      CL = -0.9663
      Cm = -0.0739     CD =  0.01424   =>   CDf =  0.00532    CDp =  0.00892

 Side 1  free  transition at x/c =  0.9337   62
 Side 2  free  transition at x/c =  0.1045   50

  60   rms: 0.4209E-02   max: -.8591E-01   C at   50  2
       a =-12.000      CL = -0.9663
      Cm = -0.0739     CD =  0.01424   =>   CDf =  0.00532    CDp =  0.00892

 Side 1  free  transition at x/c =  0.9337   62
 Side 2  free  transition at x/c =  0.1045   50

  61   rms: 0.4209E-02   max: -.8591E-01   C at   50  2
       a =-12.000      CL = -0.9663
      Cm = -0.0739     CD =  0.01424   =>   CDf =  0.00532    CDp =  0.00892

 Side 1  free  transition at x/c =  0.9337   62
 Side 2  free  transition at x/c =  0.1045   50

  62   rms: 0.4209E-02   max: -.8590E-01   C at   50  2
       a =-12.000      CL = -0.9663
      Cm = -0.0739     CD =  0.01424   =>   CDf =  0.00532    CDp =  0.00892

 Side 1  free  transition at x/c =  0.9337   62
 Side 2  free  transition at x/c =  0.1045   50

  63   rms: 0.4208E-02   max: -.8590E-01   C at   50  2
       a =-12.000      CL = -0.9663
      Cm = -0.0739     CD =  0.01424   =>   CDf =  0.00532    CDp =  0.00892

 Side 1  free  transition at x/c =  0.9337   62
 Side 2  free  transition at x/c =  0.1045   50

  64   rms: 0.4209E-02   max: -.8591E-01   C at   50  2
       a =-12.000      CL = -0.9663
      Cm = -0.0739     CD =  0.01424   =>   CDf =  0.00532    CDp =  0.00892

 Side 1  free  transition at x/c =  0.9337   62
 Side 2  free  transition at x/c =  0.1045   50

  65   rms: 0.4208E-02   max: -.8590E-01   C at   50  2
       a =-12.000      CL = -0.9663
      Cm = -0.0739     CD =  0.01424   =>   CDf =  0.00532    CDp =  0.00892

 Side 1  free  transition at x/c =  0.9337   62
 Side 2  free  transition at x/c =  0.1045   50

  66   rms: 0.4209E-02   max: -.8590E-01   C at   50  2
       a =-12.000      CL = -0.9663
      Cm = -0.0739     CD =  0.01424   =>   CDf =  0.00532    CDp =  0.00892

 Side 1  free  transition at x/c =  0.9337   62
 Side 2  free  transition at x/c =  0.1045   50

  67   rms: 0.4209E-02   max: -.8590E-01   C at   50  2
       a =-12.000      CL = -0.9663
      Cm = -0.0739     CD =  0.01424   =>   CDf =  0.00532    CDp =  0.00892

 Side 1  free  transition at x/c =  0.9337   62
 Side 2  free  transition at x/c =  0.1045   50

  68   rms: 0.4209E-02   max: -.8591E-01   C at   50  2
       a =-12.000      CL = -0.9663
      Cm = -0.0739     CD =  0.01424   =>   CDf =  0.00532    CDp =  0.00892

 Side 1  free  transition at x/c =  0.9337   62
 Side 2  free  transition at x/c =  0.1045   50

  69   rms: 0.4209E-02   max: -.8591E-01   C at   50  2
       a =-12.000      CL = -0.9663
      Cm = -0.0739     CD =  0.01424   =>   CDf =  0.00532    CDp =  0.00892

 Side 1  free  transition at x/c =  0.9337   62
 Side 2  free  transition at x/c =  0.1045   50

  70   rms: 0.4209E-02   max: -.8591E-01   C at   50  2
       a =-12.000      CL = -0.9663
      Cm = -0.0739     CD =  0.01424   =>   CDf =  0.00532    CDp =  0.00892

 Side 1  free  transition at x/c =  0.9337   62
 Side 2  free  transition at x/c =  0.1045   50

  71   rms: 0.4209E-02   max: -.8590E-01   C at   50  2
       a =-12.000      CL = -0.9663
      Cm = -0.0739     CD =  0.01424   =>   CDf =  0.00532    CDp =  0.00892

 Side 1  free  transition at x/c =  0.9337   62
 Side 2  free  transition at x/c =  0.1045   50

  72   rms: 0.4209E-02   max: -.8591E-01   C at   50  2
       a =-12.000      CL = -0.9663
      Cm = -0.0739     CD =  0.01424   =>   CDf =  0.00532    CDp =  0.00892

 Side 1  free  transition at x/c =  0.9337   62
 Side 2  free  transition at x/c =  0.1045   50

  73   rms: 0.4209E-02   max: -.8591E-01   C at   50  2
       a =-12.000      CL = -0.9663
      Cm = -0.0739     CD =  0.01424   =>   CDf =  0.00532    CDp =  0.00892

 Side 1  free  transition at x/c =  0.9337   62
 Side 2  free  transition at x/c =  0.1045   50

  74   rms: 0.4209E-02   max: -.8591E-01   C at   50  2
       a =-12.000      CL = -0.9663
      Cm = -0.0739     CD =  0.01424   =>   CDf =  0.00532    CDp =  0.00892

 Side 1  free  transition at x/c =  0.9337   62
 Side 2  free  transition at x/c =  0.1045   50

  75   rms: 0.4209E-02   max: -.8590E-01   C at   50  2
       a =-12.000      CL = -0.9663
      Cm = -0.0739     CD =  0.01424   =>   CDf =  0.00532    CDp =  0.00892

 Side 1  free  transition at x/c =  0.9337   62
 Side 2  free  transition at x/c =  0.1045   50

  76   rms: 0.4209E-02   max: -.8591E-01   C at   50  2
       a =-12.000      CL = -0.9663
      Cm = -0.0739     CD =  0.01424   =>   CDf =  0.00532    CDp =  0.00892

 Side 1  free  transition at x/c =  0.9337   62
 Side 2  free  transition at x/c =  0.1045   50

  77   rms: 0.4209E-02   max: -.8591E-01   C at   50  2
       a =-12.000      CL = -0.9663
      Cm = -0.0739     CD =  0.01424   =>   CDf =  0.00532    CDp =  0.00892

 Side 1  free  transition at x/c =  0.9337   62
 Side 2  free  transition at x/c =  0.1045   50

  78   rms: 0.4209E-02   max: -.8590E-01   C at   50  2
       a =-12.000      CL = -0.9663
      Cm = -0.0739     CD =  0.01424   =>   CDf =  0.00532    CDp =  0.00892

 Side 1  free  transition at x/c =  0.9337   62
 Side 2  free  transition at x/c =  0.1045   50

  79   rms: 0.4209E-02   max: -.8591E-01   C at   50  2
       a =-12.000      CL = -0.9663
      Cm = -0.0739     CD =  0.01424   =>   CDf =  0.00532    CDp =  0.00892

 Side 1  free  transition at x/c =  0.9337   62
 Side 2  free  transition at x/c =  0.1045   50

  80   rms: 0.4209E-02   max: -.8591E-01   C at   50  2
       a =-12.000      CL = -0.9663
      Cm = -0.0739     CD =  0.01424   =>   CDf =  0.00532    CDp =  0.00892

 Side 1  free  transition at x/c =  0.9337   62
 Side 2  free  transition at x/c =  0.1045   50

  81   rms: 0.4209E-02   max: -.8590E-01   C at   50  2
       a =-12.000      CL = -0.9663
      Cm = -0.0739     CD =  0.01424   =>   CDf =  0.00532    CDp =  0.00892

 Side 1  free  transition at x/c =  0.9337   62
 Side 2  free  transition at x/c =  0.1045   50

  82   rms: 0.4209E-02   max: -.8590E-01   C at   50  2
       a =-12.000      CL = -0.9663
      Cm = -0.0739     CD =  0.01424   =>   CDf =  0.00532    CDp =  0.00892

 Side 1  free  transition at x/c =  0.9337   62
 Side 2  free  transition at x/c =  0.1045   50

  83   rms: 0.4209E-02   max: -.8591E-01   C at   50  2
       a =-12.000      CL = -0.9663
      Cm = -0.0739     CD =  0.01424   =>   CDf =  0.00532    CDp =  0.00892

 Side 1  free  transition at x/c =  0.9337   62
 Side 2  free  transition at x/c =  0.1045   50

  84   rms: 0.4209E-02   max: -.8591E-01   C at   50  2
       a =-12.000      CL = -0.9663
      Cm = -0.0739     CD =  0.01424   =>   CDf =  0.00532    CDp =  0.00892

 Side 1  free  transition at x/c =  0.9337   62
 Side 2  free  transition at x/c =  0.1045   50

  85   rms: 0.4209E-02   max: -.8590E-01   C at   50  2
       a =-12.000      CL = -0.9663
      Cm = -0.0739     CD =  0.01424   =>   CDf =  0.00532    CDp =  0.00892

 Side 1  free  transition at x/c =  0.9337   62
 Side 2  free  transition at x/c =  0.1045   50

  86   rms: 0.4209E-02   max: -.8591E-01   C at   50  2
       a =-12.000      CL = -0.9663
      Cm = -0.0739     CD =  0.01424   =>   CDf =  0.00532    CDp =  0.00892

 Side 1  free  transition at x/c =  0.9337   62
 Side 2  free  transition at x/c =  0.1045   50

  87   rms: 0.4209E-02   max: -.8590E-01   C at   50  2
       a =-12.000      CL = -0.9663
      Cm = -0.0739     CD =  0.01424   =>   CDf =  0.00532    CDp =  0.00892

 Side 1  free  transition at x/c =  0.9337   62
 Side 2  free  transition at x/c =  0.1045   50

  88   rms: 0.4209E-02   max: -.8591E-01   C at   50  2
       a =-12.000      CL = -0.9663
      Cm = -0.0739     CD =  0.01424   =>   CDf =  0.00532    CDp =  0.00892

 Side 1  free  transition at x/c =  0.9337   62
 Side 2  free  transition at x/c =  0.1045   50

  89   rms: 0.4208E-02   max: -.8590E-01   C at   50  2
       a =-12.000      CL = -0.9663
      Cm = -0.0739     CD =  0.01424   =>   CDf =  0.00532    CDp =  0.00892

 Side 1  free  transition at x/c =  0.9337   62
 Side 2  free  transition at x/c =  0.1045   50

  90   rms: 0.4209E-02   max: -.8590E-01   C at   50  2
       a =-12.000      CL = -0.9663
      Cm = -0.0739     CD =  0.01424   =>   CDf =  0.00532    CDp =  0.00892

 Side 1  free  transition at x/c =  0.9337   62
 Side 2  free  transition at x/c =  0.1045   50

  91   rms: 0.4209E-02   max: -.8590E-01   C at   50  2
       a =-12.000      CL = -0.9663
      Cm = -0.0739     CD =  0.01424   =>   CDf =  0.00532    CDp =  0.00892

 Side 1  free  transition at x/c =  0.9337   62
 Side 2  free  transition at x/c =  0.1045   50

  92   rms: 0.4209E-02   max: -.8590E-01   C at   50  2
       a =-12.000      CL = -0.9663
      Cm = -0.0739     CD =  0.01424   =>   CDf =  0.00532    CDp =  0.00892

 Side 1  free  transition at x/c =  0.9337   62
 Side 2  free  transition at x/c =  0.1045   50

  93   rms: 0.4209E-02   max: -.8590E-01   C at   50  2
       a =-12.000      CL = -0.9663
      Cm = -0.0739     CD =  0.01424   =>   CDf =  0.00532    CDp =  0.00892

 Side 1  free  transition at x/c =  0.9337   62
 Side 2  free  transition at x/c =  0.1045   50

  94   rms: 0.4209E-02   max: -.8590E-01   C at   50  2
       a =-12.000      CL = -0.9663
      Cm = -0.0739     CD =  0.01424   =>   CDf =  0.00532    CDp =  0.00892

 Side 1  free  transition at x/c =  0.9337   62
 Side 2  free  transition at x/c =  0.1045   50

  95   rms: 0.4209E-02   max: -.8591E-01   C at   50  2
       a =-12.000      CL = -0.9663
      Cm = -0.0739     CD =  0.01424   =>   CDf =  0.00532    CDp =  0.00892

 Side 1  free  transition at x/c =  0.9337   62
 Side 2  free  transition at x/c =  0.1045   50

  96   rms: 0.4209E-02   max: -.8590E-01   C at   50  2
       a =-12.000      CL = -0.9663
      Cm = -0.0739     CD =  0.01424   =>   CDf =  0.00532    CDp =  0.00892

 Side 1  free  transition at x/c =  0.9337   62
 Side 2  free  transition at x/c =  0.1045   50

  97   rms: 0.4209E-02   max: -.8591E-01   C at   50  2
       a =-12.000      CL = -0.9663
      Cm = -0.0739     CD =  0.01424   =>   CDf =  0.00532    CDp =  0.00892

 Side 1  free  transition at x/c =  0.9337   62
 Side 2  free  transition at x/c =  0.1045   50

  98   rms: 0.4209E-02   max: -.8590E-01   C at   50  2
       a =-12.000      CL = -0.9663
      Cm = -0.0739     CD =  0.01424   =>   CDf =  0.00532    CDp =  0.00892

 Side 1  free  transition at x/c =  0.9337   62
 Side 2  free  transition at x/c =  0.1045   50

  99   rms: 0.4209E-02   max: -.8591E-01   C at   50  2
       a =-12.000      CL = -0.9663
      Cm = -0.0739     CD =  0.01424   =>   CDf =  0.00532    CDp =  0.00892

 Side 1  free  transition at x/c =  0.9337   62
 Side 2  free  transition at x/c =  0.1045   50

 100   rms: 0.4209E-02   max: -.8590E-01   C at   50  2
       a =-12.000      CL = -0.9663
      Cm = -0.0739     CD =  0.01424   =>   CDf =  0.00532    CDp =  0.00892

 Side 1  free  transition at x/c =  0.9337   62
 Side 2  free  transition at x/c =  0.1045   50

 101   rms: 0.4209E-02   max: -.8591E-01   C at   50  2
       a =-12.000      CL = -0.9663
      Cm = -0.0739     CD =  0.01424   =>   CDf =  0.00532    CDp =  0.00892

 Side 1  free  transition at x/c =  0.9337   62
 Side 2  free  transition at x/c =  0.1045   50

 102   rms: 0.4209E-02   max: -.8590E-01   C at   50  2
       a =-12.000      CL = -0.9663
      Cm = -0.0739     CD =  0.01424   =>   CDf =  0.00532    CDp =  0.00892

 Side 1  free  transition at x/c =  0.9337   62
 Side 2  free  transition at x/c =  0.1045   50

 103   rms: 0.4209E-02   max: -.8591E-01   C at   50  2
       a =-12.000      CL = -0.9663
      Cm = -0.0739     CD =  0.01424   =>   CDf =  0.00532    CDp =  0.00892

 Side 1  free  transition at x/c =  0.9337   62
 Side 2  free  transition at x/c =  0.1045   50

 104   rms: 0.4209E-02   max: -.8591E-01   C at   50  2
       a =-12.000      CL = -0.9663
      Cm = -0.0739     CD =  0.01424   =>   CDf =  0.00532    CDp =  0.00892

 Side 1  free  transition at x/c =  0.9337   62
 Side 2  free  transition at x/c =  0.1045   50

 105   rms: 0.4209E-02   max: -.8590E-01   C at   50  2
       a =-12.000      CL = -0.9663
      Cm = -0.0739     CD =  0.01424   =>   CDf =  0.00532    CDp =  0.00892

 Side 1  free  transition at x/c =  0.9337   62
 Side 2  free  transition at x/c =  0.1045   50

 106   rms: 0.4209E-02   max: -.8591E-01   C at   50  2
       a =-12.000      CL = -0.9663
      Cm = -0.0739     CD =  0.01424   =>   CDf =  0.00532    CDp =  0.00892

 Side 1  free  transition at x/c =  0.9337   62
 Side 2  free  transition at x/c =  0.1045   50

 107   rms: 0.4209E-02   max: -.8591E-01   C at   50  2
       a =-12.000      CL = -0.9663
      Cm = -0.0739     CD =  0.01424   =>   CDf =  0.00532    CDp =  0.00892

 Side 1  free  transition at x/c =  0.9337   62
 Side 2  free  transition at x/c =  0.1045   50

 108   rms: 0.4209E-02   max: -.8590E-01   C at   50  2
       a =-12.000      CL = -0.9663
      Cm = -0.0739     CD =  0.01424   =>   CDf =  0.00532    CDp =  0.00892

 Side 1  free  transition at x/c =  0.9337   62
 Side 2  free  transition at x/c =  0.1045   50

 109   rms: 0.4209E-02   max: -.8591E-01   C at   50  2
       a =-12.000      CL = -0.9663
      Cm = -0.0739     CD =  0.01424   =>   CDf =  0.00532    CDp =  0.00892

 Side 1  free  transition at x/c =  0.9337   62
 Side 2  free  transition at x/c =  0.1045   50

 110   rms: 0.4209E-02   max: -.8590E-01   C at   50  2
       a =-12.000      CL = -0.9663
      Cm = -0.0739     CD =  0.01424   =>   CDf =  0.00532    CDp =  0.00892

 Side 1  free  transition at x/c =  0.9337   62
 Side 2  free  transition at x/c =  0.1045   50

 111   rms: 0.4209E-02   max: -.8590E-01   C at   50  2
       a =-12.000      CL = -0.9663
      Cm = -0.0739     CD =  0.01424   =>   CDf =  0.00532    CDp =  0.00892

 Side 1  free  transition at x/c =  0.9337   62
 Side 2  free  transition at x/c =  0.1045   50

 112   rms: 0.4209E-02   max: -.8591E-01   C at   50  2
       a =-12.000      CL = -0.9663
      Cm = -0.0739     CD =  0.01424   =>   CDf =  0.00532    CDp =  0.00892

 Side 1  free  transition at x/c =  0.9337   62
 Side 2  free  transition at x/c =  0.1045   50

 113   rms: 0.4209E-02   max: -.8590E-01   C at   50  2
       a =-12.000      CL = -0.9663
      Cm = -0.0739     CD =  0.01424   =>   CDf =  0.00532    CDp =  0.00892

 Side 1  free  transition at x/c =  0.9337   62
 Side 2  free  transition at x/c =  0.1045   50

 114   rms: 0.4209E-02   max: -.8591E-01   C at   50  2
       a =-12.000      CL = -0.9663
      Cm = -0.0739     CD =  0.01424   =>   CDf =  0.00532    CDp =  0.00892

 Side 1  free  transition at x/c =  0.9337   62
 Side 2  free  transition at x/c =  0.1045   50

 115   rms: 0.4209E-02   max: -.8590E-01   C at   50  2
       a =-12.000      CL = -0.9663
      Cm = -0.0739     CD =  0.01424   =>   CDf =  0.00532    CDp =  0.00892

 Side 1  free  transition at x/c =  0.9337   62
 Side 2  free  transition at x/c =  0.1045   50

 116   rms: 0.4209E-02   max: -.8590E-01   C at   50  2
       a =-12.000      CL = -0.9663
      Cm = -0.0739     CD =  0.01424   =>   CDf =  0.00532    CDp =  0.00892

 Side 1  free  transition at x/c =  0.9337   62
 Side 2  free  transition at x/c =  0.1045   50

 117   rms: 0.4208E-02   max: -.8590E-01   C at   50  2
       a =-12.000      CL = -0.9663
      Cm = -0.0739     CD =  0.01424   =>   CDf =  0.00532    CDp =  0.00892

 Side 1  free  transition at x/c =  0.9337   62
 Side 2  free  transition at x/c =  0.1045   50

 118   rms: 0.4209E-02   max: -.8591E-01   C at   50  2
       a =-12.000      CL = -0.9663
      Cm = -0.0739     CD =  0.01424   =>   CDf =  0.00532    CDp =  0.00892

 Side 1  free  transition at x/c =  0.9337   62
 Side 2  free  transition at x/c =  0.1045   50

 119   rms: 0.4209E-02   max: -.8590E-01   C at   50  2
       a =-12.000      CL = -0.9663
      Cm = -0.0739     CD =  0.01424   =>   CDf =  0.00532    CDp =  0.00892

 Side 1  free  transition at x/c =  0.9337   62
 Side 2  free  transition at x/c =  0.1045   50

 120   rms: 0.4209E-02   max: -.8591E-01   C at   50  2
       a =-12.000      CL = -0.9663
      Cm = -0.0739     CD =  0.01424   =>   CDf =  0.00532    CDp =  0.00892

 Side 1  free  transition at x/c =  0.9337   62
 Side 2  free  transition at x/c =  0.1045   50

 121   rms: 0.4209E-02   max: -.8591E-01   C at   50  2
       a =-12.000      CL = -0.9663
      Cm = -0.0739     CD =  0.01424   =>   CDf =  0.00532    CDp =  0.00892

 Side 1  free  transition at x/c =  0.9337   62
 Side 2  free  transition at x/c =  0.1045   50

 122   rms: 0.4209E-02   max: -.8590E-01   C at   50  2
       a =-12.000      CL = -0.9663
      Cm = -0.0739     CD =  0.01424   =>   CDf =  0.00532    CDp =  0.00892

 Side 1  free  transition at x/c =  0.9337   62
 Side 2  free  transition at x/c =  0.1045   50

 123   rms: 0.4209E-02   max: -.8590E-01   C at   50  2
       a =-12.000      CL = -0.9663
      Cm = -0.0739     CD =  0.01424   =>   CDf =  0.00532    CDp =  0.00892

 Side 1  free  transition at x/c =  0.9337   62
 Side 2  free  transition at x/c =  0.1045   50

 124   rms: 0.4209E-02   max: -.8590E-01   C at   50  2
       a =-12.000      CL = -0.9663
      Cm = -0.0739     CD =  0.01424   =>   CDf =  0.00532    CDp =  0.00892

 Side 1  free  transition at x/c =  0.9337   62
 Side 2  free  transition at x/c =  0.1045   50

 125   rms: 0.4208E-02   max: -.8590E-01   C at   50  2
       a =-12.000      CL = -0.9663
      Cm = -0.0739     CD =  0.01424   =>   CDf =  0.00532    CDp =  0.00892

 Side 1  free  transition at x/c =  0.9337   62
 Side 2  free  transition at x/c =  0.1045   50

 126   rms: 0.4209E-02   max: -.8590E-01   C at   50  2
       a =-12.000      CL = -0.9663
      Cm = -0.0739     CD =  0.01424   =>   CDf =  0.00532    CDp =  0.00892

 Side 1  free  transition at x/c =  0.9337   62
 Side 2  free  transition at x/c =  0.1045   50

 127   rms: 0.4209E-02   max: -.8590E-01   C at   50  2
       a =-12.000      CL = -0.9663
      Cm = -0.0739     CD =  0.01424   =>   CDf =  0.00532    CDp =  0.00892

 Side 1  free  transition at x/c =  0.9337   62
 Side 2  free  transition at x/c =  0.1045   50

 128   rms: 0.4209E-02   max: -.8591E-01   C at   50  2
       a =-12.000      CL = -0.9663
      Cm = -0.0739     CD =  0.01424   =>   CDf =  0.00532    CDp =  0.00892

 Side 1  free  transition at x/c =  0.9337   62
 Side 2  free  transition at x/c =  0.1045   50

 129   rms: 0.4209E-02   max: -.8590E-01   C at   50  2
       a =-12.000      CL = -0.9663
      Cm = -0.0739     CD =  0.01424   =>   CDf =  0.00532    CDp =  0.00892

 Side 1  free  transition at x/c =  0.9337   62
 Side 2  free  transition at x/c =  0.1045   50

 130   rms: 0.4209E-02   max: -.8590E-01   C at   50  2
       a =-12.000      CL = -0.9663
      Cm = -0.0739     CD =  0.01424   =>   CDf =  0.00532    CDp =  0.00892

 Side 1  free  transition at x/c =  0.9337   62
 Side 2  free  transition at x/c =  0.1045   50

 131   rms: 0.4209E-02   max: -.8591E-01   C at   50  2
       a =-12.000      CL = -0.9663
      Cm = -0.0739     CD =  0.01424   =>   CDf =  0.00532    CDp =  0.00892

 Side 1  free  transition at x/c =  0.9337   62
 Side 2  free  transition at x/c =  0.1045   50

 132   rms: 0.4209E-02   max: -.8590E-01   C at   50  2
       a =-12.000      CL = -0.9663
      Cm = -0.0739     CD =  0.01424   =>   CDf =  0.00532    CDp =  0.00892

 Side 1  free  transition at x/c =  0.9337   62
 Side 2  free  transition at x/c =  0.1045   50

 133   rms: 0.4209E-02   max: -.8590E-01   C at   50  2
       a =-12.000      CL = -0.9663
      Cm = -0.0739     CD =  0.01424   =>   CDf =  0.00532    CDp =  0.00892

 Side 1  free  transition at x/c =  0.9337   62
 Side 2  free  transition at x/c =  0.1045   50

 134   rms: 0.4209E-02   max: -.8591E-01   C at   50  2
       a =-12.000      CL = -0.9663
      Cm = -0.0739     CD =  0.01424   =>   CDf =  0.00532    CDp =  0.00892

 Side 1  free  transition at x/c =  0.9337   62
 Side 2  free  transition at x/c =  0.1045   50

 135   rms: 0.4209E-02   max: -.8590E-01   C at   50  2
       a =-12.000      CL = -0.9663
      Cm = -0.0739     CD =  0.01424   =>   CDf =  0.00532    CDp =  0.00892

 Side 1  free  transition at x/c =  0.9337   62
 Side 2  free  transition at x/c =  0.1045   50

 136   rms: 0.4209E-02   max: -.8591E-01   C at   50  2
       a =-12.000      CL = -0.9663
      Cm = -0.0739     CD =  0.01424   =>   CDf =  0.00532    CDp =  0.00892

 Side 1  free  transition at x/c =  0.9337   62
 Side 2  free  transition at x/c =  0.1045   50

 137   rms: 0.4208E-02   max: -.8590E-01   C at   50  2
       a =-12.000      CL = -0.9663
      Cm = -0.0739     CD =  0.01424   =>   CDf =  0.00532    CDp =  0.00892

 Side 1  free  transition at x/c =  0.9337   62
 Side 2  free  transition at x/c =  0.1045   50

 138   rms: 0.4209E-02   max: -.8590E-01   C at   50  2
       a =-12.000      CL = -0.9663
      Cm = -0.0739     CD =  0.01424   =>   CDf =  0.00532    CDp =  0.00892

 Side 1  free  transition at x/c =  0.9337   62
 Side 2  free  transition at x/c =  0.1045   50

 139   rms: 0.4209E-02   max: -.8590E-01   C at   50  2
       a =-12.000      CL = -0.9663
      Cm = -0.0739     CD =  0.01424   =>   CDf =  0.00532    CDp =  0.00892

 Side 1  free  transition at x/c =  0.9337   62
 Side 2  free  transition at x/c =  0.1045   50

 140   rms: 0.4209E-02   max: -.8590E-01   C at   50  2
       a =-12.000      CL = -0.9663
      Cm = -0.0739     CD =  0.01424   =>   CDf =  0.00532    CDp =  0.00892

 Side 1  free  transition at x/c =  0.9337   62
 Side 2  free  transition at x/c =  0.1045   50

 141   rms: 0.4209E-02   max: -.8591E-01   C at   50  2
       a =-12.000      CL = -0.9663
      Cm = -0.0739     CD =  0.01424   =>   CDf =  0.00532    CDp =  0.00892

 Side 1  free  transition at x/c =  0.9337   62
 Side 2  free  transition at x/c =  0.1045   50

 142   rms: 0.4209E-02   max: -.8590E-01   C at   50  2
       a =-12.000      CL = -0.9663
      Cm = -0.0739     CD =  0.01424   =>   CDf =  0.00532    CDp =  0.00892

 Side 1  free  transition at x/c =  0.9337   62
 Side 2  free  transition at x/c =  0.1045   50

 143   rms: 0.4209E-02   max: -.8590E-01   C at   50  2
       a =-12.000      CL = -0.9663
      Cm = -0.0739     CD =  0.01424   =>   CDf =  0.00532    CDp =  0.00892

 Side 1  free  transition at x/c =  0.9337   62
 Side 2  free  transition at x/c =  0.1045   50

 144   rms: 0.4209E-02   max: -.8591E-01   C at   50  2
       a =-12.000      CL = -0.9663
      Cm = -0.0739     CD =  0.01424   =>   CDf =  0.00532    CDp =  0.00892

 Side 1  free  transition at x/c =  0.9337   62
 Side 2  free  transition at x/c =  0.1045   50

 145   rms: 0.4208E-02   max: -.8590E-01   C at   50  2
       a =-12.000      CL = -0.9663
      Cm = -0.0739     CD =  0.01424   =>   CDf =  0.00532    CDp =  0.00892

 Side 1  free  transition at x/c =  0.9337   62
 Side 2  free  transition at x/c =  0.1045   50

 146   rms: 0.4208E-02   max: -.8590E-01   C at   50  2
       a =-12.000      CL = -0.9663
      Cm = -0.0739     CD =  0.01424   =>   CDf =  0.00532    CDp =  0.00892

 Side 1  free  transition at x/c =  0.9337   62
 Side 2  free  transition at x/c =  0.1045   50

 147   rms: 0.4209E-02   max: -.8591E-01   C at   50  2
       a =-12.000      CL = -0.9663
      Cm = -0.0739     CD =  0.01424   =>   CDf =  0.00532    CDp =  0.00892

 Side 1  free  transition at x/c =  0.9337   62
 Side 2  free  transition at x/c =  0.1045   50

 148   rms: 0.4209E-02   max: -.8590E-01   C at   50  2
       a =-12.000      CL = -0.9663
      Cm = -0.0739     CD =  0.01424   =>   CDf =  0.00532    CDp =  0.00892

 Side 1  free  transition at x/c =  0.9337   62
 Side 2  free  transition at x/c =  0.1045   50

 149   rms: 0.4209E-02   max: -.8591E-01   C at   50  2
       a =-12.000      CL = -0.9663
      Cm = -0.0739     CD =  0.01424   =>   CDf =  0.00532    CDp =  0.00892

 Side 1  free  transition at x/c =  0.9337   62
 Side 2  free  transition at x/c =  0.1045   50

 150   rms: 0.4209E-02   max: -.8590E-01   C at   50  2
       a =-12.000      CL = -0.9663
      Cm = -0.0739     CD =  0.01424   =>   CDf =  0.00532    CDp =  0.00892

 Side 1  free  transition at x/c =  0.9337   62
 Side 2  free  transition at x/c =  0.1045   50

 151   rms: 0.4209E-02   max: -.8591E-01   C at   50  2
       a =-12.000      CL = -0.9663
      Cm = -0.0739     CD =  0.01424   =>   CDf =  0.00532    CDp =  0.00892

 Side 1  free  transition at x/c =  0.9337   62
 Side 2  free  transition at x/c =  0.1045   50

 152   rms: 0.4209E-02   max: -.8590E-01   C at   50  2
       a =-12.000      CL = -0.9663
      Cm = -0.0739     CD =  0.01424   =>   CDf =  0.00532    CDp =  0.00892

 Side 1  free  transition at x/c =  0.9337   62
 Side 2  free  transition at x/c =  0.1045   50

 153   rms: 0.4209E-02   max: -.8590E-01   C at   50  2
       a =-12.000      CL = -0.9663
      Cm = -0.0739     CD =  0.01424   =>   CDf =  0.00532    CDp =  0.00892

 Side 1  free  transition at x/c =  0.9337   62
 Side 2  free  transition at x/c =  0.1045   50

 154   rms: 0.4209E-02   max: -.8591E-01   C at   50  2
       a =-12.000      CL = -0.9663
      Cm = -0.0739     CD =  0.01424   =>   CDf =  0.00532    CDp =  0.00892

 Side 1  free  transition at x/c =  0.9337   62
 Side 2  free  transition at x/c =  0.1045   50

 155   rms: 0.4209E-02   max: -.8590E-01   C at   50  2
       a =-12.000      CL = -0.9663
      Cm = -0.0739     CD =  0.01424   =>   CDf =  0.00532    CDp =  0.00892

 Side 1  free  transition at x/c =  0.9337   62
 Side 2  free  transition at x/c =  0.1045   50

 156   rms: 0.4209E-02   max: -.8590E-01   C at   50  2
       a =-12.000      CL = -0.9663
      Cm = -0.0739     CD =  0.01424   =>   CDf =  0.00532    CDp =  0.00892

 Side 1  free  transition at x/c =  0.9337   62
 Side 2  free  transition at x/c =  0.1045   50

 157   rms: 0.4209E-02   max: -.8590E-01   C at   50  2
       a =-12.000      CL = -0.9663
      Cm = -0.0739     CD =  0.01424   =>   CDf =  0.00532    CDp =  0.00892

 Side 1  free  transition at x/c =  0.9337   62
 Side 2  free  transition at x/c =  0.1045   50

 158   rms: 0.4209E-02   max: -.8590E-01   C at   50  2
       a =-12.000      CL = -0.9663
      Cm = -0.0739     CD =  0.01424   =>   CDf =  0.00532    CDp =  0.00892

 Side 1  free  transition at x/c =  0.9337   62
 Side 2  free  transition at x/c =  0.1045   50

 159   rms: 0.4209E-02   max: -.8591E-01   C at   50  2
       a =-12.000      CL = -0.9663
      Cm = -0.0739     CD =  0.01424   =>   CDf =  0.00532    CDp =  0.00892

 Side 1  free  transition at x/c =  0.9337   62
 Side 2  free  transition at x/c =  0.1045   50

 160   rms: 0.4209E-02   max: -.8590E-01   C at   50  2
       a =-12.000      CL = -0.9663
      Cm = -0.0739     CD =  0.01424   =>   CDf =  0.00532    CDp =  0.00892

 Side 1  free  transition at x/c =  0.9337   62
 Side 2  free  transition at x/c =  0.1045   50

 161   rms: 0.4209E-02   max: -.8591E-01   C at   50  2
       a =-12.000      CL = -0.9663
      Cm = -0.0739     CD =  0.01424   =>   CDf =  0.00532    CDp =  0.00892

 Side 1  free  transition at x/c =  0.9337   62
 Side 2  free  transition at x/c =  0.1045   50

 162   rms: 0.4209E-02   max: -.8590E-01   C at   50  2
       a =-12.000      CL = -0.9663
      Cm = -0.0739     CD =  0.01424   =>   CDf =  0.00532    CDp =  0.00892

 Side 1  free  transition at x/c =  0.9337   62
 Side 2  free  transition at x/c =  0.1045   50

 163   rms: 0.4209E-02   max: -.8590E-01   C at   50  2
       a =-12.000      CL = -0.9663
      Cm = -0.0739     CD =  0.01424   =>   CDf =  0.00532    CDp =  0.00892

 Side 1  free  transition at x/c =  0.9337   62
 Side 2  free  transition at x/c =  0.1045   50

 164   rms: 0.4209E-02   max: -.8590E-01   C at   50  2
       a =-12.000      CL = -0.9663
      Cm = -0.0739     CD =  0.01424   =>   CDf =  0.00532    CDp =  0.00892

 Side 1  free  transition at x/c =  0.9337   62
 Side 2  free  transition at x/c =  0.1045   50

 165   rms: 0.4209E-02   max: -.8590E-01   C at   50  2
       a =-12.000      CL = -0.9663
      Cm = -0.0739     CD =  0.01424   =>   CDf =  0.00532    CDp =  0.00892

 Side 1  free  transition at x/c =  0.9337   62
 Side 2  free  transition at x/c =  0.1045   50

 166   rms: 0.4209E-02   max: -.8591E-01   C at   50  2
       a =-12.000      CL = -0.9663
      Cm = -0.0739     CD =  0.01424   =>   CDf =  0.00532    CDp =  0.00892

 Side 1  free  transition at x/c =  0.9337   62
 Side 2  free  transition at x/c =  0.1045   50

 167   rms: 0.4209E-02   max: -.8590E-01   C at   50  2
       a =-12.000      CL = -0.9663
      Cm = -0.0739     CD =  0.01424   =>   CDf =  0.00532    CDp =  0.00892

 Side 1  free  transition at x/c =  0.9337   62
 Side 2  free  transition at x/c =  0.1045   50

 168   rms: 0.4208E-02   max: -.8590E-01   C at   50  2
       a =-12.000      CL = -0.9663
      Cm = -0.0739     CD =  0.01424   =>   CDf =  0.00532    CDp =  0.00892

 Side 1  free  transition at x/c =  0.9337   62
 Side 2  free  transition at x/c =  0.1045   50

 169   rms: 0.4209E-02   max: -.8591E-01   C at   50  2
       a =-12.000      CL = -0.9663
      Cm = -0.0739     CD =  0.01424   =>   CDf =  0.00532    CDp =  0.00892

 Side 1  free  transition at x/c =  0.9337   62
 Side 2  free  transition at x/c =  0.1045   50

 170   rms: 0.4209E-02   max: -.8590E-01   C at   50  2
       a =-12.000      CL = -0.9663
      Cm = -0.0739     CD =  0.01424   =>   CDf =  0.00532    CDp =  0.00892

 Side 1  free  transition at x/c =  0.9337   62
 Side 2  free  transition at x/c =  0.1045   50

 171   rms: 0.4209E-02   max: -.8590E-01   C at   50  2
       a =-12.000      CL = -0.9663
      Cm = -0.0739     CD =  0.01424   =>   CDf =  0.00532    CDp =  0.00892

 Side 1  free  transition at x/c =  0.9337   62
 Side 2  free  transition at x/c =  0.1045   50

 172   rms: 0.4209E-02   max: -.8590E-01   C at   50  2
       a =-12.000      CL = -0.9663
      Cm = -0.0739     CD =  0.01424   =>   CDf =  0.00532    CDp =  0.00892

 Side 1  free  transition at x/c =  0.9337   62
 Side 2  free  transition at x/c =  0.1045   50

 173   rms: 0.4209E-02   max: -.8591E-01   C at   50  2
       a =-12.000      CL = -0.9663
      Cm = -0.0739     CD =  0.01424   =>   CDf =  0.00532    CDp =  0.00892

 Side 1  free  transition at x/c =  0.9337   62
 Side 2  free  transition at x/c =  0.1045   50

 174   rms: 0.4209E-02   max: -.8591E-01   C at   50  2
       a =-12.000      CL = -0.9663
      Cm = -0.0739     CD =  0.01424   =>   CDf =  0.00532    CDp =  0.00892

 Side 1  free  transition at x/c =  0.9337   62
 Side 2  free  transition at x/c =  0.1045   50

 175   rms: 0.4209E-02   max: -.8591E-01   C at   50  2
       a =-12.000      CL = -0.9663
      Cm = -0.0739     CD =  0.01424   =>   CDf =  0.00532    CDp =  0.00892

 Side 1  free  transition at x/c =  0.9337   62
 Side 2  free  transition at x/c =  0.1045   50

 176   rms: 0.4209E-02   max: -.8590E-01   C at   50  2
       a =-12.000      CL = -0.9663
      Cm = -0.0739     CD =  0.01424   =>   CDf =  0.00532    CDp =  0.00892

 Side 1  free  transition at x/c =  0.9337   62
 Side 2  free  transition at x/c =  0.1045   50

 177   rms: 0.4209E-02   max: -.8591E-01   C at   50  2
       a =-12.000      CL = -0.9663
      Cm = -0.0739     CD =  0.01424   =>   CDf =  0.00532    CDp =  0.00892

 Side 1  free  transition at x/c =  0.9337   62
 Side 2  free  transition at x/c =  0.1045   50

 178   rms: 0.4209E-02   max: -.8591E-01   C at   50  2
       a =-12.000      CL = -0.9663
      Cm = -0.0739     CD =  0.01424   =>   CDf =  0.00532    CDp =  0.00892

 Side 1  free  transition at x/c =  0.9337   62
 Side 2  free  transition at x/c =  0.1045   50

 179   rms: 0.4209E-02   max: -.8590E-01   C at   50  2
       a =-12.000      CL = -0.9663
      Cm = -0.0739     CD =  0.01424   =>   CDf =  0.00532    CDp =  0.00892

 Side 1  free  transition at x/c =  0.9337   62
 Side 2  free  transition at x/c =  0.1045   50

 180   rms: 0.4209E-02   max: -.8591E-01   C at   50  2
       a =-12.000      CL = -0.9663
      Cm = -0.0739     CD =  0.01424   =>   CDf =  0.00532    CDp =  0.00892

 Side 1  free  transition at x/c =  0.9337   62
 Side 2  free  transition at x/c =  0.1045   50

 181   rms: 0.4209E-02   max: -.8590E-01   C at   50  2
       a =-12.000      CL = -0.9663
      Cm = -0.0739     CD =  0.01424   =>   CDf =  0.00532    CDp =  0.00892

 Side 1  free  transition at x/c =  0.9337   62
 Side 2  free  transition at x/c =  0.1045   50

 182   rms: 0.4209E-02   max: -.8591E-01   C at   50  2
       a =-12.000      CL = -0.9663
      Cm = -0.0739     CD =  0.01424   =>   CDf =  0.00532    CDp =  0.00892

 Side 1  free  transition at x/c =  0.9337   62
 Side 2  free  transition at x/c =  0.1045   50

 183   rms: 0.4209E-02   max: -.8590E-01   C at   50  2
       a =-12.000      CL = -0.9663
      Cm = -0.0739     CD =  0.01424   =>   CDf =  0.00532    CDp =  0.00892

 Side 1  free  transition at x/c =  0.9337   62
 Side 2  free  transition at x/c =  0.1045   50

 184   rms: 0.4209E-02   max: -.8590E-01   C at   50  2
       a =-12.000      CL = -0.9663
      Cm = -0.0739     CD =  0.01424   =>   CDf =  0.00532    CDp =  0.00892

 Side 1  free  transition at x/c =  0.9337   62
 Side 2  free  transition at x/c =  0.1045   50

 185   rms: 0.4209E-02   max: -.8591E-01   C at   50  2
       a =-12.000      CL = -0.9663
      Cm = -0.0739     CD =  0.01424   =>   CDf =  0.00532    CDp =  0.00892

 Side 1  free  transition at x/c =  0.9337   62
 Side 2  free  transition at x/c =  0.1045   50

 186   rms: 0.4209E-02   max: -.8590E-01   C at   50  2
       a =-12.000      CL = -0.9663
      Cm = -0.0739     CD =  0.01424   =>   CDf =  0.00532    CDp =  0.00892

 Side 1  free  transition at x/c =  0.9337   62
 Side 2  free  transition at x/c =  0.1045   50

 187   rms: 0.4209E-02   max: -.8590E-01   C at   50  2
       a =-12.000      CL = -0.9663
      Cm = -0.0739     CD =  0.01424   =>   CDf =  0.00532    CDp =  0.00892

 Side 1  free  transition at x/c =  0.9337   62
 Side 2  free  transition at x/c =  0.1045   50

 188   rms: 0.4208E-02   max: -.8590E-01   C at   50  2
       a =-12.000      CL = -0.9663
      Cm = -0.0739     CD =  0.01424   =>   CDf =  0.00532    CDp =  0.00892

 Side 1  free  transition at x/c =  0.9337   62
 Side 2  free  transition at x/c =  0.1045   50

 189   rms: 0.4209E-02   max: -.8591E-01   C at   50  2
       a =-12.000      CL = -0.9663
      Cm = -0.0739     CD =  0.01424   =>   CDf =  0.00532    CDp =  0.00892

 Side 1  free  transition at x/c =  0.9337   62
 Side 2  free  transition at x/c =  0.1045   50

 190   rms: 0.4209E-02   max: -.8590E-01   C at   50  2
       a =-12.000      CL = -0.9663
      Cm = -0.0739     CD =  0.01424   =>   CDf =  0.00532    CDp =  0.00892

 Side 1  free  transition at x/c =  0.9337   62
 Side 2  free  transition at x/c =  0.1045   50

 191   rms: 0.4209E-02   max: -.8591E-01   C at   50  2
       a =-12.000      CL = -0.9663
      Cm = -0.0739     CD =  0.01424   =>   CDf =  0.00532    CDp =  0.00892

 Side 1  free  transition at x/c =  0.9337   62
 Side 2  free  transition at x/c =  0.1045   50

 192   rms: 0.4209E-02   max: -.8591E-01   C at   50  2
       a =-12.000      CL = -0.9663
      Cm = -0.0739     CD =  0.01424   =>   CDf =  0.00532    CDp =  0.00892

 Side 1  free  transition at x/c =  0.9337   62
 Side 2  free  transition at x/c =  0.1045   50

 193   rms: 0.4209E-02   max: -.8591E-01   C at   50  2
       a =-12.000      CL = -0.9663
      Cm = -0.0739     CD =  0.01424   =>   CDf =  0.00532    CDp =  0.00892

 Side 1  free  transition at x/c =  0.9337   62
 Side 2  free  transition at x/c =  0.1045   50

 194   rms: 0.4209E-02   max: -.8591E-01   C at   50  2
       a =-12.000      CL = -0.9663
      Cm = -0.0739     CD =  0.01424   =>   CDf =  0.00532    CDp =  0.00892

 Side 1  free  transition at x/c =  0.9337   62
 Side 2  free  transition at x/c =  0.1045   50

 195   rms: 0.4209E-02   max: -.8590E-01   C at   50  2
       a =-12.000      CL = -0.9663
      Cm = -0.0739     CD =  0.01424   =>   CDf =  0.00532    CDp =  0.00892

 Side 1  free  transition at x/c =  0.9337   62
 Side 2  free  transition at x/c =  0.1045   50

 196   rms: 0.4209E-02   max: -.8590E-01   C at   50  2
       a =-12.000      CL = -0.9663
      Cm = -0.0739     CD =  0.01424   =>   CDf =  0.00532    CDp =  0.00892

 Side 1  free  transition at x/c =  0.9337   62
 Side 2  free  transition at x/c =  0.1045   50

 197   rms: 0.4209E-02   max: -.8590E-01   C at   50  2
       a =-12.000      CL = -0.9663
      Cm = -0.0739     CD =  0.01424   =>   CDf =  0.00532    CDp =  0.00892

 Side 1  free  transition at x/c =  0.9337   62
 Side 2  free  transition at x/c =  0.1045   50

 198   rms: 0.4209E-02   max: -.8591E-01   C at   50  2
       a =-12.000      CL = -0.9663
      Cm = -0.0739     CD =  0.01424   =>   CDf =  0.00532    CDp =  0.00892

 Side 1  free  transition at x/c =  0.9337   62
 Side 2  free  transition at x/c =  0.1045   50

 199   rms: 0.4209E-02   max: -.8590E-01   C at   50  2
       a =-12.000      CL = -0.9663
      Cm = -0.0739     CD =  0.01424   =>   CDf =  0.00532    CDp =  0.00892

 Side 1  free  transition at x/c =  0.9337   62
 Side 2  free  transition at x/c =  0.1045   50

 200   rms: 0.4209E-02   max: -.8591E-01   C at   50  2
       a =-12.000      CL = -0.9663
      Cm = -0.0739     CD =  0.01424   =>   CDf =  0.00532    CDp =  0.00892

 Side 1  free  transition at x/c =  0.9337   62
 Side 2  free  transition at x/c =  0.1045   50

 201   rms: 0.4209E-02   max: -.8590E-01   C at   50  2
       a =-12.000      CL = -0.9663
      Cm = -0.0739     CD =  0.01424   =>   CDf =  0.00532    CDp =  0.00892

 Side 1  free  transition at x/c =  0.9337   62
 Side 2  free  transition at x/c =  0.1045   50

 202   rms: 0.4209E-02   max: -.8590E-01   C at   50  2
       a =-12.000      CL = -0.9663
      Cm = -0.0739     CD =  0.01424   =>   CDf =  0.00532    CDp =  0.00892

 Side 1  free  transition at x/c =  0.9337   62
 Side 2  free  transition at x/c =  0.1045   50

 203   rms: 0.4209E-02   max: -.8591E-01   C at   50  2
       a =-12.000      CL = -0.9663
      Cm = -0.0739     CD =  0.01424   =>   CDf =  0.00532    CDp =  0.00892

 Side 1  free  transition at x/c =  0.9337   62
 Side 2  free  transition at x/c =  0.1045   50

 204   rms: 0.4209E-02   max: -.8590E-01   C at   50  2
       a =-12.000      CL = -0.9663
      Cm = -0.0739     CD =  0.01424   =>   CDf =  0.00532    CDp =  0.00892

 Side 1  free  transition at x/c =  0.9337   62
 Side 2  free  transition at x/c =  0.1045   50

 205   rms: 0.4209E-02   max: -.8591E-01   C at   50  2
       a =-12.000      CL = -0.9663
      Cm = -0.0739     CD =  0.01424   =>   CDf =  0.00532    CDp =  0.00892

 Side 1  free  transition at x/c =  0.9337   62
 Side 2  free  transition at x/c =  0.1045   50

 206   rms: 0.4208E-02   max: -.8590E-01   C at   50  2
       a =-12.000      CL = -0.9663
      Cm = -0.0739     CD =  0.01424   =>   CDf =  0.00532    CDp =  0.00892

 Side 1  free  transition at x/c =  0.9337   62
 Side 2  free  transition at x/c =  0.1045   50

 207   rms: 0.4209E-02   max: -.8590E-01   C at   50  2
       a =-12.000      CL = -0.9663
      Cm = -0.0739     CD =  0.01424   =>   CDf =  0.00532    CDp =  0.00892

 Side 1  free  transition at x/c =  0.9337   62
 Side 2  free  transition at x/c =  0.1045   50

 208   rms: 0.4209E-02   max: -.8591E-01   C at   50  2
       a =-12.000      CL = -0.9663
      Cm = -0.0739     CD =  0.01424   =>   CDf =  0.00532    CDp =  0.00892

 Side 1  free  transition at x/c =  0.9337   62
 Side 2  free  transition at x/c =  0.1045   50

 209   rms: 0.4209E-02   max: -.8590E-01   C at   50  2
       a =-12.000      CL = -0.9663
      Cm = -0.0739     CD =  0.01424   =>   CDf =  0.00532    CDp =  0.00892

 Side 1  free  transition at x/c =  0.9337   62
 Side 2  free  transition at x/c =  0.1045   50

 210   rms: 0.4209E-02   max: -.8590E-01   C at   50  2
       a =-12.000      CL = -0.9663
      Cm = -0.0739     CD =  0.01424   =>   CDf =  0.00532    CDp =  0.00892

 Side 1  free  transition at x/c =  0.9337   62
 Side 2  free  transition at x/c =  0.1045   50

 211   rms: 0.4209E-02   max: -.8591E-01   C at   50  2
       a =-12.000      CL = -0.9663
      Cm = -0.0739     CD =  0.01424   =>   CDf =  0.00532    CDp =  0.00892

 Side 1  free  transition at x/c =  0.9337   62
 Side 2  free  transition at x/c =  0.1045   50

 212   rms: 0.4209E-02   max: -.8591E-01   C at   50  2
       a =-12.000      CL = -0.9663
      Cm = -0.0739     CD =  0.01424   =>   CDf =  0.00532    CDp =  0.00892

 Side 1  free  transition at x/c =  0.9337   62
 Side 2  free  transition at x/c =  0.1045   50

 213   rms: 0.4209E-02   max: -.8591E-01   C at   50  2
       a =-12.000      CL = -0.9663
      Cm = -0.0739     CD =  0.01424   =>   CDf =  0.00532    CDp =  0.00892

 Side 1  free  transition at x/c =  0.9337   62
 Side 2  free  transition at x/c =  0.1045   50

 214   rms: 0.4209E-02   max: -.8590E-01   C at   50  2
       a =-12.000      CL = -0.9663
      Cm = -0.0739     CD =  0.01424   =>   CDf =  0.00532    CDp =  0.00892

 Side 1  free  transition at x/c =  0.9337   62
 Side 2  free  transition at x/c =  0.1045   50

 215   rms: 0.4209E-02   max: -.8590E-01   C at   50  2
       a =-12.000      CL = -0.9663
      Cm = -0.0739     CD =  0.01424   =>   CDf =  0.00532    CDp =  0.00892

 Side 1  free  transition at x/c =  0.9337   62
 Side 2  free  transition at x/c =  0.1045   50

 216   rms: 0.4209E-02   max: -.8591E-01   C at   50  2
       a =-12.000      CL = -0.9663
      Cm = -0.0739     CD =  0.01424   =>   CDf =  0.00532    CDp =  0.00892

 Side 1  free  transition at x/c =  0.9337   62
 Side 2  free  transition at x/c =  0.1045   50

 217   rms: 0.4209E-02   max: -.8591E-01   C at   50  2
       a =-12.000      CL = -0.9663
      Cm = -0.0739     CD =  0.01424   =>   CDf =  0.00532    CDp =  0.00892

 Side 1  free  transition at x/c =  0.9337   62
 Side 2  free  transition at x/c =  0.1045   50

 218   rms: 0.4209E-02   max: -.8591E-01   C at   50  2
       a =-12.000      CL = -0.9663
      Cm = -0.0739     CD =  0.01424   =>   CDf =  0.00532    CDp =  0.00892

 Side 1  free  transition at x/c =  0.9337   62
 Side 2  free  transition at x/c =  0.1045   50

 219   rms: 0.4209E-02   max: -.8591E-01   C at   50  2
       a =-12.000      CL = -0.9663
      Cm = -0.0739     CD =  0.01424   =>   CDf =  0.00532    CDp =  0.00892

 Side 1  free  transition at x/c =  0.9337   62
 Side 2  free  transition at x/c =  0.1045   50

 220   rms: 0.4209E-02   max: -.8591E-01   C at   50  2
       a =-12.000      CL = -0.9663
      Cm = -0.0739     CD =  0.01424   =>   CDf =  0.00532    CDp =  0.00892

 Side 1  free  transition at x/c =  0.9337   62
 Side 2  free  transition at x/c =  0.1045   50

 221   rms: 0.4209E-02   max: -.8590E-01   C at   50  2
       a =-12.000      CL = -0.9663
      Cm = -0.0739     CD =  0.01424   =>   CDf =  0.00532    CDp =  0.00892

 Side 1  free  transition at x/c =  0.9337   62
 Side 2  free  transition at x/c =  0.1045   50

 222   rms: 0.4209E-02   max: -.8591E-01   C at   50  2
       a =-12.000      CL = -0.9663
      Cm = -0.0739     CD =  0.01424   =>   CDf =  0.00532    CDp =  0.00892

 Side 1  free  transition at x/c =  0.9337   62
 Side 2  free  transition at x/c =  0.1045   50

 223   rms: 0.4209E-02   max: -.8590E-01   C at   50  2
       a =-12.000      CL = -0.9663
      Cm = -0.0739     CD =  0.01424   =>   CDf =  0.00532    CDp =  0.00892

 Side 1  free  transition at x/c =  0.9337   62
 Side 2  free  transition at x/c =  0.1045   50

 224   rms: 0.4209E-02   max: -.8590E-01   C at   50  2
       a =-12.000      CL = -0.9663
      Cm = -0.0739     CD =  0.01424   =>   CDf =  0.00532    CDp =  0.00892

 Side 1  free  transition at x/c =  0.9337   62
 Side 2  free  transition at x/c =  0.1045   50

 225   rms: 0.4209E-02   max: -.8590E-01   C at   50  2
       a =-12.000      CL = -0.9663
      Cm = -0.0739     CD =  0.01424   =>   CDf =  0.00532    CDp =  0.00892
 VISCAL:  Convergence failed
 Calculating wake trajectory ...
 Calculating source influence matrix ...

 Solving BL system ...

 Side 1  free  transition at x/c =  0.9337   62
 Side 2  free  transition at x/c =  0.1045   50

   1   rms: 0.1267E+00   max: -.6028E+00   D at   62  1   RLX: 0.829
       a =-11.000      CL = -0.8963
      Cm = -0.0703     CD =  0.01331   =>   CDf =  0.00550    CDp =  0.00781

 Side 1  free  transition at x/c =  0.9051   61
 Side 2  free  transition at x/c =  0.1127   50

   2   rms: 0.3000E-01   max: 0.3105E+00   D at   62  1
       a =-11.000      CL = -0.8855
      Cm = -0.0691     CD =  0.01294   =>   CDf =  0.00543    CDp =  0.00751

 Side 1  free  transition at x/c =  0.9005   61
 Side 2  free  transition at x/c =  0.1159   51

   3   rms: 0.5885E-02   max: 0.2387E-01   D at   52  2
       a =-11.000      CL = -0.8890
      Cm = -0.0686     CD =  0.01277   =>   CDf =  0.00540    CDp =  0.00737

 Side 1  free  transition at x/c =  0.8999   61
 Side 2  free  transition at x/c =  0.1169   51

   4   rms: 0.3369E-03   max: -.4083E-02   D at   51  2
       a =-11.000      CL = -0.8890
      Cm = -0.0686     CD =  0.01277   =>   CDf =  0.00539    CDp =  0.00739

 Side 1  free  transition at x/c =  0.8999   61
 Side 2  free  transition at x/c =  0.1168   51

   5   rms: 0.2645E-05   max: 0.1099E-04   D at   90  2
       a =-11.000      CL = -0.8889
      Cm = -0.0687     CD =  0.01277   =>   CDf =  0.00539    CDp =  0.00739
 plradd ia,ip,cpol           14           0  2.71737445E-02

 Point added to stored polar  1
 Point written to save file  polar.txt                                       
 Dump file unspecified or not available
 Calculating wake trajectory ...
 Calculating source influence matrix ...

 Solving BL system ...

 Side 1  free  transition at x/c =  0.8999   61
 Side 2  free  transition at x/c =  0.1168   51

   1   rms: 0.1326E+00   max: 0.6954E+00   D at   51  2
       a =-10.000      CL = -0.8073
      Cm = -0.0639     CD =  0.01140   =>   CDf =  0.00556    CDp =  0.00584

 Side 1  free  transition at x/c =  0.8625   60
 Side 2  free  transition at x/c =  0.1235   51

   2   rms: 0.3963E-01   max: -.4379E+00   D at   50  2
       a =-10.000      CL = -0.8097
      Cm = -0.0630     CD =  0.01160   =>   CDf =  0.00561    CDp =  0.00599

 Side 1  free  transition at x/c =  0.8649   60
 Side 2  free  transition at x/c =  0.1403   52

   3   rms: 0.3107E-01   max: 0.5673E+00   C at   52  2
       a =-10.000      CL = -0.8070
      Cm = -0.0635     CD =  0.01164   =>   CDf =  0.00540    CDp =  0.00623

 Side 1  free  transition at x/c =  0.8645   60
 Side 2  free  transition at x/c =  0.1306   51

   4   rms: 0.4190E-02   max: -.6023E-01   D at   51  2
       a =-10.000      CL = -0.8048
      Cm = -0.0639     CD =  0.01170   =>   CDf =  0.00548    CDp =  0.00623

 Side 1  free  transition at x/c =  0.8646   60
 Side 2  free  transition at x/c =  0.1303   51

   5   rms: 0.1038E-03   max: 0.1332E-02   C at   51  2
       a =-10.000      CL = -0.8047
      Cm = -0.0639     CD =  0.01170   =>   CDf =  0.00548    CDp =  0.00623

 Side 1  free  transition at x/c =  0.8646   60
 Side 2  free  transition at x/c =  0.1303   51

   6   rms: 0.4357E-06   max: 0.2941E-05   D at   93  2
       a =-10.000      CL = -0.8047
      Cm = -0.0639     CD =  0.01170   =>   CDf =  0.00548    CDp =  0.00623
 plradd ia,ip,cpol           15           0  2.71737445E-02

 Point added to stored polar  1
 Point written to save file  polar.txt                                       
 Dump file unspecified or not available
 Calculating wake trajectory ...
 Calculating source influence matrix ...

 Solving BL system ...

 Side 1  free  transition at x/c =  0.8646   60
 Side 2  free  transition at x/c =  0.1303   51

   1   rms: 0.1241E+00   max: 0.4252E+00   D at   51  2
       a = -9.000      CL = -0.7193
      Cm = -0.0589     CD =  0.01092   =>   CDf =  0.00563    CDp =  0.00528

 Side 1  free  transition at x/c =  0.8249   60
 Side 2  free  transition at x/c =  0.1419   51

   2   rms: 0.1832E-01   max: 0.2418E+00   D at   60  1
       a = -9.000      CL = -0.7132
      Cm = -0.0599     CD =  0.01096   =>   CDf =  0.00576    CDp =  0.00520

 Side 1  free  transition at x/c =  0.8324   61
 Side 2  free  transition at x/c =  0.1451   51

   3   rms: 0.5118E-02   max: 0.7293E-01   C at   61  1
       a = -9.000      CL = -0.7140
      Cm = -0.0599     CD =  0.01090   =>   CDf =  0.00553    CDp =  0.00537

 Side 1  free  transition at x/c =  0.8296   61
 Side 2  free  transition at x/c =  0.1459   51

   4   rms: 0.4349E-03   max: -.7071E-02   D at   51  2
       a = -9.000      CL = -0.7140
      Cm = -0.0598     CD =  0.01091   =>   CDf =  0.00554    CDp =  0.00537

 Side 1  free  transition at x/c =  0.8296   61
 Side 2  free  transition at x/c =  0.1458   51

   5   rms: 0.5628E-05   max: -.9566E-04   D at   51  2
       a = -9.000      CL = -0.7140
      Cm = -0.0598     CD =  0.01091   =>   CDf =  0.00554    CDp =  0.00537
 plradd ia,ip,cpol           16           0  3.43358330E-02

 Point added to stored polar  1
 Point written to save file  polar.txt                                       
 Dump file unspecified or not available
 Calculating wake trajectory ...
 Calculating source influence matrix ...

 Solving BL system ...

 Side 1  free  transition at x/c =  0.8296   61
 Side 2  free  transition at x/c =  0.1458   51

   1   rms: 0.1417E+00   max: 0.8420E+00   D at   51  2   RLX: 0.746
       a = -8.000      CL = -0.6455
      Cm = -0.0571     CD =  0.01021   =>   CDf =  0.00568    CDp =  0.00454

 Side 1  free  transition at x/c =  0.7995   60
 Side 2  free  transition at x/c =  0.1552   51

   2   rms: 0.5042E-01   max: -.2893E+00   D at   50  2
       a = -8.000      CL = -0.6174
      Cm = -0.0569     CD =  0.01010   =>   CDf =  0.00567    CDp =  0.00443

 Side 1  free  transition at x/c =  0.7919   60
 Side 2  free  transition at x/c =  0.1742   52

   3   rms: 0.2476E-01   max: 0.3791E+00   C at   52  2
       a = -8.000      CL = -0.6155
      Cm = -0.0571     CD =  0.01019   =>   CDf =  0.00552    CDp =  0.00467

 Side 1  free  transition at x/c =  0.7922   60
 Side 2  free  transition at x/c =  0.1654   51

   4   rms: 0.2931E-02   max: -.4353E-01   D at   52  2
       a = -8.000      CL = -0.6154
      Cm = -0.0572     CD =  0.01019   =>   CDf =  0.00557    CDp =  0.00462

 Side 1  free  transition at x/c =  0.7922   60
 Side 2  free  transition at x/c =  0.1648   51

   5   rms: 0.4166E-04   max: 0.2743E-03   C at   51  2
       a = -8.000      CL = -0.6154
      Cm = -0.0572     CD =  0.01019   =>   CDf =  0.00558    CDp =  0.00462
 plradd ia,ip,cpol           17           0  3.82891819E-02

 Point added to stored polar  1
 Point written to save file  polar.txt                                       
 Dump file unspecified or not available
 Calculating wake trajectory ...
 Calculating source influence matrix ...

 Solving BL system ...

 Side 1  free  transition at x/c =  0.7922   60
 Side 2  free  transition at x/c =  0.1648   51

   1   rms: 0.1349E+00   max: 0.6390E+00   C at   60  1
       a = -7.000      CL = -0.5111
      Cm = -0.0554     CD =  0.00967   =>   CDf =  0.00569    CDp =  0.00398

 Side 1  free  transition at x/c =  0.7496   59
 Side 2  free  transition at x/c =  0.1811   52

   2   rms: 0.1812E-01   max: 0.1950E+00   D at   60  1
       a = -7.000      CL = -0.5139
      Cm = -0.0549     CD =  0.00962   =>   CDf =  0.00570    CDp =  0.00392

 Side 1  free  transition at x/c =  0.7528   59
 Side 2  free  transition at x/c =  0.1899   52

   3   rms: 0.7777E-02   max: 0.1459E+00   C at   52  2
       a = -7.000      CL = -0.5137
      Cm = -0.0549     CD =  0.00961   =>   CDf =  0.00560    CDp =  0.00401

 Side 1  free  transition at x/c =  0.7522   59
 Side 2  free  transition at x/c =  0.1864   52

   4   rms: 0.3689E-03   max: -.4618E-02   C at   52  2
       a = -7.000      CL = -0.5135
      Cm = -0.0550     CD =  0.00963   =>   CDf =  0.00563    CDp =  0.00400

 Side 1  free  transition at x/c =  0.7522   59
 Side 2  free  transition at x/c =  0.1865   52

   5   rms: 0.9604E-06   max: 0.6716E-05   D at    4  2
       a = -7.000      CL = -0.5135
      Cm = -0.0550     CD =  0.00963   =>   CDf =  0.00563    CDp =  0.00400
 plradd ia,ip,cpol           18           0  4.25076224E-02

 Point added to stored polar  1
 Point written to save file  polar.txt                                       
 Dump file unspecified or not available
 Calculating wake trajectory ...
 Calculating source influence matrix ...

 Solving BL system ...

 Side 1  free  transition at x/c =  0.7522   59
 Side 2  free  transition at x/c =  0.1865   52

   1   rms: 0.1420E+00   max: 0.8417E+00   D at   52  2   RLX: 0.762
       a = -6.000      CL = -0.4342
      Cm = -0.0536     CD =  0.00911   =>   CDf =  0.00580    CDp =  0.00331

 Side 1  free  transition at x/c =  0.7159   60
 Side 2  free  transition at x/c =  0.1943   50

   2   rms: 0.4720E-01   max: -.5287E+00   D at    2  1   RLX: 0.946
       a = -6.000      CL = -0.4068
      Cm = -0.0537     CD =  0.00946   =>   CDf =  0.00581    CDp =  0.00365

 Side 1  free  transition at x/c =  0.7104   59
 Side 2  free  transition at x/c =  0.2054   51

   3   rms: 0.1507E-01   max: -.2046E+00   C at   51  2
       a = -6.000      CL = -0.4087
      Cm = -0.0532     CD =  0.00922   =>   CDf =  0.00572    CDp =  0.00350

 Side 1  free  transition at x/c =  0.7101   59
 Side 2  free  transition at x/c =  0.2093   51

   4   rms: 0.2776E-02   max: -.6346E-01   C at   51  2
       a = -6.000      CL = -0.4087
      Cm = -0.0532     CD =  0.00922   =>   CDf =  0.00570    CDp =  0.00352

 Side 1  free  transition at x/c =  0.7101   59
 Side 2  free  transition at x/c =  0.2090   51

   5   rms: 0.3286E-02   max: -.7451E-01   C at   51  2
       a = -6.000      CL = -0.4087
      Cm = -0.0532     CD =  0.00922   =>   CDf =  0.00570    CDp =  0.00352

 Side 1  free  transition at x/c =  0.7101   59
 Side 2  free  transition at x/c =  0.2090   51

   6   rms: 0.3276E-02   max: -.7429E-01   C at   51  2
       a = -6.000      CL = -0.4087
      Cm = -0.0532     CD =  0.00922   =>   CDf =  0.00570    CDp =  0.00352

 Side 1  free  transition at x/c =  0.7101   59
 Side 2  free  transition at x/c =  0.2090   51

   7   rms: 0.3276E-02   max: -.7429E-01   C at   51  2
       a = -6.000      CL = -0.4087
      Cm = -0.0532     CD =  0.00922   =>   CDf =  0.00570    CDp =  0.00352

 Side 1  free  transition at x/c =  0.7101   59
 Side 2  free  transition at x/c =  0.2090   51

   8   rms: 0.3276E-02   max: -.7429E-01   C at   51  2
       a = -6.000      CL = -0.4087
      Cm = -0.0532     CD =  0.00922   =>   CDf =  0.00570    CDp =  0.00352

 Side 1  free  transition at x/c =  0.7101   59
 Side 2  free  transition at x/c =  0.2090   51

   9   rms: 0.3276E-02   max: -.7429E-01   C at   51  2
       a = -6.000      CL = -0.4087
      Cm = -0.0532     CD =  0.00922   =>   CDf =  0.00570    CDp =  0.00352

 Side 1  free  transition at x/c =  0.7101   59
 Side 2  free  transition at x/c =  0.2090   51

  10   rms: 0.3276E-02   max: -.7429E-01   C at   51  2
       a = -6.000      CL = -0.4087
      Cm = -0.0532     CD =  0.00922   =>   CDf =  0.00570    CDp =  0.00352

 Side 1  free  transition at x/c =  0.7101   59
 Side 2  free  transition at x/c =  0.2090   51

  11   rms: 0.3276E-02   max: -.7429E-01   C at   51  2
       a = -6.000      CL = -0.4087
      Cm = -0.0532     CD =  0.00922   =>   CDf =  0.00570    CDp =  0.00352

 Side 1  free  transition at x/c =  0.7101   59
 Side 2  free  transition at x/c =  0.2090   51

  12   rms: 0.3276E-02   max: -.7428E-01   C at   51  2
       a = -6.000      CL = -0.4087
      Cm = -0.0532     CD =  0.00922   =>   CDf =  0.00570    CDp =  0.00352

 Side 1  free  transition at x/c =  0.7101   59
 Side 2  free  transition at x/c =  0.2090   51

  13   rms: 0.3276E-02   max: -.7429E-01   C at   51  2
       a = -6.000      CL = -0.4087
      Cm = -0.0532     CD =  0.00922   =>   CDf =  0.00570    CDp =  0.00352

 Side 1  free  transition at x/c =  0.7101   59
 Side 2  free  transition at x/c =  0.2090   51

  14   rms: 0.3276E-02   max: -.7429E-01   C at   51  2
       a = -6.000      CL = -0.4087
      Cm = -0.0532     CD =  0.00922   =>   CDf =  0.00570    CDp =  0.00352

 Side 1  free  transition at x/c =  0.7101   59
 Side 2  free  transition at x/c =  0.2090   51

  15   rms: 0.3276E-02   max: -.7429E-01   C at   51  2
       a = -6.000      CL = -0.4087
      Cm = -0.0532     CD =  0.00922   =>   CDf =  0.00570    CDp =  0.00352

 Side 1  free  transition at x/c =  0.7101   59
 Side 2  free  transition at x/c =  0.2090   51

  16   rms: 0.3276E-02   max: -.7429E-01   C at   51  2
       a = -6.000      CL = -0.4087
      Cm = -0.0532     CD =  0.00922   =>   CDf =  0.00570    CDp =  0.00352

 Side 1  free  transition at x/c =  0.7101   59
 Side 2  free  transition at x/c =  0.2090   51

  17   rms: 0.3276E-02   max: -.7429E-01   C at   51  2
       a = -6.000      CL = -0.4087
      Cm = -0.0532     CD =  0.00922   =>   CDf =  0.00570    CDp =  0.00352

 Side 1  free  transition at x/c =  0.7101   59
 Side 2  free  transition at x/c =  0.2090   51

  18   rms: 0.3276E-02   max: -.7429E-01   C at   51  2
       a = -6.000      CL = -0.4087
      Cm = -0.0532     CD =  0.00922   =>   CDf =  0.00570    CDp =  0.00352

 Side 1  free  transition at x/c =  0.7101   59
 Side 2  free  transition at x/c =  0.2090   51

  19   rms: 0.3276E-02   max: -.7428E-01   C at   51  2
       a = -6.000      CL = -0.4087
      Cm = -0.0532     CD =  0.00922   =>   CDf =  0.00570    CDp =  0.00352

 Side 1  free  transition at x/c =  0.7101   59
 Side 2  free  transition at x/c =  0.2090   51

  20   rms: 0.3276E-02   max: -.7428E-01   C at   51  2
       a = -6.000      CL = -0.4087
      Cm = -0.0532     CD =  0.00922   =>   CDf =  0.00570    CDp =  0.00352

 Side 1  free  transition at x/c =  0.7101   59
 Side 2  free  transition at x/c =  0.2090   51

  21   rms: 0.3276E-02   max: -.7429E-01   C at   51  2
       a = -6.000      CL = -0.4087
      Cm = -0.0532     CD =  0.00922   =>   CDf =  0.00570    CDp =  0.00352

 Side 1  free  transition at x/c =  0.7101   59
 Side 2  free  transition at x/c =  0.2090   51

  22   rms: 0.3276E-02   max: -.7429E-01   C at   51  2
       a = -6.000      CL = -0.4087
      Cm = -0.0532     CD =  0.00922   =>   CDf =  0.00570    CDp =  0.00352

 Side 1  free  transition at x/c =  0.7101   59
 Side 2  free  transition at x/c =  0.2090   51

  23   rms: 0.3276E-02   max: -.7429E-01   C at   51  2
       a = -6.000      CL = -0.4087
      Cm = -0.0532     CD =  0.00922   =>   CDf =  0.00570    CDp =  0.00352

 Side 1  free  transition at x/c =  0.7101   59
 Side 2  free  transition at x/c =  0.2090   51

  24   rms: 0.3276E-02   max: -.7429E-01   C at   51  2
       a = -6.000      CL = -0.4087
      Cm = -0.0532     CD =  0.00922   =>   CDf =  0.00570    CDp =  0.00352

 Side 1  free  transition at x/c =  0.7101   59
 Side 2  free  transition at x/c =  0.2090   51

  25   rms: 0.3276E-02   max: -.7429E-01   C at   51  2
       a = -6.000      CL = -0.4087
      Cm = -0.0532     CD =  0.00922   =>   CDf =  0.00570    CDp =  0.00352

 Side 1  free  transition at x/c =  0.7101   59
 Side 2  free  transition at x/c =  0.2090   51

  26   rms: 0.3276E-02   max: -.7429E-01   C at   51  2
       a = -6.000      CL = -0.4087
      Cm = -0.0532     CD =  0.00922   =>   CDf =  0.00570    CDp =  0.00352

 Side 1  free  transition at x/c =  0.7101   59
 Side 2  free  transition at x/c =  0.2090   51

  27   rms: 0.3276E-02   max: -.7429E-01   C at   51  2
       a = -6.000      CL = -0.4087
      Cm = -0.0532     CD =  0.00922   =>   CDf =  0.00570    CDp =  0.00352

 Side 1  free  transition at x/c =  0.7101   59
 Side 2  free  transition at x/c =  0.2090   51

  28   rms: 0.3276E-02   max: -.7429E-01   C at   51  2
       a = -6.000      CL = -0.4087
      Cm = -0.0532     CD =  0.00922   =>   CDf =  0.00570    CDp =  0.00352

 Side 1  free  transition at x/c =  0.7101   59
 Side 2  free  transition at x/c =  0.2090   51

  29   rms: 0.3276E-02   max: -.7429E-01   C at   51  2
       a = -6.000      CL = -0.4087
      Cm = -0.0532     CD =  0.00922   =>   CDf =  0.00570    CDp =  0.00352

 Side 1  free  transition at x/c =  0.7101   59
 Side 2  free  transition at x/c =  0.2090   51

  30   rms: 0.3276E-02   max: -.7429E-01   C at   51  2
       a = -6.000      CL = -0.4087
      Cm = -0.0532     CD =  0.00922   =>   CDf =  0.00570    CDp =  0.00352

 Side 1  free  transition at x/c =  0.7101   59
 Side 2  free  transition at x/c =  0.2090   51

  31   rms: 0.3276E-02   max: -.7429E-01   C at   51  2
       a = -6.000      CL = -0.4087
      Cm = -0.0532     CD =  0.00922   =>   CDf =  0.00570    CDp =  0.00352

 Side 1  free  transition at x/c =  0.7101   59
 Side 2  free  transition at x/c =  0.2090   51

  32   rms: 0.3276E-02   max: -.7429E-01   C at   51  2
       a = -6.000      CL = -0.4087
      Cm = -0.0532     CD =  0.00922   =>   CDf =  0.00570    CDp =  0.00352

 Side 1  free  transition at x/c =  0.7101   59
 Side 2  free  transition at x/c =  0.2090   51

  33   rms: 0.3276E-02   max: -.7428E-01   C at   51  2
       a = -6.000      CL = -0.4087
      Cm = -0.0532     CD =  0.00922   =>   CDf =  0.00570    CDp =  0.00352

 Side 1  free  transition at x/c =  0.7101   59
 Side 2  free  transition at x/c =  0.2090   51

  34   rms: 0.3276E-02   max: -.7428E-01   C at   51  2
       a = -6.000      CL = -0.4087
      Cm = -0.0532     CD =  0.00922   =>   CDf =  0.00570    CDp =  0.00352

 Side 1  free  transition at x/c =  0.7101   59
 Side 2  free  transition at x/c =  0.2090   51

  35   rms: 0.3276E-02   max: -.7429E-01   C at   51  2
       a = -6.000      CL = -0.4087
      Cm = -0.0532     CD =  0.00922   =>   CDf =  0.00570    CDp =  0.00352

 Side 1  free  transition at x/c =  0.7101   59
 Side 2  free  transition at x/c =  0.2090   51

  36   rms: 0.3276E-02   max: -.7429E-01   C at   51  2
       a = -6.000      CL = -0.4087
      Cm = -0.0532     CD =  0.00922   =>   CDf =  0.00570    CDp =  0.00352

 Side 1  free  transition at x/c =  0.7101   59
 Side 2  free  transition at x/c =  0.2090   51

  37   rms: 0.3276E-02   max: -.7429E-01   C at   51  2
       a = -6.000      CL = -0.4087
      Cm = -0.0532     CD =  0.00922   =>   CDf =  0.00570    CDp =  0.00352

 Side 1  free  transition at x/c =  0.7101   59
 Side 2  free  transition at x/c =  0.2090   51

  38   rms: 0.3276E-02   max: -.7429E-01   C at   51  2
       a = -6.000      CL = -0.4087
      Cm = -0.0532     CD =  0.00922   =>   CDf =  0.00570    CDp =  0.00352

 Side 1  free  transition at x/c =  0.7101   59
 Side 2  free  transition at x/c =  0.2090   51

  39   rms: 0.3276E-02   max: -.7429E-01   C at   51  2
       a = -6.000      CL = -0.4087
      Cm = -0.0532     CD =  0.00922   =>   CDf =  0.00570    CDp =  0.00352

 Side 1  free  transition at x/c =  0.7101   59
 Side 2  free  transition at x/c =  0.2090   51

  40   rms: 0.3276E-02   max: -.7429E-01   C at   51  2
       a = -6.000      CL = -0.4087
      Cm = -0.0532     CD =  0.00922   =>   CDf =  0.00570    CDp =  0.00352

 Side 1  free  transition at x/c =  0.7101   59
 Side 2  free  transition at x/c =  0.2090   51

  41   rms: 0.3276E-02   max: -.7429E-01   C at   51  2
       a = -6.000      CL = -0.4087
      Cm = -0.0532     CD =  0.00922   =>   CDf =  0.00570    CDp =  0.00352

 Side 1  free  transition at x/c =  0.7101   59
 Side 2  free  transition at x/c =  0.2090   51

  42   rms: 0.3276E-02   max: -.7429E-01   C at   51  2
       a = -6.000      CL = -0.4087
      Cm = -0.0532     CD =  0.00922   =>   CDf =  0.00570    CDp =  0.00352

 Side 1  free  transition at x/c =  0.7101   59
 Side 2  free  transition at x/c =  0.2090   51

  43   rms: 0.3276E-02   max: -.7429E-01   C at   51  2
       a = -6.000      CL = -0.4087
      Cm = -0.0532     CD =  0.00922   =>   CDf =  0.00570    CDp =  0.00352

 Side 1  free  transition at x/c =  0.7101   59
 Side 2  free  transition at x/c =  0.2090   51

  44   rms: 0.3276E-02   max: -.7428E-01   C at   51  2
       a = -6.000      CL = -0.4087
      Cm = -0.0532     CD =  0.00922   =>   CDf =  0.00570    CDp =  0.00352

 Side 1  free  transition at x/c =  0.7101   59
 Side 2  free  transition at x/c =  0.2090   51

  45   rms: 0.3276E-02   max: -.7428E-01   C at   51  2
       a = -6.000      CL = -0.4087
      Cm = -0.0532     CD =  0.00922   =>   CDf =  0.00570    CDp =  0.00352

 Side 1  free  transition at x/c =  0.7101   59
 Side 2  free  transition at x/c =  0.2090   51

  46   rms: 0.3276E-02   max: -.7429E-01   C at   51  2
       a = -6.000      CL = -0.4087
      Cm = -0.0532     CD =  0.00922   =>   CDf =  0.00570    CDp =  0.00352

 Side 1  free  transition at x/c =  0.7101   59
 Side 2  free  transition at x/c =  0.2090   51

  47   rms: 0.3276E-02   max: -.7429E-01   C at   51  2
       a = -6.000      CL = -0.4087
      Cm = -0.0532     CD =  0.00922   =>   CDf =  0.00570    CDp =  0.00352

 Side 1  free  transition at x/c =  0.7101   59
 Side 2  free  transition at x/c =  0.2090   51

  48   rms: 0.3276E-02   max: -.7429E-01   C at   51  2
       a = -6.000      CL = -0.4087
      Cm = -0.0532     CD =  0.00922   =>   CDf =  0.00570    CDp =  0.00352

 Side 1  free  transition at x/c =  0.7101   59
 Side 2  free  transition at x/c =  0.2090   51

  49   rms: 0.3276E-02   max: -.7429E-01   C at   51  2
       a = -6.000      CL = -0.4087
      Cm = -0.0532     CD =  0.00922   =>   CDf =  0.00570    CDp =  0.00352

 Side 1  free  transition at x/c =  0.7101   59
 Side 2  free  transition at x/c =  0.2090   51

  50   rms: 0.3276E-02   max: -.7429E-01   C at   51  2
       a = -6.000      CL = -0.4087
      Cm = -0.0532     CD =  0.00922   =>   CDf =  0.00570    CDp =  0.00352

 Side 1  free  transition at x/c =  0.7101   59
 Side 2  free  transition at x/c =  0.2090   51

  51   rms: 0.3276E-02   max: -.7429E-01   C at   51  2
       a = -6.000      CL = -0.4087
      Cm = -0.0532     CD =  0.00922   =>   CDf =  0.00570    CDp =  0.00352

 Side 1  free  transition at x/c =  0.7101   59
 Side 2  free  transition at x/c =  0.2090   51

  52   rms: 0.3276E-02   max: -.7429E-01   C at   51  2
       a = -6.000      CL = -0.4087
      Cm = -0.0532     CD =  0.00922   =>   CDf =  0.00570    CDp =  0.00352

 Side 1  free  transition at x/c =  0.7101   59
 Side 2  free  transition at x/c =  0.2090   51

  53   rms: 0.3276E-02   max: -.7429E-01   C at   51  2
       a = -6.000      CL = -0.4087
      Cm = -0.0532     CD =  0.00922   =>   CDf =  0.00570    CDp =  0.00352

 Side 1  free  transition at x/c =  0.7101   59
 Side 2  free  transition at x/c =  0.2090   51

  54   rms: 0.3276E-02   max: -.7429E-01   C at   51  2
       a = -6.000      CL = -0.4087
      Cm = -0.0532     CD =  0.00922   =>   CDf =  0.00570    CDp =  0.00352

 Side 1  free  transition at x/c =  0.7101   59
 Side 2  free  transition at x/c =  0.2090   51

  55   rms: 0.3276E-02   max: -.7429E-01   C at   51  2
       a = -6.000      CL = -0.4087
      Cm = -0.0532     CD =  0.00922   =>   CDf =  0.00570    CDp =  0.00352

 Side 1  free  transition at x/c =  0.7101   59
 Side 2  free  transition at x/c =  0.2090   51

  56   rms: 0.3276E-02   max: -.7429E-01   C at   51  2
       a = -6.000      CL = -0.4087
      Cm = -0.0532     CD =  0.00922   =>   CDf =  0.00570    CDp =  0.00352

 Side 1  free  transition at x/c =  0.7101   59
 Side 2  free  transition at x/c =  0.2090   51

  57   rms: 0.3276E-02   max: -.7429E-01   C at   51  2
       a = -6.000      CL = -0.4087
      Cm = -0.0532     CD =  0.00922   =>   CDf =  0.00570    CDp =  0.00352

 Side 1  free  transition at x/c =  0.7101   59
 Side 2  free  transition at x/c =  0.2090   51

  58   rms: 0.3276E-02   max: -.7429E-01   C at   51  2
       a = -6.000      CL = -0.4087
      Cm = -0.0532     CD =  0.00922   =>   CDf =  0.00570    CDp =  0.00352

 Side 1  free  transition at x/c =  0.7101   59
 Side 2  free  transition at x/c =  0.2090   51

  59   rms: 0.3276E-02   max: -.7429E-01   C at   51  2
       a = -6.000      CL = -0.4087
      Cm = -0.0532     CD =  0.00922   =>   CDf =  0.00570    CDp =  0.00352

 Side 1  free  transition at x/c =  0.7101   59
 Side 2  free  transition at x/c =  0.2090   51

  60   rms: 0.3276E-02   max: -.7429E-01   C at   51  2
       a = -6.000      CL = -0.4087
      Cm = -0.0532     CD =  0.00922   =>   CDf =  0.00570    CDp =  0.00352

 Side 1  free  transition at x/c =  0.7101   59
 Side 2  free  transition at x/c =  0.2090   51

  61   rms: 0.3276E-02   max: -.7429E-01   C at   51  2
       a = -6.000      CL = -0.4087
      Cm = -0.0532     CD =  0.00922   =>   CDf =  0.00570    CDp =  0.00352

 Side 1  free  transition at x/c =  0.7101   59
 Side 2  free  transition at x/c =  0.2090   51

  62   rms: 0.3276E-02   max: -.7429E-01   C at   51  2
       a = -6.000      CL = -0.4087
      Cm = -0.0532     CD =  0.00922   =>   CDf =  0.00570    CDp =  0.00352

 Side 1  free  transition at x/c =  0.7101   59
 Side 2  free  transition at x/c =  0.2090   51

  63   rms: 0.3276E-02   max: -.7429E-01   C at   51  2
       a = -6.000      CL = -0.4087
      Cm = -0.0532     CD =  0.00922   =>   CDf =  0.00570    CDp =  0.00352

 Side 1  free  transition at x/c =  0.7101   59
 Side 2  free  transition at x/c =  0.2090   51

  64   rms: 0.3276E-02   max: -.7429E-01   C at   51  2
       a = -6.000      CL = -0.4087
      Cm = -0.0532     CD =  0.00922   =>   CDf =  0.00570    CDp =  0.00352

 Side 1  free  transition at x/c =  0.7101   59
 Side 2  free  transition at x/c =  0.2090   51

  65   rms: 0.3276E-02   max: -.7429E-01   C at   51  2
       a = -6.000      CL = -0.4087
      Cm = -0.0532     CD =  0.00922   =>   CDf =  0.00570    CDp =  0.00352

 Side 1  free  transition at x/c =  0.7101   59
 Side 2  free  transition at x/c =  0.2090   51

  66   rms: 0.3276E-02   max: -.7429E-01   C at   51  2
       a = -6.000      CL = -0.4087
      Cm = -0.0532     CD =  0.00922   =>   CDf =  0.00570    CDp =  0.00352

 Side 1  free  transition at x/c =  0.7101   59
 Side 2  free  transition at x/c =  0.2090   51

  67   rms: 0.3276E-02   max: -.7429E-01   C at   51  2
       a = -6.000      CL = -0.4087
      Cm = -0.0532     CD =  0.00922   =>   CDf =  0.00570    CDp =  0.00352

 Side 1  free  transition at x/c =  0.7101   59
 Side 2  free  transition at x/c =  0.2090   51

  68   rms: 0.3276E-02   max: -.7429E-01   C at   51  2
       a = -6.000      CL = -0.4087
      Cm = -0.0532     CD =  0.00922   =>   CDf =  0.00570    CDp =  0.00352

 Side 1  free  transition at x/c =  0.7101   59
 Side 2  free  transition at x/c =  0.2090   51

  69   rms: 0.3276E-02   max: -.7428E-01   C at   51  2
       a = -6.000      CL = -0.4087
      Cm = -0.0532     CD =  0.00922   =>   CDf =  0.00570    CDp =  0.00352

 Side 1  free  transition at x/c =  0.7101   59
 Side 2  free  transition at x/c =  0.2090   51

  70   rms: 0.3276E-02   max: -.7429E-01   C at   51  2
       a = -6.000      CL = -0.4087
      Cm = -0.0532     CD =  0.00922   =>   CDf =  0.00570    CDp =  0.00352

 Side 1  free  transition at x/c =  0.7101   59
 Side 2  free  transition at x/c =  0.2090   51

  71   rms: 0.3276E-02   max: -.7429E-01   C at   51  2
       a = -6.000      CL = -0.4087
      Cm = -0.0532     CD =  0.00922   =>   CDf =  0.00570    CDp =  0.00352

 Side 1  free  transition at x/c =  0.7101   59
 Side 2  free  transition at x/c =  0.2090   51

  72   rms: 0.3276E-02   max: -.7429E-01   C at   51  2
       a = -6.000      CL = -0.4087
      Cm = -0.0532     CD =  0.00922   =>   CDf =  0.00570    CDp =  0.00352

 Side 1  free  transition at x/c =  0.7101   59
 Side 2  free  transition at x/c =  0.2090   51

  73   rms: 0.3276E-02   max: -.7429E-01   C at   51  2
       a = -6.000      CL = -0.4087
      Cm = -0.0532     CD =  0.00922   =>   CDf =  0.00570    CDp =  0.00352

 Side 1  free  transition at x/c =  0.7101   59
 Side 2  free  transition at x/c =  0.2090   51

  74   rms: 0.3276E-02   max: -.7429E-01   C at   51  2
       a = -6.000      CL = -0.4087
      Cm = -0.0532     CD =  0.00922   =>   CDf =  0.00570    CDp =  0.00352

 Side 1  free  transition at x/c =  0.7101   59
 Side 2  free  transition at x/c =  0.2090   51

  75   rms: 0.3276E-02   max: -.7429E-01   C at   51  2
       a = -6.000      CL = -0.4087
      Cm = -0.0532     CD =  0.00922   =>   CDf =  0.00570    CDp =  0.00352

 Side 1  free  transition at x/c =  0.7101   59
 Side 2  free  transition at x/c =  0.2090   51

  76   rms: 0.3276E-02   max: -.7429E-01   C at   51  2
       a = -6.000      CL = -0.4087
      Cm = -0.0532     CD =  0.00922   =>   CDf =  0.00570    CDp =  0.00352

 Side 1  free  transition at x/c =  0.7101   59
 Side 2  free  transition at x/c =  0.2090   51

  77   rms: 0.3276E-02   max: -.7429E-01   C at   51  2
       a = -6.000      CL = -0.4087
      Cm = -0.0532     CD =  0.00922   =>   CDf =  0.00570    CDp =  0.00352

 Side 1  free  transition at x/c =  0.7101   59
 Side 2  free  transition at x/c =  0.2090   51

  78   rms: 0.3276E-02   max: -.7428E-01   C at   51  2
       a = -6.000      CL = -0.4087
      Cm = -0.0532     CD =  0.00922   =>   CDf =  0.00570    CDp =  0.00352

 Side 1  free  transition at x/c =  0.7101   59
 Side 2  free  transition at x/c =  0.2090   51

  79   rms: 0.3276E-02   max: -.7429E-01   C at   51  2
       a = -6.000      CL = -0.4087
      Cm = -0.0532     CD =  0.00922   =>   CDf =  0.00570    CDp =  0.00352

 Side 1  free  transition at x/c =  0.7101   59
 Side 2  free  transition at x/c =  0.2090   51

  80   rms: 0.3276E-02   max: -.7429E-01   C at   51  2
       a = -6.000      CL = -0.4087
      Cm = -0.0532     CD =  0.00922   =>   CDf =  0.00570    CDp =  0.00352

 Side 1  free  transition at x/c =  0.7101   59
 Side 2  free  transition at x/c =  0.2090   51

  81   rms: 0.3276E-02   max: -.7429E-01   C at   51  2
       a = -6.000      CL = -0.4087
      Cm = -0.0532     CD =  0.00922   =>   CDf =  0.00570    CDp =  0.00352

 Side 1  free  transition at x/c =  0.7101   59
 Side 2  free  transition at x/c =  0.2090   51

  82   rms: 0.3276E-02   max: -.7428E-01   C at   51  2
       a = -6.000      CL = -0.4087
      Cm = -0.0532     CD =  0.00922   =>   CDf =  0.00570    CDp =  0.00352

 Side 1  free  transition at x/c =  0.7101   59
 Side 2  free  transition at x/c =  0.2090   51

  83   rms: 0.3276E-02   max: -.7429E-01   C at   51  2
       a = -6.000      CL = -0.4087
      Cm = -0.0532     CD =  0.00922   =>   CDf =  0.00570    CDp =  0.00352

 Side 1  free  transition at x/c =  0.7101   59
 Side 2  free  transition at x/c =  0.2090   51

  84   rms: 0.3276E-02   max: -.7429E-01   C at   51  2
       a = -6.000      CL = -0.4087
      Cm = -0.0532     CD =  0.00922   =>   CDf =  0.00570    CDp =  0.00352

 Side 1  free  transition at x/c =  0.7101   59
 Side 2  free  transition at x/c =  0.2090   51

  85   rms: 0.3276E-02   max: -.7429E-01   C at   51  2
       a = -6.000      CL = -0.4087
      Cm = -0.0532     CD =  0.00922   =>   CDf =  0.00570    CDp =  0.00352

 Side 1  free  transition at x/c =  0.7101   59
 Side 2  free  transition at x/c =  0.2090   51

  86   rms: 0.3276E-02   max: -.7429E-01   C at   51  2
       a = -6.000      CL = -0.4087
      Cm = -0.0532     CD =  0.00922   =>   CDf =  0.00570    CDp =  0.00352

 Side 1  free  transition at x/c =  0.7101   59
 Side 2  free  transition at x/c =  0.2090   51

  87   rms: 0.3276E-02   max: -.7429E-01   C at   51  2
       a = -6.000      CL = -0.4087
      Cm = -0.0532     CD =  0.00922   =>   CDf =  0.00570    CDp =  0.00352

 Side 1  free  transition at x/c =  0.7101   59
 Side 2  free  transition at x/c =  0.2090   51

  88   rms: 0.3276E-02   max: -.7429E-01   C at   51  2
       a = -6.000      CL = -0.4087
      Cm = -0.0532     CD =  0.00922   =>   CDf =  0.00570    CDp =  0.00352

 Side 1  free  transition at x/c =  0.7101   59
 Side 2  free  transition at x/c =  0.2090   51

  89   rms: 0.3276E-02   max: -.7429E-01   C at   51  2
       a = -6.000      CL = -0.4087
      Cm = -0.0532     CD =  0.00922   =>   CDf =  0.00570    CDp =  0.00352

 Side 1  free  transition at x/c =  0.7101   59
 Side 2  free  transition at x/c =  0.2090   51

  90   rms: 0.3276E-02   max: -.7429E-01   C at   51  2
       a = -6.000      CL = -0.4087
      Cm = -0.0532     CD =  0.00922   =>   CDf =  0.00570    CDp =  0.00352

 Side 1  free  transition at x/c =  0.7101   59
 Side 2  free  transition at x/c =  0.2090   51

  91   rms: 0.3276E-02   max: -.7428E-01   C at   51  2
       a = -6.000      CL = -0.4087
      Cm = -0.0532     CD =  0.00922   =>   CDf =  0.00570    CDp =  0.00352

 Side 1  free  transition at x/c =  0.7101   59
 Side 2  free  transition at x/c =  0.2090   51

  92   rms: 0.3276E-02   max: -.7428E-01   C at   51  2
       a = -6.000      CL = -0.4087
      Cm = -0.0532     CD =  0.00922   =>   CDf =  0.00570    CDp =  0.00352

 Side 1  free  transition at x/c =  0.7101   59
 Side 2  free  transition at x/c =  0.2090   51

  93   rms: 0.3276E-02   max: -.7429E-01   C at   51  2
       a = -6.000      CL = -0.4087
      Cm = -0.0532     CD =  0.00922   =>   CDf =  0.00570    CDp =  0.00352

 Side 1  free  transition at x/c =  0.7101   59
 Side 2  free  transition at x/c =  0.2090   51

  94   rms: 0.3276E-02   max: -.7429E-01   C at   51  2
       a = -6.000      CL = -0.4087
      Cm = -0.0532     CD =  0.00922   =>   CDf =  0.00570    CDp =  0.00352

 Side 1  free  transition at x/c =  0.7101   59
 Side 2  free  transition at x/c =  0.2090   51

  95   rms: 0.3276E-02   max: -.7429E-01   C at   51  2
       a = -6.000      CL = -0.4087
      Cm = -0.0532     CD =  0.00922   =>   CDf =  0.00570    CDp =  0.00352

 Side 1  free  transition at x/c =  0.7101   59
 Side 2  free  transition at x/c =  0.2090   51

  96   rms: 0.3276E-02   max: -.7429E-01   C at   51  2
       a = -6.000      CL = -0.4087
      Cm = -0.0532     CD =  0.00922   =>   CDf =  0.00570    CDp =  0.00352

 Side 1  free  transition at x/c =  0.7101   59
 Side 2  free  transition at x/c =  0.2090   51

  97   rms: 0.3276E-02   max: -.7429E-01   C at   51  2
       a = -6.000      CL = -0.4087
      Cm = -0.0532     CD =  0.00922   =>   CDf =  0.00570    CDp =  0.00352

 Side 1  free  transition at x/c =  0.7101   59
 Side 2  free  transition at x/c =  0.2090   51

  98   rms: 0.3276E-02   max: -.7428E-01   C at   51  2
       a = -6.000      CL = -0.4087
      Cm = -0.0532     CD =  0.00922   =>   CDf =  0.00570    CDp =  0.00352

 Side 1  free  transition at x/c =  0.7101   59
 Side 2  free  transition at x/c =  0.2090   51

  99   rms: 0.3276E-02   max: -.7429E-01   C at   51  2
       a = -6.000      CL = -0.4087
      Cm = -0.0532     CD =  0.00922   =>   CDf =  0.00570    CDp =  0.00352

 Side 1  free  transition at x/c =  0.7101   59
 Side 2  free  transition at x/c =  0.2090   51

 100   rms: 0.3276E-02   max: -.7429E-01   C at   51  2
       a = -6.000      CL = -0.4087
      Cm = -0.0532     CD =  0.00922   =>   CDf =  0.00570    CDp =  0.00352

 Side 1  free  transition at x/c =  0.7101   59
 Side 2  free  transition at x/c =  0.2090   51

 101   rms: 0.3276E-02   max: -.7429E-01   C at   51  2
       a = -6.000      CL = -0.4087
      Cm = -0.0532     CD =  0.00922   =>   CDf =  0.00570    CDp =  0.00352

 Side 1  free  transition at x/c =  0.7101   59
 Side 2  free  transition at x/c =  0.2090   51

 102   rms: 0.3276E-02   max: -.7429E-01   C at   51  2
       a = -6.000      CL = -0.4087
      Cm = -0.0532     CD =  0.00922   =>   CDf =  0.00570    CDp =  0.00352

 Side 1  free  transition at x/c =  0.7101   59
 Side 2  free  transition at x/c =  0.2090   51

 103   rms: 0.3276E-02   max: -.7429E-01   C at   51  2
       a = -6.000      CL = -0.4087
      Cm = -0.0532     CD =  0.00922   =>   CDf =  0.00570    CDp =  0.00352

 Side 1  free  transition at x/c =  0.7101   59
 Side 2  free  transition at x/c =  0.2090   51

 104   rms: 0.3276E-02   max: -.7429E-01   C at   51  2
       a = -6.000      CL = -0.4087
      Cm = -0.0532     CD =  0.00922   =>   CDf =  0.00570    CDp =  0.00352

 Side 1  free  transition at x/c =  0.7101   59
 Side 2  free  transition at x/c =  0.2090   51

 105   rms: 0.3276E-02   max: -.7429E-01   C at   51  2
       a = -6.000      CL = -0.4087
      Cm = -0.0532     CD =  0.00922   =>   CDf =  0.00570    CDp =  0.00352

 Side 1  free  transition at x/c =  0.7101   59
 Side 2  free  transition at x/c =  0.2090   51

 106   rms: 0.3276E-02   max: -.7429E-01   C at   51  2
       a = -6.000      CL = -0.4087
      Cm = -0.0532     CD =  0.00922   =>   CDf =  0.00570    CDp =  0.00352

 Side 1  free  transition at x/c =  0.7101   59
 Side 2  free  transition at x/c =  0.2090   51

 107   rms: 0.3276E-02   max: -.7429E-01   C at   51  2
       a = -6.000      CL = -0.4087
      Cm = -0.0532     CD =  0.00922   =>   CDf =  0.00570    CDp =  0.00352

 Side 1  free  transition at x/c =  0.7101   59
 Side 2  free  transition at x/c =  0.2090   51

 108   rms: 0.3276E-02   max: -.7429E-01   C at   51  2
       a = -6.000      CL = -0.4087
      Cm = -0.0532     CD =  0.00922   =>   CDf =  0.00570    CDp =  0.00352

 Side 1  free  transition at x/c =  0.7101   59
 Side 2  free  transition at x/c =  0.2090   51

 109   rms: 0.3276E-02   max: -.7429E-01   C at   51  2
       a = -6.000      CL = -0.4087
      Cm = -0.0532     CD =  0.00922   =>   CDf =  0.00570    CDp =  0.00352

 Side 1  free  transition at x/c =  0.7101   59
 Side 2  free  transition at x/c =  0.2090   51

 110   rms: 0.3276E-02   max: -.7429E-01   C at   51  2
       a = -6.000      CL = -0.4087
      Cm = -0.0532     CD =  0.00922   =>   CDf =  0.00570    CDp =  0.00352

 Side 1  free  transition at x/c =  0.7101   59
 Side 2  free  transition at x/c =  0.2090   51

 111   rms: 0.3276E-02   max: -.7429E-01   C at   51  2
       a = -6.000      CL = -0.4087
      Cm = -0.0532     CD =  0.00922   =>   CDf =  0.00570    CDp =  0.00352

 Side 1  free  transition at x/c =  0.7101   59
 Side 2  free  transition at x/c =  0.2090   51

 112   rms: 0.3276E-02   max: -.7429E-01   C at   51  2
       a = -6.000      CL = -0.4087
      Cm = -0.0532     CD =  0.00922   =>   CDf =  0.00570    CDp =  0.00352

 Side 1  free  transition at x/c =  0.7101   59
 Side 2  free  transition at x/c =  0.2090   51

 113   rms: 0.3276E-02   max: -.7429E-01   C at   51  2
       a = -6.000      CL = -0.4087
      Cm = -0.0532     CD =  0.00922   =>   CDf =  0.00570    CDp =  0.00352

 Side 1  free  transition at x/c =  0.7101   59
 Side 2  free  transition at x/c =  0.2090   51

 114   rms: 0.3276E-02   max: -.7429E-01   C at   51  2
       a = -6.000      CL = -0.4087
      Cm = -0.0532     CD =  0.00922   =>   CDf =  0.00570    CDp =  0.00352

 Side 1  free  transition at x/c =  0.7101   59
 Side 2  free  transition at x/c =  0.2090   51

 115   rms: 0.3276E-02   max: -.7428E-01   C at   51  2
       a = -6.000      CL = -0.4087
      Cm = -0.0532     CD =  0.00922   =>   CDf =  0.00570    CDp =  0.00352

 Side 1  free  transition at x/c =  0.7101   59
 Side 2  free  transition at x/c =  0.2090   51

 116   rms: 0.3276E-02   max: -.7429E-01   C at   51  2
       a = -6.000      CL = -0.4087
      Cm = -0.0532     CD =  0.00922   =>   CDf =  0.00570    CDp =  0.00352

 Side 1  free  transition at x/c =  0.7101   59
 Side 2  free  transition at x/c =  0.2090   51

 117   rms: 0.3276E-02   max: -.7428E-01   C at   51  2
       a = -6.000      CL = -0.4087
      Cm = -0.0532     CD =  0.00922   =>   CDf =  0.00570    CDp =  0.00352

 Side 1  free  transition at x/c =  0.7101   59
 Side 2  free  transition at x/c =  0.2090   51

 118   rms: 0.3276E-02   max: -.7428E-01   C at   51  2
       a = -6.000      CL = -0.4087
      Cm = -0.0532     CD =  0.00922   =>   CDf =  0.00570    CDp =  0.00352

 Side 1  free  transition at x/c =  0.7101   59
 Side 2  free  transition at x/c =  0.2090   51

 119   rms: 0.3276E-02   max: -.7429E-01   C at   51  2
       a = -6.000      CL = -0.4087
      Cm = -0.0532     CD =  0.00922   =>   CDf =  0.00570    CDp =  0.00352

 Side 1  free  transition at x/c =  0.7101   59
 Side 2  free  transition at x/c =  0.2090   51

 120   rms: 0.3276E-02   max: -.7429E-01   C at   51  2
       a = -6.000      CL = -0.4087
      Cm = -0.0532     CD =  0.00922   =>   CDf =  0.00570    CDp =  0.00352

 Side 1  free  transition at x/c =  0.7101   59
 Side 2  free  transition at x/c =  0.2090   51

 121   rms: 0.3276E-02   max: -.7429E-01   C at   51  2
       a = -6.000      CL = -0.4087
      Cm = -0.0532     CD =  0.00922   =>   CDf =  0.00570    CDp =  0.00352

 Side 1  free  transition at x/c =  0.7101   59
 Side 2  free  transition at x/c =  0.2090   51

 122   rms: 0.3276E-02   max: -.7429E-01   C at   51  2
       a = -6.000      CL = -0.4087
      Cm = -0.0532     CD =  0.00922   =>   CDf =  0.00570    CDp =  0.00352

 Side 1  free  transition at x/c =  0.7101   59
 Side 2  free  transition at x/c =  0.2090   51

 123   rms: 0.3276E-02   max: -.7429E-01   C at   51  2
       a = -6.000      CL = -0.4087
      Cm = -0.0532     CD =  0.00922   =>   CDf =  0.00570    CDp =  0.00352

 Side 1  free  transition at x/c =  0.7101   59
 Side 2  free  transition at x/c =  0.2090   51

 124   rms: 0.3276E-02   max: -.7429E-01   C at   51  2
       a = -6.000      CL = -0.4087
      Cm = -0.0532     CD =  0.00922   =>   CDf =  0.00570    CDp =  0.00352

 Side 1  free  transition at x/c =  0.7101   59
 Side 2  free  transition at x/c =  0.2090   51

 125   rms: 0.3276E-02   max: -.7429E-01   C at   51  2
       a = -6.000      CL = -0.4087
      Cm = -0.0532     CD =  0.00922   =>   CDf =  0.00570    CDp =  0.00352

 Side 1  free  transition at x/c =  0.7101   59
 Side 2  free  transition at x/c =  0.2090   51

 126   rms: 0.3276E-02   max: -.7429E-01   C at   51  2
       a = -6.000      CL = -0.4087
      Cm = -0.0532     CD =  0.00922   =>   CDf =  0.00570    CDp =  0.00352

 Side 1  free  transition at x/c =  0.7101   59
 Side 2  free  transition at x/c =  0.2090   51

 127   rms: 0.3276E-02   max: -.7429E-01   C at   51  2
       a = -6.000      CL = -0.4087
      Cm = -0.0532     CD =  0.00922   =>   CDf =  0.00570    CDp =  0.00352

 Side 1  free  transition at x/c =  0.7101   59
 Side 2  free  transition at x/c =  0.2090   51

 128   rms: 0.3276E-02   max: -.7429E-01   C at   51  2
       a = -6.000      CL = -0.4087
      Cm = -0.0532     CD =  0.00922   =>   CDf =  0.00570    CDp =  0.00352

 Side 1  free  transition at x/c =  0.7101   59
 Side 2  free  transition at x/c =  0.2090   51

 129   rms: 0.3276E-02   max: -.7429E-01   C at   51  2
       a = -6.000      CL = -0.4087
      Cm = -0.0532     CD =  0.00922   =>   CDf =  0.00570    CDp =  0.00352

 Side 1  free  transition at x/c =  0.7101   59
 Side 2  free  transition at x/c =  0.2090   51

 130   rms: 0.3276E-02   max: -.7429E-01   C at   51  2
       a = -6.000      CL = -0.4087
      Cm = -0.0532     CD =  0.00922   =>   CDf =  0.00570    CDp =  0.00352

 Side 1  free  transition at x/c =  0.7101   59
 Side 2  free  transition at x/c =  0.2090   51

 131   rms: 0.3276E-02   max: -.7429E-01   C at   51  2
       a = -6.000      CL = -0.4087
      Cm = -0.0532     CD =  0.00922   =>   CDf =  0.00570    CDp =  0.00352

 Side 1  free  transition at x/c =  0.7101   59
 Side 2  free  transition at x/c =  0.2090   51

 132   rms: 0.3276E-02   max: -.7429E-01   C at   51  2
       a = -6.000      CL = -0.4087
      Cm = -0.0532     CD =  0.00922   =>   CDf =  0.00570    CDp =  0.00352

 Side 1  free  transition at x/c =  0.7101   59
 Side 2  free  transition at x/c =  0.2090   51

 133   rms: 0.3276E-02   max: -.7429E-01   C at   51  2
       a = -6.000      CL = -0.4087
      Cm = -0.0532     CD =  0.00922   =>   CDf =  0.00570    CDp =  0.00352

 Side 1  free  transition at x/c =  0.7101   59
 Side 2  free  transition at x/c =  0.2090   51

 134   rms: 0.3276E-02   max: -.7429E-01   C at   51  2
       a = -6.000      CL = -0.4087
      Cm = -0.0532     CD =  0.00922   =>   CDf =  0.00570    CDp =  0.00352

 Side 1  free  transition at x/c =  0.7101   59
 Side 2  free  transition at x/c =  0.2090   51

 135   rms: 0.3276E-02   max: -.7429E-01   C at   51  2
       a = -6.000      CL = -0.4087
      Cm = -0.0532     CD =  0.00922   =>   CDf =  0.00570    CDp =  0.00352

 Side 1  free  transition at x/c =  0.7101   59
 Side 2  free  transition at x/c =  0.2090   51

 136   rms: 0.3276E-02   max: -.7429E-01   C at   51  2
       a = -6.000      CL = -0.4087
      Cm = -0.0532     CD =  0.00922   =>   CDf =  0.00570    CDp =  0.00352

 Side 1  free  transition at x/c =  0.7101   59
 Side 2  free  transition at x/c =  0.2090   51

 137   rms: 0.3276E-02   max: -.7429E-01   C at   51  2
       a = -6.000      CL = -0.4087
      Cm = -0.0532     CD =  0.00922   =>   CDf =  0.00570    CDp =  0.00352

 Side 1  free  transition at x/c =  0.7101   59
 Side 2  free  transition at x/c =  0.2090   51

 138   rms: 0.3276E-02   max: -.7429E-01   C at   51  2
       a = -6.000      CL = -0.4087
      Cm = -0.0532     CD =  0.00922   =>   CDf =  0.00570    CDp =  0.00352

 Side 1  free  transition at x/c =  0.7101   59
 Side 2  free  transition at x/c =  0.2090   51

 139   rms: 0.3276E-02   max: -.7428E-01   C at   51  2
       a = -6.000      CL = -0.4087
      Cm = -0.0532     CD =  0.00922   =>   CDf =  0.00570    CDp =  0.00352

 Side 1  free  transition at x/c =  0.7101   59
 Side 2  free  transition at x/c =  0.2090   51

 140   rms: 0.3276E-02   max: -.7429E-01   C at   51  2
       a = -6.000      CL = -0.4087
      Cm = -0.0532     CD =  0.00922   =>   CDf =  0.00570    CDp =  0.00352

 Side 1  free  transition at x/c =  0.7101   59
 Side 2  free  transition at x/c =  0.2090   51

 141   rms: 0.3276E-02   max: -.7429E-01   C at   51  2
       a = -6.000      CL = -0.4087
      Cm = -0.0532     CD =  0.00922   =>   CDf =  0.00570    CDp =  0.00352

 Side 1  free  transition at x/c =  0.7101   59
 Side 2  free  transition at x/c =  0.2090   51

 142   rms: 0.3276E-02   max: -.7429E-01   C at   51  2
       a = -6.000      CL = -0.4087
      Cm = -0.0532     CD =  0.00922   =>   CDf =  0.00570    CDp =  0.00352

 Side 1  free  transition at x/c =  0.7101   59
 Side 2  free  transition at x/c =  0.2090   51

 143   rms: 0.3276E-02   max: -.7429E-01   C at   51  2
       a = -6.000      CL = -0.4087
      Cm = -0.0532     CD =  0.00922   =>   CDf =  0.00570    CDp =  0.00352

 Side 1  free  transition at x/c =  0.7101   59
 Side 2  free  transition at x/c =  0.2090   51

 144   rms: 0.3276E-02   max: -.7429E-01   C at   51  2
       a = -6.000      CL = -0.4087
      Cm = -0.0532     CD =  0.00922   =>   CDf =  0.00570    CDp =  0.00352

 Side 1  free  transition at x/c =  0.7101   59
 Side 2  free  transition at x/c =  0.2090   51

 145   rms: 0.3276E-02   max: -.7429E-01   C at   51  2
       a = -6.000      CL = -0.4087
      Cm = -0.0532     CD =  0.00922   =>   CDf =  0.00570    CDp =  0.00352

 Side 1  free  transition at x/c =  0.7101   59
 Side 2  free  transition at x/c =  0.2090   51

 146   rms: 0.3276E-02   max: -.7429E-01   C at   51  2
       a = -6.000      CL = -0.4087
      Cm = -0.0532     CD =  0.00922   =>   CDf =  0.00570    CDp =  0.00352

 Side 1  free  transition at x/c =  0.7101   59
 Side 2  free  transition at x/c =  0.2090   51

 147   rms: 0.3276E-02   max: -.7429E-01   C at   51  2
       a = -6.000      CL = -0.4087
      Cm = -0.0532     CD =  0.00922   =>   CDf =  0.00570    CDp =  0.00352

 Side 1  free  transition at x/c =  0.7101   59
 Side 2  free  transition at x/c =  0.2090   51

 148   rms: 0.3276E-02   max: -.7429E-01   C at   51  2
       a = -6.000      CL = -0.4087
      Cm = -0.0532     CD =  0.00922   =>   CDf =  0.00570    CDp =  0.00352

 Side 1  free  transition at x/c =  0.7101   59
 Side 2  free  transition at x/c =  0.2090   51

 149   rms: 0.3276E-02   max: -.7429E-01   C at   51  2
       a = -6.000      CL = -0.4087
      Cm = -0.0532     CD =  0.00922   =>   CDf =  0.00570    CDp =  0.00352

 Side 1  free  transition at x/c =  0.7101   59
 Side 2  free  transition at x/c =  0.2090   51

 150   rms: 0.3276E-02   max: -.7429E-01   C at   51  2
       a = -6.000      CL = -0.4087
      Cm = -0.0532     CD =  0.00922   =>   CDf =  0.00570    CDp =  0.00352

 Side 1  free  transition at x/c =  0.7101   59
 Side 2  free  transition at x/c =  0.2090   51

 151   rms: 0.3276E-02   max: -.7429E-01   C at   51  2
       a = -6.000      CL = -0.4087
      Cm = -0.0532     CD =  0.00922   =>   CDf =  0.00570    CDp =  0.00352

 Side 1  free  transition at x/c =  0.7101   59
 Side 2  free  transition at x/c =  0.2090   51

 152   rms: 0.3276E-02   max: -.7429E-01   C at   51  2
       a = -6.000      CL = -0.4087
      Cm = -0.0532     CD =  0.00922   =>   CDf =  0.00570    CDp =  0.00352

 Side 1  free  transition at x/c =  0.7101   59
 Side 2  free  transition at x/c =  0.2090   51

 153   rms: 0.3276E-02   max: -.7428E-01   C at   51  2
       a = -6.000      CL = -0.4087
      Cm = -0.0532     CD =  0.00922   =>   CDf =  0.00570    CDp =  0.00352

 Side 1  free  transition at x/c =  0.7101   59
 Side 2  free  transition at x/c =  0.2090   51

 154   rms: 0.3276E-02   max: -.7429E-01   C at   51  2
       a = -6.000      CL = -0.4087
      Cm = -0.0532     CD =  0.00922   =>   CDf =  0.00570    CDp =  0.00352

 Side 1  free  transition at x/c =  0.7101   59
 Side 2  free  transition at x/c =  0.2090   51

 155   rms: 0.3276E-02   max: -.7429E-01   C at   51  2
       a = -6.000      CL = -0.4087
      Cm = -0.0532     CD =  0.00922   =>   CDf =  0.00570    CDp =  0.00352

 Side 1  free  transition at x/c =  0.7101   59
 Side 2  free  transition at x/c =  0.2090   51

 156   rms: 0.3276E-02   max: -.7429E-01   C at   51  2
       a = -6.000      CL = -0.4087
      Cm = -0.0532     CD =  0.00922   =>   CDf =  0.00570    CDp =  0.00352

 Side 1  free  transition at x/c =  0.7101   59
 Side 2  free  transition at x/c =  0.2090   51

 157   rms: 0.3276E-02   max: -.7429E-01   C at   51  2
       a = -6.000      CL = -0.4087
      Cm = -0.0532     CD =  0.00922   =>   CDf =  0.00570    CDp =  0.00352

 Side 1  free  transition at x/c =  0.7101   59
 Side 2  free  transition at x/c =  0.2090   51

 158   rms: 0.3276E-02   max: -.7429E-01   C at   51  2
       a = -6.000      CL = -0.4087
      Cm = -0.0532     CD =  0.00922   =>   CDf =  0.00570    CDp =  0.00352

 Side 1  free  transition at x/c =  0.7101   59
 Side 2  free  transition at x/c =  0.2090   51

 159   rms: 0.3276E-02   max: -.7429E-01   C at   51  2
       a = -6.000      CL = -0.4087
      Cm = -0.0532     CD =  0.00922   =>   CDf =  0.00570    CDp =  0.00352

 Side 1  free  transition at x/c =  0.7101   59
 Side 2  free  transition at x/c =  0.2090   51

 160   rms: 0.3276E-02   max: -.7429E-01   C at   51  2
       a = -6.000      CL = -0.4087
      Cm = -0.0532     CD =  0.00922   =>   CDf =  0.00570    CDp =  0.00352

 Side 1  free  transition at x/c =  0.7101   59
 Side 2  free  transition at x/c =  0.2090   51

 161   rms: 0.3276E-02   max: -.7429E-01   C at   51  2
       a = -6.000      CL = -0.4087
      Cm = -0.0532     CD =  0.00922   =>   CDf =  0.00570    CDp =  0.00352

 Side 1  free  transition at x/c =  0.7101   59
 Side 2  free  transition at x/c =  0.2090   51

 162   rms: 0.3276E-02   max: -.7429E-01   C at   51  2
       a = -6.000      CL = -0.4087
      Cm = -0.0532     CD =  0.00922   =>   CDf =  0.00570    CDp =  0.00352

 Side 1  free  transition at x/c =  0.7101   59
 Side 2  free  transition at x/c =  0.2090   51

 163   rms: 0.3276E-02   max: -.7429E-01   C at   51  2
       a = -6.000      CL = -0.4087
      Cm = -0.0532     CD =  0.00922   =>   CDf =  0.00570    CDp =  0.00352

 Side 1  free  transition at x/c =  0.7101   59
 Side 2  free  transition at x/c =  0.2090   51

 164   rms: 0.3276E-02   max: -.7429E-01   C at   51  2
       a = -6.000      CL = -0.4087
      Cm = -0.0532     CD =  0.00922   =>   CDf =  0.00570    CDp =  0.00352

 Side 1  free  transition at x/c =  0.7101   59
 Side 2  free  transition at x/c =  0.2090   51

 165   rms: 0.3276E-02   max: -.7429E-01   C at   51  2
       a = -6.000      CL = -0.4087
      Cm = -0.0532     CD =  0.00922   =>   CDf =  0.00570    CDp =  0.00352

 Side 1  free  transition at x/c =  0.7101   59
 Side 2  free  transition at x/c =  0.2090   51

 166   rms: 0.3276E-02   max: -.7429E-01   C at   51  2
       a = -6.000      CL = -0.4087
      Cm = -0.0532     CD =  0.00922   =>   CDf =  0.00570    CDp =  0.00352

 Side 1  free  transition at x/c =  0.7101   59
 Side 2  free  transition at x/c =  0.2090   51

 167   rms: 0.3276E-02   max: -.7429E-01   C at   51  2
       a = -6.000      CL = -0.4087
      Cm = -0.0532     CD =  0.00922   =>   CDf =  0.00570    CDp =  0.00352

 Side 1  free  transition at x/c =  0.7101   59
 Side 2  free  transition at x/c =  0.2090   51

 168   rms: 0.3276E-02   max: -.7429E-01   C at   51  2
       a = -6.000      CL = -0.4087
      Cm = -0.0532     CD =  0.00922   =>   CDf =  0.00570    CDp =  0.00352

 Side 1  free  transition at x/c =  0.7101   59
 Side 2  free  transition at x/c =  0.2090   51

 169   rms: 0.3276E-02   max: -.7429E-01   C at   51  2
       a = -6.000      CL = -0.4087
      Cm = -0.0532     CD =  0.00922   =>   CDf =  0.00570    CDp =  0.00352

 Side 1  free  transition at x/c =  0.7101   59
 Side 2  free  transition at x/c =  0.2090   51

 170   rms: 0.3276E-02   max: -.7429E-01   C at   51  2
       a = -6.000      CL = -0.4087
      Cm = -0.0532     CD =  0.00922   =>   CDf =  0.00570    CDp =  0.00352

 Side 1  free  transition at x/c =  0.7101   59
 Side 2  free  transition at x/c =  0.2090   51

 171   rms: 0.3276E-02   max: -.7429E-01   C at   51  2
       a = -6.000      CL = -0.4087
      Cm = -0.0532     CD =  0.00922   =>   CDf =  0.00570    CDp =  0.00352

 Side 1  free  transition at x/c =  0.7101   59
 Side 2  free  transition at x/c =  0.2090   51

 172   rms: 0.3276E-02   max: -.7429E-01   C at   51  2
       a = -6.000      CL = -0.4087
      Cm = -0.0532     CD =  0.00922   =>   CDf =  0.00570    CDp =  0.00352

 Side 1  free  transition at x/c =  0.7101   59
 Side 2  free  transition at x/c =  0.2090   51

 173   rms: 0.3276E-02   max: -.7429E-01   C at   51  2
       a = -6.000      CL = -0.4087
      Cm = -0.0532     CD =  0.00922   =>   CDf =  0.00570    CDp =  0.00352

 Side 1  free  transition at x/c =  0.7101   59
 Side 2  free  transition at x/c =  0.2090   51

 174   rms: 0.3276E-02   max: -.7429E-01   C at   51  2
       a = -6.000      CL = -0.4087
      Cm = -0.0532     CD =  0.00922   =>   CDf =  0.00570    CDp =  0.00352

 Side 1  free  transition at x/c =  0.7101   59
 Side 2  free  transition at x/c =  0.2090   51

 175   rms: 0.3276E-02   max: -.7429E-01   C at   51  2
       a = -6.000      CL = -0.4087
      Cm = -0.0532     CD =  0.00922   =>   CDf =  0.00570    CDp =  0.00352

 Side 1  free  transition at x/c =  0.7101   59
 Side 2  free  transition at x/c =  0.2090   51

 176   rms: 0.3276E-02   max: -.7429E-01   C at   51  2
       a = -6.000      CL = -0.4087
      Cm = -0.0532     CD =  0.00922   =>   CDf =  0.00570    CDp =  0.00352

 Side 1  free  transition at x/c =  0.7101   59
 Side 2  free  transition at x/c =  0.2090   51

 177   rms: 0.3276E-02   max: -.7429E-01   C at   51  2
       a = -6.000      CL = -0.4087
      Cm = -0.0532     CD =  0.00922   =>   CDf =  0.00570    CDp =  0.00352

 Side 1  free  transition at x/c =  0.7101   59
 Side 2  free  transition at x/c =  0.2090   51

 178   rms: 0.3276E-02   max: -.7429E-01   C at   51  2
       a = -6.000      CL = -0.4087
      Cm = -0.0532     CD =  0.00922   =>   CDf =  0.00570    CDp =  0.00352

 Side 1  free  transition at x/c =  0.7101   59
 Side 2  free  transition at x/c =  0.2090   51

 179   rms: 0.3276E-02   max: -.7429E-01   C at   51  2
       a = -6.000      CL = -0.4087
      Cm = -0.0532     CD =  0.00922   =>   CDf =  0.00570    CDp =  0.00352

 Side 1  free  transition at x/c =  0.7101   59
 Side 2  free  transition at x/c =  0.2090   51

 180   rms: 0.3276E-02   max: -.7429E-01   C at   51  2
       a = -6.000      CL = -0.4087
      Cm = -0.0532     CD =  0.00922   =>   CDf =  0.00570    CDp =  0.00352

 Side 1  free  transition at x/c =  0.7101   59
 Side 2  free  transition at x/c =  0.2090   51

 181   rms: 0.3276E-02   max: -.7429E-01   C at   51  2
       a = -6.000      CL = -0.4087
      Cm = -0.0532     CD =  0.00922   =>   CDf =  0.00570    CDp =  0.00352

 Side 1  free  transition at x/c =  0.7101   59
 Side 2  free  transition at x/c =  0.2090   51

 182   rms: 0.3276E-02   max: -.7429E-01   C at   51  2
       a = -6.000      CL = -0.4087
      Cm = -0.0532     CD =  0.00922   =>   CDf =  0.00570    CDp =  0.00352

 Side 1  free  transition at x/c =  0.7101   59
 Side 2  free  transition at x/c =  0.2090   51

 183   rms: 0.3276E-02   max: -.7429E-01   C at   51  2
       a = -6.000      CL = -0.4087
      Cm = -0.0532     CD =  0.00922   =>   CDf =  0.00570    CDp =  0.00352

 Side 1  free  transition at x/c =  0.7101   59
 Side 2  free  transition at x/c =  0.2090   51

 184   rms: 0.3276E-02   max: -.7428E-01   C at   51  2
       a = -6.000      CL = -0.4087
      Cm = -0.0532     CD =  0.00922   =>   CDf =  0.00570    CDp =  0.00352

 Side 1  free  transition at x/c =  0.7101   59
 Side 2  free  transition at x/c =  0.2090   51

 185   rms: 0.3276E-02   max: -.7428E-01   C at   51  2
       a = -6.000      CL = -0.4087
      Cm = -0.0532     CD =  0.00922   =>   CDf =  0.00570    CDp =  0.00352

 Side 1  free  transition at x/c =  0.7101   59
 Side 2  free  transition at x/c =  0.2090   51

 186   rms: 0.3276E-02   max: -.7429E-01   C at   51  2
       a = -6.000      CL = -0.4087
      Cm = -0.0532     CD =  0.00922   =>   CDf =  0.00570    CDp =  0.00352

 Side 1  free  transition at x/c =  0.7101   59
 Side 2  free  transition at x/c =  0.2090   51

 187   rms: 0.3276E-02   max: -.7429E-01   C at   51  2
       a = -6.000      CL = -0.4087
      Cm = -0.0532     CD =  0.00922   =>   CDf =  0.00570    CDp =  0.00352

 Side 1  free  transition at x/c =  0.7101   59
 Side 2  free  transition at x/c =  0.2090   51

 188   rms: 0.3276E-02   max: -.7429E-01   C at   51  2
       a = -6.000      CL = -0.4087
      Cm = -0.0532     CD =  0.00922   =>   CDf =  0.00570    CDp =  0.00352

 Side 1  free  transition at x/c =  0.7101   59
 Side 2  free  transition at x/c =  0.2090   51

 189   rms: 0.3276E-02   max: -.7429E-01   C at   51  2
       a = -6.000      CL = -0.4087
      Cm = -0.0532     CD =  0.00922   =>   CDf =  0.00570    CDp =  0.00352

 Side 1  free  transition at x/c =  0.7101   59
 Side 2  free  transition at x/c =  0.2090   51

 190   rms: 0.3276E-02   max: -.7429E-01   C at   51  2
       a = -6.000      CL = -0.4087
      Cm = -0.0532     CD =  0.00922   =>   CDf =  0.00570    CDp =  0.00352

 Side 1  free  transition at x/c =  0.7101   59
 Side 2  free  transition at x/c =  0.2090   51

 191   rms: 0.3276E-02   max: -.7429E-01   C at   51  2
       a = -6.000      CL = -0.4087
      Cm = -0.0532     CD =  0.00922   =>   CDf =  0.00570    CDp =  0.00352

 Side 1  free  transition at x/c =  0.7101   59
 Side 2  free  transition at x/c =  0.2090   51

 192   rms: 0.3276E-02   max: -.7429E-01   C at   51  2
       a = -6.000      CL = -0.4087
      Cm = -0.0532     CD =  0.00922   =>   CDf =  0.00570    CDp =  0.00352

 Side 1  free  transition at x/c =  0.7101   59
 Side 2  free  transition at x/c =  0.2090   51

 193   rms: 0.3276E-02   max: -.7428E-01   C at   51  2
       a = -6.000      CL = -0.4087
      Cm = -0.0532     CD =  0.00922   =>   CDf =  0.00570    CDp =  0.00352

 Side 1  free  transition at x/c =  0.7101   59
 Side 2  free  transition at x/c =  0.2090   51

 194   rms: 0.3276E-02   max: -.7429E-01   C at   51  2
       a = -6.000      CL = -0.4087
      Cm = -0.0532     CD =  0.00922   =>   CDf =  0.00570    CDp =  0.00352

 Side 1  free  transition at x/c =  0.7101   59
 Side 2  free  transition at x/c =  0.2090   51

 195   rms: 0.3276E-02   max: -.7429E-01   C at   51  2
       a = -6.000      CL = -0.4087
      Cm = -0.0532     CD =  0.00922   =>   CDf =  0.00570    CDp =  0.00352

 Side 1  free  transition at x/c =  0.7101   59
 Side 2  free  transition at x/c =  0.2090   51

 196   rms: 0.3276E-02   max: -.7429E-01   C at   51  2
       a = -6.000      CL = -0.4087
      Cm = -0.0532     CD =  0.00922   =>   CDf =  0.00570    CDp =  0.00352

 Side 1  free  transition at x/c =  0.7101   59
 Side 2  free  transition at x/c =  0.2090   51

 197   rms: 0.3276E-02   max: -.7429E-01   C at   51  2
       a = -6.000      CL = -0.4087
      Cm = -0.0532     CD =  0.00922   =>   CDf =  0.00570    CDp =  0.00352

 Side 1  free  transition at x/c =  0.7101   59
 Side 2  free  transition at x/c =  0.2090   51

 198   rms: 0.3276E-02   max: -.7428E-01   C at   51  2
       a = -6.000      CL = -0.4087
      Cm = -0.0532     CD =  0.00922   =>   CDf =  0.00570    CDp =  0.00352

 Side 1  free  transition at x/c =  0.7101   59
 Side 2  free  transition at x/c =  0.2090   51

 199   rms: 0.3276E-02   max: -.7428E-01   C at   51  2
       a = -6.000      CL = -0.4087
      Cm = -0.0532     CD =  0.00922   =>   CDf =  0.00570    CDp =  0.00352

 Side 1  free  transition at x/c =  0.7101   59
 Side 2  free  transition at x/c =  0.2090   51

 200   rms: 0.3276E-02   max: -.7429E-01   C at   51  2
       a = -6.000      CL = -0.4087
      Cm = -0.0532     CD =  0.00922   =>   CDf =  0.00570    CDp =  0.00352

 Side 1  free  transition at x/c =  0.7101   59
 Side 2  free  transition at x/c =  0.2090   51

 201   rms: 0.3276E-02   max: -.7429E-01   C at   51  2
       a = -6.000      CL = -0.4087
      Cm = -0.0532     CD =  0.00922   =>   CDf =  0.00570    CDp =  0.00352

 Side 1  free  transition at x/c =  0.7101   59
 Side 2  free  transition at x/c =  0.2090   51

 202   rms: 0.3276E-02   max: -.7429E-01   C at   51  2
       a = -6.000      CL = -0.4087
      Cm = -0.0532     CD =  0.00922   =>   CDf =  0.00570    CDp =  0.00352

 Side 1  free  transition at x/c =  0.7101   59
 Side 2  free  transition at x/c =  0.2090   51

 203   rms: 0.3276E-02   max: -.7429E-01   C at   51  2
       a = -6.000      CL = -0.4087
      Cm = -0.0532     CD =  0.00922   =>   CDf =  0.00570    CDp =  0.00352

 Side 1  free  transition at x/c =  0.7101   59
 Side 2  free  transition at x/c =  0.2090   51

 204   rms: 0.3276E-02   max: -.7429E-01   C at   51  2
       a = -6.000      CL = -0.4087
      Cm = -0.0532     CD =  0.00922   =>   CDf =  0.00570    CDp =  0.00352

 Side 1  free  transition at x/c =  0.7101   59
 Side 2  free  transition at x/c =  0.2090   51

 205   rms: 0.3276E-02   max: -.7429E-01   C at   51  2
       a = -6.000      CL = -0.4087
      Cm = -0.0532     CD =  0.00922   =>   CDf =  0.00570    CDp =  0.00352

 Side 1  free  transition at x/c =  0.7101   59
 Side 2  free  transition at x/c =  0.2090   51

 206   rms: 0.3276E-02   max: -.7429E-01   C at   51  2
       a = -6.000      CL = -0.4087
      Cm = -0.0532     CD =  0.00922   =>   CDf =  0.00570    CDp =  0.00352

 Side 1  free  transition at x/c =  0.7101   59
 Side 2  free  transition at x/c =  0.2090   51

 207   rms: 0.3276E-02   max: -.7428E-01   C at   51  2
       a = -6.000      CL = -0.4087
      Cm = -0.0532     CD =  0.00922   =>   CDf =  0.00570    CDp =  0.00352

 Side 1  free  transition at x/c =  0.7101   59
 Side 2  free  transition at x/c =  0.2090   51

 208   rms: 0.3276E-02   max: -.7429E-01   C at   51  2
       a = -6.000      CL = -0.4087
      Cm = -0.0532     CD =  0.00922   =>   CDf =  0.00570    CDp =  0.00352

 Side 1  free  transition at x/c =  0.7101   59
 Side 2  free  transition at x/c =  0.2090   51

 209   rms: 0.3276E-02   max: -.7429E-01   C at   51  2
       a = -6.000      CL = -0.4087
      Cm = -0.0532     CD =  0.00922   =>   CDf =  0.00570    CDp =  0.00352

 Side 1  free  transition at x/c =  0.7101   59
 Side 2  free  transition at x/c =  0.2090   51

 210   rms: 0.3276E-02   max: -.7429E-01   C at   51  2
       a = -6.000      CL = -0.4087
      Cm = -0.0532     CD =  0.00922   =>   CDf =  0.00570    CDp =  0.00352

 Side 1  free  transition at x/c =  0.7101   59
 Side 2  free  transition at x/c =  0.2090   51

 211   rms: 0.3276E-02   max: -.7429E-01   C at   51  2
       a = -6.000      CL = -0.4087
      Cm = -0.0532     CD =  0.00922   =>   CDf =  0.00570    CDp =  0.00352

 Side 1  free  transition at x/c =  0.7101   59
 Side 2  free  transition at x/c =  0.2090   51

 212   rms: 0.3276E-02   max: -.7429E-01   C at   51  2
       a = -6.000      CL = -0.4087
      Cm = -0.0532     CD =  0.00922   =>   CDf =  0.00570    CDp =  0.00352

 Side 1  free  transition at x/c =  0.7101   59
 Side 2  free  transition at x/c =  0.2090   51

 213   rms: 0.3276E-02   max: -.7429E-01   C at   51  2
       a = -6.000      CL = -0.4087
      Cm = -0.0532     CD =  0.00922   =>   CDf =  0.00570    CDp =  0.00352

 Side 1  free  transition at x/c =  0.7101   59
 Side 2  free  transition at x/c =  0.2090   51

 214   rms: 0.3276E-02   max: -.7429E-01   C at   51  2
       a = -6.000      CL = -0.4087
      Cm = -0.0532     CD =  0.00922   =>   CDf =  0.00570    CDp =  0.00352

 Side 1  free  transition at x/c =  0.7101   59
 Side 2  free  transition at x/c =  0.2090   51

 215   rms: 0.3276E-02   max: -.7429E-01   C at   51  2
       a = -6.000      CL = -0.4087
      Cm = -0.0532     CD =  0.00922   =>   CDf =  0.00570    CDp =  0.00352

 Side 1  free  transition at x/c =  0.7101   59
 Side 2  free  transition at x/c =  0.2090   51

 216   rms: 0.3276E-02   max: -.7429E-01   C at   51  2
       a = -6.000      CL = -0.4087
      Cm = -0.0532     CD =  0.00922   =>   CDf =  0.00570    CDp =  0.00352

 Side 1  free  transition at x/c =  0.7101   59
 Side 2  free  transition at x/c =  0.2090   51

 217   rms: 0.3276E-02   max: -.7429E-01   C at   51  2
       a = -6.000      CL = -0.4087
      Cm = -0.0532     CD =  0.00922   =>   CDf =  0.00570    CDp =  0.00352

 Side 1  free  transition at x/c =  0.7101   59
 Side 2  free  transition at x/c =  0.2090   51

 218   rms: 0.3276E-02   max: -.7429E-01   C at   51  2
       a = -6.000      CL = -0.4087
      Cm = -0.0532     CD =  0.00922   =>   CDf =  0.00570    CDp =  0.00352

 Side 1  free  transition at x/c =  0.7101   59
 Side 2  free  transition at x/c =  0.2090   51

 219   rms: 0.3276E-02   max: -.7429E-01   C at   51  2
       a = -6.000      CL = -0.4087
      Cm = -0.0532     CD =  0.00922   =>   CDf =  0.00570    CDp =  0.00352

 Side 1  free  transition at x/c =  0.7101   59
 Side 2  free  transition at x/c =  0.2090   51

 220   rms: 0.3276E-02   max: -.7429E-01   C at   51  2
       a = -6.000      CL = -0.4087
      Cm = -0.0532     CD =  0.00922   =>   CDf =  0.00570    CDp =  0.00352

 Side 1  free  transition at x/c =  0.7101   59
 Side 2  free  transition at x/c =  0.2090   51

 221   rms: 0.3276E-02   max: -.7429E-01   C at   51  2
       a = -6.000      CL = -0.4087
      Cm = -0.0532     CD =  0.00922   =>   CDf =  0.00570    CDp =  0.00352

 Side 1  free  transition at x/c =  0.7101   59
 Side 2  free  transition at x/c =  0.2090   51

 222   rms: 0.3276E-02   max: -.7429E-01   C at   51  2
       a = -6.000      CL = -0.4087
      Cm = -0.0532     CD =  0.00922   =>   CDf =  0.00570    CDp =  0.00352

 Side 1  free  transition at x/c =  0.7101   59
 Side 2  free  transition at x/c =  0.2090   51

 223   rms: 0.3276E-02   max: -.7429E-01   C at   51  2
       a = -6.000      CL = -0.4087
      Cm = -0.0532     CD =  0.00922   =>   CDf =  0.00570    CDp =  0.00352

 Side 1  free  transition at x/c =  0.7101   59
 Side 2  free  transition at x/c =  0.2090   51

 224   rms: 0.3276E-02   max: -.7429E-01   C at   51  2
       a = -6.000      CL = -0.4087
      Cm = -0.0532     CD =  0.00922   =>   CDf =  0.00570    CDp =  0.00352

 Side 1  free  transition at x/c =  0.7101   59
 Side 2  free  transition at x/c =  0.2090   51

 225   rms: 0.3276E-02   max: -.7428E-01   C at   51  2
       a = -6.000      CL = -0.4087
      Cm = -0.0532     CD =  0.00922   =>   CDf =  0.00570    CDp =  0.00352
 VISCAL:  Convergence failed
 Calculating wake trajectory ...
 Calculating source influence matrix ...

 Solving BL system ...

 Side 1  free  transition at x/c =  0.7101   59
 Side 2  free  transition at x/c =  0.2090   51

   1   rms: 0.1335E+00   max: 0.3945E+00   C at   51  2
       a = -5.000      CL = -0.2953
      Cm = -0.0529     CD =  0.00896   =>   CDf =  0.00578    CDp =  0.00319

 Side 1  free  transition at x/c =  0.6641   58
 Side 2  free  transition at x/c =  0.2356   52

   2   rms: 0.1402E-01   max: -.1777E+00   C at   58  1
       a = -5.000      CL = -0.3042
      Cm = -0.0513     CD =  0.00883   =>   CDf =  0.00575    CDp =  0.00308

 Side 1  free  transition at x/c =  0.6666   58
 Side 2  free  transition at x/c =  0.2382   52

   3   rms: 0.3688E-02   max: -.8400E-01   C at   58  1
       a = -5.000      CL = -0.3039
      Cm = -0.0514     CD =  0.00884   =>   CDf =  0.00572    CDp =  0.00312

 Side 1  free  transition at x/c =  0.6671   58
 Side 2  free  transition at x/c =  0.2379   52

   4   rms: 0.6294E-04   max: 0.1352E-02   C at   58  1
       a = -5.000      CL = -0.3039
      Cm = -0.0514     CD =  0.00884   =>   CDf =  0.00572    CDp =  0.00313
 plradd ia,ip,cpol           19           0  5.69189638E-02

 Point added to stored polar  1
 Point written to save file  polar.txt                                       
 Dump file unspecified or not available
 Calculating wake trajectory ...
 Calculating source influence matrix ...

 Solving BL system ...

 Side 1  free  transition at x/c =  0.6671   58
 Side 2  free  transition at x/c =  0.2379   52

   1   rms: 0.1357E+00   max: -.5265E+00   C at   52  2   RLX: 0.950
       a = -4.000      CL = -0.1968
      Cm = -0.0511     CD =  0.00851   =>   CDf =  0.00581    CDp =  0.00270

 Side 1  free  transition at x/c =  0.6235   59
 Side 2  free  transition at x/c =  0.2577   51

   2   rms: 0.1278E-01   max: 0.1637E+00   D at   59  1
       a = -4.000      CL = -0.1953
      Cm = -0.0502     CD =  0.00867   =>   CDf =  0.00584    CDp =  0.00283

 Side 1  free  transition at x/c =  0.6270   59
 Side 2  free  transition at x/c =  0.2671   52

   3   rms: 0.3327E-02   max: -.4672E-01   D at   59  1
       a = -4.000      CL = -0.1970
      Cm = -0.0499     CD =  0.00857   =>   CDf =  0.00573    CDp =  0.00284

 Side 1  free  transition at x/c =  0.6255   59
 Side 2  free  transition at x/c =  0.2677   52

   4   rms: 0.1585E-03   max: -.2956E-02   D at   59  1
       a = -4.000      CL = -0.1970
      Cm = -0.0499     CD =  0.00858   =>   CDf =  0.00574    CDp =  0.00283

 Side 1  free  transition at x/c =  0.6254   59
 Side 2  free  transition at x/c =  0.2677   52

   5   rms: 0.9477E-06   max: -.1093E-04   D at   59  1
       a = -4.000      CL = -0.1970
      Cm = -0.0499     CD =  0.00858   =>   CDf =  0.00574    CDp =  0.00283
 plradd ia,ip,cpol           20           0  6.81988150E-02

 Point added to stored polar  1
 Point written to save file  polar.txt                                       
 Dump file unspecified or not available
 Calculating wake trajectory ...
 Calculating source influence matrix ...

 Solving BL system ...

 Side 1  free  transition at x/c =  0.6254   59
 Side 2  free  transition at x/c =  0.2677   52

   1   rms: 0.1489E+00   max: -.9095E+00   D at   59  1   RLX: 0.550
       a = -3.000      CL = -0.1407
      Cm = -0.0487     CD =  0.00851   =>   CDf =  0.00578    CDp =  0.00273

 Side 1  free  transition at x/c =  0.6010   59
 Side 2  free  transition at x/c =  0.2762   51

   2   rms: 0.6506E-01   max: -.2635E+00   D at   60  1
       a = -3.000      CL = -0.0873
      Cm = -0.0489     CD =  0.00866   =>   CDf =  0.00588    CDp =  0.00278

 Side 1  free  transition at x/c =  0.5806   59
 Side 2  free  transition at x/c =  0.2935   51

   3   rms: 0.1503E-01   max: 0.2173E+00   D at   59  1
       a = -3.000      CL = -0.0883
      Cm = -0.0488     CD =  0.00843   =>   CDf =  0.00585    CDp =  0.00258

 Side 1  free  transition at x/c =  0.5887   59
 Side 2  free  transition at x/c =  0.2982   52

   4   rms: 0.5082E-02   max: 0.7397E-01   C at   59  1
       a = -3.000      CL = -0.0888
      Cm = -0.0487     CD =  0.00840   =>   CDf =  0.00576    CDp =  0.00264

 Side 1  free  transition at x/c =  0.5858   59
 Side 2  free  transition at x/c =  0.2998   52

   5   rms: 0.4120E-03   max: -.7711E-02   D at   52  2
       a = -3.000      CL = -0.0889
      Cm = -0.0487     CD =  0.00840   =>   CDf =  0.00576    CDp =  0.00264

 Side 1  free  transition at x/c =  0.5859   59
 Side 2  free  transition at x/c =  0.2996   52

   6   rms: 0.8294E-05   max: -.1071E-03   D at   52  2
       a = -3.000      CL = -0.0889
      Cm = -0.0487     CD =  0.00840   =>   CDf =  0.00576    CDp =  0.00263
 plradd ia,ip,cpol           21           0  8.10635760E-02

 Point added to stored polar  1
 Point written to save file  polar.txt                                       
 Dump file unspecified or not available
 Calculating wake trajectory ...
 Calculating source influence matrix ...

 Solving BL system ...

 Side 1  free  transition at x/c =  0.5859   59
 Side 2  free  transition at x/c =  0.2996   52

   1   rms: 0.1509E+00   max: 0.9946E+00   D at   52  2   RLX: 0.633
       a = -2.000      CL = -0.0237
      Cm = -0.0473     CD =  0.00827   =>   CDf =  0.00576    CDp =  0.00250

 Side 1  free  transition at x/c =  0.5604   58
 Side 2  free  transition at x/c =  0.3144   52

   2   rms: 0.5367E-01   max: -.2406E+00   D at   59  1
       a = -2.000      CL =  0.0199
      Cm = -0.0475     CD =  0.00848   =>   CDf =  0.00585    CDp =  0.00263

 Side 1  free  transition at x/c =  0.5478   58
 Side 2  free  transition at x/c =  0.3311   52

   3   rms: 0.1383E-01   max: -.2310E+00   C at   52  2
       a = -2.000      CL =  0.0193
      Cm = -0.0474     CD =  0.00828   =>   CDf =  0.00579    CDp =  0.00249

 Side 1  free  transition at x/c =  0.5491   58
 Side 2  free  transition at x/c =  0.3346   52

   4   rms: 0.4291E-02   max: -.9833E-01   C at   52  2
       a = -2.000      CL =  0.0192
      Cm = -0.0474     CD =  0.00828   =>   CDf =  0.00577    CDp =  0.00251

 Side 1  free  transition at x/c =  0.5491   58
 Side 2  free  transition at x/c =  0.3351   52

   5   rms: 0.6920E-04   max: 0.1551E-02   C at   52  2
       a = -2.000      CL =  0.0192
      Cm = -0.0474     CD =  0.00828   =>   CDf =  0.00576    CDp =  0.00251
 plradd ia,ip,cpol           22           0  8.81716311E-02

 Point added to stored polar  1
 Point written to save file  polar.txt                                       
 Dump file unspecified or not available
 Calculating wake trajectory ...
 Calculating source influence matrix ...

 Solving BL system ...

 Side 1  free  transition at x/c =  0.5491   58
 Side 2  free  transition at x/c =  0.3350   52

   1   rms: 0.1370E+00   max: 0.7390E+00   C at   58  1   RLX: 0.954
       a = -1.000      CL =  0.1263
      Cm = -0.0469     CD =  0.00832   =>   CDf =  0.00576    CDp =  0.00256

 Side 1  free  transition at x/c =  0.5140   59
 Side 2  free  transition at x/c =  0.3720   52

   2   rms: 0.1751E-01   max: -.2351E+00   C at   52  2
       a = -1.000      CL =  0.1263
      Cm = -0.0460     CD =  0.00823   =>   CDf =  0.00580    CDp =  0.00243

 Side 1  free  transition at x/c =  0.5142   59
 Side 2  free  transition at x/c =  0.3768   52

   3   rms: 0.1226E-02   max: -.1437E-01   D at   59  1
       a = -1.000      CL =  0.1262
      Cm = -0.0460     CD =  0.00822   =>   CDf =  0.00575    CDp =  0.00247

 Side 1  free  transition at x/c =  0.5138   58
 Side 2  free  transition at x/c =  0.3760   52

   4   rms: 0.1333E-03   max: -.2755E-02   C at   58  1
       a = -1.000      CL =  0.1262
      Cm = -0.0460     CD =  0.00822   =>   CDf =  0.00576    CDp =  0.00246

 Side 1  free  transition at x/c =  0.5138   58
 Side 2  free  transition at x/c =  0.3760   52

   5   rms: 0.7626E-06   max: 0.6861E-05   D at   52  2
       a = -1.000      CL =  0.1262
      Cm = -0.0460     CD =  0.00822   =>   CDf =  0.00576    CDp =  0.00247
 plradd ia,ip,cpol           23           0  0.21869284    

 Point added to stored polar  1
 Point written to save file  polar.txt                                       
 Dump file unspecified or not available
 Calculating wake trajectory ...
 Calculating source influence matrix ...

 Solving BL system ...

 Side 1  free  transition at x/c =  0.5138   58
 Side 2  free  transition at x/c =  0.3760   52

   1   rms: 0.1348E+00   max: -.5077E+00   C at   52  2   RLX: 0.985
       a = -0.000      CL =  0.2401
      Cm = -0.0462     CD =  0.00813   =>   CDf =  0.00575    CDp =  0.00238

 Side 1  free  transition at x/c =  0.4839   58
 Side 2  free  transition at x/c =  0.4191   53

   2   rms: 0.1549E-01   max: -.2679E+00   C at   53  2
       a = -0.000      CL =  0.2351
      Cm = -0.0449     CD =  0.00816   =>   CDf =  0.00572    CDp =  0.00243

 Side 1  free  transition at x/c =  0.4858   58
 Side 2  free  transition at x/c =  0.4237   54

   3   rms: 0.3533E-02   max: -.5691E-01   D at   53  2
       a = -0.000      CL =  0.2347
      Cm = -0.0449     CD =  0.00814   =>   CDf =  0.00568    CDp =  0.00246

 Side 1  free  transition at x/c =  0.4856   58
 Side 2  free  transition at x/c =  0.4252   54

   4   rms: 0.6717E-03   max: -.1143E-01   D at   54  2
       a = -0.000      CL =  0.2347
      Cm = -0.0449     CD =  0.00814   =>   CDf =  0.00567    CDp =  0.00247

 Side 1  free  transition at x/c =  0.4856   58
 Side 2  free  transition at x/c =  0.4247   54

   5   rms: 0.1384E-04   max: -.2599E-03   D at   54  2
       a = -0.000      CL =  0.2347
      Cm = -0.0449     CD =  0.00814   =>   CDf =  0.00567    CDp =  0.00247
 plradd ia,ip,cpol           24           0  0.19034041    

 Point added to stored polar  1
 Point written to save file  polar.txt                                       
 Dump file unspecified or not available
 Calculating wake trajectory ...
 Calculating source influence matrix ...

 Solving BL system ...

 Side 1  free  transition at x/c =  0.4856   58
 Side 2  free  transition at x/c =  0.4247   54

   1   rms: 0.1551E+00   max: 0.1273E+01   D at   54  2   RLX: 0.793
       a =  1.000      CL =  0.3187
      Cm = -0.0437     CD =  0.00794   =>   CDf =  0.00561    CDp =  0.00232

 Side 1  free  transition at x/c =  0.4631   59
 Side 2  free  transition at x/c =  0.4422   52

   2   rms: 0.3941E-01   max: -.4127E+00   D at   52  2
       a =  1.000      CL =  0.3451
      Cm = -0.0440     CD =  0.00832   =>   CDf =  0.00580    CDp =  0.00252

 Side 1  free  transition at x/c =  0.4576   59
 Side 2  free  transition at x/c =  0.4994   55

   3   rms: 0.9558E-02   max: 0.2012E+00   D at   52  2
       a =  1.000      CL =  0.3403
      Cm = -0.0432     CD =  0.00807   =>   CDf =  0.00552    CDp =  0.00255

 Side 1  free  transition at x/c =  0.4580   59
 Side 2  free  transition at x/c =  0.4889   54

   4   rms: 0.3188E-02   max: -.5186E-01   C at   54  2
       a =  1.000      CL =  0.3410
      Cm = -0.0434     CD =  0.00811   =>   CDf =  0.00556    CDp =  0.00256

 Side 1  free  transition at x/c =  0.4579   59
 Side 2  free  transition at x/c =  0.4872   54

   5   rms: 0.7898E-04   max: -.1367E-02   D at   54  2
       a =  1.000      CL =  0.3411
      Cm = -0.0434     CD =  0.00812   =>   CDf =  0.00556    CDp =  0.00256
 plradd ia,ip,cpol           25           0  0.17711742    

 Point added to stored polar  1
 Point written to save file  polar.txt                                       
 Dump file unspecified or not available
 Calculating wake trajectory ...
 Calculating source influence matrix ...

 Solving BL system ...

 Side 1  free  transition at x/c =  0.4579   59
 Side 2  free  transition at x/c =  0.4872   54

   1   rms: 0.1448E+00   max: -.1142E+01   C at   54  2   RLX: 0.438
       a =  2.000      CL =  0.3874
      Cm = -0.0427     CD =  0.00823   =>   CDf =  0.00552    CDp =  0.00271

 Side 1  free  transition at x/c =  0.4469   59
 Side 2  free  transition at x/c =  0.5154   55

   2   rms: 0.8439E-01   max: 0.6448E+00   D at   55  2
       a =  2.000      CL =  0.4485
      Cm = -0.0421     CD =  0.00802   =>   CDf =  0.00546    CDp =  0.00256

 Side 1  free  transition at x/c =  0.4300   59
 Side 2  free  transition at x/c =  0.5354   54

   3   rms: 0.1476E-01   max: -.2687E+00   C at   54  2
       a =  2.000      CL =  0.4471
      Cm = -0.0418     CD =  0.00827   =>   CDf =  0.00556    CDp =  0.00271

 Side 1  free  transition at x/c =  0.4304   59
 Side 2  free  transition at x/c =  0.5549   55

   4   rms: 0.5079E-02   max: 0.1121E+00   C at   55  2
       a =  2.000      CL =  0.4459
      Cm = -0.0416     CD =  0.00819   =>   CDf =  0.00544    CDp =  0.00275

 Side 1  free  transition at x/c =  0.4305   59
 Side 2  free  transition at x/c =  0.5506   55

   5   rms: 0.1894E-03   max: -.4089E-02   C at   55  2
       a =  2.000      CL =  0.4459
      Cm = -0.0416     CD =  0.00820   =>   CDf =  0.00545    CDp =  0.00274

 Side 1  free  transition at x/c =  0.4305   59
 Side 2  free  transition at x/c =  0.5507   55

   6   rms: 0.5341E-06   max: -.4475E-05   C at   55  2
       a =  2.000      CL =  0.4459
      Cm = -0.0416     CD =  0.00820   =>   CDf =  0.00545    CDp =  0.00275
 plradd ia,ip,cpol           26           0  0.15264380    

 Point added to stored polar  1
 Point written to save file  polar.txt                                       
 Dump file unspecified or not available
 Calculating wake trajectory ...
 Calculating source influence matrix ...

 Solving BL system ...

 Side 1  free  transition at x/c =  0.4305   59
 Side 2  free  transition at x/c =  0.5507   55

   1   rms: 0.1478E+00   max: -.1392E+01   C at   55  2   RLX: 0.359
       a =  3.000      CL =  0.4863
      Cm = -0.0415     CD =  0.00817   =>   CDf =  0.00545    CDp =  0.00272

 Side 1  free  transition at x/c =  0.4222   59
 Side 2  free  transition at x/c =  0.5600   55

   2   rms: 0.8652E-01   max: -.3377E+00   D at   59  1
       a =  3.000      CL =  0.5563
      Cm = -0.0409     CD =  0.00851   =>   CDf =  0.00541    CDp =  0.00310

 Side 1  free  transition at x/c =  0.4046   59
 Side 2  free  transition at x/c =  0.6250   57

   3   rms: 0.1943E-01   max: 0.2736E+00   D at   54  2
       a =  3.000      CL =  0.5506
      Cm = -0.0399     CD =  0.00826   =>   CDf =  0.00532    CDp =  0.00294

 Side 1  free  transition at x/c =  0.4055   59
 Side 2  free  transition at x/c =  0.6175   57

   4   rms: 0.6755E-02   max: -.1017E+00   D at   57  2
       a =  3.000      CL =  0.5516
      Cm = -0.0400     CD =  0.00832   =>   CDf =  0.00531    CDp =  0.00301

 Side 1  free  transition at x/c =  0.4055   59
 Side 2  free  transition at x/c =  0.6105   57

   5   rms: 0.3085E-03   max: 0.3043E-02   D at   54  2
       a =  3.000      CL =  0.5517
      Cm = -0.0401     CD =  0.00833   =>   CDf =  0.00534    CDp =  0.00299

 Side 1  free  transition at x/c =  0.4055   59
 Side 2  free  transition at x/c =  0.6102   57

   6   rms: 0.3300E-05   max: -.4843E-04   D at   57  2
       a =  3.000      CL =  0.5517
      Cm = -0.0401     CD =  0.00833   =>   CDf =  0.00534    CDp =  0.00299
 plradd ia,ip,cpol           27           0  0.13080209    

 Point added to stored polar  1
 Point written to save file  polar.txt                                       
 Dump file unspecified or not available
 Calculating wake trajectory ...
 Calculating source influence matrix ...

 Solving BL system ...

 Side 1  free  transition at x/c =  0.4055   59
 Side 2  free  transition at x/c =  0.6102   57

   1   rms: 0.1486E+00   max: 0.1141E+01   D at   57  2   RLX: 0.888
       a =  4.000      CL =  0.6440
      Cm = -0.0384     CD =  0.00831   =>   CDf =  0.00527    CDp =  0.00304

 Side 1  free  transition at x/c =  0.3775   59
 Side 2  free  transition at x/c =  0.6312   56

   2   rms: 0.2868E-01   max: -.4336E+00   D at   56  2
       a =  4.000      CL =  0.6549
      Cm = -0.0381     CD =  0.00876   =>   CDf =  0.00544    CDp =  0.00332

 Side 1  free  transition at x/c =  0.3763   60
 Side 2  free  transition at x/c =  0.6827   58

   3   rms: 0.7878E-02   max: 0.1552E+00   D at   55  2
       a =  4.000      CL =  0.6508
      Cm = -0.0373     CD =  0.00858   =>   CDf =  0.00524    CDp =  0.00334

 Side 1  free  transition at x/c =  0.3764   60
 Side 2  free  transition at x/c =  0.6748   57

   4   rms: 0.1495E-02   max: -.2089E-01   D at   58  2
       a =  4.000      CL =  0.6507
      Cm = -0.0372     CD =  0.00858   =>   CDf =  0.00524    CDp =  0.00334

 Side 1  free  transition at x/c =  0.3764   60
 Side 2  free  transition at x/c =  0.6734   57

   5   rms: 0.1780E-04   max: -.3141E-03   D at   57  2
       a =  4.000      CL =  0.6507
      Cm = -0.0372     CD =  0.00858   =>   CDf =  0.00525    CDp =  0.00333
 plradd ia,ip,cpol           28           0  0.11149547    

 Point added to stored polar  1
 Point written to save file  polar.txt                                       
 Dump file unspecified or not available
 Calculating wake trajectory ...
 Calculating source influence matrix ...

 Solving BL system ...

 Side 1  free  transition at x/c =  0.3764   60
 Side 2  free  transition at x/c =  0.6734   57

   1   rms: 0.1457E+00   max: -.1295E+01   C at   57  2   RLX: 0.386
       a =  5.000      CL =  0.6848
      Cm = -0.0354     CD =  0.00877   =>   CDf =  0.00524    CDp =  0.00352

 Side 1  free  transition at x/c =  0.3659   59
 Side 2  free  transition at x/c =  0.6947   58

   2   rms: 0.9146E-01   max: -.8944E+00   C at   58  2   RLX: 0.559
       a =  5.000      CL =  0.7186
      Cm = -0.0344     CD =  0.00878   =>   CDf =  0.00511    CDp =  0.00367

 Side 1  free  transition at x/c =  0.3542   60
 Side 2  free  transition at x/c =  0.7063   57

   3   rms: 0.3685E-01   max: -.1513E+00   D at   60  1
       a =  5.000      CL =  0.7428
      Cm = -0.0332     CD =  0.00912   =>   CDf =  0.00527    CDp =  0.00385

 Side 1  free  transition at x/c =  0.3467   59
 Side 2  free  transition at x/c =  0.7465   59

   4   rms: 0.8992E-02   max: 0.1752E+00   C at   59  2
       a =  5.000      CL =  0.7441
      Cm = -0.0334     CD =  0.00893   =>   CDf =  0.00511    CDp =  0.00382

 Side 1  free  transition at x/c =  0.3479   59
 Side 2  free  transition at x/c =  0.7395   59

   5   rms: 0.2823E-03   max: -.4539E-02   D at   58  2
       a =  5.000      CL =  0.7442
      Cm = -0.0334     CD =  0.00894   =>   CDf =  0.00513    CDp =  0.00380

 Side 1  free  transition at x/c =  0.3479   59
 Side 2  free  transition at x/c =  0.7395   59

   6   rms: 0.2756E-05   max: 0.5009E-04   C at   59  2
       a =  5.000      CL =  0.7442
      Cm = -0.0334     CD =  0.00894   =>   CDf =  0.00513    CDp =  0.00380
 plradd ia,ip,cpol           29           0  9.45394933E-02

 Point added to stored polar  1
 Point written to save file  polar.txt                                       
 Dump file unspecified or not available
 Calculating wake trajectory ...
 Calculating source influence matrix ...

 Solving BL system ...

 Side 1  free  transition at x/c =  0.3479   59
 Side 2  free  transition at x/c =  0.7395   59

   1   rms: 0.1542E+00   max: -.1516E+01   C at   59  2   RLX: 0.330
       a =  6.000      CL =  0.7768
      Cm = -0.0326     CD =  0.00904   =>   CDf =  0.00503    CDp =  0.00401

 Side 1  free  transition at x/c =  0.3361   60
 Side 2  free  transition at x/c =  0.7534   58

   2   rms: 0.1043E+00   max: 0.8486E+00   T at    2  1
       a =  6.000      CL =  0.8382
      Cm = -0.0301     CD =  0.00980   =>   CDf =  0.00518    CDp =  0.00462

 Side 1  free  transition at x/c =  0.3150   58
 Side 2  free  transition at x/c =  0.8253   61

   3   rms: 0.2190E-01   max: -.3132E+00   C at   61  2
       a =  6.000      CL =  0.8372
      Cm = -0.0298     CD =  0.00954   =>   CDf =  0.00506    CDp =  0.00448

 Side 1  free  transition at x/c =  0.3165   58
 Side 2  free  transition at x/c =  0.8179   61

   4   rms: 0.5592E-02   max: 0.7207E-01   C at   61  2
       a =  6.000      CL =  0.8379
      Cm = -0.0300     CD =  0.00956   =>   CDf =  0.00503    CDp =  0.00454

 Side 1  free  transition at x/c =  0.3164   58
 Side 2  free  transition at x/c =  0.8116   61

   5   rms: 0.2672E-02   max: -.6195E-01   C at   58  1
       a =  6.000      CL =  0.8380
      Cm = -0.0300     CD =  0.00957   =>   CDf =  0.00505    CDp =  0.00452

 Side 1  free  transition at x/c =  0.3164   58
 Side 2  free  transition at x/c =  0.8119   61

   6   rms: 0.2644E-02   max: -.6201E-01   C at   58  1
       a =  6.000      CL =  0.8380
      Cm = -0.0300     CD =  0.00957   =>   CDf =  0.00505    CDp =  0.00452

 Side 1  free  transition at x/c =  0.3164   58
 Side 2  free  transition at x/c =  0.8119   61

   7   rms: 0.2644E-02   max: -.6201E-01   C at   58  1
       a =  6.000      CL =  0.8380
      Cm = -0.0300     CD =  0.00957   =>   CDf =  0.00505    CDp =  0.00452

 Side 1  free  transition at x/c =  0.3164   58
 Side 2  free  transition at x/c =  0.8119   61

   8   rms: 0.2644E-02   max: -.6200E-01   C at   58  1
       a =  6.000      CL =  0.8380
      Cm = -0.0300     CD =  0.00957   =>   CDf =  0.00505    CDp =  0.00452

 Side 1  free  transition at x/c =  0.3164   58
 Side 2  free  transition at x/c =  0.8119   61

   9   rms: 0.2644E-02   max: -.6200E-01   C at   58  1
       a =  6.000      CL =  0.8380
      Cm = -0.0300     CD =  0.00957   =>   CDf =  0.00505    CDp =  0.00452

 Side 1  free  transition at x/c =  0.3164   58
 Side 2  free  transition at x/c =  0.8119   61

  10   rms: 0.2644E-02   max: -.6200E-01   C at   58  1
       a =  6.000      CL =  0.8380
      Cm = -0.0300     CD =  0.00957   =>   CDf =  0.00505    CDp =  0.00452

 Side 1  free  transition at x/c =  0.3164   58
 Side 2  free  transition at x/c =  0.8119   61

  11   rms: 0.2643E-02   max: -.6200E-01   C at   58  1
       a =  6.000      CL =  0.8380
      Cm = -0.0300     CD =  0.00957   =>   CDf =  0.00505    CDp =  0.00452

 Side 1  free  transition at x/c =  0.3164   58
 Side 2  free  transition at x/c =  0.8119   61

  12   rms: 0.2644E-02   max: -.6200E-01   C at   58  1
       a =  6.000      CL =  0.8380
      Cm = -0.0300     CD =  0.00957   =>   CDf =  0.00505    CDp =  0.00452

 Side 1  free  transition at x/c =  0.3164   58
 Side 2  free  transition at x/c =  0.8119   61

  13   rms: 0.2643E-02   max: -.6200E-01   C at   58  1
       a =  6.000      CL =  0.8380
      Cm = -0.0300     CD =  0.00957   =>   CDf =  0.00505    CDp =  0.00452

 Side 1  free  transition at x/c =  0.3164   58
 Side 2  free  transition at x/c =  0.8119   61

  14   rms: 0.2644E-02   max: -.6200E-01   C at   58  1
       a =  6.000      CL =  0.8380
      Cm = -0.0300     CD =  0.00957   =>   CDf =  0.00505    CDp =  0.00452

 Side 1  free  transition at x/c =  0.3164   58
 Side 2  free  transition at x/c =  0.8119   61

  15   rms: 0.2644E-02   max: -.6200E-01   C at   58  1
       a =  6.000      CL =  0.8380
      Cm = -0.0300     CD =  0.00957   =>   CDf =  0.00505    CDp =  0.00452

 Side 1  free  transition at x/c =  0.3164   58
 Side 2  free  transition at x/c =  0.8119   61

  16   rms: 0.2644E-02   max: -.6201E-01   C at   58  1
       a =  6.000      CL =  0.8380
      Cm = -0.0300     CD =  0.00957   =>   CDf =  0.00505    CDp =  0.00452

 Side 1  free  transition at x/c =  0.3164   58
 Side 2  free  transition at x/c =  0.8119   61

  17   rms: 0.2644E-02   max: -.6201E-01   C at   58  1
       a =  6.000      CL =  0.8380
      Cm = -0.0300     CD =  0.00957   =>   CDf =  0.00505    CDp =  0.00452

 Side 1  free  transition at x/c =  0.3164   58
 Side 2  free  transition at x/c =  0.8119   61

  18   rms: 0.2644E-02   max: -.6200E-01   C at   58  1
       a =  6.000      CL =  0.8380
      Cm = -0.0300     CD =  0.00957   =>   CDf =  0.00505    CDp =  0.00452

 Side 1  free  transition at x/c =  0.3164   58
 Side 2  free  transition at x/c =  0.8119   61

  19   rms: 0.2644E-02   max: -.6201E-01   C at   58  1
       a =  6.000      CL =  0.8380
      Cm = -0.0300     CD =  0.00957   =>   CDf =  0.00505    CDp =  0.00452

 Side 1  free  transition at x/c =  0.3164   58
 Side 2  free  transition at x/c =  0.8119   61

  20   rms: 0.2644E-02   max: -.6200E-01   C at   58  1
       a =  6.000      CL =  0.8380
      Cm = -0.0300     CD =  0.00957   =>   CDf =  0.00505    CDp =  0.00452

 Side 1  free  transition at x/c =  0.3164   58
 Side 2  free  transition at x/c =  0.8119   61

  21   rms: 0.2644E-02   max: -.6200E-01   C at   58  1
       a =  6.000      CL =  0.8380
      Cm = -0.0300     CD =  0.00957   =>   CDf =  0.00505    CDp =  0.00452

 Side 1  free  transition at x/c =  0.3164   58
 Side 2  free  transition at x/c =  0.8119   61

  22   rms: 0.2644E-02   max: -.6200E-01   C at   58  1
       a =  6.000      CL =  0.8380
      Cm = -0.0300     CD =  0.00957   =>   CDf =  0.00505    CDp =  0.00452

 Side 1  free  transition at x/c =  0.3164   58
 Side 2  free  transition at x/c =  0.8119   61

  23   rms: 0.2644E-02   max: -.6200E-01   C at   58  1
       a =  6.000      CL =  0.8380
      Cm = -0.0300     CD =  0.00957   =>   CDf =  0.00505    CDp =  0.00452

 Side 1  free  transition at x/c =  0.3164   58
 Side 2  free  transition at x/c =  0.8119   61

  24   rms: 0.2643E-02   max: -.6200E-01   C at   58  1
       a =  6.000      CL =  0.8380
      Cm = -0.0300     CD =  0.00957   =>   CDf =  0.00505    CDp =  0.00452

 Side 1  free  transition at x/c =  0.3164   58
 Side 2  free  transition at x/c =  0.8119   61

  25   rms: 0.2643E-02   max: -.6200E-01   C at   58  1
       a =  6.000      CL =  0.8380
      Cm = -0.0300     CD =  0.00957   =>   CDf =  0.00505    CDp =  0.00452

 Side 1  free  transition at x/c =  0.3164   58
 Side 2  free  transition at x/c =  0.8119   61

  26   rms: 0.2644E-02   max: -.6200E-01   C at   58  1
       a =  6.000      CL =  0.8380
      Cm = -0.0300     CD =  0.00957   =>   CDf =  0.00505    CDp =  0.00452

 Side 1  free  transition at x/c =  0.3164   58
 Side 2  free  transition at x/c =  0.8119   61

  27   rms: 0.2643E-02   max: -.6200E-01   C at   58  1
       a =  6.000      CL =  0.8380
      Cm = -0.0300     CD =  0.00957   =>   CDf =  0.00505    CDp =  0.00452

 Side 1  free  transition at x/c =  0.3164   58
 Side 2  free  transition at x/c =  0.8119   61

  28   rms: 0.2644E-02   max: -.6200E-01   C at   58  1
       a =  6.000      CL =  0.8380
      Cm = -0.0300     CD =  0.00957   =>   CDf =  0.00505    CDp =  0.00452

 Side 1  free  transition at x/c =  0.3164   58
 Side 2  free  transition at x/c =  0.8119   61

  29   rms: 0.2643E-02   max: -.6200E-01   C at   58  1
       a =  6.000      CL =  0.8380
      Cm = -0.0300     CD =  0.00957   =>   CDf =  0.00505    CDp =  0.00452

 Side 1  free  transition at x/c =  0.3164   58
 Side 2  free  transition at x/c =  0.8119   61

  30   rms: 0.2644E-02   max: -.6200E-01   C at   58  1
       a =  6.000      CL =  0.8380
      Cm = -0.0300     CD =  0.00957   =>   CDf =  0.00505    CDp =  0.00452

 Side 1  free  transition at x/c =  0.3164   58
 Side 2  free  transition at x/c =  0.8119   61

  31   rms: 0.2644E-02   max: -.6201E-01   C at   58  1
       a =  6.000      CL =  0.8380
      Cm = -0.0300     CD =  0.00957   =>   CDf =  0.00505    CDp =  0.00452

 Side 1  free  transition at x/c =  0.3164   58
 Side 2  free  transition at x/c =  0.8119   61

  32   rms: 0.2644E-02   max: -.6200E-01   C at   58  1
       a =  6.000      CL =  0.8380
      Cm = -0.0300     CD =  0.00957   =>   CDf =  0.00505    CDp =  0.00452

 Side 1  free  transition at x/c =  0.3164   58
 Side 2  free  transition at x/c =  0.8119   61

  33   rms: 0.2643E-02   max: -.6200E-01   C at   58  1
       a =  6.000      CL =  0.8380
      Cm = -0.0300     CD =  0.00957   =>   CDf =  0.00505    CDp =  0.00452

 Side 1  free  transition at x/c =  0.3164   58
 Side 2  free  transition at x/c =  0.8119   61

  34   rms: 0.2644E-02   max: -.6200E-01   C at   58  1
       a =  6.000      CL =  0.8380
      Cm = -0.0300     CD =  0.00957   =>   CDf =  0.00505    CDp =  0.00452

 Side 1  free  transition at x/c =  0.3164   58
 Side 2  free  transition at x/c =  0.8119   61

  35   rms: 0.2644E-02   max: -.6200E-01   C at   58  1
       a =  6.000      CL =  0.8380
      Cm = -0.0300     CD =  0.00957   =>   CDf =  0.00505    CDp =  0.00452

 Side 1  free  transition at x/c =  0.3164   58
 Side 2  free  transition at x/c =  0.8119   61

  36   rms: 0.2644E-02   max: -.6201E-01   C at   58  1
       a =  6.000      CL =  0.8380
      Cm = -0.0300     CD =  0.00957   =>   CDf =  0.00505    CDp =  0.00452

 Side 1  free  transition at x/c =  0.3164   58
 Side 2  free  transition at x/c =  0.8119   61

  37   rms: 0.2644E-02   max: -.6201E-01   C at   58  1
       a =  6.000      CL =  0.8380
      Cm = -0.0300     CD =  0.00957   =>   CDf =  0.00505    CDp =  0.00452

 Side 1  free  transition at x/c =  0.3164   58
 Side 2  free  transition at x/c =  0.8119   61

  38   rms: 0.2644E-02   max: -.6200E-01   C at   58  1
       a =  6.000      CL =  0.8380
      Cm = -0.0300     CD =  0.00957   =>   CDf =  0.00505    CDp =  0.00452

 Side 1  free  transition at x/c =  0.3164   58
 Side 2  free  transition at x/c =  0.8119   61

  39   rms: 0.2644E-02   max: -.6200E-01   C at   58  1
       a =  6.000      CL =  0.8380
      Cm = -0.0300     CD =  0.00957   =>   CDf =  0.00505    CDp =  0.00452

 Side 1  free  transition at x/c =  0.3164   58
 Side 2  free  transition at x/c =  0.8119   61

  40   rms: 0.2644E-02   max: -.6200E-01   C at   58  1
       a =  6.000      CL =  0.8380
      Cm = -0.0300     CD =  0.00957   =>   CDf =  0.00505    CDp =  0.00452

 Side 1  free  transition at x/c =  0.3164   58
 Side 2  free  transition at x/c =  0.8119   61

  41   rms: 0.2644E-02   max: -.6200E-01   C at   58  1
       a =  6.000      CL =  0.8380
      Cm = -0.0300     CD =  0.00957   =>   CDf =  0.00505    CDp =  0.00452

 Side 1  free  transition at x/c =  0.3164   58
 Side 2  free  transition at x/c =  0.8119   61

  42   rms: 0.2644E-02   max: -.6201E-01   C at   58  1
       a =  6.000      CL =  0.8380
      Cm = -0.0300     CD =  0.00957   =>   CDf =  0.00505    CDp =  0.00452

 Side 1  free  transition at x/c =  0.3164   58
 Side 2  free  transition at x/c =  0.8119   61

  43   rms: 0.2644E-02   max: -.6201E-01   C at   58  1
       a =  6.000      CL =  0.8380
      Cm = -0.0300     CD =  0.00957   =>   CDf =  0.00505    CDp =  0.00452

 Side 1  free  transition at x/c =  0.3164   58
 Side 2  free  transition at x/c =  0.8119   61

  44   rms: 0.2644E-02   max: -.6201E-01   C at   58  1
       a =  6.000      CL =  0.8380
      Cm = -0.0300     CD =  0.00957   =>   CDf =  0.00505    CDp =  0.00452

 Side 1  free  transition at x/c =  0.3164   58
 Side 2  free  transition at x/c =  0.8119   61

  45   rms: 0.2644E-02   max: -.6200E-01   C at   58  1
       a =  6.000      CL =  0.8380
      Cm = -0.0300     CD =  0.00957   =>   CDf =  0.00505    CDp =  0.00452

 Side 1  free  transition at x/c =  0.3164   58
 Side 2  free  transition at x/c =  0.8119   61

  46   rms: 0.2644E-02   max: -.6200E-01   C at   58  1
       a =  6.000      CL =  0.8380
      Cm = -0.0300     CD =  0.00957   =>   CDf =  0.00505    CDp =  0.00452

 Side 1  free  transition at x/c =  0.3164   58
 Side 2  free  transition at x/c =  0.8119   61

  47   rms: 0.2644E-02   max: -.6200E-01   C at   58  1
       a =  6.000      CL =  0.8380
      Cm = -0.0300     CD =  0.00957   =>   CDf =  0.00505    CDp =  0.00452

 Side 1  free  transition at x/c =  0.3164   58
 Side 2  free  transition at x/c =  0.8119   61

  48   rms: 0.2644E-02   max: -.6201E-01   C at   58  1
       a =  6.000      CL =  0.8380
      Cm = -0.0300     CD =  0.00957   =>   CDf =  0.00505    CDp =  0.00452

 Side 1  free  transition at x/c =  0.3164   58
 Side 2  free  transition at x/c =  0.8119   61

  49   rms: 0.2644E-02   max: -.6201E-01   C at   58  1
       a =  6.000      CL =  0.8380
      Cm = -0.0300     CD =  0.00957   =>   CDf =  0.00505    CDp =  0.00452

 Side 1  free  transition at x/c =  0.3164   58
 Side 2  free  transition at x/c =  0.8119   61

  50   rms: 0.2644E-02   max: -.6200E-01   C at   58  1
       a =  6.000      CL =  0.8380
      Cm = -0.0300     CD =  0.00957   =>   CDf =  0.00505    CDp =  0.00452

 Side 1  free  transition at x/c =  0.3164   58
 Side 2  free  transition at x/c =  0.8119   61

  51   rms: 0.2644E-02   max: -.6201E-01   C at   58  1
       a =  6.000      CL =  0.8380
      Cm = -0.0300     CD =  0.00957   =>   CDf =  0.00505    CDp =  0.00452

 Side 1  free  transition at x/c =  0.3164   58
 Side 2  free  transition at x/c =  0.8119   61

  52   rms: 0.2644E-02   max: -.6200E-01   C at   58  1
       a =  6.000      CL =  0.8380
      Cm = -0.0300     CD =  0.00957   =>   CDf =  0.00505    CDp =  0.00452

 Side 1  free  transition at x/c =  0.3164   58
 Side 2  free  transition at x/c =  0.8119   61

  53   rms: 0.2644E-02   max: -.6201E-01   C at   58  1
       a =  6.000      CL =  0.8380
      Cm = -0.0300     CD =  0.00957   =>   CDf =  0.00505    CDp =  0.00452

 Side 1  free  transition at x/c =  0.3164   58
 Side 2  free  transition at x/c =  0.8119   61

  54   rms: 0.2644E-02   max: -.6201E-01   C at   58  1
       a =  6.000      CL =  0.8380
      Cm = -0.0300     CD =  0.00957   =>   CDf =  0.00505    CDp =  0.00452

 Side 1  free  transition at x/c =  0.3164   58
 Side 2  free  transition at x/c =  0.8119   61

  55   rms: 0.2644E-02   max: -.6201E-01   C at   58  1
       a =  6.000      CL =  0.8380
      Cm = -0.0300     CD =  0.00957   =>   CDf =  0.00505    CDp =  0.00452

 Side 1  free  transition at x/c =  0.3164   58
 Side 2  free  transition at x/c =  0.8119   61

  56   rms: 0.2644E-02   max: -.6200E-01   C at   58  1
       a =  6.000      CL =  0.8380
      Cm = -0.0300     CD =  0.00957   =>   CDf =  0.00505    CDp =  0.00452

 Side 1  free  transition at x/c =  0.3164   58
 Side 2  free  transition at x/c =  0.8119   61

  57   rms: 0.2644E-02   max: -.6201E-01   C at   58  1
       a =  6.000      CL =  0.8380
      Cm = -0.0300     CD =  0.00957   =>   CDf =  0.00505    CDp =  0.00452

 Side 1  free  transition at x/c =  0.3164   58
 Side 2  free  transition at x/c =  0.8119   61

  58   rms: 0.2644E-02   max: -.6200E-01   C at   58  1
       a =  6.000      CL =  0.8380
      Cm = -0.0300     CD =  0.00957   =>   CDf =  0.00505    CDp =  0.00452

 Side 1  free  transition at x/c =  0.3164   58
 Side 2  free  transition at x/c =  0.8119   61

  59   rms: 0.2644E-02   max: -.6200E-01   C at   58  1
       a =  6.000      CL =  0.8380
      Cm = -0.0300     CD =  0.00957   =>   CDf =  0.00505    CDp =  0.00452

 Side 1  free  transition at x/c =  0.3164   58
 Side 2  free  transition at x/c =  0.8119   61

  60   rms: 0.2644E-02   max: -.6200E-01   C at   58  1
       a =  6.000      CL =  0.8380
      Cm = -0.0300     CD =  0.00957   =>   CDf =  0.00505    CDp =  0.00452

 Side 1  free  transition at x/c =  0.3164   58
 Side 2  free  transition at x/c =  0.8119   61

  61   rms: 0.2644E-02   max: -.6200E-01   C at   58  1
       a =  6.000      CL =  0.8380
      Cm = -0.0300     CD =  0.00957   =>   CDf =  0.00505    CDp =  0.00452

 Side 1  free  transition at x/c =  0.3164   58
 Side 2  free  transition at x/c =  0.8119   61

  62   rms: 0.2644E-02   max: -.6200E-01   C at   58  1
       a =  6.000      CL =  0.8380
      Cm = -0.0300     CD =  0.00957   =>   CDf =  0.00505    CDp =  0.00452

 Side 1  free  transition at x/c =  0.3164   58
 Side 2  free  transition at x/c =  0.8119   61

  63   rms: 0.2644E-02   max: -.6200E-01   C at   58  1
       a =  6.000      CL =  0.8380
      Cm = -0.0300     CD =  0.00957   =>   CDf =  0.00505    CDp =  0.00452

 Side 1  free  transition at x/c =  0.3164   58
 Side 2  free  transition at x/c =  0.8119   61

  64   rms: 0.2644E-02   max: -.6200E-01   C at   58  1
       a =  6.000      CL =  0.8380
      Cm = -0.0300     CD =  0.00957   =>   CDf =  0.00505    CDp =  0.00452

 Side 1  free  transition at x/c =  0.3164   58
 Side 2  free  transition at x/c =  0.8119   61

  65   rms: 0.2643E-02   max: -.6200E-01   C at   58  1
       a =  6.000      CL =  0.8380
      Cm = -0.0300     CD =  0.00957   =>   CDf =  0.00505    CDp =  0.00452

 Side 1  free  transition at x/c =  0.3164   58
 Side 2  free  transition at x/c =  0.8119   61

  66   rms: 0.2644E-02   max: -.6200E-01   C at   58  1
       a =  6.000      CL =  0.8380
      Cm = -0.0300     CD =  0.00957   =>   CDf =  0.00505    CDp =  0.00452

 Side 1  free  transition at x/c =  0.3164   58
 Side 2  free  transition at x/c =  0.8119   61

  67   rms: 0.2644E-02   max: -.6201E-01   C at   58  1
       a =  6.000      CL =  0.8380
      Cm = -0.0300     CD =  0.00957   =>   CDf =  0.00505    CDp =  0.00452

 Side 1  free  transition at x/c =  0.3164   58
 Side 2  free  transition at x/c =  0.8119   61

  68   rms: 0.2644E-02   max: -.6201E-01   C at   58  1
       a =  6.000      CL =  0.8380
      Cm = -0.0300     CD =  0.00957   =>   CDf =  0.00505    CDp =  0.00452

 Side 1  free  transition at x/c =  0.3164   58
 Side 2  free  transition at x/c =  0.8119   61

  69   rms: 0.2644E-02   max: -.6201E-01   C at   58  1
       a =  6.000      CL =  0.8380
      Cm = -0.0300     CD =  0.00957   =>   CDf =  0.00505    CDp =  0.00452

 Side 1  free  transition at x/c =  0.3164   58
 Side 2  free  transition at x/c =  0.8119   61

  70   rms: 0.2644E-02   max: -.6200E-01   C at   58  1
       a =  6.000      CL =  0.8380
      Cm = -0.0300     CD =  0.00957   =>   CDf =  0.00505    CDp =  0.00452

 Side 1  free  transition at x/c =  0.3164   58
 Side 2  free  transition at x/c =  0.8119   61

  71   rms: 0.2644E-02   max: -.6200E-01   C at   58  1
       a =  6.000      CL =  0.8380
      Cm = -0.0300     CD =  0.00957   =>   CDf =  0.00505    CDp =  0.00452

 Side 1  free  transition at x/c =  0.3164   58
 Side 2  free  transition at x/c =  0.8119   61

  72   rms: 0.2644E-02   max: -.6201E-01   C at   58  1
       a =  6.000      CL =  0.8380
      Cm = -0.0300     CD =  0.00957   =>   CDf =  0.00505    CDp =  0.00452

 Side 1  free  transition at x/c =  0.3164   58
 Side 2  free  transition at x/c =  0.8119   61

  73   rms: 0.2644E-02   max: -.6201E-01   C at   58  1
       a =  6.000      CL =  0.8380
      Cm = -0.0300     CD =  0.00957   =>   CDf =  0.00505    CDp =  0.00452

 Side 1  free  transition at x/c =  0.3164   58
 Side 2  free  transition at x/c =  0.8119   61

  74   rms: 0.2644E-02   max: -.6200E-01   C at   58  1
       a =  6.000      CL =  0.8380
      Cm = -0.0300     CD =  0.00957   =>   CDf =  0.00505    CDp =  0.00452

 Side 1  free  transition at x/c =  0.3164   58
 Side 2  free  transition at x/c =  0.8119   61

  75   rms: 0.2644E-02   max: -.6200E-01   C at   58  1
       a =  6.000      CL =  0.8380
      Cm = -0.0300     CD =  0.00957   =>   CDf =  0.00505    CDp =  0.00452

 Side 1  free  transition at x/c =  0.3164   58
 Side 2  free  transition at x/c =  0.8119   61

  76   rms: 0.2644E-02   max: -.6201E-01   C at   58  1
       a =  6.000      CL =  0.8380
      Cm = -0.0300     CD =  0.00957   =>   CDf =  0.00505    CDp =  0.00452

 Side 1  free  transition at x/c =  0.3164   58
 Side 2  free  transition at x/c =  0.8119   61

  77   rms: 0.2644E-02   max: -.6201E-01   C at   58  1
       a =  6.000      CL =  0.8380
      Cm = -0.0300     CD =  0.00957   =>   CDf =  0.00505    CDp =  0.00452

 Side 1  free  transition at x/c =  0.3164   58
 Side 2  free  transition at x/c =  0.8119   61

  78   rms: 0.2644E-02   max: -.6200E-01   C at   58  1
       a =  6.000      CL =  0.8380
      Cm = -0.0300     CD =  0.00957   =>   CDf =  0.00505    CDp =  0.00452

 Side 1  free  transition at x/c =  0.3164   58
 Side 2  free  transition at x/c =  0.8119   61

  79   rms: 0.2644E-02   max: -.6201E-01   C at   58  1
       a =  6.000      CL =  0.8380
      Cm = -0.0300     CD =  0.00957   =>   CDf =  0.00505    CDp =  0.00452

 Side 1  free  transition at x/c =  0.3164   58
 Side 2  free  transition at x/c =  0.8119   61

  80   rms: 0.2644E-02   max: -.6200E-01   C at   58  1
       a =  6.000      CL =  0.8380
      Cm = -0.0300     CD =  0.00957   =>   CDf =  0.00505    CDp =  0.00452

 Side 1  free  transition at x/c =  0.3164   58
 Side 2  free  transition at x/c =  0.8119   61

  81   rms: 0.2644E-02   max: -.6201E-01   C at   58  1
       a =  6.000      CL =  0.8380
      Cm = -0.0300     CD =  0.00957   =>   CDf =  0.00505    CDp =  0.00452

 Side 1  free  transition at x/c =  0.3164   58
 Side 2  free  transition at x/c =  0.8119   61

  82   rms: 0.2644E-02   max: -.6200E-01   C at   58  1
       a =  6.000      CL =  0.8380
      Cm = -0.0300     CD =  0.00957   =>   CDf =  0.00505    CDp =  0.00452

 Side 1  free  transition at x/c =  0.3164   58
 Side 2  free  transition at x/c =  0.8119   61

  83   rms: 0.2644E-02   max: -.6200E-01   C at   58  1
       a =  6.000      CL =  0.8380
      Cm = -0.0300     CD =  0.00957   =>   CDf =  0.00505    CDp =  0.00452

 Side 1  free  transition at x/c =  0.3164   58
 Side 2  free  transition at x/c =  0.8119   61

  84   rms: 0.2644E-02   max: -.6200E-01   C at   58  1
       a =  6.000      CL =  0.8380
      Cm = -0.0300     CD =  0.00957   =>   CDf =  0.00505    CDp =  0.00452

 Side 1  free  transition at x/c =  0.3164   58
 Side 2  free  transition at x/c =  0.8119   61

  85   rms: 0.2644E-02   max: -.6200E-01   C at   58  1
       a =  6.000      CL =  0.8380
      Cm = -0.0300     CD =  0.00957   =>   CDf =  0.00505    CDp =  0.00452

 Side 1  free  transition at x/c =  0.3164   58
 Side 2  free  transition at x/c =  0.8119   61

  86   rms: 0.2644E-02   max: -.6200E-01   C at   58  1
       a =  6.000      CL =  0.8380
      Cm = -0.0300     CD =  0.00957   =>   CDf =  0.00505    CDp =  0.00452

 Side 1  free  transition at x/c =  0.3164   58
 Side 2  free  transition at x/c =  0.8119   61

  87   rms: 0.2644E-02   max: -.6200E-01   C at   58  1
       a =  6.000      CL =  0.8380
      Cm = -0.0300     CD =  0.00957   =>   CDf =  0.00505    CDp =  0.00452

 Side 1  free  transition at x/c =  0.3164   58
 Side 2  free  transition at x/c =  0.8119   61

  88   rms: 0.2644E-02   max: -.6200E-01   C at   58  1
       a =  6.000      CL =  0.8380
      Cm = -0.0300     CD =  0.00957   =>   CDf =  0.00505    CDp =  0.00452

 Side 1  free  transition at x/c =  0.3164   58
 Side 2  free  transition at x/c =  0.8119   61

  89   rms: 0.2644E-02   max: -.6200E-01   C at   58  1
       a =  6.000      CL =  0.8380
      Cm = -0.0300     CD =  0.00957   =>   CDf =  0.00505    CDp =  0.00452

 Side 1  free  transition at x/c =  0.3164   58
 Side 2  free  transition at x/c =  0.8119   61

  90   rms: 0.2644E-02   max: -.6200E-01   C at   58  1
       a =  6.000      CL =  0.8380
      Cm = -0.0300     CD =  0.00957   =>   CDf =  0.00505    CDp =  0.00452

 Side 1  free  transition at x/c =  0.3164   58
 Side 2  free  transition at x/c =  0.8119   61

  91   rms: 0.2644E-02   max: -.6200E-01   C at   58  1
       a =  6.000      CL =  0.8380
      Cm = -0.0300     CD =  0.00957   =>   CDf =  0.00505    CDp =  0.00452

 Side 1  free  transition at x/c =  0.3164   58
 Side 2  free  transition at x/c =  0.8119   61

  92   rms: 0.2644E-02   max: -.6200E-01   C at   58  1
       a =  6.000      CL =  0.8380
      Cm = -0.0300     CD =  0.00957   =>   CDf =  0.00505    CDp =  0.00452

 Side 1  free  transition at x/c =  0.3164   58
 Side 2  free  transition at x/c =  0.8119   61

  93   rms: 0.2644E-02   max: -.6200E-01   C at   58  1
       a =  6.000      CL =  0.8380
      Cm = -0.0300     CD =  0.00957   =>   CDf =  0.00505    CDp =  0.00452

 Side 1  free  transition at x/c =  0.3164   58
 Side 2  free  transition at x/c =  0.8119   61

  94   rms: 0.2644E-02   max: -.6200E-01   C at   58  1
       a =  6.000      CL =  0.8380
      Cm = -0.0300     CD =  0.00957   =>   CDf =  0.00505    CDp =  0.00452

 Side 1  free  transition at x/c =  0.3164   58
 Side 2  free  transition at x/c =  0.8119   61

  95   rms: 0.2644E-02   max: -.6200E-01   C at   58  1
       a =  6.000      CL =  0.8380
      Cm = -0.0300     CD =  0.00957   =>   CDf =  0.00505    CDp =  0.00452

 Side 1  free  transition at x/c =  0.3164   58
 Side 2  free  transition at x/c =  0.8119   61

  96   rms: 0.2644E-02   max: -.6200E-01   C at   58  1
       a =  6.000      CL =  0.8380
      Cm = -0.0300     CD =  0.00957   =>   CDf =  0.00505    CDp =  0.00452

 Side 1  free  transition at x/c =  0.3164   58
 Side 2  free  transition at x/c =  0.8119   61

  97   rms: 0.2643E-02   max: -.6200E-01   C at   58  1
       a =  6.000      CL =  0.8380
      Cm = -0.0300     CD =  0.00957   =>   CDf =  0.00505    CDp =  0.00452

 Side 1  free  transition at x/c =  0.3164   58
 Side 2  free  transition at x/c =  0.8119   61

  98   rms: 0.2644E-02   max: -.6200E-01   C at   58  1
       a =  6.000      CL =  0.8380
      Cm = -0.0300     CD =  0.00957   =>   CDf =  0.00505    CDp =  0.00452

 Side 1  free  transition at x/c =  0.3164   58
 Side 2  free  transition at x/c =  0.8119   61

  99   rms: 0.2644E-02   max: -.6200E-01   C at   58  1
       a =  6.000      CL =  0.8380
      Cm = -0.0300     CD =  0.00957   =>   CDf =  0.00505    CDp =  0.00452

 Side 1  free  transition at x/c =  0.3164   58
 Side 2  free  transition at x/c =  0.8119   61

 100   rms: 0.2644E-02   max: -.6200E-01   C at   58  1
       a =  6.000      CL =  0.8380
      Cm = -0.0300     CD =  0.00957   =>   CDf =  0.00505    CDp =  0.00452

 Side 1  free  transition at x/c =  0.3164   58
 Side 2  free  transition at x/c =  0.8119   61

 101   rms: 0.2644E-02   max: -.6200E-01   C at   58  1
       a =  6.000      CL =  0.8380
      Cm = -0.0300     CD =  0.00957   =>   CDf =  0.00505    CDp =  0.00452

 Side 1  free  transition at x/c =  0.3164   58
 Side 2  free  transition at x/c =  0.8119   61

 102   rms: 0.2644E-02   max: -.6201E-01   C at   58  1
       a =  6.000      CL =  0.8380
      Cm = -0.0300     CD =  0.00957   =>   CDf =  0.00505    CDp =  0.00452

 Side 1  free  transition at x/c =  0.3164   58
 Side 2  free  transition at x/c =  0.8119   61

 103   rms: 0.2644E-02   max: -.6200E-01   C at   58  1
       a =  6.000      CL =  0.8380
      Cm = -0.0300     CD =  0.00957   =>   CDf =  0.00505    CDp =  0.00452

 Side 1  free  transition at x/c =  0.3164   58
 Side 2  free  transition at x/c =  0.8119   61

 104   rms: 0.2644E-02   max: -.6200E-01   C at   58  1
       a =  6.000      CL =  0.8380
      Cm = -0.0300     CD =  0.00957   =>   CDf =  0.00505    CDp =  0.00452

 Side 1  free  transition at x/c =  0.3164   58
 Side 2  free  transition at x/c =  0.8119   61

 105   rms: 0.2644E-02   max: -.6201E-01   C at   58  1
       a =  6.000      CL =  0.8380
      Cm = -0.0300     CD =  0.00957   =>   CDf =  0.00505    CDp =  0.00452

 Side 1  free  transition at x/c =  0.3164   58
 Side 2  free  transition at x/c =  0.8119   61

 106   rms: 0.2644E-02   max: -.6200E-01   C at   58  1
       a =  6.000      CL =  0.8380
      Cm = -0.0300     CD =  0.00957   =>   CDf =  0.00505    CDp =  0.00452

 Side 1  free  transition at x/c =  0.3164   58
 Side 2  free  transition at x/c =  0.8119   61

 107   rms: 0.2644E-02   max: -.6200E-01   C at   58  1
       a =  6.000      CL =  0.8380
      Cm = -0.0300     CD =  0.00957   =>   CDf =  0.00505    CDp =  0.00452

 Side 1  free  transition at x/c =  0.3164   58
 Side 2  free  transition at x/c =  0.8119   61

 108   rms: 0.2644E-02   max: -.6200E-01   C at   58  1
       a =  6.000      CL =  0.8380
      Cm = -0.0300     CD =  0.00957   =>   CDf =  0.00505    CDp =  0.00452

 Side 1  free  transition at x/c =  0.3164   58
 Side 2  free  transition at x/c =  0.8119   61

 109   rms: 0.2644E-02   max: -.6200E-01   C at   58  1
       a =  6.000      CL =  0.8380
      Cm = -0.0300     CD =  0.00957   =>   CDf =  0.00505    CDp =  0.00452

 Side 1  free  transition at x/c =  0.3164   58
 Side 2  free  transition at x/c =  0.8119   61

 110   rms: 0.2643E-02   max: -.6200E-01   C at   58  1
       a =  6.000      CL =  0.8380
      Cm = -0.0300     CD =  0.00957   =>   CDf =  0.00505    CDp =  0.00452

 Side 1  free  transition at x/c =  0.3164   58
 Side 2  free  transition at x/c =  0.8119   61

 111   rms: 0.2644E-02   max: -.6200E-01   C at   58  1
       a =  6.000      CL =  0.8380
      Cm = -0.0300     CD =  0.00957   =>   CDf =  0.00505    CDp =  0.00452

 Side 1  free  transition at x/c =  0.3164   58
 Side 2  free  transition at x/c =  0.8119   61

 112   rms: 0.2644E-02   max: -.6201E-01   C at   58  1
       a =  6.000      CL =  0.8380
      Cm = -0.0300     CD =  0.00957   =>   CDf =  0.00505    CDp =  0.00452

 Side 1  free  transition at x/c =  0.3164   58
 Side 2  free  transition at x/c =  0.8119   61

 113   rms: 0.2644E-02   max: -.6201E-01   C at   58  1
       a =  6.000      CL =  0.8380
      Cm = -0.0300     CD =  0.00957   =>   CDf =  0.00505    CDp =  0.00452

 Side 1  free  transition at x/c =  0.3164   58
 Side 2  free  transition at x/c =  0.8119   61

 114   rms: 0.2644E-02   max: -.6201E-01   C at   58  1
       a =  6.000      CL =  0.8380
      Cm = -0.0300     CD =  0.00957   =>   CDf =  0.00505    CDp =  0.00452

 Side 1  free  transition at x/c =  0.3164   58
 Side 2  free  transition at x/c =  0.8119   61

 115   rms: 0.2644E-02   max: -.6201E-01   C at   58  1
       a =  6.000      CL =  0.8380
      Cm = -0.0300     CD =  0.00957   =>   CDf =  0.00505    CDp =  0.00452

 Side 1  free  transition at x/c =  0.3164   58
 Side 2  free  transition at x/c =  0.8119   61

 116   rms: 0.2644E-02   max: -.6201E-01   C at   58  1
       a =  6.000      CL =  0.8380
      Cm = -0.0300     CD =  0.00957   =>   CDf =  0.00505    CDp =  0.00452

 Side 1  free  transition at x/c =  0.3164   58
 Side 2  free  transition at x/c =  0.8119   61

 117   rms: 0.2644E-02   max: -.6201E-01   C at   58  1
       a =  6.000      CL =  0.8380
      Cm = -0.0300     CD =  0.00957   =>   CDf =  0.00505    CDp =  0.00452

 Side 1  free  transition at x/c =  0.3164   58
 Side 2  free  transition at x/c =  0.8119   61

 118   rms: 0.2643E-02   max: -.6200E-01   C at   58  1
       a =  6.000      CL =  0.8380
      Cm = -0.0300     CD =  0.00957   =>   CDf =  0.00505    CDp =  0.00452

 Side 1  free  transition at x/c =  0.3164   58
 Side 2  free  transition at x/c =  0.8119   61

 119   rms: 0.2644E-02   max: -.6201E-01   C at   58  1
       a =  6.000      CL =  0.8380
      Cm = -0.0300     CD =  0.00957   =>   CDf =  0.00505    CDp =  0.00452

 Side 1  free  transition at x/c =  0.3164   58
 Side 2  free  transition at x/c =  0.8119   61

 120   rms: 0.2644E-02   max: -.6201E-01   C at   58  1
       a =  6.000      CL =  0.8380
      Cm = -0.0300     CD =  0.00957   =>   CDf =  0.00505    CDp =  0.00452

 Side 1  free  transition at x/c =  0.3164   58
 Side 2  free  transition at x/c =  0.8119   61

 121   rms: 0.2644E-02   max: -.6201E-01   C at   58  1
       a =  6.000      CL =  0.8380
      Cm = -0.0300     CD =  0.00957   =>   CDf =  0.00505    CDp =  0.00452

 Side 1  free  transition at x/c =  0.3164   58
 Side 2  free  transition at x/c =  0.8119   61

 122   rms: 0.2644E-02   max: -.6200E-01   C at   58  1
       a =  6.000      CL =  0.8380
      Cm = -0.0300     CD =  0.00957   =>   CDf =  0.00505    CDp =  0.00452

 Side 1  free  transition at x/c =  0.3164   58
 Side 2  free  transition at x/c =  0.8119   61

 123   rms: 0.2644E-02   max: -.6200E-01   C at   58  1
       a =  6.000      CL =  0.8380
      Cm = -0.0300     CD =  0.00957   =>   CDf =  0.00505    CDp =  0.00452

 Side 1  free  transition at x/c =  0.3164   58
 Side 2  free  transition at x/c =  0.8119   61

 124   rms: 0.2644E-02   max: -.6200E-01   C at   58  1
       a =  6.000      CL =  0.8380
      Cm = -0.0300     CD =  0.00957   =>   CDf =  0.00505    CDp =  0.00452

 Side 1  free  transition at x/c =  0.3164   58
 Side 2  free  transition at x/c =  0.8119   61

 125   rms: 0.2644E-02   max: -.6200E-01   C at   58  1
       a =  6.000      CL =  0.8380
      Cm = -0.0300     CD =  0.00957   =>   CDf =  0.00505    CDp =  0.00452

 Side 1  free  transition at x/c =  0.3164   58
 Side 2  free  transition at x/c =  0.8119   61

 126   rms: 0.2643E-02   max: -.6200E-01   C at   58  1
       a =  6.000      CL =  0.8380
      Cm = -0.0300     CD =  0.00957   =>   CDf =  0.00505    CDp =  0.00452

 Side 1  free  transition at x/c =  0.3164   58
 Side 2  free  transition at x/c =  0.8119   61

 127   rms: 0.2643E-02   max: -.6200E-01   C at   58  1
       a =  6.000      CL =  0.8380
      Cm = -0.0300     CD =  0.00957   =>   CDf =  0.00505    CDp =  0.00452

 Side 1  free  transition at x/c =  0.3164   58
 Side 2  free  transition at x/c =  0.8119   61

 128   rms: 0.2644E-02   max: -.6200E-01   C at   58  1
       a =  6.000      CL =  0.8380
      Cm = -0.0300     CD =  0.00957   =>   CDf =  0.00505    CDp =  0.00452

 Side 1  free  transition at x/c =  0.3164   58
 Side 2  free  transition at x/c =  0.8119   61

 129   rms: 0.2644E-02   max: -.6200E-01   C at   58  1
       a =  6.000      CL =  0.8380
      Cm = -0.0300     CD =  0.00957   =>   CDf =  0.00505    CDp =  0.00452

 Side 1  free  transition at x/c =  0.3164   58
 Side 2  free  transition at x/c =  0.8119   61

 130   rms: 0.2644E-02   max: -.6200E-01   C at   58  1
       a =  6.000      CL =  0.8380
      Cm = -0.0300     CD =  0.00957   =>   CDf =  0.00505    CDp =  0.00452

 Side 1  free  transition at x/c =  0.3164   58
 Side 2  free  transition at x/c =  0.8119   61

 131   rms: 0.2644E-02   max: -.6201E-01   C at   58  1
       a =  6.000      CL =  0.8380
      Cm = -0.0300     CD =  0.00957   =>   CDf =  0.00505    CDp =  0.00452

 Side 1  free  transition at x/c =  0.3164   58
 Side 2  free  transition at x/c =  0.8119   61

 132   rms: 0.2644E-02   max: -.6201E-01   C at   58  1
       a =  6.000      CL =  0.8380
      Cm = -0.0300     CD =  0.00957   =>   CDf =  0.00505    CDp =  0.00452

 Side 1  free  transition at x/c =  0.3164   58
 Side 2  free  transition at x/c =  0.8119   61

 133   rms: 0.2644E-02   max: -.6200E-01   C at   58  1
       a =  6.000      CL =  0.8380
      Cm = -0.0300     CD =  0.00957   =>   CDf =  0.00505    CDp =  0.00452

 Side 1  free  transition at x/c =  0.3164   58
 Side 2  free  transition at x/c =  0.8119   61

 134   rms: 0.2644E-02   max: -.6200E-01   C at   58  1
       a =  6.000      CL =  0.8380
      Cm = -0.0300     CD =  0.00957   =>   CDf =  0.00505    CDp =  0.00452

 Side 1  free  transition at x/c =  0.3164   58
 Side 2  free  transition at x/c =  0.8119   61

 135   rms: 0.2644E-02   max: -.6200E-01   C at   58  1
       a =  6.000      CL =  0.8380
      Cm = -0.0300     CD =  0.00957   =>   CDf =  0.00505    CDp =  0.00452

 Side 1  free  transition at x/c =  0.3164   58
 Side 2  free  transition at x/c =  0.8119   61

 136   rms: 0.2644E-02   max: -.6200E-01   C at   58  1
       a =  6.000      CL =  0.8380
      Cm = -0.0300     CD =  0.00957   =>   CDf =  0.00505    CDp =  0.00452

 Side 1  free  transition at x/c =  0.3164   58
 Side 2  free  transition at x/c =  0.8119   61

 137   rms: 0.2644E-02   max: -.6201E-01   C at   58  1
       a =  6.000      CL =  0.8380
      Cm = -0.0300     CD =  0.00957   =>   CDf =  0.00505    CDp =  0.00452

 Side 1  free  transition at x/c =  0.3164   58
 Side 2  free  transition at x/c =  0.8119   61

 138   rms: 0.2644E-02   max: -.6200E-01   C at   58  1
       a =  6.000      CL =  0.8380
      Cm = -0.0300     CD =  0.00957   =>   CDf =  0.00505    CDp =  0.00452

 Side 1  free  transition at x/c =  0.3164   58
 Side 2  free  transition at x/c =  0.8119   61

 139   rms: 0.2644E-02   max: -.6200E-01   C at   58  1
       a =  6.000      CL =  0.8380
      Cm = -0.0300     CD =  0.00957   =>   CDf =  0.00505    CDp =  0.00452

 Side 1  free  transition at x/c =  0.3164   58
 Side 2  free  transition at x/c =  0.8119   61

 140   rms: 0.2644E-02   max: -.6200E-01   C at   58  1
       a =  6.000      CL =  0.8380
      Cm = -0.0300     CD =  0.00957   =>   CDf =  0.00505    CDp =  0.00452

 Side 1  free  transition at x/c =  0.3164   58
 Side 2  free  transition at x/c =  0.8119   61

 141   rms: 0.2644E-02   max: -.6200E-01   C at   58  1
       a =  6.000      CL =  0.8380
      Cm = -0.0300     CD =  0.00957   =>   CDf =  0.00505    CDp =  0.00452

 Side 1  free  transition at x/c =  0.3164   58
 Side 2  free  transition at x/c =  0.8119   61

 142   rms: 0.2644E-02   max: -.6200E-01   C at   58  1
       a =  6.000      CL =  0.8380
      Cm = -0.0300     CD =  0.00957   =>   CDf =  0.00505    CDp =  0.00452

 Side 1  free  transition at x/c =  0.3164   58
 Side 2  free  transition at x/c =  0.8119   61

 143   rms: 0.2644E-02   max: -.6200E-01   C at   58  1
       a =  6.000      CL =  0.8380
      Cm = -0.0300     CD =  0.00957   =>   CDf =  0.00505    CDp =  0.00452

 Side 1  free  transition at x/c =  0.3164   58
 Side 2  free  transition at x/c =  0.8119   61

 144   rms: 0.2644E-02   max: -.6200E-01   C at   58  1
       a =  6.000      CL =  0.8380
      Cm = -0.0300     CD =  0.00957   =>   CDf =  0.00505    CDp =  0.00452

 Side 1  free  transition at x/c =  0.3164   58
 Side 2  free  transition at x/c =  0.8119   61

 145   rms: 0.2644E-02   max: -.6201E-01   C at   58  1
       a =  6.000      CL =  0.8380
      Cm = -0.0300     CD =  0.00957   =>   CDf =  0.00505    CDp =  0.00452

 Side 1  free  transition at x/c =  0.3164   58
 Side 2  free  transition at x/c =  0.8119   61

 146   rms: 0.2644E-02   max: -.6200E-01   C at   58  1
       a =  6.000      CL =  0.8380
      Cm = -0.0300     CD =  0.00957   =>   CDf =  0.00505    CDp =  0.00452

 Side 1  free  transition at x/c =  0.3164   58
 Side 2  free  transition at x/c =  0.8119   61

 147   rms: 0.2644E-02   max: -.6200E-01   C at   58  1
       a =  6.000      CL =  0.8380
      Cm = -0.0300     CD =  0.00957   =>   CDf =  0.00505    CDp =  0.00452

 Side 1  free  transition at x/c =  0.3164   58
 Side 2  free  transition at x/c =  0.8119   61

 148   rms: 0.2644E-02   max: -.6200E-01   C at   58  1
       a =  6.000      CL =  0.8380
      Cm = -0.0300     CD =  0.00957   =>   CDf =  0.00505    CDp =  0.00452

 Side 1  free  transition at x/c =  0.3164   58
 Side 2  free  transition at x/c =  0.8119   61

 149   rms: 0.2644E-02   max: -.6200E-01   C at   58  1
       a =  6.000      CL =  0.8380
      Cm = -0.0300     CD =  0.00957   =>   CDf =  0.00505    CDp =  0.00452

 Side 1  free  transition at x/c =  0.3164   58
 Side 2  free  transition at x/c =  0.8119   61

 150   rms: 0.2644E-02   max: -.6201E-01   C at   58  1
       a =  6.000      CL =  0.8380
      Cm = -0.0300     CD =  0.00957   =>   CDf =  0.00505    CDp =  0.00452

 Side 1  free  transition at x/c =  0.3164   58
 Side 2  free  transition at x/c =  0.8119   61

 151   rms: 0.2644E-02   max: -.6200E-01   C at   58  1
       a =  6.000      CL =  0.8380
      Cm = -0.0300     CD =  0.00957   =>   CDf =  0.00505    CDp =  0.00452

 Side 1  free  transition at x/c =  0.3164   58
 Side 2  free  transition at x/c =  0.8119   61

 152   rms: 0.2644E-02   max: -.6201E-01   C at   58  1
       a =  6.000      CL =  0.8380
      Cm = -0.0300     CD =  0.00957   =>   CDf =  0.00505    CDp =  0.00452

 Side 1  free  transition at x/c =  0.3164   58
 Side 2  free  transition at x/c =  0.8119   61

 153   rms: 0.2644E-02   max: -.6201E-01   C at   58  1
       a =  6.000      CL =  0.8380
      Cm = -0.0300     CD =  0.00957   =>   CDf =  0.00505    CDp =  0.00452

 Side 1  free  transition at x/c =  0.3164   58
 Side 2  free  transition at x/c =  0.8119   61

 154   rms: 0.2643E-02   max: -.6200E-01   C at   58  1
       a =  6.000      CL =  0.8380
      Cm = -0.0300     CD =  0.00957   =>   CDf =  0.00505    CDp =  0.00452

 Side 1  free  transition at x/c =  0.3164   58
 Side 2  free  transition at x/c =  0.8119   61

 155   rms: 0.2644E-02   max: -.6201E-01   C at   58  1
       a =  6.000      CL =  0.8380
      Cm = -0.0300     CD =  0.00957   =>   CDf =  0.00505    CDp =  0.00452

 Side 1  free  transition at x/c =  0.3164   58
 Side 2  free  transition at x/c =  0.8119   61

 156   rms: 0.2644E-02   max: -.6201E-01   C at   58  1
       a =  6.000      CL =  0.8380
      Cm = -0.0300     CD =  0.00957   =>   CDf =  0.00505    CDp =  0.00452

 Side 1  free  transition at x/c =  0.3164   58
 Side 2  free  transition at x/c =  0.8119   61

 157   rms: 0.2644E-02   max: -.6200E-01   C at   58  1
       a =  6.000      CL =  0.8380
      Cm = -0.0300     CD =  0.00957   =>   CDf =  0.00505    CDp =  0.00452

 Side 1  free  transition at x/c =  0.3164   58
 Side 2  free  transition at x/c =  0.8119   61

 158   rms: 0.2644E-02   max: -.6201E-01   C at   58  1
       a =  6.000      CL =  0.8380
      Cm = -0.0300     CD =  0.00957   =>   CDf =  0.00505    CDp =  0.00452

 Side 1  free  transition at x/c =  0.3164   58
 Side 2  free  transition at x/c =  0.8119   61

 159   rms: 0.2644E-02   max: -.6200E-01   C at   58  1
       a =  6.000      CL =  0.8380
      Cm = -0.0300     CD =  0.00957   =>   CDf =  0.00505    CDp =  0.00452

 Side 1  free  transition at x/c =  0.3164   58
 Side 2  free  transition at x/c =  0.8119   61

 160   rms: 0.2644E-02   max: -.6200E-01   C at   58  1
       a =  6.000      CL =  0.8380
      Cm = -0.0300     CD =  0.00957   =>   CDf =  0.00505    CDp =  0.00452

 Side 1  free  transition at x/c =  0.3164   58
 Side 2  free  transition at x/c =  0.8119   61

 161   rms: 0.2644E-02   max: -.6201E-01   C at   58  1
       a =  6.000      CL =  0.8380
      Cm = -0.0300     CD =  0.00957   =>   CDf =  0.00505    CDp =  0.00452

 Side 1  free  transition at x/c =  0.3164   58
 Side 2  free  transition at x/c =  0.8119   61

 162   rms: 0.2644E-02   max: -.6201E-01   C at   58  1
       a =  6.000      CL =  0.8380
      Cm = -0.0300     CD =  0.00957   =>   CDf =  0.00505    CDp =  0.00452

 Side 1  free  transition at x/c =  0.3164   58
 Side 2  free  transition at x/c =  0.8119   61

 163   rms: 0.2644E-02   max: -.6200E-01   C at   58  1
       a =  6.000      CL =  0.8380
      Cm = -0.0300     CD =  0.00957   =>   CDf =  0.00505    CDp =  0.00452

 Side 1  free  transition at x/c =  0.3164   58
 Side 2  free  transition at x/c =  0.8119   61

 164   rms: 0.2644E-02   max: -.6200E-01   C at   58  1
       a =  6.000      CL =  0.8380
      Cm = -0.0300     CD =  0.00957   =>   CDf =  0.00505    CDp =  0.00452

 Side 1  free  transition at x/c =  0.3164   58
 Side 2  free  transition at x/c =  0.8119   61

 165   rms: 0.2644E-02   max: -.6200E-01   C at   58  1
       a =  6.000      CL =  0.8380
      Cm = -0.0300     CD =  0.00957   =>   CDf =  0.00505    CDp =  0.00452

 Side 1  free  transition at x/c =  0.3164   58
 Side 2  free  transition at x/c =  0.8119   61

 166   rms: 0.2643E-02   max: -.6200E-01   C at   58  1
       a =  6.000      CL =  0.8380
      Cm = -0.0300     CD =  0.00957   =>   CDf =  0.00505    CDp =  0.00452

 Side 1  free  transition at x/c =  0.3164   58
 Side 2  free  transition at x/c =  0.8119   61

 167   rms: 0.2643E-02   max: -.6200E-01   C at   58  1
       a =  6.000      CL =  0.8380
      Cm = -0.0300     CD =  0.00957   =>   CDf =  0.00505    CDp =  0.00452

 Side 1  free  transition at x/c =  0.3164   58
 Side 2  free  transition at x/c =  0.8119   61

 168   rms: 0.2643E-02   max: -.6200E-01   C at   58  1
       a =  6.000      CL =  0.8380
      Cm = -0.0300     CD =  0.00957   =>   CDf =  0.00505    CDp =  0.00452

 Side 1  free  transition at x/c =  0.3164   58
 Side 2  free  transition at x/c =  0.8119   61

 169   rms: 0.2644E-02   max: -.6200E-01   C at   58  1
       a =  6.000      CL =  0.8380
      Cm = -0.0300     CD =  0.00957   =>   CDf =  0.00505    CDp =  0.00452

 Side 1  free  transition at x/c =  0.3164   58
 Side 2  free  transition at x/c =  0.8119   61

 170   rms: 0.2644E-02   max: -.6201E-01   C at   58  1
       a =  6.000      CL =  0.8380
      Cm = -0.0300     CD =  0.00957   =>   CDf =  0.00505    CDp =  0.00452

 Side 1  free  transition at x/c =  0.3164   58
 Side 2  free  transition at x/c =  0.8119   61

 171   rms: 0.2644E-02   max: -.6200E-01   C at   58  1
       a =  6.000      CL =  0.8380
      Cm = -0.0300     CD =  0.00957   =>   CDf =  0.00505    CDp =  0.00452

 Side 1  free  transition at x/c =  0.3164   58
 Side 2  free  transition at x/c =  0.8119   61

 172   rms: 0.2644E-02   max: -.6201E-01   C at   58  1
       a =  6.000      CL =  0.8380
      Cm = -0.0300     CD =  0.00957   =>   CDf =  0.00505    CDp =  0.00452

 Side 1  free  transition at x/c =  0.3164   58
 Side 2  free  transition at x/c =  0.8119   61

 173   rms: 0.2644E-02   max: -.6200E-01   C at   58  1
       a =  6.000      CL =  0.8380
      Cm = -0.0300     CD =  0.00957   =>   CDf =  0.00505    CDp =  0.00452

 Side 1  free  transition at x/c =  0.3164   58
 Side 2  free  transition at x/c =  0.8119   61

 174   rms: 0.2644E-02   max: -.6201E-01   C at   58  1
       a =  6.000      CL =  0.8380
      Cm = -0.0300     CD =  0.00957   =>   CDf =  0.00505    CDp =  0.00452

 Side 1  free  transition at x/c =  0.3164   58
 Side 2  free  transition at x/c =  0.8119   61

 175   rms: 0.2644E-02   max: -.6200E-01   C at   58  1
       a =  6.000      CL =  0.8380
      Cm = -0.0300     CD =  0.00957   =>   CDf =  0.00505    CDp =  0.00452

 Side 1  free  transition at x/c =  0.3164   58
 Side 2  free  transition at x/c =  0.8119   61

 176   rms: 0.2644E-02   max: -.6200E-01   C at   58  1
       a =  6.000      CL =  0.8380
      Cm = -0.0300     CD =  0.00957   =>   CDf =  0.00505    CDp =  0.00452

 Side 1  free  transition at x/c =  0.3164   58
 Side 2  free  transition at x/c =  0.8119   61

 177   rms: 0.2644E-02   max: -.6201E-01   C at   58  1
       a =  6.000      CL =  0.8380
      Cm = -0.0300     CD =  0.00957   =>   CDf =  0.00505    CDp =  0.00452

 Side 1  free  transition at x/c =  0.3164   58
 Side 2  free  transition at x/c =  0.8119   61

 178   rms: 0.2644E-02   max: -.6200E-01   C at   58  1
       a =  6.000      CL =  0.8380
      Cm = -0.0300     CD =  0.00957   =>   CDf =  0.00505    CDp =  0.00452

 Side 1  free  transition at x/c =  0.3164   58
 Side 2  free  transition at x/c =  0.8119   61

 179   rms: 0.2644E-02   max: -.6200E-01   C at   58  1
       a =  6.000      CL =  0.8380
      Cm = -0.0300     CD =  0.00957   =>   CDf =  0.00505    CDp =  0.00452

 Side 1  free  transition at x/c =  0.3164   58
 Side 2  free  transition at x/c =  0.8119   61

 180   rms: 0.2644E-02   max: -.6200E-01   C at   58  1
       a =  6.000      CL =  0.8380
      Cm = -0.0300     CD =  0.00957   =>   CDf =  0.00505    CDp =  0.00452

 Side 1  free  transition at x/c =  0.3164   58
 Side 2  free  transition at x/c =  0.8119   61

 181   rms: 0.2644E-02   max: -.6201E-01   C at   58  1
       a =  6.000      CL =  0.8380
      Cm = -0.0300     CD =  0.00957   =>   CDf =  0.00505    CDp =  0.00452

 Side 1  free  transition at x/c =  0.3164   58
 Side 2  free  transition at x/c =  0.8119   61

 182   rms: 0.2644E-02   max: -.6200E-01   C at   58  1
       a =  6.000      CL =  0.8380
      Cm = -0.0300     CD =  0.00957   =>   CDf =  0.00505    CDp =  0.00452

 Side 1  free  transition at x/c =  0.3164   58
 Side 2  free  transition at x/c =  0.8119   61

 183   rms: 0.2644E-02   max: -.6200E-01   C at   58  1
       a =  6.000      CL =  0.8380
      Cm = -0.0300     CD =  0.00957   =>   CDf =  0.00505    CDp =  0.00452

 Side 1  free  transition at x/c =  0.3164   58
 Side 2  free  transition at x/c =  0.8119   61

 184   rms: 0.2644E-02   max: -.6201E-01   C at   58  1
       a =  6.000      CL =  0.8380
      Cm = -0.0300     CD =  0.00957   =>   CDf =  0.00505    CDp =  0.00452

 Side 1  free  transition at x/c =  0.3164   58
 Side 2  free  transition at x/c =  0.8119   61

 185   rms: 0.2644E-02   max: -.6200E-01   C at   58  1
       a =  6.000      CL =  0.8380
      Cm = -0.0300     CD =  0.00957   =>   CDf =  0.00505    CDp =  0.00452

 Side 1  free  transition at x/c =  0.3164   58
 Side 2  free  transition at x/c =  0.8119   61

 186   rms: 0.2643E-02   max: -.6200E-01   C at   58  1
       a =  6.000      CL =  0.8380
      Cm = -0.0300     CD =  0.00957   =>   CDf =  0.00505    CDp =  0.00452

 Side 1  free  transition at x/c =  0.3164   58
 Side 2  free  transition at x/c =  0.8119   61

 187   rms: 0.2643E-02   max: -.6200E-01   C at   58  1
       a =  6.000      CL =  0.8380
      Cm = -0.0300     CD =  0.00957   =>   CDf =  0.00505    CDp =  0.00452

 Side 1  free  transition at x/c =  0.3164   58
 Side 2  free  transition at x/c =  0.8119   61

 188   rms: 0.2643E-02   max: -.6200E-01   C at   58  1
       a =  6.000      CL =  0.8380
      Cm = -0.0300     CD =  0.00957   =>   CDf =  0.00505    CDp =  0.00452

 Side 1  free  transition at x/c =  0.3164   58
 Side 2  free  transition at x/c =  0.8119   61

 189   rms: 0.2644E-02   max: -.6200E-01   C at   58  1
       a =  6.000      CL =  0.8380
      Cm = -0.0300     CD =  0.00957   =>   CDf =  0.00505    CDp =  0.00452

 Side 1  free  transition at x/c =  0.3164   58
 Side 2  free  transition at x/c =  0.8119   61

 190   rms: 0.2644E-02   max: -.6200E-01   C at   58  1
       a =  6.000      CL =  0.8380
      Cm = -0.0300     CD =  0.00957   =>   CDf =  0.00505    CDp =  0.00452

 Side 1  free  transition at x/c =  0.3164   58
 Side 2  free  transition at x/c =  0.8119   61

 191   rms: 0.2644E-02   max: -.6201E-01   C at   58  1
       a =  6.000      CL =  0.8380
      Cm = -0.0300     CD =  0.00957   =>   CDf =  0.00505    CDp =  0.00452

 Side 1  free  transition at x/c =  0.3164   58
 Side 2  free  transition at x/c =  0.8119   61

 192   rms: 0.2644E-02   max: -.6201E-01   C at   58  1
       a =  6.000      CL =  0.8380
      Cm = -0.0300     CD =  0.00957   =>   CDf =  0.00505    CDp =  0.00452

 Side 1  free  transition at x/c =  0.3164   58
 Side 2  free  transition at x/c =  0.8119   61

 193   rms: 0.2644E-02   max: -.6200E-01   C at   58  1
       a =  6.000      CL =  0.8380
      Cm = -0.0300     CD =  0.00957   =>   CDf =  0.00505    CDp =  0.00452

 Side 1  free  transition at x/c =  0.3164   58
 Side 2  free  transition at x/c =  0.8119   61

 194   rms: 0.2644E-02   max: -.6200E-01   C at   58  1
       a =  6.000      CL =  0.8380
      Cm = -0.0300     CD =  0.00957   =>   CDf =  0.00505    CDp =  0.00452

 Side 1  free  transition at x/c =  0.3164   58
 Side 2  free  transition at x/c =  0.8119   61

 195   rms: 0.2644E-02   max: -.6200E-01   C at   58  1
       a =  6.000      CL =  0.8380
      Cm = -0.0300     CD =  0.00957   =>   CDf =  0.00505    CDp =  0.00452

 Side 1  free  transition at x/c =  0.3164   58
 Side 2  free  transition at x/c =  0.8119   61

 196   rms: 0.2644E-02   max: -.6200E-01   C at   58  1
       a =  6.000      CL =  0.8380
      Cm = -0.0300     CD =  0.00957   =>   CDf =  0.00505    CDp =  0.00452

 Side 1  free  transition at x/c =  0.3164   58
 Side 2  free  transition at x/c =  0.8119   61

 197   rms: 0.2644E-02   max: -.6201E-01   C at   58  1
       a =  6.000      CL =  0.8380
      Cm = -0.0300     CD =  0.00957   =>   CDf =  0.00505    CDp =  0.00452

 Side 1  free  transition at x/c =  0.3164   58
 Side 2  free  transition at x/c =  0.8119   61

 198   rms: 0.2644E-02   max: -.6201E-01   C at   58  1
       a =  6.000      CL =  0.8380
      Cm = -0.0300     CD =  0.00957   =>   CDf =  0.00505    CDp =  0.00452

 Side 1  free  transition at x/c =  0.3164   58
 Side 2  free  transition at x/c =  0.8119   61

 199   rms: 0.2644E-02   max: -.6200E-01   C at   58  1
       a =  6.000      CL =  0.8380
      Cm = -0.0300     CD =  0.00957   =>   CDf =  0.00505    CDp =  0.00452

 Side 1  free  transition at x/c =  0.3164   58
 Side 2  free  transition at x/c =  0.8119   61

 200   rms: 0.2644E-02   max: -.6200E-01   C at   58  1
       a =  6.000      CL =  0.8380
      Cm = -0.0300     CD =  0.00957   =>   CDf =  0.00505    CDp =  0.00452

 Side 1  free  transition at x/c =  0.3164   58
 Side 2  free  transition at x/c =  0.8119   61

 201   rms: 0.2644E-02   max: -.6201E-01   C at   58  1
       a =  6.000      CL =  0.8380
      Cm = -0.0300     CD =  0.00957   =>   CDf =  0.00505    CDp =  0.00452

 Side 1  free  transition at x/c =  0.3164   58
 Side 2  free  transition at x/c =  0.8119   61

 202   rms: 0.2644E-02   max: -.6201E-01   C at   58  1
       a =  6.000      CL =  0.8380
      Cm = -0.0300     CD =  0.00957   =>   CDf =  0.00505    CDp =  0.00452

 Side 1  free  transition at x/c =  0.3164   58
 Side 2  free  transition at x/c =  0.8119   61

 203   rms: 0.2644E-02   max: -.6200E-01   C at   58  1
       a =  6.000      CL =  0.8380
      Cm = -0.0300     CD =  0.00957   =>   CDf =  0.00505    CDp =  0.00452

 Side 1  free  transition at x/c =  0.3164   58
 Side 2  free  transition at x/c =  0.8119   61

 204   rms: 0.2644E-02   max: -.6200E-01   C at   58  1
       a =  6.000      CL =  0.8380
      Cm = -0.0300     CD =  0.00957   =>   CDf =  0.00505    CDp =  0.00452

 Side 1  free  transition at x/c =  0.3164   58
 Side 2  free  transition at x/c =  0.8119   61

 205   rms: 0.2644E-02   max: -.6200E-01   C at   58  1
       a =  6.000      CL =  0.8380
      Cm = -0.0300     CD =  0.00957   =>   CDf =  0.00505    CDp =  0.00452

 Side 1  free  transition at x/c =  0.3164   58
 Side 2  free  transition at x/c =  0.8119   61

 206   rms: 0.2644E-02   max: -.6200E-01   C at   58  1
       a =  6.000      CL =  0.8380
      Cm = -0.0300     CD =  0.00957   =>   CDf =  0.00505    CDp =  0.00452

 Side 1  free  transition at x/c =  0.3164   58
 Side 2  free  transition at x/c =  0.8119   61

 207   rms: 0.2644E-02   max: -.6200E-01   C at   58  1
       a =  6.000      CL =  0.8380
      Cm = -0.0300     CD =  0.00957   =>   CDf =  0.00505    CDp =  0.00452

 Side 1  free  transition at x/c =  0.3164   58
 Side 2  free  transition at x/c =  0.8119   61

 208   rms: 0.2644E-02   max: -.6200E-01   C at   58  1
       a =  6.000      CL =  0.8380
      Cm = -0.0300     CD =  0.00957   =>   CDf =  0.00505    CDp =  0.00452

 Side 1  free  transition at x/c =  0.3164   58
 Side 2  free  transition at x/c =  0.8119   61

 209   rms: 0.2644E-02   max: -.6200E-01   C at   58  1
       a =  6.000      CL =  0.8380
      Cm = -0.0300     CD =  0.00957   =>   CDf =  0.00505    CDp =  0.00452

 Side 1  free  transition at x/c =  0.3164   58
 Side 2  free  transition at x/c =  0.8119   61

 210   rms: 0.2644E-02   max: -.6200E-01   C at   58  1
       a =  6.000      CL =  0.8380
      Cm = -0.0300     CD =  0.00957   =>   CDf =  0.00505    CDp =  0.00452

 Side 1  free  transition at x/c =  0.3164   58
 Side 2  free  transition at x/c =  0.8119   61

 211   rms: 0.2644E-02   max: -.6201E-01   C at   58  1
       a =  6.000      CL =  0.8380
      Cm = -0.0300     CD =  0.00957   =>   CDf =  0.00505    CDp =  0.00452

 Side 1  free  transition at x/c =  0.3164   58
 Side 2  free  transition at x/c =  0.8119   61

 212   rms: 0.2644E-02   max: -.6200E-01   C at   58  1
       a =  6.000      CL =  0.8380
      Cm = -0.0300     CD =  0.00957   =>   CDf =  0.00505    CDp =  0.00452

 Side 1  free  transition at x/c =  0.3164   58
 Side 2  free  transition at x/c =  0.8119   61

 213   rms: 0.2644E-02   max: -.6200E-01   C at   58  1
       a =  6.000      CL =  0.8380
      Cm = -0.0300     CD =  0.00957   =>   CDf =  0.00505    CDp =  0.00452

 Side 1  free  transition at x/c =  0.3164   58
 Side 2  free  transition at x/c =  0.8119   61

 214   rms: 0.2644E-02   max: -.6200E-01   C at   58  1
       a =  6.000      CL =  0.8380
      Cm = -0.0300     CD =  0.00957   =>   CDf =  0.00505    CDp =  0.00452

 Side 1  free  transition at x/c =  0.3164   58
 Side 2  free  transition at x/c =  0.8119   61

 215   rms: 0.2643E-02   max: -.6200E-01   C at   58  1
       a =  6.000      CL =  0.8380
      Cm = -0.0300     CD =  0.00957   =>   CDf =  0.00505    CDp =  0.00452

 Side 1  free  transition at x/c =  0.3164   58
 Side 2  free  transition at x/c =  0.8119   61

 216   rms: 0.2644E-02   max: -.6200E-01   C at   58  1
       a =  6.000      CL =  0.8380
      Cm = -0.0300     CD =  0.00957   =>   CDf =  0.00505    CDp =  0.00452

 Side 1  free  transition at x/c =  0.3164   58
 Side 2  free  transition at x/c =  0.8119   61

 217   rms: 0.2643E-02   max: -.6200E-01   C at   58  1
       a =  6.000      CL =  0.8380
      Cm = -0.0300     CD =  0.00957   =>   CDf =  0.00505    CDp =  0.00452

 Side 1  free  transition at x/c =  0.3164   58
 Side 2  free  transition at x/c =  0.8119   61

 218   rms: 0.2644E-02   max: -.6200E-01   C at   58  1
       a =  6.000      CL =  0.8380
      Cm = -0.0300     CD =  0.00957   =>   CDf =  0.00505    CDp =  0.00452

 Side 1  free  transition at x/c =  0.3164   58
 Side 2  free  transition at x/c =  0.8119   61

 219   rms: 0.2644E-02   max: -.6200E-01   C at   58  1
       a =  6.000      CL =  0.8380
      Cm = -0.0300     CD =  0.00957   =>   CDf =  0.00505    CDp =  0.00452

 Side 1  free  transition at x/c =  0.3164   58
 Side 2  free  transition at x/c =  0.8119   61

 220   rms: 0.2644E-02   max: -.6200E-01   C at   58  1
       a =  6.000      CL =  0.8380
      Cm = -0.0300     CD =  0.00957   =>   CDf =  0.00505    CDp =  0.00452

 Side 1  free  transition at x/c =  0.3164   58
 Side 2  free  transition at x/c =  0.8119   61

 221   rms: 0.2644E-02   max: -.6200E-01   C at   58  1
       a =  6.000      CL =  0.8380
      Cm = -0.0300     CD =  0.00957   =>   CDf =  0.00505    CDp =  0.00452

 Side 1  free  transition at x/c =  0.3164   58
 Side 2  free  transition at x/c =  0.8119   61

 222   rms: 0.2644E-02   max: -.6200E-01   C at   58  1
       a =  6.000      CL =  0.8380
      Cm = -0.0300     CD =  0.00957   =>   CDf =  0.00505    CDp =  0.00452

 Side 1  free  transition at x/c =  0.3164   58
 Side 2  free  transition at x/c =  0.8119   61

 223   rms: 0.2644E-02   max: -.6201E-01   C at   58  1
       a =  6.000      CL =  0.8380
      Cm = -0.0300     CD =  0.00957   =>   CDf =  0.00505    CDp =  0.00452

 Side 1  free  transition at x/c =  0.3164   58
 Side 2  free  transition at x/c =  0.8119   61

 224   rms: 0.2644E-02   max: -.6201E-01   C at   58  1
       a =  6.000      CL =  0.8380
      Cm = -0.0300     CD =  0.00957   =>   CDf =  0.00505    CDp =  0.00452

 Side 1  free  transition at x/c =  0.3164   58
 Side 2  free  transition at x/c =  0.8119   61

 225   rms: 0.2644E-02   max: -.6200E-01   C at   58  1
       a =  6.000      CL =  0.8380
      Cm = -0.0300     CD =  0.00957   =>   CDf =  0.00505    CDp =  0.00452
 VISCAL:  Convergence failed
 Calculating wake trajectory ...
 Calculating source influence matrix ...

 Solving BL system ...

 Side 1  free  transition at x/c =  0.3164   58
 Side 2  free  transition at x/c =  0.8119   61

   1   rms: 0.1522E+00   max: -.1518E+01   C at   61  2   RLX: 0.329
       a =  7.000      CL =  0.8715
      Cm = -0.0293     CD =  0.00965   =>   CDf =  0.00494    CDp =  0.00471

 Side 1  free  transition at x/c =  0.3078   59
 Side 2  free  transition at x/c =  0.8267   60

   2   rms: 0.9141E-01   max: -.4589E+00   D at   59  1
       a =  7.000      CL =  0.9348
      Cm = -0.0274     CD =  0.01037   =>   CDf =  0.00492    CDp =  0.00545

 Side 1  free  transition at x/c =  0.2876   59
 Side 2  free  transition at x/c =  0.9070   63

   3   rms: 0.1904E-01   max: 0.3264E+00   D at   59  2
       a =  7.000      CL =  0.9285
      Cm = -0.0260     CD =  0.01026   =>   CDf =  0.00487    CDp =  0.00539

 Side 1  free  transition at x/c =  0.2894   59
 Side 2  free  transition at x/c =  0.8957   62

   4   rms: 0.5164E-02   max: -.8346E-01   D at   62  2
       a =  7.000      CL =  0.9293
      Cm = -0.0262     CD =  0.01027   =>   CDf =  0.00488    CDp =  0.00540

 Side 1  free  transition at x/c =  0.2892   59
 Side 2  free  transition at x/c =  0.8866   62

   5   rms: 0.1040E-02   max: -.1997E-01   C at   62  2
       a =  7.000      CL =  0.9295
      Cm = -0.0262     CD =  0.01028   =>   CDf =  0.00490    CDp =  0.00538

 Side 1  free  transition at x/c =  0.2892   59
 Side 2  free  transition at x/c =  0.8870   62

   6   rms: 0.1280E-04   max: -.2199E-03   D at   63  2
       a =  7.000      CL =  0.9295
      Cm = -0.0262     CD =  0.01028   =>   CDf =  0.00489    CDp =  0.00538
 plradd ia,ip,cpol           30           0  6.67340234E-02

 Point added to stored polar  1
 Point written to save file  polar.txt                                       
 Dump file unspecified or not available
 Calculating wake trajectory ...
 Calculating source influence matrix ...

 Solving BL system ...

 Side 1  free  transition at x/c =  0.2892   59
 Side 2  free  transition at x/c =  0.8870   62

   1   rms: 0.1537E+00   max: -.1533E+01   C at   62  2   RLX: 0.326
       a =  8.000      CL =  0.9564
      Cm = -0.0245     CD =  0.01061   =>   CDf =  0.00489    CDp =  0.00572

 Side 1  free  transition at x/c =  0.2798   58
 Side 2  free  transition at x/c =  0.8986   62

   2   rms: 0.9070E-01   max: 0.3538E+00   C at   62  2
       a =  8.000      CL =  1.0251
      Cm = -0.0237     CD =  0.01118   =>   CDf =  0.00483    CDp =  0.00635

 Side 1  free  transition at x/c =  0.2587   58
 Side 2  free  transition at x/c =  0.9704   65

   3   rms: 0.2819E-01   max: 0.5014E+00   D at   61  2
       a =  8.000      CL =  1.0070
      Cm = -0.0198     CD =  0.01135   =>   CDf =  0.00488    CDp =  0.00648

 Side 1  free  transition at x/c =  0.2615   58
 Side 2  free  transition at x/c =  0.9664   65

   4   rms: 0.1188E-01   max: -.1923E+00   D at   65  2
       a =  8.000      CL =  1.0095
      Cm = -0.0204     CD =  0.01133   =>   CDf =  0.00483    CDp =  0.00651

 Side 1  free  transition at x/c =  0.2614   58
 Side 2  free  transition at x/c =  0.9566   64

   5   rms: 0.2241E-02   max: -.4051E-01   C at   64  2
       a =  8.000      CL =  1.0092
      Cm = -0.0204     CD =  0.01134   =>   CDf =  0.00484    CDp =  0.00650

 Side 1  free  transition at x/c =  0.2615   58
 Side 2  free  transition at x/c =  0.9564   64

   6   rms: 0.3906E-04   max: -.6364E-03   D at   66  2
       a =  8.000      CL =  1.0092
      Cm = -0.0204     CD =  0.01134   =>   CDf =  0.00484    CDp =  0.00650
 plradd ia,ip,cpol           31           0  5.54049090E-02

 Point added to stored polar  1
 Point written to save file  polar.txt                                       
 Dump file unspecified or not available
 Calculating wake trajectory ...
 Calculating source influence matrix ...

 Solving BL system ...

 Side 1  free  transition at x/c =  0.2615   58
 Side 2  free  transition at x/c =  0.9564   64

   1   rms: 0.1314E+00   max: 0.6370E+00   C at   58  1
       a =  9.000      CL =  1.0899
      Cm = -0.0148     CD =  0.01239   =>   CDf =  0.00476    CDp =  0.00763

 Side 1  free  transition at x/c =  0.2322   57
 Side 2 forced transition at x/c =  0.9999   66

   2   rms: 0.8147E-01   max: 0.1405E+01   C at   66  2
       a =  9.000      CL =  1.1366
      Cm = -0.0256     CD =  0.01290   =>   CDf =  0.00492    CDp =  0.00798

 Side 1  free  transition at x/c =  0.2307   58
 Side 2 forced transition at x/c =  0.9999   65

   3   rms: 0.6134E-01   max: 0.9360E+00   C at   65  2
       a =  9.000      CL =  1.1594
      Cm = -0.0300     CD =  0.01314   =>   CDf =  0.00498    CDp =  0.00816

 Side 1  free  transition at x/c =  0.2288   58
 Side 2  free  transition at x/c =  0.9663   63

   4   rms: 0.9423E-01   max: -.8827E+00   D at   65  2   RLX: 0.566
       a =  9.000      CL =  1.1056
      Cm = -0.0191     CD =  0.01344   =>   CDf =  0.00499    CDp =  0.00845

 Side 1  free  transition at x/c =  0.2322   58
 Side 2 forced transition at x/c =  0.9999   65

   5   rms: 0.8448E-01   max: 0.1425E+01   C at   65  2
       a =  9.000      CL =  1.1623
      Cm = -0.0304     CD =  0.01318   =>   CDf =  0.00495    CDp =  0.00823

 Side 1  free  transition at x/c =  0.2284   58
 Side 2  free  transition at x/c =  0.9580   62

   6   rms: 0.5399E+00   max: -.6053E+01   C at   62  2   RLX: 0.083
       a =  9.000      CL =  1.2110
      Cm = -0.0421     CD =  0.01448   =>   CDf =  0.00499    CDp =  0.00949

 Side 1  free  transition at x/c =  0.2243   58
 Side 2  free  transition at x/c =  0.9394   61

   7   rms: 0.9854E+00   max: -.1047E+02   C at   61  2   RLX: 0.048
       a =  9.000      CL =  1.2627
      Cm = -0.0539     CD =  0.01568   =>   CDf =  0.00505    CDp =  0.01064

 Side 1  free  transition at x/c =  0.2194   58
 Side 2  free  transition at x/c =  0.9183   60

   8   rms: 0.4425E+01   max: 0.4226E+02   T at   60  2   RLX: 0.013
       a =  9.000      CL =  1.3313
      Cm = -0.0696     CD =  0.01732   =>   CDf =  0.00504    CDp =  0.01228

 Side 1  free  transition at x/c =  0.2144   58
 Side 2  free  transition at x/c =  0.8940   58
 idif Ue xi dudx           1  7.94300139E-02  4.33576107E-03   18.319740    
 Uenew xinew           2  7.15221744E-03  3.90410423E-04

   9   rms: 0.9033E+00   max: -.7033E+01   T at   58  2   RLX: 0.071
       a =  9.000      CL =  1.2536
      Cm = -0.0563     CD =  0.01765   =>   CDf =  0.00528    CDp =  0.01237

 MRCHDU: Convergence failed at  60  side 2    Res =  0.6549E+01
 MRCHDU: Convergence failed at  61  side 2    Res =  0.6646E+02
 MRCHDU: Convergence failed at  62  side 2    Res =  0.3789E+01
 Side 1  free  transition at x/c =  0.2183   58
 Side 2  free  transition at x/c =  0.9312   61

  10   rms: 0.2556E+00   max: -.1925E+01   D at   64  2   RLX: 0.260
       a =  9.000      CL =  1.1530
      Cm = -0.0276     CD =  0.01378   =>   CDf =  0.00513    CDp =  0.00866

 MRCHDU: Convergence failed at  64  side 2    Res =  0.7025E+02
 Side 1  free  transition at x/c =  0.2285   58
 Side 2 forced transition at x/c =  0.9999   65

  11   rms: 0.5493E-01   max: 0.5638E+00   D at   62  2
       a =  9.000      CL =  1.1242
      Cm = -0.0231     CD =  0.01287   =>   CDf =  0.00504    CDp =  0.00783

 Side 1  free  transition at x/c =  0.2312   58
 Side 2 forced transition at x/c =  0.9999   65

  12   rms: 0.5879E-01   max: 0.1023E+01   C at   65  2
       a =  9.000      CL =  1.1447
      Cm = -0.0271     CD =  0.01302   =>   CDf =  0.00498    CDp =  0.00804

 Side 1  free  transition at x/c =  0.2299   58
 Side 2  free  transition at x/c =  0.9852   64

  13   rms: 0.3795E-01   max: -.5134E+00   D at   65  2   RLX: 0.974
       a =  9.000      CL =  1.1066
      Cm = -0.0191     CD =  0.01290   =>   CDf =  0.00498    CDp =  0.00792

 Side 1  free  transition at x/c =  0.2322   58
 Side 2 forced transition at x/c =  0.9999   65

  14   rms: 0.7082E-01   max: 0.1460E+01   C at   65  2
       a =  9.000      CL =  1.1433
      Cm = -0.0266     CD =  0.01306   =>   CDf =  0.00495    CDp =  0.00811

 Side 1  free  transition at x/c =  0.2299   58
 Side 2  free  transition at x/c =  0.9685   63
 idif Ue xi dudx           1  7.19260275E-02  3.86559963E-03   18.606693    
 Uenew xinew           2  7.94076477E-04  4.26769257E-05

  15   rms: 0.9777E-01   max: -.1018E+01   T at   63  2   RLX: 0.491
       a =  9.000      CL =  1.0981
      Cm = -0.0177     CD =  0.01350   =>   CDf =  0.00505    CDp =  0.00845

 MRCHDU: Convergence failed at  66  side 2    Res =  0.3606E+01
 Side 1  free  transition at x/c =  0.2327   57
 Side 2 forced transition at x/c =  0.9999   66

  16   rms: 0.1285E+00   max: 0.1584E+01   D at    2  2   RLX: 0.661
       a =  9.000      CL =  1.1425
      Cm = -0.0265     CD =  0.01298   =>   CDf =  0.00487    CDp =  0.00811

 Side 1  free  transition at x/c =  0.2299   58
 Side 2  free  transition at x/c =  0.9665   63

  17   rms: 0.9168E-01   max: -.9632E+00   T at   63  2   RLX: 0.519
       a =  9.000      CL =  1.1025
      Cm = -0.0188     CD =  0.01350   =>   CDf =  0.00497    CDp =  0.00853

 Side 1  free  transition at x/c =  0.2325   58
 Side 2  free  transition at x/c =  0.9944   65

  18   rms: 0.1132E-01   max: -.1440E+00   D at   65  2
       a =  9.000      CL =  1.1147
      Cm = -0.0209     CD =  0.01290   =>   CDf =  0.00494    CDp =  0.00796

 Side 1  free  transition at x/c =  0.2319   58
 Side 2  free  transition at x/c =  0.9938   65

  19   rms: 0.5304E-03   max: -.8933E-02   C at   65  2
       a =  9.000      CL =  1.1143
      Cm = -0.0208     CD =  0.01290   =>   CDf =  0.00495    CDp =  0.00795

 Side 1  free  transition at x/c =  0.2319   58
 Side 2  free  transition at x/c =  0.9939   65

  20   rms: 0.3946E-05   max: 0.6323E-04   C at   65  2
       a =  9.000      CL =  1.1143
      Cm = -0.0208     CD =  0.01290   =>   CDf =  0.00495    CDp =  0.00795
 plradd ia,ip,cpol           32           0  4.10384201E-02

 Point added to stored polar  1
 Point written to save file  polar.txt                                       
 Dump file unspecified or not available
 Calculating wake trajectory ...
 Calculating source influence matrix ...

 Solving BL system ...

 Side 1  free  transition at x/c =  0.2319   58
 Side 2  free  transition at x/c =  0.9939   65

   1   rms: 0.1484E+00   max: 0.4336E+00   D at   65  2
       a = 10.000      CL =  1.2496
      Cm = -0.0275     CD =  0.01427   =>   CDf =  0.00488    CDp =  0.00939

 Side 1  free  transition at x/c =  0.2009   57
 Side 2  free  transition at x/c =  0.9992   64

   2   rms: 0.1881E-01   max: -.1731E+00   C at   57  1
       a = 10.000      CL =  1.2344
      Cm = -0.0253     CD =  0.01492   =>   CDf =  0.00515    CDp =  0.00977

 Side 1  free  transition at x/c =  0.2031   57
 Side 2 forced transition at x/c =  0.9999   64

   3   rms: 0.6070E-01   max: -.6110E+00   D at   64  2   RLX: 0.818
       a = 10.000      CL =  1.1939
      Cm = -0.0174     CD =  0.01469   =>   CDf =  0.00510    CDp =  0.00959

 Side 1  free  transition at x/c =  0.2052   58
 Side 2 forced transition at x/c =  0.9999   64

   4   rms: 0.1505E-01   max: 0.2313E+00   C at   64  2
       a = 10.000      CL =  1.1973
      Cm = -0.0179     CD =  0.01461   =>   CDf =  0.00510    CDp =  0.00951

 Side 1  free  transition at x/c =  0.2062   58
 Side 2 forced transition at x/c =  0.9999   64

   5   rms: 0.4914E-02   max: 0.8900E-01   C at   64  2
       a = 10.000      CL =  1.1988
      Cm = -0.0182     CD =  0.01463   =>   CDf =  0.00507    CDp =  0.00955

 Side 1  free  transition at x/c =  0.2059   58
 Side 2 forced transition at x/c =  0.9999   64

   6   rms: 0.5466E-03   max: 0.1030E-01   C at   64  2
       a = 10.000      CL =  1.1990
      Cm = -0.0183     CD =  0.01463   =>   CDf =  0.00507    CDp =  0.00955

 Side 1  free  transition at x/c =  0.2059   58
 Side 2 forced transition at x/c =  0.9999   64

   7   rms: 0.6119E-05   max: 0.1142E-03   C at   64  2
       a = 10.000      CL =  1.1990
      Cm = -0.0183     CD =  0.01463   =>   CDf =  0.00507    CDp =  0.00955
 plradd ia,ip,cpol           33           0  3.68647017E-02

 Point added to stored polar  1
 Point written to save file  polar.txt                                       
 Dump file unspecified or not available
 Calculating wake trajectory ...
 Calculating source influence matrix ...

 Solving BL system ...

 Side 1  free  transition at x/c =  0.2059   58
 Side 2 forced transition at x/c =  0.9999   64

   1   rms: 0.1414E+00   max: -.1248E+01   C at   64  2   RLX: 0.401
       a = 11.000      CL =  1.2143
      Cm = -0.0139     CD =  0.01550   =>   CDf =  0.00507    CDp =  0.01042

 Side 1  free  transition at x/c =  0.1976   57
 Side 2 forced transition at x/c =  0.9999   64

   2   rms: 0.7949E-01   max: 0.5110E+00   C at   57  1
       a = 11.000      CL =  1.2641
      Cm = -0.0123     CD =  0.01656   =>   CDf =  0.00499    CDp =  0.01157

 Side 1  free  transition at x/c =  0.1836   57
 Side 2 forced transition at x/c =  0.9999   63

   3   rms: 0.6112E-02   max: 0.6206E-01   D at   91  1
       a = 11.000      CL =  1.2605
      Cm = -0.0119     CD =  0.01671   =>   CDf =  0.00515    CDp =  0.01156

 Side 1  free  transition at x/c =  0.1842   57
 Side 2 forced transition at x/c =  0.9999   63

   4   rms: 0.5437E-03   max: -.5062E-02   D at   91  1
       a = 11.000      CL =  1.2609
      Cm = -0.0120     CD =  0.01669   =>   CDf =  0.00514    CDp =  0.01155

 Side 1  free  transition at x/c =  0.1842   57
 Side 2 forced transition at x/c =  0.9999   63

   5   rms: 0.5842E-05   max: -.4830E-04   D at   91  1
       a = 11.000      CL =  1.2609
      Cm = -0.0120     CD =  0.01669   =>   CDf =  0.00514    CDp =  0.01155
 plradd ia,ip,cpol           34           0  3.29688005E-02

 Point added to stored polar  1
 Point written to save file  polar.txt                                       
 Dump file unspecified or not available
 Calculating wake trajectory ...
 Calculating source influence matrix ...

 Solving BL system ...

 Side 1  free  transition at x/c =  0.1842   57
 Side 2 forced transition at x/c =  0.9999   63

   1   rms: 0.1302E+00   max: 0.8077E+00   C at   57  1   RLX: 0.841
       a = 12.000      CL =  1.3168
      Cm = -0.0080     CD =  0.01874   =>   CDf =  0.00503    CDp =  0.01371

 Side 1  free  transition at x/c =  0.1648   57
 Side 2 forced transition at x/c =  0.9999   62

   2   rms: 0.2557E-01   max: 0.1668E+00   D at   91  1
       a = 12.000      CL =  1.3196
      Cm = -0.0068     CD =  0.01966   =>   CDf =  0.00526    CDp =  0.01440

 Side 1  free  transition at x/c =  0.1630   56
 Side 2 forced transition at x/c =  0.9999   62

   3   rms: 0.2136E-02   max: 0.3313E-01   D at   90  1
       a = 12.000      CL =  1.3204
      Cm = -0.0069     CD =  0.01960   =>   CDf =  0.00521    CDp =  0.01438

 Side 1  free  transition at x/c =  0.1632   56
 Side 2 forced transition at x/c =  0.9999   62

   4   rms: 0.2164E-03   max: -.1752E-02   D at   90  1
       a = 12.000      CL =  1.3205
      Cm = -0.0069     CD =  0.01959   =>   CDf =  0.00521    CDp =  0.01438

 Side 1  free  transition at x/c =  0.1632   56
 Side 2 forced transition at x/c =  0.9999   62

   5   rms: 0.3810E-05   max: -.2596E-04   C at   62  2
       a = 12.000      CL =  1.3205
      Cm = -0.0069     CD =  0.01959   =>   CDf =  0.00521    CDp =  0.01438
 plradd ia,ip,cpol           35           0  2.59525813E-02

 Point added to stored polar  1
 Point written to save file  polar.txt                                       
 Dump file unspecified or not available
 Calculating wake trajectory ...
 Calculating source influence matrix ...

 Solving BL system ...

 Side 1  free  transition at x/c =  0.1632   56
 Side 2 forced transition at x/c =  0.9999   62

   1   rms: 0.1199E+00   max: -.3677E+00   C at   62  2   RLX: 0.825
       a = 13.000      CL =  1.3795
      Cm = -0.0043     CD =  0.02174   =>   CDf =  0.00509    CDp =  0.01665

 Side 1  free  transition at x/c =  0.1468   56
 Side 2 forced transition at x/c =  0.9999   61

   2   rms: 0.2708E-01   max: 0.2080E+00   D at   90  1
       a = 13.000      CL =  1.3764
      Cm = -0.0026     CD =  0.02320   =>   CDf =  0.00527    CDp =  0.01793

 Side 1  free  transition at x/c =  0.1456   56
 Side 2 forced transition at x/c =  0.9999   61

   3   rms: 0.2199E-02   max: 0.4027E-01   D at   89  1
       a = 13.000      CL =  1.3762
      Cm = -0.0026     CD =  0.02316   =>   CDf =  0.00523    CDp =  0.01793

 Side 1  free  transition at x/c =  0.1454   56
 Side 2 forced transition at x/c =  0.9999   61

   4   rms: 0.1234E-03   max: -.8376E-03   D at   89  1
       a = 13.000      CL =  1.3763
      Cm = -0.0026     CD =  0.02315   =>   CDf =  0.00523    CDp =  0.01793

 Side 1  free  transition at x/c =  0.1454   56
 Side 2 forced transition at x/c =  0.9999   61

   5   rms: 0.4733E-05   max: 0.3652E-04   n at   60  2
       a = 13.000      CL =  1.3763
      Cm = -0.0026     CD =  0.02315   =>   CDf =  0.00523    CDp =  0.01793
 plradd ia,ip,cpol           36           0  2.28075795E-02

 Point added to stored polar  1
 Point written to save file  polar.txt                                       
 Dump file unspecified or not available
 Calculating wake trajectory ...
 Calculating source influence matrix ...

 Solving BL system ...

 Side 1  free  transition at x/c =  0.1454   56
 Side 2 forced transition at x/c =  0.9999   61

   1   rms: 0.1308E+00   max: -.6732E+00   D at   56  1   RLX: 0.711
       a = 14.000      CL =  1.4101
      Cm =  0.0005     CD =  0.02640   =>   CDf =  0.00509    CDp =  0.02131

 Side 1  free  transition at x/c =  0.1336   56
 Side 2 forced transition at x/c =  0.9999   60

   2   rms: 0.4006E-01   max: 0.2371E+00   D at   89  1
       a = 14.000      CL =  1.4199
      Cm =  0.0015     CD =  0.02812   =>   CDf =  0.00524    CDp =  0.02287

 Side 1  free  transition at x/c =  0.1298   55
 Side 2 forced transition at x/c =  0.9999   60

   3   rms: 0.2932E-02   max: 0.4857E-01   D at   88  1
       a = 14.000      CL =  1.4212
      Cm =  0.0014     CD =  0.02793   =>   CDf =  0.00522    CDp =  0.02270

 Side 1  free  transition at x/c =  0.1296   55
 Side 2 forced transition at x/c =  0.9999   60

   4   rms: 0.5404E-03   max: -.4518E-02   D at   88  1
       a = 14.000      CL =  1.4215
      Cm =  0.0014     CD =  0.02790   =>   CDf =  0.00523    CDp =  0.02267

 Side 1  free  transition at x/c =  0.1296   55
 Side 2 forced transition at x/c =  0.9999   60

   5   rms: 0.1738E-04   max: -.1050E-03   D at   70  2
       a = 14.000      CL =  1.4216
      Cm =  0.0014     CD =  0.02790   =>   CDf =  0.00523    CDp =  0.02267
 plradd ia,ip,cpol           37           0  1.98908821E-02

 Point added to stored polar  1
 Point written to save file  polar.txt                                       
 Dump file unspecified or not available
 Calculating wake trajectory ...
 Calculating source influence matrix ...

 Solving BL system ...

 Side 1  free  transition at x/c =  0.1296   55
 Side 2 forced transition at x/c =  0.9999   60

   1   rms: 0.1155E+00   max: 0.3358E+00   D at   86  1   RLX: 0.645
       a = 15.000      CL =  1.4590
      Cm =  0.0029     CD =  0.03072   =>   CDf =  0.00507    CDp =  0.02565

 Side 1  free  transition at x/c =  0.1194   55
 Side 2 forced transition at x/c =  0.9999   59

   2   rms: 0.4676E-01   max: 0.2865E+00   D at   88  1
       a = 15.000      CL =  1.4624
      Cm =  0.0043     CD =  0.03372   =>   CDf =  0.00525    CDp =  0.02847

 Side 1  free  transition at x/c =  0.1163   55
 Side 2 forced transition at x/c =  0.9999   59

   3   rms: 0.5266E-02   max: 0.8753E-01   D at   87  1
       a = 15.000      CL =  1.4595
      Cm =  0.0045     CD =  0.03374   =>   CDf =  0.00518    CDp =  0.02856

 Side 1  free  transition at x/c =  0.1164   55
 Side 2 forced transition at x/c =  0.9999   59

   4   rms: 0.1375E-02   max: -.1289E-01   D at   87  1
       a = 15.000      CL =  1.4604
      Cm =  0.0045     CD =  0.03362   =>   CDf =  0.00517    CDp =  0.02845

 Side 1  free  transition at x/c =  0.1164   55
 Side 2 forced transition at x/c =  0.9999   59

   5   rms: 0.5895E-04   max: -.3333E-03   D at   70  2
       a = 15.000      CL =  1.4605
      Cm =  0.0045     CD =  0.03363   =>   CDf =  0.00517    CDp =  0.02846
 plradd ia,ip,cpol           38           0  1.98908821E-02

 Point added to stored polar  1
 Point written to save file  polar.txt                                       
 Dump file unspecified or not available
 Calculating wake trajectory ...
 Calculating source influence matrix ...

 Solving BL system ...

 Side 1  free  transition at x/c =  0.1164   55
 Side 2 forced transition at x/c =  0.9999   59

   1   rms: 0.1203E+00   max: 0.5835E+00   C at   55  1   RLX: 0.567
       a = 16.000      CL =  1.4832
      Cm =  0.0057     CD =  0.03726   =>   CDf =  0.00501    CDp =  0.03225

 Side 1  free  transition at x/c =  0.1094   55
 Side 2 forced transition at x/c =  0.9999   58

   2   rms: 0.5231E-01   max: 0.2704E+00   D at   87  1
       a = 16.000      CL =  1.4947
      Cm =  0.0066     CD =  0.04051   =>   CDf =  0.00516    CDp =  0.03534

 Side 1  free  transition at x/c =  0.1041   55
 Side 2 forced transition at x/c =  0.9999   58

   3   rms: 0.1130E-01   max: 0.1159E+00   D at   86  1
       a = 16.000      CL =  1.4861
      Cm =  0.0070     CD =  0.04105   =>   CDf =  0.00514    CDp =  0.03591

 Side 1  free  transition at x/c =  0.1050   55
 Side 2 forced transition at x/c =  0.9999   58

   4   rms: 0.1879E-02   max: 0.2749E-01   D at   85  1
       a = 16.000      CL =  1.4850
      Cm =  0.0070     CD =  0.04108   =>   CDf =  0.00510    CDp =  0.03598

 Side 1  free  transition at x/c =  0.1050   55
 Side 2 forced transition at x/c =  0.9999   58

   5   rms: 0.7973E-04   max: 0.4391E-03   D at   70  2
       a = 16.000      CL =  1.4849
      Cm =  0.0070     CD =  0.04107   =>   CDf =  0.00510    CDp =  0.03598
 plradd ia,ip,cpol           39           0  1.71940569E-02

 Point added to stored polar  1
 Point written to save file  polar.txt                                       
 Dump file unspecified or not available
 Calculating wake trajectory ...
 Calculating source influence matrix ...

 Solving BL system ...

 Side 1  free  transition at x/c =  0.1050   55
 Side 2 forced transition at x/c =  0.9999   58

   1   rms: 0.1285E+00   max: -.6105E+00   D at   55  1   RLX: 0.494
       a = 17.000      CL =  1.4913
      Cm =  0.0077     CD =  0.04598   =>   CDf =  0.00492    CDp =  0.04106

 Side 1  free  transition at x/c =  0.1005   55
 Side 2 forced transition at x/c =  0.9999   57

   2   rms: 0.5968E-01   max: 0.3391E+00   D at   85  1
       a = 17.000      CL =  1.5048
      Cm =  0.0082     CD =  0.05002   =>   CDf =  0.00503    CDp =  0.04499

 Side 1  free  transition at x/c =  0.0947   55
 Side 2 forced transition at x/c =  0.9999   57

   3   rms: 0.1207E-01   max: 0.1450E+00   D at   84  1
       a = 17.000      CL =  1.4955
      Cm =  0.0085     CD =  0.05047   =>   CDf =  0.00502    CDp =  0.04545

 Side 1  free  transition at x/c =  0.0955   55
 Side 2 forced transition at x/c =  0.9999   57

   4   rms: 0.3154E-02   max: -.2962E-01   D at   84  1
       a = 17.000      CL =  1.4977
      Cm =  0.0086     CD =  0.05006   =>   CDf =  0.00497    CDp =  0.04508

 Side 1  free  transition at x/c =  0.0953   55
 Side 2 forced transition at x/c =  0.9999   57

   5   rms: 0.2128E-03   max: -.1047E-02   D at   69  2
       a = 17.000      CL =  1.4979
      Cm =  0.0086     CD =  0.05008   =>   CDf =  0.00498    CDp =  0.04510

 Side 1  free  transition at x/c =  0.0953   55
 Side 2 forced transition at x/c =  0.9999   57

   6   rms: 0.5704E-05   max: -.3935E-04   D at   69  2
       a = 17.000      CL =  1.4979
      Cm =  0.0086     CD =  0.05008   =>   CDf =  0.00498    CDp =  0.04510
 plradd ia,ip,cpol           40           0  1.47096245E-02

 Point added to stored polar  1
 Point written to save file  polar.txt                                       
 Dump file unspecified or not available
 Calculating wake trajectory ...
 Calculating source influence matrix ...

 Solving BL system ...

 Side 1  free  transition at x/c =  0.0953   55
 Side 2 forced transition at x/c =  0.9999   57

   1   rms: 0.1218E+00   max: 0.5697E+00   D at   82  1   RLX: 0.442
       a = 18.000      CL =  1.5010
      Cm =  0.0088     CD =  0.05502   =>   CDf =  0.00499    CDp =  0.05003

 Side 1  free  transition at x/c =  0.0915   54
 Side 2 forced transition at x/c =  0.9999   57

   2   rms: 0.6275E-01   max: 0.3184E+00   D at   83  1
       a = 18.000      CL =  1.5147
      Cm =  0.0087     CD =  0.06001   =>   CDf =  0.00472    CDp =  0.05529

 Side 1  free  transition at x/c =  0.0867   55
 Side 2 forced transition at x/c =  0.9999   56

   3   rms: 0.1854E-01   max: 0.1694E+00   D at   83  1
       a = 18.000      CL =  1.4998
      Cm =  0.0090     CD =  0.06096   =>   CDf =  0.00488    CDp =  0.05608

 Side 1  free  transition at x/c =  0.0870   55
 Side 2 forced transition at x/c =  0.9999   56

   4   rms: 0.3176E-02   max: 0.4569E-01   D at   82  1
       a = 18.000      CL =  1.4977
      Cm =  0.0091     CD =  0.06097   =>   CDf =  0.00484    CDp =  0.05613

 Side 1  free  transition at x/c =  0.0870   55
 Side 2 forced transition at x/c =  0.9999   56

   5   rms: 0.3470E-03   max: -.3473E-02   D at   82  1
       a = 18.000      CL =  1.4979
      Cm =  0.0091     CD =  0.06089   =>   CDf =  0.00483    CDp =  0.05606

 Side 1  free  transition at x/c =  0.0870   55
 Side 2 forced transition at x/c =  0.9999   56

   6   rms: 0.2790E-04   max: -.1271E-03   D at   69  2
       a = 18.000      CL =  1.4979
      Cm =  0.0091     CD =  0.06089   =>   CDf =  0.00483    CDp =  0.05606
 plradd ia,ip,cpol           41           0  1.47096245E-02

 Point added to stored polar  1
 Point written to save file  polar.txt                                       
 Dump file unspecified or not available
 Calculating wake trajectory ...
 Calculating source influence matrix ...

 Solving BL system ...

 Side 1  free  transition at x/c =  0.0870   55
 Side 2 forced transition at x/c =  0.9999   56

   1   rms: 0.1254E+00   max: 0.6852E+00   D at   81  1   RLX: 0.391
       a = 19.000      CL =  1.4925
      Cm =  0.0087     CD =  0.06667   =>   CDf =  0.00484    CDp =  0.06183

 Side 1  free  transition at x/c =  0.0842   54
 Side 2 forced transition at x/c =  0.9999   56

   2   rms: 0.6649E-01   max: 0.4010E+00   D at   81  1
       a = 19.000      CL =  1.5009
      Cm =  0.0080     CD =  0.07322   =>   CDf =  0.00454    CDp =  0.06868

 Side 1  free  transition at x/c =  0.0799   55
 Side 2 forced transition at x/c =  0.9999   55
 idif Ue xi dudx           1  6.19796291E-02  5.99610806E-03   10.336643    
 Uenew xinew           2  3.14709987E-03  3.04460526E-04

   3   rms: 0.3928E-01   max: -.6215E+00   T at    2  1   RLX: 0.805
       a = 19.000      CL =  1.4910
      Cm =  0.0081     CD =  0.07316   =>   CDf =  0.00489    CDp =  0.06827

 Side 1  free  transition at x/c =  0.0802   54
 Side 2 forced transition at x/c =  0.9999   56

   4   rms: 0.1955E-02   max: -.1803E-01   D at   81  1
       a = 19.000      CL =  1.4907
      Cm =  0.0085     CD =  0.07291   =>   CDf =  0.00465    CDp =  0.06826

 Side 1  free  transition at x/c =  0.0802   54
 Side 2 forced transition at x/c =  0.9999   56

   5   rms: 0.2105E-03   max: 0.2037E-02   D at    4  2
       a = 19.000      CL =  1.4908
      Cm =  0.0085     CD =  0.07291   =>   CDf =  0.00465    CDp =  0.06826

 Side 1  free  transition at x/c =  0.0802   54
 Side 2 forced transition at x/c =  0.9999   56

   6   rms: 0.4601E-05   max: -.2474E-04   D at   70  2
       a = 19.000      CL =  1.4908
      Cm =  0.0085     CD =  0.07291   =>   CDf =  0.00465    CDp =  0.06826
 plradd ia,ip,cpol           42           0  1.24317231E-02

 Point added to stored polar  1
 Point written to save file  polar.txt                                       
 Dump file unspecified or not available
 Calculating wake trajectory ...
 Calculating source influence matrix ...

 Solving BL system ...

 Side 1  free  transition at x/c =  0.0802   54
 Side 2 forced transition at x/c =  0.9999   56

   1   rms: 0.1164E+00   max: 0.6307E+00   D at   79  1   RLX: 0.355
       a = 20.000      CL =  1.4861
      Cm =  0.0078     CD =  0.07837   =>   CDf =  0.00446    CDp =  0.07391

 Side 1  free  transition at x/c =  0.0779   54
 Side 2 forced transition at x/c =  0.9999   55

   2   rms: 0.6925E-01   max: 0.4119E+00   D at   80  1
       a = 20.000      CL =  1.4891
      Cm =  0.0063     CD =  0.08660   =>   CDf =  0.00458    CDp =  0.08202

 Side 1  free  transition at x/c =  0.0738   54
 Side 2 forced transition at x/c =  0.9999   55

   3   rms: 0.2289E-01   max: 0.2457E+00   D at   79  1
       a = 20.000      CL =  1.4712
      Cm =  0.0063     CD =  0.08749   =>   CDf =  0.00450    CDp =  0.08299

 Side 1  free  transition at x/c =  0.0743   54
 Side 2 forced transition at x/c =  0.9999   55

   4   rms: 0.5554E-02   max: -.6085E-01   D at   79  1
       a = 20.000      CL =  1.4752
      Cm =  0.0067     CD =  0.08623   =>   CDf =  0.00444    CDp =  0.08179

 Side 1  free  transition at x/c =  0.0742   54
 Side 2 forced transition at x/c =  0.9999   55

   5   rms: 0.4367E-03   max: -.2063E-02   D at   72  2
       a = 20.000      CL =  1.4756
      Cm =  0.0066     CD =  0.08628   =>   CDf =  0.00445    CDp =  0.08183

 Side 1  free  transition at x/c =  0.0742   54
 Side 2 forced transition at x/c =  0.9999   55

   6   rms: 0.1901E-04   max: -.1337E-03   D at   70  2
       a = 20.000      CL =  1.4756
      Cm =  0.0066     CD =  0.08629   =>   CDf =  0.00446    CDp =  0.08183
 plradd ia,ip,cpol           43           0  1.24317231E-02

 Point added to stored polar  1
 Point written to save file  polar.txt                                       
 Dump file unspecified or not available
 Calculating wake trajectory ...
 Calculating source influence matrix ...

 Solving BL system ...

 Side 1  free  transition at x/c =  0.0742   54
 Side 2 forced transition at x/c =  0.9999   55

   1   rms: 0.1321E+00   max: 0.8366E+00   D at   77  1   RLX: 0.317
       a = 21.000      CL =  1.4624
      Cm =  0.0052     CD =  0.09296   =>   CDf =  0.00447    CDp =  0.08850

 Side 1  free  transition at x/c =  0.0725   53
 Side 2 forced transition at x/c =  0.9999   55

   2   rms: 0.6277E-01   max: 0.2907E+00   D at   77  1
       a = 21.000      CL =  1.4808
      Cm =  0.0039     CD =  0.09915   =>   CDf =  0.00418    CDp =  0.09497

 Side 1  free  transition at x/c =  0.0682   54
 Side 2 forced transition at x/c =  0.9999   54

   3   rms: 0.2923E-01   max: 0.2341E+00   D at   78  1
       a = 21.000      CL =  1.4567
      Cm =  0.0033     CD =  0.10141   =>   CDf =  0.00433    CDp =  0.09708

 Side 1  free  transition at x/c =  0.0689   54
 Side 2 forced transition at x/c =  0.9999   54

   4   rms: 0.3740E-02   max: 0.5538E-01   D at   77  1
       a = 21.000      CL =  1.4545
      Cm =  0.0034     CD =  0.10095   =>   CDf =  0.00424    CDp =  0.09671

 Side 1  free  transition at x/c =  0.0690   54
 Side 2 forced transition at x/c =  0.9999   54

   5   rms: 0.2095E-03   max: 0.2685E-02   D at   70  2
       a = 21.000      CL =  1.4545
      Cm =  0.0035     CD =  0.10082   =>   CDf =  0.00424    CDp =  0.09658

 Side 1  free  transition at x/c =  0.0690   54
 Side 2 forced transition at x/c =  0.9999   54

   6   rms: 0.5572E-05   max: -.2759E-04   T at   70  2
       a = 21.000      CL =  1.4545
      Cm =  0.0035     CD =  0.10082   =>   CDf =  0.00424    CDp =  0.09658
 plradd ia,ip,cpol           44           0  1.24317231E-02

 Point added to stored polar  1
 Point written to save file  polar.txt                                       
 Dump file unspecified or not available
 Calculating wake trajectory ...
 Calculating source influence matrix ...

 Solving BL system ...

 Side 1  free  transition at x/c =  0.0690   54
 Side 2 forced transition at x/c =  0.9999   54

   1   rms: 0.1145E+00   max: 0.7231E+00   D at   76  1   RLX: 0.293
       a = 22.000      CL =  1.4467
      Cm =  0.0019     CD =  0.10660   =>   CDf =  0.00425    CDp =  0.10235

 Side 1  free  transition at x/c =  0.0673   54
 Side 2 forced transition at x/c =  0.9999   54

   2   rms: 0.7711E-01   max: 0.5006E+00   D at   76  1
       a = 22.000      CL =  1.4340
      Cm = -0.0015     CD =  0.11900   =>   CDf =  0.00420    CDp =  0.11480

 Side 1  free  transition at x/c =  0.0637   53
 Side 2 forced transition at x/c =  0.9999   54

   3   rms: 0.1641E-01   max: -.1816E+00   D at   53  1
       a = 22.000      CL =  1.4381
      Cm = -0.0009     CD =  0.11523   =>   CDf =  0.00405    CDp =  0.11117

 Side 1  free  transition at x/c =  0.0641   53
 Side 2 forced transition at x/c =  0.9999   54

   4   rms: 0.9958E-02   max: 0.8729E-01   D at   75  1
       a = 22.000      CL =  1.4309
      Cm = -0.0013     CD =  0.11641   =>   CDf =  0.00405    CDp =  0.11236

 Side 1  free  transition at x/c =  0.0641   53
 Side 2 forced transition at x/c =  0.9999   54

   5   rms: 0.1390E-02   max: -.1465E-01   D at   75  1
       a = 22.000      CL =  1.4314
      Cm = -0.0011     CD =  0.11595   =>   CDf =  0.00403    CDp =  0.11192

 Side 1  free  transition at x/c =  0.0641   53
 Side 2 forced transition at x/c =  0.9999   54

   6   rms: 0.1574E-03   max: -.7111E-03   D at   75  1
       a = 22.000      CL =  1.4316
      Cm = -0.0011     CD =  0.11594   =>   CDf =  0.00403    CDp =  0.11191

 Side 1  free  transition at x/c =  0.0641   53
 Side 2 forced transition at x/c =  0.9999   54

   7   rms: 0.1373E-04   max: -.7581E-04   D at   70  2
       a = 22.000      CL =  1.4316
      Cm = -0.0011     CD =  0.11595   =>   CDf =  0.00403    CDp =  0.11191
 plradd ia,ip,cpol           45           0  1.03551224E-02

 Point added to stored polar  1
 Point written to save file  polar.txt                                       
 Dump file unspecified or not available
 Calculating wake trajectory ...
 Calculating source influence matrix ...

 Solving BL system ...

 Side 1  free  transition at x/c =  0.0641   53
 Side 2 forced transition at x/c =  0.9999   54

   1   rms: 0.9865E-01   max: 0.5970E+00   D at   74  1   RLX: 0.272
       a = 23.000      CL =  1.4290
      Cm = -0.0028     CD =  0.12074   =>   CDf =  0.00405    CDp =  0.11669

 Side 1  free  transition at x/c =  0.0627   53
 Side 2 forced transition at x/c =  0.9999   54

   2   rms: 0.7346E-01   max: 0.4702E+00   D at   74  1
       a = 23.000      CL =  1.4221
      Cm = -0.0071     CD =  0.13334   =>   CDf =  0.00381    CDp =  0.12954

 Side 1  free  transition at x/c =  0.0597   53
 Side 2 forced transition at x/c =  0.9999   53

   3   rms: 0.1534E-01   max: 0.1548E+00   D at   74  1
       a = 23.000      CL =  1.4161
      Cm = -0.0070     CD =  0.13104   =>   CDf =  0.00389    CDp =  0.12715

 Side 1  free  transition at x/c =  0.0596   53
 Side 2 forced transition at x/c =  0.9999   53

   4   rms: 0.1229E-01   max: 0.1135E+00   D at   74  1
       a = 23.000      CL =  1.4074
      Cm = -0.0075     CD =  0.13218   =>   CDf =  0.00386    CDp =  0.12832

 Side 1  free  transition at x/c =  0.0596   53
 Side 2 forced transition at x/c =  0.9999   53

   5   rms: 0.2536E-02   max: -.2508E-01   D at   74  1
       a = 23.000      CL =  1.4087
      Cm = -0.0073     CD =  0.13138   =>   CDf =  0.00383    CDp =  0.12755

 Side 1  free  transition at x/c =  0.0596   53
 Side 2 forced transition at x/c =  0.9999   53

   6   rms: 0.3128E-03   max: -.1447E-02   D at   74  1
       a = 23.000      CL =  1.4090
      Cm = -0.0073     CD =  0.13139   =>   CDf =  0.00384    CDp =  0.12755

 Side 1  free  transition at x/c =  0.0596   53
 Side 2 forced transition at x/c =  0.9999   53

   7   rms: 0.2937E-04   max: -.1673E-03   D at   70  2
       a = 23.000      CL =  1.4090
      Cm = -0.0073     CD =  0.13141   =>   CDf =  0.00384    CDp =  0.12757
 plradd ia,ip,cpol           46           0  1.03551224E-02

 Point added to stored polar  1
 Point written to save file  polar.txt                                       
 Dump file unspecified or not available
 Calculating wake trajectory ...
 Calculating source influence matrix ...

 Solving BL system ...

 Side 1  free  transition at x/c =  0.0596   53
 Side 2 forced transition at x/c =  0.9999   53

   1   rms: 0.8913E-01   max: 0.4983E+00   D at   73  1   RLX: 0.254
       a = 24.000      CL =  1.4101
      Cm = -0.0089     CD =  0.13538   =>   CDf =  0.00385    CDp =  0.13153

 Side 1  free  transition at x/c =  0.0585   53
 Side 2 forced transition at x/c =  0.9999   53

   2   rms: 0.6847E-01   max: 0.4164E+00   D at   73  1
       a = 24.000      CL =  1.4125
      Cm = -0.0141     CD =  0.14751   =>   CDf =  0.00381    CDp =  0.14370

 Side 1  free  transition at x/c =  0.0551   52
 Side 2 forced transition at x/c =  0.9999   53

   3   rms: 0.2778E-01   max: 0.2440E+00   D at   73  1
       a = 24.000      CL =  1.3936
      Cm = -0.0150     CD =  0.14762   =>   CDf =  0.00375    CDp =  0.14387

 Side 1  free  transition at x/c =  0.0551   52
 Side 2 forced transition at x/c =  0.9999   53

   4   rms: 0.1185E-01   max: 0.1283E+00   D at   72  1
       a = 24.000      CL =  1.3861
      Cm = -0.0154     CD =  0.14804   =>   CDf =  0.00369    CDp =  0.14435

 Side 1  free  transition at x/c =  0.0552   52
 Side 2 forced transition at x/c =  0.9999   53

   5   rms: 0.2918E-02   max: -.2968E-01   D at   72  1
       a = 24.000      CL =  1.3875
      Cm = -0.0151     CD =  0.14710   =>   CDf =  0.00367    CDp =  0.14343

 Side 1  free  transition at x/c =  0.0552   52
 Side 2 forced transition at x/c =  0.9999   53

   6   rms: 0.3447E-03   max: -.1798E-02   D at   72  1
       a = 24.000      CL =  1.3877
      Cm = -0.0151     CD =  0.14709   =>   CDf =  0.00367    CDp =  0.14341

 Side 1  free  transition at x/c =  0.0552   52
 Side 2 forced transition at x/c =  0.9999   53

   7   rms: 0.3931E-04   max: -.2297E-03   D at   71  2
       a = 24.000      CL =  1.3878
      Cm = -0.0151     CD =  0.14711   =>   CDf =  0.00367    CDp =  0.14343
 plradd ia,ip,cpol           47           0  8.47558491E-03

 Point added to stored polar  1
 Point written to save file  polar.txt                                       
 Dump file unspecified or not available
 Calculating wake trajectory ...
 Calculating source influence matrix ...

 Solving BL system ...

 Side 1  free  transition at x/c =  0.0552   52
 Side 2 forced transition at x/c =  0.9999   53

   1   rms: 0.8572E-01   max: -.4089E+00   C at   52  1   RLX: 0.238
       a = 25.000      CL =  1.3913
      Cm = -0.0167     CD =  0.15046   =>   CDf =  0.00369    CDp =  0.14677

 Side 1  free  transition at x/c =  0.0544   52
 Side 2 forced transition at x/c =  0.9999   53

   2   rms: 0.6477E-01   max: 0.3536E+00   D at   71  1
       a = 25.000      CL =  1.4028
      Cm = -0.0221     CD =  0.16165   =>   CDf =  0.00345    CDp =  0.15820

 Side 1  free  transition at x/c =  0.0514   53
 Side 2 forced transition at x/c =  0.9999   52

   3   rms: 0.3299E-01   max: 0.2995E+00   D at   72  1
       a = 25.000      CL =  1.3809
      Cm = -0.0236     CD =  0.16273   =>   CDf =  0.00357    CDp =  0.15916

 Side 1  free  transition at x/c =  0.0515   53
 Side 2 forced transition at x/c =  0.9999   52

   4   rms: 0.5209E-02   max: -.6082E-01   D at   72  1
       a = 25.000      CL =  1.3833
      Cm = -0.0231     CD =  0.16068   =>   CDf =  0.00350    CDp =  0.15718

 Side 1  free  transition at x/c =  0.0516   53
 Side 2 forced transition at x/c =  0.9999   52

   5   rms: 0.5117E-03   max: 0.5500E-02   D at   71  1
       a = 25.000      CL =  1.3831
      Cm = -0.0232     CD =  0.16064   =>   CDf =  0.00351    CDp =  0.15713

 Side 1  free  transition at x/c =  0.0516   53
 Side 2 forced transition at x/c =  0.9999   52

   6   rms: 0.4640E-04   max: -.2071E-03   C at   52  2
       a = 25.000      CL =  1.3830
      Cm = -0.0232     CD =  0.16064   =>   CDf =  0.00350    CDp =  0.15714
 plradd ia,ip,cpol           48           0  8.47558491E-03

 Point added to stored polar  1
 Point written to save file  polar.txt                                       
 Dump file unspecified or not available

.OPERva   c>  
 Polar accumulation disabled

.OPERv   c>  
 XFOIL   c>  