pointId,betaMDeg,speedMps,perturbationKind,perturbationName,stepLevel,step,stepUnit,coefficientName,dimensionalDerivative,dimensionalUnit,coefficientDerivative,coefficientUnit,plusFxN,plusFyN,plusFzN,plusMxNm,plusMyNm,plusMzNm,minusFxN,minusFyN,minusFzN,minusMxNm,minusMyNm,minusMzNm,relativeStepVariation,valid,status
B15_V020,15,20,PHYSICAL_CONTROL,collective,1,0.001,rad,CX_collective,68086.8529810759,N/(rad),15.4391956873188,1/rad,10201.359697451,-6.82121026329696e-13,-58255.9404147699,2.8421709430404e-11,1.70835798280869,-6.93489710101858e-12,10065.1859914889,1.13686837721616e-12,-57665.1999543828,-6.82121026329696e-13,-1.80612607344951,-3.46744855050929e-12,1.94419774947195e-06,1,VALID_CENTRAL_DIFFERENCE
B15_V020,15,20,PHYSICAL_CONTROL,collective,1,0.001,rad,CY_collective,-9.09494701772928e-10,N/(rad),-2.06234626252365e-13,1/rad,10201.359697451,-6.82121026329696e-13,-58255.9404147699,2.8421709430404e-11,1.70835798280869,-6.93489710101858e-12,10065.1859914889,1.13686837721616e-12,-57665.1999543828,-6.82121026329696e-13,-1.80612607344951,-3.46744855050929e-12,0.11858491009511,1,VALID_CENTRAL_DIFFERENCE
B15_V020,15,20,PHYSICAL_CONTROL,collective,1,0.001,rad,CZ_collective,-295370.230193577,N/(rad),-66.9773764611286,1/rad,10201.359697451,-6.82121026329696e-13,-58255.9404147699,2.8421709430404e-11,1.70835798280869,-6.93489710101858e-12,10065.1859914889,1.13686837721616e-12,-57665.1999543828,-6.82121026329696e-13,-1.80612607344951,-3.46744855050929e-12,3.86297426618359e-06,1,VALID_CENTRAL_DIFFERENCE
B15_V020,15,20,PHYSICAL_CONTROL,collective,1,0.001,rad,Cl_collective,1.45519152283669e-08,N*m/(rad),3.29975402003783e-13,1/rad,10201.359697451,-6.82121026329696e-13,-58255.9404147699,2.8421709430404e-11,1.70835798280869,-6.93489710101858e-12,10065.1859914889,1.13686837721616e-12,-57665.1999543828,-6.82121026329696e-13,-1.80612607344951,-3.46744855050929e-12,0.270940740239044,1,VALID_CENTRAL_DIFFERENCE
B15_V020,15,20,PHYSICAL_CONTROL,collective,1,0.001,rad,Cm_collective,1757.2420281291,N*m/(rad),0.265645053383084,1/rad,10201.359697451,-6.82121026329696e-13,-58255.9404147699,2.8421709430404e-11,1.70835798280869,-6.93489710101858e-12,10065.1859914889,1.13686837721616e-12,-57665.1999543828,-6.82121026329696e-13,-1.80612607344951,-3.46744855050929e-12,5.72711710601377e-05,1,VALID_CENTRAL_DIFFERENCE
B15_V020,15,20,PHYSICAL_CONTROL,collective,1,0.001,rad,Cn_collective,-1.73372427525464e-09,N*m/(rad),-3.9313475629357e-14,1/rad,10201.359697451,-6.82121026329696e-13,-58255.9404147699,2.8421709430404e-11,1.70835798280869,-6.93489710101858e-12,10065.1859914889,1.13686837721616e-12,-57665.1999543828,-6.82121026329696e-13,-1.80612607344951,-3.46744855050929e-12,0.0696686346808769,1,VALID_CENTRAL_DIFFERENCE
B15_V020,15,20,PHYSICAL_CONTROL,collective,2,0.0001,rad,CX_collective,68086.9853556396,N/(rad),15.4392257042267,1/rad,10140.0645385852,-6.82121026329696e-13,-57990.3060125231,-2.91038304567337e-11,0.17524830222724,-5.6843418860808e-14,10126.4471415141,2.27373675443232e-13,-57931.2317382819,2.97859514830634e-11,-0.176220232413149,1.06865627458319e-11,1.94419774947195e-06,1,VALID_CENTRAL_DIFFERENCE
B15_V020,15,20,PHYSICAL_CONTROL,collective,2,0.0001,rad,CY_collective,-4.54747350886464e-09,N/(rad),-1.03117313126182e-12,1/rad,10140.0645385852,-6.82121026329696e-13,-57990.3060125231,-2.91038304567337e-11,0.17524830222724,-5.6843418860808e-14,10126.4471415141,2.27373675443232e-13,-57931.2317382819,2.97859514830634e-11,-0.176220232413149,1.06865627458319e-11,0.11858491009511,1,VALID_CENTRAL_DIFFERENCE
B15_V020,15,20,PHYSICAL_CONTROL,collective,2,0.0001,rad,CZ_collective,-295371.371205583,N/(rad),-66.9776351940098,1/rad,10140.0645385852,-6.82121026329696e-13,-57990.3060125231,-2.91038304567337e-11,0.17524830222724,-5.6843418860808e-14,10126.4471415141,2.27373675443232e-13,-57931.2317382819,2.97859514830634e-11,-0.176220232413149,1.06865627458319e-11,3.86297426618359e-06,1,VALID_CENTRAL_DIFFERENCE
B15_V020,15,20,PHYSICAL_CONTROL,collective,2,0.0001,rad,Cl_collective,-2.94448909698986e-07,N*m/(rad),-6.67684602492031e-12,1/rad,10140.0645385852,-6.82121026329696e-13,-57990.3060125231,-2.91038304567337e-11,0.17524830222724,-5.6843418860808e-14,10126.4471415141,2.27373675443232e-13,-57931.2317382819,2.97859514830634e-11,-0.176220232413149,1.06865627458319e-11,0.270940740239044,1,VALID_CENTRAL_DIFFERENCE
B15_V020,15,20,PHYSICAL_CONTROL,collective,2,0.0001,rad,Cm_collective,1757.34267320195,N*m/(rad),0.265660268057739,1/rad,10140.0645385852,-6.82121026329696e-13,-57990.3060125231,-2.91038304567337e-11,0.17524830222724,-5.6843418860808e-14,10126.4471415141,2.27373675443232e-13,-57931.2317382819,2.97859514830634e-11,-0.176220232413149,1.06865627458319e-11,5.72711710601377e-05,1,VALID_CENTRAL_DIFFERENCE
B15_V020,15,20,PHYSICAL_CONTROL,collective,2,0.0001,rad,Cn_collective,-5.37170308234636e-08,N*m/(rad),-1.21807326130303e-12,1/rad,10140.0645385852,-6.82121026329696e-13,-57990.3060125231,-2.91038304567337e-11,0.17524830222724,-5.6843418860808e-14,10126.4471415141,2.27373675443232e-13,-57931.2317382819,2.97859514830634e-11,-0.176220232413149,1.06865627458319e-11,0.0696686346808769,1,VALID_CENTRAL_DIFFERENCE
B15_V020,15,20,PHYSICAL_CONTROL,collective,3,1e-05,rad,CX_collective,68086.9866794637,N/(rad),15.4392260044135,1/rad,10133.9365398754,6.82121026329696e-13,-57963.7245761395,-5.82076609134674e-11,0.0175714512546197,-3.63797880709171e-12,10132.5748001418,1.81898940354586e-12,-57957.8171484871,-2.8421709430404e-11,-0.0175754223363551,3.5811353882309e-12,1.94419774947195e-06,1,VALID_CENTRAL_DIFFERENCE
B15_V020,15,20,PHYSICAL_CONTROL,collective,3,1e-05,rad,CY_collective,-5.6843418860808e-08,N/(rad),-1.28896641407728e-11,1/rad,10133.9365398754,6.82121026329696e-13,-57963.7245761395,-5.82076609134674e-11,0.0175714512546197,-3.63797880709171e-12,10132.5748001418,1.81898940354586e-12,-57957.8171484871,-2.8421709430404e-11,-0.0175754223363551,3.5811353882309e-12,0.11858491009511,1,VALID_CENTRAL_DIFFERENCE
B15_V020,15,20,PHYSICAL_CONTROL,collective,3,1e-05,rad,CZ_collective,-295371.382616577,N/(rad),-66.9776377815367,1/rad,10133.9365398754,6.82121026329696e-13,-57963.7245761395,-5.82076609134674e-11,0.0175714512546197,-3.63797880709171e-12,10132.5748001418,1.81898940354586e-12,-57957.8171484871,-2.8421709430404e-11,-0.0175754223363551,3.5811353882309e-12,3.86297426618359e-06,1,VALID_CENTRAL_DIFFERENCE
B15_V020,15,20,PHYSICAL_CONTROL,collective,3,1e-05,rad,Cl_collective,-1.48929757415317e-06,N*m/(rad),-3.37709200488247e-11,1/rad,10133.9365398754,6.82121026329696e-13,-57963.7245761395,-5.82076609134674e-11,0.0175714512546197,-3.63797880709171e-12,10132.5748001418,1.81898940354586e-12,-57957.8171484871,-2.8421709430404e-11,-0.0175754223363551,3.5811353882309e-12,0.270940740239044,1,VALID_CENTRAL_DIFFERENCE
B15_V020,15,20,PHYSICAL_CONTROL,collective,3,1e-05,rad,Cm_collective,1757.34367954874,N*m/(rad),0.265660420188774,1/rad,10133.9365398754,6.82121026329696e-13,-57963.7245761395,-5.82076609134674e-11,0.0175714512546197,-3.63797880709171e-12,10132.5748001418,1.81898940354586e-12,-57957.8171484871,-2.8421709430404e-11,-0.0175754223363551,3.5811353882309e-12,5.72711710601377e-05,1,VALID_CENTRAL_DIFFERENCE
B15_V020,15,20,PHYSICAL_CONTROL,collective,3,1e-05,rad,Cn_collective,-3.60955709766131e-07,N*m/(rad),-8.18493672939072e-12,1/rad,10133.9365398754,6.82121026329696e-13,-57963.7245761395,-5.82076609134674e-11,0.0175714512546197,-3.63797880709171e-12,10132.5748001418,1.81898940354586e-12,-57957.8171484871,-2.8421709430404e-11,-0.0175754223363551,3.5811353882309e-12,0.0696686346808769,1,VALID_CENTRAL_DIFFERENCE
B15_V020,15,20,PHYSICAL_CONTROL,diffCollective,1,0.001,rad,CX_diffCollective,0,N/(rad),0,1/rad,10133.2728444699,-23.1590285768627,-57960.5701845764,-1529.30361386919,-0.0488840453214348,-225.729662633914,10133.2728444699,23.1590285768632,-57960.5701845764,1529.30361386921,-0.0488840453196158,225.729662633904,0.391845789879493,1,VALID_CENTRAL_DIFFERENCE
B15_V020,15,20,PHYSICAL_CONTROL,diffCollective,1,0.001,rad,CY_diffCollective,-23159.028576863,N/(rad),-5.25148040291677,1/rad,10133.2728444699,-23.1590285768627,-57960.5701845764,-1529.30361386919,-0.0488840453214348,-225.729662633914,10133.2728444699,23.1590285768632,-57960.5701845764,1529.30361386921,-0.0488840453196158,225.729662633904,8.1613452468925e-06,1,VALID_CENTRAL_DIFFERENCE
B15_V020,15,20,PHYSICAL_CONTROL,diffCollective,1,0.001,rad,CZ_diffCollective,7.27595761418343e-09,N/(rad),1.64987701001892e-12,1/rad,10133.2728444699,-23.1590285768627,-57960.5701845764,-1529.30361386919,-0.0488840453214348,-225.729662633914,10133.2728444699,23.1590285768632,-57960.5701845764,1529.30361386921,-0.0488840453196158,225.729662633904,0.098992620601135,1,VALID_CENTRAL_DIFFERENCE
B15_V020,15,20,PHYSICAL_CONTROL,diffCollective,1,0.001,rad,Cl_diffCollective,-1529303.6138692,N*m/(rad),-34.6780864822948,1/rad,10133.2728444699,-23.1590285768627,-57960.5701845764,-1529.30361386919,-0.0488840453214348,-225.729662633914,10133.2728444699,23.1590285768632,-57960.5701845764,1529.30361386921,-0.0488840453196158,225.729662633904,3.94256729147883e-06,1,VALID_CENTRAL_DIFFERENCE
B15_V020,15,20,PHYSICAL_CONTROL,diffCollective,1,0.001,rad,Cm_diffCollective,-9.09494701772928e-10,N*m/(rad),-1.3748975083491e-13,1/rad,10133.2728444699,-23.1590285768627,-57960.5701845764,-1529.30361386919,-0.0488840453214348,-225.729662633914,10133.2728444699,23.1590285768632,-57960.5701845764,1529.30361386921,-0.0488840453196158,225.729662633904,0.0962428255844368,1,VALID_CENTRAL_DIFFERENCE
B15_V020,15,20,PHYSICAL_CONTROL,diffCollective,1,0.001,rad,Cn_diffCollective,-225729.662633909,N*m/(rad),-5.11858645428365,1/rad,10133.2728444699,-23.1590285768627,-57960.5701845764,-1529.30361386919,-0.0488840453214348,-225.729662633914,10133.2728444699,23.1590285768632,-57960.5701845764,1529.30361386921,-0.0488840453196158,225.729662633904,1.1831329969988e-06,1,VALID_CENTRAL_DIFFERENCE
B15_V020,15,20,PHYSICAL_CONTROL,diffCollective,2,0.0001,rad,CX_diffCollective,9.09494701772928e-09,N/(rad),2.06234626252365e-12,1/rad,10133.2558400497,-2.31592175872356,-57960.7688754025,-152.930964327537,-0.000485965093409035,-22.5729395565959,10133.2558400497,2.31592175872311,-57960.7688754025,152.930964327538,-0.000485965092499541,22.5729395566066,0.391845789879493,1,VALID_CENTRAL_DIFFERENCE
B15_V020,15,20,PHYSICAL_CONTROL,diffCollective,2,0.0001,rad,CY_diffCollective,-23159.2175872333,N/(rad),-5.25152326241119,1/rad,10133.2558400497,-2.31592175872356,-57960.7688754025,-152.930964327537,-0.000485965093409035,-22.5729395565959,10133.2558400497,2.31592175872311,-57960.7688754025,152.930964327538,-0.000485965092499541,22.5729395566066,8.1613452468925e-06,1,VALID_CENTRAL_DIFFERENCE
B15_V020,15,20,PHYSICAL_CONTROL,diffCollective,2,0.0001,rad,CZ_diffCollective,-3.63797880709171e-08,N/(rad),-8.24938505009459e-12,1/rad,10133.2558400497,-2.31592175872356,-57960.7688754025,-152.930964327537,-0.000485965093409035,-22.5729395565959,10133.2558400497,2.31592175872311,-57960.7688754025,152.930964327538,-0.000485965092499541,22.5729395566066,0.098992620601135,1,VALID_CENTRAL_DIFFERENCE
B15_V020,15,20,PHYSICAL_CONTROL,diffCollective,2,0.0001,rad,Cl_diffCollective,-1529309.64327538,N*m/(rad),-34.6782232035233,1/rad,10133.2558400497,-2.31592175872356,-57960.7688754025,-152.930964327537,-0.000485965093409035,-22.5729395565959,10133.2558400497,2.31592175872311,-57960.7688754025,152.930964327538,-0.000485965092499541,22.5729395566066,3.94256729147883e-06,1,VALID_CENTRAL_DIFFERENCE
B15_V020,15,20,PHYSICAL_CONTROL,diffCollective,2,0.0001,rad,Cm_diffCollective,-4.54747350886464e-09,N*m/(rad),-6.87448754174549e-13,1/rad,10133.2558400497,-2.31592175872356,-57960.7688754025,-152.930964327537,-0.000485965093409035,-22.5729395565959,10133.2558400497,2.31592175872311,-57960.7688754025,152.930964327538,-0.000485965092499541,22.5729395566066,0.0962428255844368,1,VALID_CENTRAL_DIFFERENCE
B15_V020,15,20,PHYSICAL_CONTROL,diffCollective,2,0.0001,rad,Cn_diffCollective,-225729.395566013,N*m/(rad),-5.11858039832228,1/rad,10133.2558400497,-2.31592175872356,-57960.7688754025,-152.930964327537,-0.000485965093409035,-22.5729395565959,10133.2558400497,2.31592175872311,-57960.7688754025,152.930964327538,-0.000485965092499541,22.5729395566066,1.1831329969988e-06,1,VALID_CENTRAL_DIFFERENCE
B15_V020,15,20,PHYSICAL_CONTROL,diffCollective,3,1e-05,rad,CX_diffCollective,1.81898940354586e-07,N/(rad),4.12469252504729e-11,1/rad,10133.2556700086,-0.231592194772929,-57960.7708623133,-15.2930970357966,-1.98554166352949e-06,-2.25729392896164,10133.2556700086,0.23159219477543,-57960.7708623133,15.2930970357099,-1.98554029928744e-06,2.25729392896159,0.391845789879493,1,VALID_CENTRAL_DIFFERENCE
B15_V020,15,20,PHYSICAL_CONTROL,diffCollective,3,1e-05,rad,CY_diffCollective,-23159.219477418,N/(rad),-5.25152369102449,1/rad,10133.2556700086,-0.231592194772929,-57960.7708623133,-15.2930970357966,-1.98554166352949e-06,-2.25729392896164,10133.2556700086,0.23159219477543,-57960.7708623133,15.2930970357099,-1.98554029928744e-06,2.25729392896159,8.1613452468925e-06,1,VALID_CENTRAL_DIFFERENCE
B15_V020,15,20,PHYSICAL_CONTROL,diffCollective,3,1e-05,rad,CZ_diffCollective,0,N/(rad),0,1/rad,10133.2556700086,-0.231592194772929,-57960.7708623133,-15.2930970357966,-1.98554166352949e-06,-2.25729392896164,10133.2556700086,0.23159219477543,-57960.7708623133,15.2930970357099,-1.98554029928744e-06,2.25729392896159,0.098992620601135,1,VALID_CENTRAL_DIFFERENCE
B15_V020,15,20,PHYSICAL_CONTROL,diffCollective,3,1e-05,rad,Cl_diffCollective,-1529309.70357532,N*m/(rad),-34.678224570869,1/rad,10133.2556700086,-0.231592194772929,-57960.7708623133,-15.2930970357966,-1.98554166352949e-06,-2.25729392896164,10133.2556700086,0.23159219477543,-57960.7708623133,15.2930970357099,-1.98554029928744e-06,2.25729392896159,3.94256729147883e-06,1,VALID_CENTRAL_DIFFERENCE
B15_V020,15,20,PHYSICAL_CONTROL,diffCollective,3,1e-05,rad,Cm_diffCollective,-6.82121026329696e-08,N*m/(rad),-1.03117313126182e-11,1/rad,10133.2556700086,-0.231592194772929,-57960.7708623133,-15.2930970357966,-1.98554166352949e-06,-2.25729392896164,10133.2556700086,0.23159219477543,-57960.7708623133,15.2930970357099,-1.98554029928744e-06,2.25729392896159,0.0962428255844368,1,VALID_CENTRAL_DIFFERENCE
B15_V020,15,20,PHYSICAL_CONTROL,diffCollective,3,1e-05,rad,Cn_diffCollective,-225729.392896162,N*m/(rad),-5.11858033778144,1/rad,10133.2556700086,-0.231592194772929,-57960.7708623133,-15.2930970357966,-1.98554166352949e-06,-2.25729392896164,10133.2556700086,0.23159219477543,-57960.7708623133,15.2930970357099,-1.98554029928744e-06,2.25729392896159,1.1831329969988e-06,1,VALID_CENTRAL_DIFFERENCE
B15_V020,15,20,PHYSICAL_CONTROL,cyclicLong,1,0.001,rad,CX_cyclicLong,30864.8021702102,N/(rad),6.99882135378915,1/rad,10164.1141806637,6.82121026329696e-13,-57954.3025025006,-3.11501935357228e-11,-23.6040961957159,7.38964445190504e-13,10102.3845763233,-4.54747350886464e-13,-57967.227456399,0,23.6116976521169,-7.33280103304423e-12,6.9571947946636e-07,1,VALID_CENTRAL_DIFFERENCE
B15_V020,15,20,PHYSICAL_CONTROL,cyclicLong,1,0.001,rad,CY_cyclicLong,5.6843418860808e-10,N/(rad),1.28896641407728e-13,1/rad,10164.1141806637,6.82121026329696e-13,-57954.3025025006,-3.11501935357228e-11,-23.6040961957159,7.38964445190504e-13,10102.3845763233,-4.54747350886464e-13,-57967.227456399,0,23.6116976521169,-7.33280103304423e-12,0.23201395453391,1,VALID_CENTRAL_DIFFERENCE
B15_V020,15,20,PHYSICAL_CONTROL,cyclicLong,1,0.001,rad,CZ_cyclicLong,6462.47694920385,N/(rad),1.46541427419588,1/rad,10164.1141806637,6.82121026329696e-13,-57954.3025025006,-3.11501935357228e-11,-23.6040961957159,7.38964445190504e-13,10102.3845763233,-4.54747350886464e-13,-57967.227456399,0,23.6116976521169,-7.33280103304423e-12,5.90945883070345e-07,1,VALID_CENTRAL_DIFFERENCE
B15_V020,15,20,PHYSICAL_CONTROL,cyclicLong,1,0.001,rad,Cl_cyclicLong,-1.55750967678614e-08,N*m/(rad),-3.53176797457174e-13,1/rad,10164.1141806637,6.82121026329696e-13,-57954.3025025006,-3.11501935357228e-11,-23.6040961957159,7.38964445190504e-13,10102.3845763233,-4.54747350886464e-13,-57967.227456399,0,23.6116976521169,-7.33280103304423e-12,0.222217809786923,1,VALID_CENTRAL_DIFFERENCE
B15_V020,15,20,PHYSICAL_CONTROL,cyclicLong,1,0.001,rad,Cm_cyclicLong,-23607.8969239164,N*m/(rad),-3.56884307239855,1/rad,10164.1141806637,6.82121026329696e-13,-57954.3025025006,-3.11501935357228e-11,-23.6040961957159,7.38964445190504e-13,10102.3845763233,-4.54747350886464e-13,-57967.227456399,0,23.6116976521169,-7.33280103304423e-12,6.31547636750625e-07,1,VALID_CENTRAL_DIFFERENCE
B15_V020,15,20,PHYSICAL_CONTROL,cyclicLong,1,0.001,rad,Cn_cyclicLong,4.03588273911737e-09,N*m/(rad),9.15166153994868e-14,1/rad,10164.1141806637,6.82121026329696e-13,-57954.3025025006,-3.11501935357228e-11,-23.6040961957159,7.38964445190504e-13,10102.3845763233,-4.54747350886464e-13,-57967.227456399,0,23.6116976521169,-7.33280103304423e-12,0.0232529541099541,1,VALID_CENTRAL_DIFFERENCE
B15_V020,15,20,PHYSICAL_CONTROL,cyclicLong,2,0.0001,rad,CX_cyclicLong,30864.8236434692,N/(rad),6.99882622300889,1/rad,10136.3420877574,1.59161572810262e-12,-57960.1245760408,5.82076609134674e-11,-2.36075030195038,7.33280103304423e-12,10130.1691230287,-6.82121026329696e-13,-57961.4170706668,-3.00133251585066e-11,2.36083206473709,-1.39834810397588e-11,6.9571947946636e-07,1,VALID_CENTRAL_DIFFERENCE
B15_V020,15,20,PHYSICAL_CONTROL,cyclicLong,2,0.0001,rad,CY_cyclicLong,1.13686837721616e-08,N/(rad),2.57793282815456e-12,1/rad,10136.3420877574,1.59161572810262e-12,-57960.1245760408,5.82076609134674e-11,-2.36075030195038,7.33280103304423e-12,10130.1691230287,-6.82121026329696e-13,-57961.4170706668,-3.00133251585066e-11,2.36083206473709,-1.39834810397588e-11,0.23201395453391,1,VALID_CENTRAL_DIFFERENCE
B15_V020,15,20,PHYSICAL_CONTROL,cyclicLong,2,0.0001,rad,CZ_cyclicLong,6462.47313023196,N/(rad),1.46541340821586,1/rad,10136.3420877574,1.59161572810262e-12,-57960.1245760408,5.82076609134674e-11,-2.36075030195038,7.33280103304423e-12,10130.1691230287,-6.82121026329696e-13,-57961.4170706668,-3.00133251585066e-11,2.36083206473709,-1.39834810397588e-11,5.90945883070345e-07,1,VALID_CENTRAL_DIFFERENCE
B15_V020,15,20,PHYSICAL_CONTROL,cyclicLong,2,0.0001,rad,Cl_cyclicLong,4.4110493035987e-07,N*m/(rad),1.00023793732397e-11,1/rad,10136.3420877574,1.59161572810262e-12,-57960.1245760408,5.82076609134674e-11,-2.36075030195038,7.33280103304423e-12,10130.1691230287,-6.82121026329696e-13,-57961.4170706668,-3.00133251585066e-11,2.36083206473709,-1.39834810397588e-11,0.222217809786923,1,VALID_CENTRAL_DIFFERENCE
B15_V020,15,20,PHYSICAL_CONTROL,cyclicLong,2,0.0001,rad,Cm_cyclicLong,-23607.9118334374,N*m/(rad),-3.56884532629438,1/rad,10136.3420877574,1.59161572810262e-12,-57960.1245760408,5.82076609134674e-11,-2.36075030195038,7.33280103304423e-12,10130.1691230287,-6.82121026329696e-13,-57961.4170706668,-3.00133251585066e-11,2.36083206473709,-1.39834810397588e-11,6.31547636750625e-07,1,VALID_CENTRAL_DIFFERENCE
B15_V020,15,20,PHYSICAL_CONTROL,cyclicLong,2,0.0001,rad,Cn_cyclicLong,1.06581410364015e-07,N*m/(rad),2.4168120263949e-12,1/rad,10136.3420877574,1.59161572810262e-12,-57960.1245760408,5.82076609134674e-11,-2.36075030195038,7.33280103304423e-12,10130.1691230287,-6.82121026329696e-13,-57961.4170706668,-3.00133251585066e-11,2.36083206473709,-1.39834810397588e-11,0.0232529541099541,1,VALID_CENTRAL_DIFFERENCE
B15_V020,15,20,PHYSICAL_CONTROL,cyclicLong,3,1e-05,rad,CX_cyclicLong,30864.8238582464,N/(rad),6.9988262717112,1/rad,10133.5643159006,9.09494701772928e-13,-57960.7062570619,2.91038304567337e-11,-0.236075836900588,-5.6843418860808e-14,10132.9470194234,-1.36424205265939e-12,-57960.8355065237,6.82121026329696e-13,0.236082402750165,-1.70530256582424e-13,6.9571947946636e-07,1,VALID_CENTRAL_DIFFERENCE
B15_V020,15,20,PHYSICAL_CONTROL,cyclicLong,3,1e-05,rad,CY_cyclicLong,1.13686837721616e-07,N/(rad),2.57793282815456e-11,1/rad,10133.5643159006,9.09494701772928e-13,-57960.7062570619,2.91038304567337e-11,-0.236075836900588,-5.6843418860808e-14,10132.9470194234,-1.36424205265939e-12,-57960.8355065237,6.82121026329696e-13,0.236082402750165,-1.70530256582424e-13,0.23201395453391,1,VALID_CENTRAL_DIFFERENCE
B15_V020,15,20,PHYSICAL_CONTROL,cyclicLong,3,1e-05,rad,CZ_cyclicLong,6462.47309196042,N/(rad),1.46541339953751,1/rad,10133.5643159006,9.09494701772928e-13,-57960.7062570619,2.91038304567337e-11,-0.236075836900588,-5.6843418860808e-14,10132.9470194234,-1.36424205265939e-12,-57960.8355065237,6.82121026329696e-13,0.236082402750165,-1.70530256582424e-13,5.90945883070345e-07,1,VALID_CENTRAL_DIFFERENCE
B15_V020,15,20,PHYSICAL_CONTROL,cyclicLong,3,1e-05,rad,Cl_cyclicLong,1.4210854715202e-06,N*m/(rad),3.2224160351932e-11,1/rad,10133.5643159006,9.09494701772928e-13,-57960.7062570619,2.91038304567337e-11,-0.236075836900588,-5.6843418860808e-14,10132.9470194234,-1.36424205265939e-12,-57960.8355065237,6.82121026329696e-13,0.236082402750165,-1.70530256582424e-13,0.222217809786923,1,VALID_CENTRAL_DIFFERENCE
B15_V020,15,20,PHYSICAL_CONTROL,cyclicLong,3,1e-05,rad,Cm_cyclicLong,-23607.9119825376,N*m/(rad),-3.56884534883411,1/rad,10133.5643159006,9.09494701772928e-13,-57960.7062570619,2.91038304567337e-11,-0.236075836900588,-5.6843418860808e-14,10132.9470194234,-1.36424205265939e-12,-57960.8355065237,6.82121026329696e-13,0.236082402750165,-1.70530256582424e-13,6.31547636750625e-07,1,VALID_CENTRAL_DIFFERENCE
B15_V020,15,20,PHYSICAL_CONTROL,cyclicLong,3,1e-05,rad,Cn_cyclicLong,5.6843418860808e-09,N*m/(rad),1.28896641407728e-13,1/rad,10133.5643159006,9.09494701772928e-13,-57960.7062570619,2.91038304567337e-11,-0.236075836900588,-5.6843418860808e-14,10132.9470194234,-1.36424205265939e-12,-57960.8355065237,6.82121026329696e-13,0.236082402750165,-1.70530256582424e-13,0.0232529541099541,1,VALID_CENTRAL_DIFFERENCE
B15_V020,15,20,PHYSICAL_CONTROL,diffCyclic,1,0.001,rad,CX_diffCyclic,-9.09494701772928e-10,N/(rad),-2.06234626252365e-13,1/rad,10133.2493784935,0.427608666272363,-57960.7649794498,33.0413789086022,0.00380072820085253,-155.464334569985,10133.2493784935,-0.427608666272135,-57960.7649794498,-33.0413789086333,0.00380072820039778,155.464334569978,0.0412469252504729,1,VALID_CENTRAL_DIFFERENCE
B15_V020,15,20,PHYSICAL_CONTROL,diffCyclic,1,0.001,rad,CY_diffCyclic,427.608666272249,N/(rad),0.0969634163882651,1/rad,10133.2493784935,0.427608666272363,-57960.7649794498,33.0413789086022,0.00380072820085253,-155.464334569985,10133.2493784935,-0.427608666272135,-57960.7649794498,-33.0413789086333,0.00380072820039778,155.464334569978,1.8089786370727e-06,1,VALID_CENTRAL_DIFFERENCE
B15_V020,15,20,PHYSICAL_CONTROL,diffCyclic,1,0.001,rad,CZ_diffCyclic,-3.63797880709171e-09,N/(rad),-8.24938505009459e-13,1/rad,10133.2493784935,0.427608666272363,-57960.7649794498,33.0413789086022,0.00380072820085253,-155.464334569985,10133.2493784935,-0.427608666272135,-57960.7649794498,-33.0413789086333,0.00380072820039778,155.464334569978,0.659950804007567,1,VALID_CENTRAL_DIFFERENCE
B15_V020,15,20,PHYSICAL_CONTROL,diffCyclic,1,0.001,rad,Cl_diffCyclic,33041.3789086177,N*m/(rad),0.749237616975459,1/rad,10133.2493784935,0.427608666272363,-57960.7649794498,33.0413789086022,0.00380072820085253,-155.464334569985,10133.2493784935,-0.427608666272135,-57960.7649794498,-33.0413789086333,0.00380072820039778,155.464334569978,6.85892788430661e-07,1,VALID_CENTRAL_DIFFERENCE
B15_V020,15,20,PHYSICAL_CONTROL,diffCyclic,1,0.001,rad,Cm_diffCyclic,2.27373675443232e-10,N*m/(rad),3.43724377087274e-14,1/rad,10133.2493784935,0.427608666272363,-57960.7649794498,33.0413789086022,0.00380072820085253,-155.464334569985,10133.2493784935,-0.427608666272135,-57960.7649794498,-33.0413789086333,0.00380072820039778,155.464334569978,0.0859310942718186,1,VALID_CENTRAL_DIFFERENCE
B15_V020,15,20,PHYSICAL_CONTROL,diffCyclic,1,0.001,rad,Cn_diffCyclic,-155464.334569981,N*m/(rad),-3.52526835759595,1/rad,10133.2493784935,0.427608666272363,-57960.7649794498,33.0413789086022,0.00380072820085253,-155.464334569985,10133.2493784935,-0.427608666272135,-57960.7649794498,-33.0413789086333,0.00380072820039778,155.464334569978,6.21711373852668e-07,1,VALID_CENTRAL_DIFFERENCE
B15_V020,15,20,PHYSICAL_CONTROL,diffCyclic,2,0.0001,rad,CX_diffCyclic,-1.81898940354586e-08,N/(rad),-4.12469252504729e-12,1/rad,10133.255605393,0.0427607892743254,-57960.7708233538,3.30413562459307,4.08813933550078e-05,-15.546443122402,10133.255605393,-0.0427607892734159,-57960.7708233538,-3.30413562456488,4.08813933550078e-05,15.5464431223953,0.0412469252504729,1,VALID_CENTRAL_DIFFERENCE
B15_V020,15,20,PHYSICAL_CONTROL,diffCyclic,2,0.0001,rad,CY_diffCyclic,427.607892738706,N/(rad),0.0969632409838336,1/rad,10133.255605393,0.0427607892743254,-57960.7708233538,3.30413562459307,4.08813933550078e-05,-15.546443122402,10133.255605393,-0.0427607892734159,-57960.7708233538,-3.30413562456488,4.08813933550078e-05,15.5464431223953,1.8089786370727e-06,1,VALID_CENTRAL_DIFFERENCE
B15_V020,15,20,PHYSICAL_CONTROL,diffCyclic,2,0.0001,rad,CZ_diffCyclic,7.27595761418343e-08,N/(rad),1.64987701001892e-11,1/rad,10133.255605393,0.0427607892743254,-57960.7708233538,3.30413562459307,4.08813933550078e-05,-15.546443122402,10133.255605393,-0.0427607892734159,-57960.7708233538,-3.30413562456488,4.08813933550078e-05,15.5464431223953,0.659950804007567,1,VALID_CENTRAL_DIFFERENCE
B15_V020,15,20,PHYSICAL_CONTROL,diffCyclic,2,0.0001,rad,Cl_diffCyclic,33041.3562457898,N*m/(rad),0.749237103079133,1/rad,10133.255605393,0.0427607892743254,-57960.7708233538,3.30413562459307,4.08813933550078e-05,-15.546443122402,10133.255605393,-0.0427607892734159,-57960.7708233538,-3.30413562456488,4.08813933550078e-05,15.5464431223953,6.85892788430661e-07,1,VALID_CENTRAL_DIFFERENCE
B15_V020,15,20,PHYSICAL_CONTROL,diffCyclic,2,0.0001,rad,Cm_diffCyclic,0,N*m/(rad),0,1/rad,10133.255605393,0.0427607892743254,-57960.7708233538,3.30413562459307,4.08813933550078e-05,-15.546443122402,10133.255605393,-0.0427607892734159,-57960.7708233538,-3.30413562456488,4.08813933550078e-05,15.5464431223953,0.0859310942718186,1,VALID_CENTRAL_DIFFERENCE
B15_V020,15,20,PHYSICAL_CONTROL,diffCyclic,2,0.0001,rad,Cn_diffCyclic,-155464.431223986,N*m/(rad),-3.52527054929674,1/rad,10133.255605393,0.0427607892743254,-57960.7708233538,3.30413562459307,4.08813933550078e-05,-15.546443122402,10133.255605393,-0.0427607892734159,-57960.7708233538,-3.30413562456488,4.08813933550078e-05,15.5464431223953,6.21711373852668e-07,1,VALID_CENTRAL_DIFFERENCE
B15_V020,15,20,PHYSICAL_CONTROL,diffCyclic,3,1e-05,rad,CX_diffCyclic,0,N/(rad),0,1/rad,10133.255667662,0.00427607884967074,-57960.7708817928,0.330413560185207,3.28292422047127e-06,-1.55464432191292,10133.255667662,-0.00427607885012549,-57960.7708817928,-0.330413560155421,3.28292535733965e-06,1.55464432191269,0.0412469252504729,1,VALID_CENTRAL_DIFFERENCE
B15_V020,15,20,PHYSICAL_CONTROL,diffCyclic,3,1e-05,rad,CY_diffCyclic,427.607884989811,N/(rad),0.0969632392267145,1/rad,10133.255667662,0.00427607884967074,-57960.7708817928,0.330413560185207,3.28292422047127e-06,-1.55464432191292,10133.255667662,-0.00427607885012549,-57960.7708817928,-0.330413560155421,3.28292535733965e-06,1.55464432191269,1.8089786370727e-06,1,VALID_CENTRAL_DIFFERENCE
B15_V020,15,20,PHYSICAL_CONTROL,diffCyclic,3,1e-05,rad,CZ_diffCyclic,3.63797880709171e-07,N/(rad),8.24938505009458e-11,1/rad,10133.255667662,0.00427607884967074,-57960.7708817928,0.330413560185207,3.28292422047127e-06,-1.55464432191292,10133.255667662,-0.00427607885012549,-57960.7708817928,-0.330413560155421,3.28292535733965e-06,1.55464432191269,0.659950804007567,1,VALID_CENTRAL_DIFFERENCE
B15_V020,15,20,PHYSICAL_CONTROL,diffCyclic,3,1e-05,rad,Cl_diffCyclic,33041.3560170314,N*m/(rad),0.749237097891868,1/rad,10133.255667662,0.00427607884967074,-57960.7708817928,0.330413560185207,3.28292422047127e-06,-1.55464432191292,10133.255667662,-0.00427607885012549,-57960.7708817928,-0.330413560155421,3.28292535733965e-06,1.55464432191269,6.85892788430661e-07,1,VALID_CENTRAL_DIFFERENCE
B15_V020,15,20,PHYSICAL_CONTROL,diffCyclic,3,1e-05,rad,Cm_diffCyclic,-5.6843418860808e-08,N*m/(rad),-8.59310942718186e-12,1/rad,10133.255667662,0.00427607884967074,-57960.7708817928,0.330413560185207,3.28292422047127e-06,-1.55464432191292,10133.255667662,-0.00427607885012549,-57960.7708817928,-0.330413560155421,3.28292535733965e-06,1.55464432191269,0.0859310942718186,1,VALID_CENTRAL_DIFFERENCE
B15_V020,15,20,PHYSICAL_CONTROL,diffCyclic,3,1e-05,rad,Cn_diffCyclic,-155464.43219128,N*m/(rad),-3.52527057123085,1/rad,10133.255667662,0.00427607884967074,-57960.7708817928,0.330413560185207,3.28292422047127e-06,-1.55464432191292,10133.255667662,-0.00427607885012549,-57960.7708817928,-0.330413560155421,3.28292535733965e-06,1.55464432191269,6.21711373852668e-07,1,VALID_CENTRAL_DIFFERENCE
B15_V020,15,20,PHYSICAL_CONTROL,aileron,1,0.001,rad,CX_aileron,0,N/(rad),0,1/rad,10133.2556288517,-2.27373675443232e-13,-57960.7707142194,2.42520608178734,5.97880680608398e-06,0.025212236593859,10133.2556288517,-2.27373675443232e-13,-57960.7707142194,-2.42520608172913,5.97880680608398e-06,-0.0252122365865262,0,1,VALID_CENTRAL_DIFFERENCE
B15_V020,15,20,PHYSICAL_CONTROL,aileron,1,0.001,rad,CY_aileron,0,N/(rad),0,1/rad,10133.2556288517,-2.27373675443232e-13,-57960.7707142194,2.42520608178734,5.97880680608398e-06,0.025212236593859,10133.2556288517,-2.27373675443232e-13,-57960.7707142194,-2.42520608172913,5.97880680608398e-06,-0.0252122365865262,0,1,VALID_CENTRAL_DIFFERENCE
B15_V020,15,20,PHYSICAL_CONTROL,aileron,1,0.001,rad,CZ_aileron,0,N/(rad),0,1/rad,10133.2556288517,-2.27373675443232e-13,-57960.7707142194,2.42520608178734,5.97880680608398e-06,0.025212236593859,10133.2556288517,-2.27373675443232e-13,-57960.7707142194,-2.42520608172913,5.97880680608398e-06,-0.0252122365865262,0,1,VALID_CENTRAL_DIFFERENCE
B15_V020,15,20,PHYSICAL_CONTROL,aileron,1,0.001,rad,Cl_aileron,2425.20608175823,N*m/(rad),0.0549933351872615,1/rad,10133.2556288517,-2.27373675443232e-13,-57960.7707142194,2.42520608178734,5.97880680608398e-06,0.025212236593859,10133.2556288517,-2.27373675443232e-13,-57960.7707142194,-2.42520608172913,5.97880680608398e-06,-0.0252122365865262,7.90958771467873e-09,1,VALID_CENTRAL_DIFFERENCE
B15_V020,15,20,PHYSICAL_CONTROL,aileron,1,0.001,rad,Cm_aileron,0,N*m/(rad),0,1/rad,10133.2556288517,-2.27373675443232e-13,-57960.7707142194,2.42520608178734,5.97880680608398e-06,0.025212236593859,10133.2556288517,-2.27373675443232e-13,-57960.7707142194,-2.42520608172913,5.97880680608398e-06,-0.0252122365865262,0,1,VALID_CENTRAL_DIFFERENCE
B15_V020,15,20,PHYSICAL_CONTROL,aileron,1,0.001,rad,Cn_aileron,25.2122365901926,N*m/(rad),0.000571706045129083,1/rad,10133.2556288517,-2.27373675443232e-13,-57960.7707142194,2.42520608178734,5.97880680608398e-06,0.025212236593859,10133.2556288517,-2.27373675443232e-13,-57960.7707142194,-2.42520608172913,5.97880680608398e-06,-0.0252122365865262,2.2630629625306e-07,1,VALID_CENTRAL_DIFFERENCE
B15_V020,15,20,PHYSICAL_CONTROL,aileron,2,0.0001,rad,CX_aileron,0,N/(rad),0,1/rad,10133.2556678966,-2.27373675443232e-13,-57960.7708807015,0.242520606286689,2.93389698846624e-06,0.00252122309206015,10133.2556678966,-2.27373675443232e-13,-57960.7708807015,-0.242520606228481,2.93389698846624e-06,-0.00252122308484104,0,1,VALID_CENTRAL_DIFFERENCE
B15_V020,15,20,PHYSICAL_CONTROL,aileron,2,0.0001,rad,CY_aileron,0,N/(rad),0,1/rad,10133.2556678966,-2.27373675443232e-13,-57960.7708807015,0.242520606286689,2.93389698846624e-06,0.00252122309206015,10133.2556678966,-2.27373675443232e-13,-57960.7708807015,-0.242520606228481,2.93389698846624e-06,-0.00252122308484104,0,1,VALID_CENTRAL_DIFFERENCE
B15_V020,15,20,PHYSICAL_CONTROL,aileron,2,0.0001,rad,CZ_aileron,0,N/(rad),0,1/rad,10133.2556678966,-2.27373675443232e-13,-57960.7708807015,0.242520606286689,2.93389698846624e-06,0.00252122309206015,10133.2556678966,-2.27373675443232e-13,-57960.7708807015,-0.242520606228481,2.93389698846624e-06,-0.00252122308484104,0,1,VALID_CENTRAL_DIFFERENCE
B15_V020,15,20,PHYSICAL_CONTROL,aileron,2,0.0001,rad,Cl_aileron,2425.20606257585,N*m/(rad),0.0549933347522869,1/rad,10133.2556678966,-2.27373675443232e-13,-57960.7708807015,0.242520606286689,2.93389698846624e-06,0.00252122309206015,10133.2556678966,-2.27373675443232e-13,-57960.7708807015,-0.242520606228481,2.93389698846624e-06,-0.00252122308484104,7.90958771467873e-09,1,VALID_CENTRAL_DIFFERENCE
B15_V020,15,20,PHYSICAL_CONTROL,aileron,2,0.0001,rad,Cm_aileron,0,N*m/(rad),0,1/rad,10133.2556678966,-2.27373675443232e-13,-57960.7708807015,0.242520606286689,2.93389698846624e-06,0.00252122309206015,10133.2556678966,-2.27373675443232e-13,-57960.7708807015,-0.242520606228481,2.93389698846624e-06,-0.00252122308484104,0,1,VALID_CENTRAL_DIFFERENCE
B15_V020,15,20,PHYSICAL_CONTROL,aileron,2,0.0001,rad,Cn_aileron,25.212230884506,N*m/(rad),0.000571705915748435,1/rad,10133.2556678966,-2.27373675443232e-13,-57960.7708807015,0.242520606286689,2.93389698846624e-06,0.00252122309206015,10133.2556678966,-2.27373675443232e-13,-57960.7708807015,-0.242520606228481,2.93389698846624e-06,-0.00252122308484104,2.2630629625306e-07,1,VALID_CENTRAL_DIFFERENCE
B15_V020,15,20,PHYSICAL_CONTROL,aileron,3,1e-05,rad,CX_aileron,0,N/(rad),0,1/rad,10133.255668287,-2.27373675443232e-13,-57960.7708823663,0.0242520606523158,2.90344778797191e-06,0.000252122312076608,10133.255668287,-2.27373675443232e-13,-57960.7708823663,-0.0242520605941081,2.90344778797191e-06,-0.000252122304743807,0,1,VALID_CENTRAL_DIFFERENCE
B15_V020,15,20,PHYSICAL_CONTROL,aileron,3,1e-05,rad,CY_aileron,0,N/(rad),0,1/rad,10133.255668287,-2.27373675443232e-13,-57960.7708823663,0.0242520606523158,2.90344778797191e-06,0.000252122312076608,10133.255668287,-2.27373675443232e-13,-57960.7708823663,-0.0242520605941081,2.90344778797191e-06,-0.000252122304743807,0,1,VALID_CENTRAL_DIFFERENCE
B15_V020,15,20,PHYSICAL_CONTROL,aileron,3,1e-05,rad,CZ_aileron,0,N/(rad),0,1/rad,10133.255668287,-2.27373675443232e-13,-57960.7708823663,0.0242520606523158,2.90344778797191e-06,0.000252122312076608,10133.255668287,-2.27373675443232e-13,-57960.7708823663,-0.0242520605941081,2.90344778797191e-06,-0.000252122304743807,0,1,VALID_CENTRAL_DIFFERENCE
B15_V020,15,20,PHYSICAL_CONTROL,aileron,3,1e-05,rad,Cl_aileron,2425.20606232119,N*m/(rad),0.0549933347465123,1/rad,10133.255668287,-2.27373675443232e-13,-57960.7708823663,0.0242520606523158,2.90344778797191e-06,0.000252122312076608,10133.255668287,-2.27373675443232e-13,-57960.7708823663,-0.0242520605941081,2.90344778797191e-06,-0.000252122304743807,7.90958771467873e-09,1,VALID_CENTRAL_DIFFERENCE
B15_V020,15,20,PHYSICAL_CONTROL,aileron,3,1e-05,rad,Cm_aileron,0,N*m/(rad),0,1/rad,10133.255668287,-2.27373675443232e-13,-57960.7708823663,0.0242520606523158,2.90344778797191e-06,0.000252122312076608,10133.255668287,-2.27373675443232e-13,-57960.7708823663,-0.0242520605941081,2.90344778797191e-06,-0.000252122304743807,0,1,VALID_CENTRAL_DIFFERENCE
B15_V020,15,20,PHYSICAL_CONTROL,aileron,3,1e-05,rad,Cn_aileron,25.2122308410208,N*m/(rad),0.000571705914762375,1/rad,10133.255668287,-2.27373675443232e-13,-57960.7708823663,0.0242520606523158,2.90344778797191e-06,0.000252122312076608,10133.255668287,-2.27373675443232e-13,-57960.7708823663,-0.0242520605941081,2.90344778797191e-06,-0.000252122304743807,2.2630629625306e-07,1,VALID_CENTRAL_DIFFERENCE
B15_V020,15,20,PHYSICAL_CONTROL,elevator,1,0.001,rad,CX_elevator,282.721875273637,N/(rad),0.0641092687695322,1/rad,10133.5380494246,-2.27373675443232e-13,-57962.8267242462,2.91038304567337e-11,-10.3859919472472,3.5811353882309e-12,10132.9726056741,-2.27373675443232e-13,-57958.7135205588,2.91038304567337e-11,10.3935422059588,3.5811353882309e-12,6.61077778155397e-08,1,VALID_CENTRAL_DIFFERENCE
B15_V020,15,20,PHYSICAL_CONTROL,elevator,1,0.001,rad,CY_elevator,0,N/(rad),0,1/rad,10133.5380494246,-2.27373675443232e-13,-57962.8267242462,2.91038304567337e-11,-10.3859919472472,3.5811353882309e-12,10132.9726056741,-2.27373675443232e-13,-57958.7135205588,2.91038304567337e-11,10.3935422059588,3.5811353882309e-12,0,1,VALID_CENTRAL_DIFFERENCE
B15_V020,15,20,PHYSICAL_CONTROL,elevator,1,0.001,rad,CZ_elevator,-2056.60184368753,N/(rad),-0.466349624418941,1/rad,10133.5380494246,-2.27373675443232e-13,-57962.8267242462,2.91038304567337e-11,-10.3859919472472,3.5811353882309e-12,10132.9726056741,-2.27373675443232e-13,-57958.7135205588,2.91038304567337e-11,10.3935422059588,3.5811353882309e-12,7.09993780033491e-07,1,VALID_CENTRAL_DIFFERENCE
B15_V020,15,20,PHYSICAL_CONTROL,elevator,1,0.001,rad,Cl_elevator,0,N*m/(rad),0,1/rad,10133.5380494246,-2.27373675443232e-13,-57962.8267242462,2.91038304567337e-11,-10.3859919472472,3.5811353882309e-12,10132.9726056741,-2.27373675443232e-13,-57958.7135205588,2.91038304567337e-11,10.3935422059588,3.5811353882309e-12,0,1,VALID_CENTRAL_DIFFERENCE
B15_V020,15,20,PHYSICAL_CONTROL,elevator,1,0.001,rad,Cm_elevator,-10389.767076603,N*m/(rad),-1.57063750213197,1/rad,10133.5380494246,-2.27373675443232e-13,-57962.8267242462,2.91038304567337e-11,-10.3859919472472,3.5811353882309e-12,10132.9726056741,-2.27373675443232e-13,-57958.7135205588,2.91038304567337e-11,10.3935422059588,3.5811353882309e-12,7.06525486236027e-07,1,VALID_CENTRAL_DIFFERENCE
B15_V020,15,20,PHYSICAL_CONTROL,elevator,1,0.001,rad,Cn_elevator,0,N*m/(rad),0,1/rad,10133.5380494246,-2.27373675443232e-13,-57962.8267242462,2.91038304567337e-11,-10.3859919472472,3.5811353882309e-12,10132.9726056741,-2.27373675443232e-13,-57958.7135205588,2.91038304567337e-11,10.3935422059588,3.5811353882309e-12,0,1,VALID_CENTRAL_DIFFERENCE
B15_V020,15,20,PHYSICAL_CONTROL,elevator,2,0.0001,rad,CX_elevator,282.721893963753,N/(rad),0.0641092730076538,1/rad,10133.283937073,-2.27373675443232e-13,-57960.9765351137,2.91038304567337e-11,-1.03893681626359,3.5811353882309e-12,10133.2273926942,-2.27373675443232e-13,-57960.5652144529,2.91038304567337e-11,1.03901806718509,3.5811353882309e-12,6.61077778155397e-08,1,VALID_CENTRAL_DIFFERENCE
B15_V020,15,20,PHYSICAL_CONTROL,elevator,2,0.0001,rad,CY_elevator,0,N/(rad),0,1/rad,10133.283937073,-2.27373675443232e-13,-57960.9765351137,2.91038304567337e-11,-1.03893681626359,3.5811353882309e-12,10133.2273926942,-2.27373675443232e-13,-57960.5652144529,2.91038304567337e-11,1.03901806718509,3.5811353882309e-12,0,1,VALID_CENTRAL_DIFFERENCE
B15_V020,15,20,PHYSICAL_CONTROL,elevator,2,0.0001,rad,CZ_elevator,-2056.60330386308,N/(rad),-0.466349955524509,1/rad,10133.283937073,-2.27373675443232e-13,-57960.9765351137,2.91038304567337e-11,-1.03893681626359,3.5811353882309e-12,10133.2273926942,-2.27373675443232e-13,-57960.5652144529,2.91038304567337e-11,1.03901806718509,3.5811353882309e-12,7.09993780033491e-07,1,VALID_CENTRAL_DIFFERENCE
B15_V020,15,20,PHYSICAL_CONTROL,elevator,2,0.0001,rad,Cl_elevator,0,N*m/(rad),0,1/rad,10133.283937073,-2.27373675443232e-13,-57960.9765351137,2.91038304567337e-11,-1.03893681626359,3.5811353882309e-12,10133.2273926942,-2.27373675443232e-13,-57960.5652144529,2.91038304567337e-11,1.03901806718509,3.5811353882309e-12,0,1,VALID_CENTRAL_DIFFERENCE
B15_V020,15,20,PHYSICAL_CONTROL,elevator,2,0.0001,rad,Cm_elevator,-10389.7744172434,N*m/(rad),-1.57063861182818,1/rad,10133.283937073,-2.27373675443232e-13,-57960.9765351137,2.91038304567337e-11,-1.03893681626359,3.5811353882309e-12,10133.2273926942,-2.27373675443232e-13,-57960.5652144529,2.91038304567337e-11,1.03901806718509,3.5811353882309e-12,7.06525486236027e-07,1,VALID_CENTRAL_DIFFERENCE
B15_V020,15,20,PHYSICAL_CONTROL,elevator,2,0.0001,rad,Cn_elevator,0,N*m/(rad),0,1/rad,10133.283937073,-2.27373675443232e-13,-57960.9765351137,2.91038304567337e-11,-1.03893681626359,3.5811353882309e-12,10133.2273926942,-2.27373675443232e-13,-57960.5652144529,2.91038304567337e-11,1.03901806718509,3.5811353882309e-12,0,1,VALID_CENTRAL_DIFFERENCE
B15_V020,15,20,PHYSICAL_CONTROL,elevator,3,1e-05,rad,CX_elevator,282.721894109272,N/(rad),0.0641092730406513,1/rad,10133.2584954759,-2.27373675443232e-13,-57960.7914483403,2.91038304567337e-11,-0.103894464543734,3.5811353882309e-12,10133.252841038,-2.27373675443232e-13,-57960.7503162739,2.91038304567337e-11,0.1039010252699,3.5811353882309e-12,6.61077778155397e-08,1,VALID_CENTRAL_DIFFERENCE
B15_V020,15,20,PHYSICAL_CONTROL,elevator,3,1e-05,rad,CY_elevator,0,N/(rad),0,1/rad,10133.2584954759,-2.27373675443232e-13,-57960.7914483403,2.91038304567337e-11,-0.103894464543734,3.5811353882309e-12,10133.252841038,-2.27373675443232e-13,-57960.7503162739,2.91038304567337e-11,0.1039010252699,3.5811353882309e-12,0,1,VALID_CENTRAL_DIFFERENCE
B15_V020,15,20,PHYSICAL_CONTROL,elevator,3,1e-05,rad,CZ_elevator,-2056.60331848776,N/(rad),-0.466349958840762,1/rad,10133.2584954759,-2.27373675443232e-13,-57960.7914483403,2.91038304567337e-11,-0.103894464543734,3.5811353882309e-12,10133.252841038,-2.27373675443232e-13,-57960.7503162739,2.91038304567337e-11,0.1039010252699,3.5811353882309e-12,7.09993780033491e-07,1,VALID_CENTRAL_DIFFERENCE
B15_V020,15,20,PHYSICAL_CONTROL,elevator,3,1e-05,rad,Cl_elevator,0,N*m/(rad),0,1/rad,10133.2584954759,-2.27373675443232e-13,-57960.7914483403,2.91038304567337e-11,-0.103894464543734,3.5811353882309e-12,10133.252841038,-2.27373675443232e-13,-57960.7503162739,2.91038304567337e-11,0.1039010252699,3.5811353882309e-12,0,1,VALID_CENTRAL_DIFFERENCE
B15_V020,15,20,PHYSICAL_CONTROL,elevator,3,1e-05,rad,Cm_elevator,-10389.7744906817,N*m/(rad),-1.57063862292996,1/rad,10133.2584954759,-2.27373675443232e-13,-57960.7914483403,2.91038304567337e-11,-0.103894464543734,3.5811353882309e-12,10133.252841038,-2.27373675443232e-13,-57960.7503162739,2.91038304567337e-11,0.1039010252699,3.5811353882309e-12,7.06525486236027e-07,1,VALID_CENTRAL_DIFFERENCE
B15_V020,15,20,PHYSICAL_CONTROL,elevator,3,1e-05,rad,Cn_elevator,0,N*m/(rad),0,1/rad,10133.2584954759,-2.27373675443232e-13,-57960.7914483403,2.91038304567337e-11,-0.103894464543734,3.5811353882309e-12,10133.252841038,-2.27373675443232e-13,-57960.7503162739,2.91038304567337e-11,0.1039010252699,3.5811353882309e-12,0,1,VALID_CENTRAL_DIFFERENCE
B15_V020,15,20,PHYSICAL_CONTROL,rudder,1,0.001,rad,CX_rudder,0,N/(rad),0,1/rad,10133.2556607226,0.548799999999773,-57960.7708837063,0.111863739514017,-1.15005343026553e-06,-2.32093948784105,10133.2556607226,-0.548800000000227,-57960.7708837063,-0.111863739455809,-1.15005343026553e-06,2.32093948784821,0,1,VALID_CENTRAL_DIFFERENCE
B15_V020,15,20,PHYSICAL_CONTROL,rudder,1,0.001,rad,CY_rudder,548.8,N/(rad),0.124444444444444,1/rad,10133.2556607226,0.548799999999773,-57960.7708837063,0.111863739514017,-1.15005343026553e-06,-2.32093948784105,10133.2556607226,-0.548800000000227,-57960.7708837063,-0.111863739455809,-1.15005343026553e-06,2.32093948784821,0,1,VALID_CENTRAL_DIFFERENCE
B15_V020,15,20,PHYSICAL_CONTROL,rudder,1,0.001,rad,CZ_rudder,0,N/(rad),0,1/rad,10133.2556607226,0.548799999999773,-57960.7708837063,0.111863739514017,-1.15005343026553e-06,-2.32093948784105,10133.2556607226,-0.548800000000227,-57960.7708837063,-0.111863739455809,-1.15005343026553e-06,2.32093948784821,0,1,VALID_CENTRAL_DIFFERENCE
B15_V020,15,20,PHYSICAL_CONTROL,rudder,1,0.001,rad,Cl_rudder,111.863739484913,N*m/(rad),0.00253659273208419,1/rad,10133.2556607226,0.548799999999773,-57960.7708837063,0.111863739514017,-1.15005343026553e-06,-2.32093948784105,10133.2556607226,-0.548800000000227,-57960.7708837063,-0.111863739455809,-1.15005343026553e-06,2.32093948784821,1.58660017170334e-13,1,VALID_CENTRAL_DIFFERENCE
B15_V020,15,20,PHYSICAL_CONTROL,rudder,1,0.001,rad,Cm_rudder,0,N*m/(rad),0,1/rad,10133.2556607226,0.548799999999773,-57960.7708837063,0.111863739514017,-1.15005343026553e-06,-2.32093948784105,10133.2556607226,-0.548800000000227,-57960.7708837063,-0.111863739455809,-1.15005343026553e-06,2.32093948784821,0,1,VALID_CENTRAL_DIFFERENCE
B15_V020,15,20,PHYSICAL_CONTROL,rudder,1,0.001,rad,Cn_rudder,-2320.93948784463,N*m/(rad),-0.0526290133298102,1/rad,10133.2556607226,0.548799999999773,-57960.7708837063,0.111863739514017,-1.15005343026553e-06,-2.32093948784105,10133.2556607226,-0.548800000000227,-57960.7708837063,-0.111863739455809,-1.15005343026553e-06,2.32093948784821,1.55577585224702e-14,1,VALID_CENTRAL_DIFFERENCE
B15_V020,15,20,PHYSICAL_CONTROL,rudder,2,0.0001,rad,CX_rudder,0,N/(rad),0,1/rad,10133.2556682153,0.0548799999997726,-57960.7708823963,0.011186373977595,2.86260821447115e-06,-0.232093948780882,10133.2556682153,-0.0548800000002274,-57960.7708823963,-0.0111863739193874,2.86260821447115e-06,0.232093948788044,0,1,VALID_CENTRAL_DIFFERENCE
B15_V020,15,20,PHYSICAL_CONTROL,rudder,2,0.0001,rad,CY_rudder,548.8,N/(rad),0.124444444444444,1/rad,10133.2556682153,0.0548799999997726,-57960.7708823963,0.011186373977595,2.86260821447115e-06,-0.232093948780882,10133.2556682153,-0.0548800000002274,-57960.7708823963,-0.0111863739193874,2.86260821447115e-06,0.232093948788044,0,1,VALID_CENTRAL_DIFFERENCE
B15_V020,15,20,PHYSICAL_CONTROL,rudder,2,0.0001,rad,CZ_rudder,0,N/(rad),0,1/rad,10133.2556682153,0.0548799999997726,-57960.7708823963,0.011186373977595,2.86260821447115e-06,-0.232093948780882,10133.2556682153,-0.0548800000002274,-57960.7708823963,-0.0111863739193874,2.86260821447115e-06,0.232093948788044,0,1,VALID_CENTRAL_DIFFERENCE
B15_V020,15,20,PHYSICAL_CONTROL,rudder,2,0.0001,rad,Cl_rudder,111.863739484912,N*m/(rad),0.00253659273208417,1/rad,10133.2556682153,0.0548799999997726,-57960.7708823963,0.011186373977595,2.86260821447115e-06,-0.232093948780882,10133.2556682153,-0.0548800000002274,-57960.7708823963,-0.0111863739193874,2.86260821447115e-06,0.232093948788044,1.58660017170334e-13,1,VALID_CENTRAL_DIFFERENCE
B15_V020,15,20,PHYSICAL_CONTROL,rudder,2,0.0001,rad,Cm_rudder,0,N*m/(rad),0,1/rad,10133.2556682153,0.0548799999997726,-57960.7708823963,0.011186373977595,2.86260821447115e-06,-0.232093948780882,10133.2556682153,-0.0548800000002274,-57960.7708823963,-0.0111863739193874,2.86260821447115e-06,0.232093948788044,0,1,VALID_CENTRAL_DIFFERENCE
B15_V020,15,20,PHYSICAL_CONTROL,rudder,2,0.0001,rad,Cn_rudder,-2320.93948784463,N*m/(rad),-0.0526290133298103,1/rad,10133.2556682153,0.0548799999997726,-57960.7708823963,0.011186373977595,2.86260821447115e-06,-0.232093948780882,10133.2556682153,-0.0548800000002274,-57960.7708823963,-0.0111863739193874,2.86260821447115e-06,0.232093948788044,1.55577585224702e-14,1,VALID_CENTRAL_DIFFERENCE
B15_V020,15,20,PHYSICAL_CONTROL,rudder,3,1e-05,rad,CX_rudder,0,N/(rad),0,1/rad,10133.2556682902,0.00548799999977263,-57960.7708823832,0.00111863742395313,2.90273483116721e-06,-0.0232093948748648,10133.2556682902,-0.00548800000022737,-57960.7708823832,-0.00111863736574547,2.90273483116721e-06,0.0232093948820271,0,1,VALID_CENTRAL_DIFFERENCE
B15_V020,15,20,PHYSICAL_CONTROL,rudder,3,1e-05,rad,CY_rudder,548.8,N/(rad),0.124444444444444,1/rad,10133.2556682902,0.00548799999977263,-57960.7708823832,0.00111863742395313,2.90273483116721e-06,-0.0232093948748648,10133.2556682902,-0.00548800000022737,-57960.7708823832,-0.00111863736574547,2.90273483116721e-06,0.0232093948820271,0,1,VALID_CENTRAL_DIFFERENCE
B15_V020,15,20,PHYSICAL_CONTROL,rudder,3,1e-05,rad,CZ_rudder,0,N/(rad),0,1/rad,10133.2556682902,0.00548799999977263,-57960.7708823832,0.00111863742395313,2.90273483116721e-06,-0.0232093948748648,10133.2556682902,-0.00548800000022737,-57960.7708823832,-0.00111863736574547,2.90273483116721e-06,0.0232093948820271,0,1,VALID_CENTRAL_DIFFERENCE
B15_V020,15,20,PHYSICAL_CONTROL,rudder,3,1e-05,rad,Cl_rudder,111.86373948493,N*m/(rad),0.00253659273208457,1/rad,10133.2556682902,0.00548799999977263,-57960.7708823832,0.00111863742395313,2.90273483116721e-06,-0.0232093948748648,10133.2556682902,-0.00548800000022737,-57960.7708823832,-0.00111863736574547,2.90273483116721e-06,0.0232093948820271,1.58660017170334e-13,1,VALID_CENTRAL_DIFFERENCE
B15_V020,15,20,PHYSICAL_CONTROL,rudder,3,1e-05,rad,Cm_rudder,0,N*m/(rad),0,1/rad,10133.2556682902,0.00548799999977263,-57960.7708823832,0.00111863742395313,2.90273483116721e-06,-0.0232093948748648,10133.2556682902,-0.00548800000022737,-57960.7708823832,-0.00111863736574547,2.90273483116721e-06,0.0232093948820271,0,1,VALID_CENTRAL_DIFFERENCE
B15_V020,15,20,PHYSICAL_CONTROL,rudder,3,1e-05,rad,Cn_rudder,-2320.9394878446,N*m/(rad),-0.0526290133298095,1/rad,10133.2556682902,0.00548799999977263,-57960.7708823832,0.00111863742395313,2.90273483116721e-06,-0.0232093948748648,10133.2556682902,-0.00548800000022737,-57960.7708823832,-0.00111863736574547,2.90273483116721e-06,0.0232093948820271,1.55577585224702e-14,1,VALID_CENTRAL_DIFFERENCE
B45_V035,45,35,PHYSICAL_CONTROL,collective,1,0.001,rad,CX_collective,201855.509780791,N/(rad),14.946032470233,1/rad,22006.331983813,-9.09494701772928e-13,-54919.1944421504,-1.47792889038101e-11,7.19647095746733,-1.4210854715202e-11,21602.6209642514,-5.11590769747272e-13,-54381.708047741,3.00133251585066e-11,-7.32194083595222,7.27595761418343e-12,3.03682990640816e-06,1,VALID_CENTRAL_DIFFERENCE
B45_V035,45,35,PHYSICAL_CONTROL,collective,1,0.001,rad,CY_collective,-1.98951966012828e-10,N/(rad),-1.47310447323118e-14,1/rad,22006.331983813,-9.09494701772928e-13,-54919.1944421504,-1.47792889038101e-11,7.19647095746733,-1.4210854715202e-11,21602.6209642514,-5.11590769747272e-13,-54381.708047741,3.00133251585066e-11,-7.32194083595222,7.27595761418343e-12,0.0174668101825982,1,VALID_CENTRAL_DIFFERENCE
B45_V035,45,35,PHYSICAL_CONTROL,collective,1,0.001,rad,CZ_collective,-268743.197204727,N/(rad),-19.8986124081431,1/rad,22006.331983813,-9.09494701772928e-13,-54919.1944421504,-1.47792889038101e-11,7.19647095746733,-1.4210854715202e-11,21602.6209642514,-5.11590769747272e-13,-54381.708047741,3.00133251585066e-11,-7.32194083595222,7.27595761418343e-12,3.06434640309916e-06,1,VALID_CENTRAL_DIFFERENCE
B45_V035,45,35,PHYSICAL_CONTROL,collective,1,0.001,rad,Cl_collective,-2.23963070311584e-08,N*m/(rad),-1.65829474986595e-13,1/rad,22006.331983813,-9.09494701772928e-13,-54919.1944421504,-1.47792889038101e-11,7.19647095746733,-1.4210854715202e-11,21602.6209642514,-5.11590769747272e-13,-54381.708047741,3.00133251585066e-11,-7.32194083595222,7.27595761418343e-12,0.109851505003811,1,VALID_CENTRAL_DIFFERENCE
B45_V035,45,35,PHYSICAL_CONTROL,collective,1,0.001,rad,Cm_collective,7259.20589670977,N*m/(rad),0.358329999374817,1/rad,22006.331983813,-9.09494701772928e-13,-54919.1944421504,-1.47792889038101e-11,7.19647095746733,-1.4210854715202e-11,21602.6209642514,-5.11590769747272e-13,-54381.708047741,3.00133251585066e-11,-7.32194083595222,7.27595761418343e-12,3.74566322445611e-06,1,VALID_CENTRAL_DIFFERENCE
B45_V035,45,35,PHYSICAL_CONTROL,collective,1,0.001,rad,Cn_collective,-1.07434061646927e-08,N*m/(rad),-7.95476415544835e-14,1/rad,22006.331983813,-9.09494701772928e-13,-54919.1944421504,-1.47792889038101e-11,7.19647095746733,-1.4210854715202e-11,21602.6209642514,-5.11590769747272e-13,-54381.708047741,3.00133251585066e-11,-7.32194083595222,7.27595761418343e-12,0.00185611163627128,1,VALID_CENTRAL_DIFFERENCE
B45_V035,45,35,PHYSICAL_CONTROL,collective,2,0.0001,rad,CX_collective,201856.122783502,N/(rad),14.9460778589293,1/rad,21824.7233725315,-3.41060513164848e-13,-54677.544089126,5.79802872380242e-11,0.725302436911633,7.30437932361383e-12,21784.3521479748,3.97903932025656e-13,-54623.7952849801,5.91171556152403e-11,-0.726544180558804,1.44666501000756e-11,3.03682990640816e-06,1,VALID_CENTRAL_DIFFERENCE
B45_V035,45,35,PHYSICAL_CONTROL,collective,2,0.0001,rad,CY_collective,-3.69482222595252e-09,N/(rad),-2.73576545028647e-13,1/rad,21824.7233725315,-3.41060513164848e-13,-54677.544089126,5.79802872380242e-11,0.725302436911633,7.30437932361383e-12,21784.3521479748,3.97903932025656e-13,-54623.7952849801,5.91171556152403e-11,-0.726544180558804,1.44666501000756e-11,0.0174668101825982,1,VALID_CENTRAL_DIFFERENCE
B45_V035,45,35,PHYSICAL_CONTROL,collective,2,0.0001,rad,CZ_collective,-268744.0207295,N/(rad),-19.8986733845713,1/rad,21824.7233725315,-3.41060513164848e-13,-54677.544089126,5.79802872380242e-11,0.725302436911633,7.30437932361383e-12,21784.3521479748,3.97903932025656e-13,-54623.7952849801,5.91171556152403e-11,-0.726544180558804,1.44666501000756e-11,3.06434640309916e-06,1,VALID_CENTRAL_DIFFERENCE
B45_V035,45,35,PHYSICAL_CONTROL,collective,2,0.0001,rad,Cl_collective,-5.6843418860808e-09,N*m/(rad),-4.20886992351765e-14,1/rad,21824.7233725315,-3.41060513164848e-13,-54677.544089126,5.79802872380242e-11,0.725302436911633,7.30437932361383e-12,21784.3521479748,3.97903932025656e-13,-54623.7952849801,5.91171556152403e-11,-0.726544180558804,1.44666501000756e-11,0.109851505003811,1,VALID_CENTRAL_DIFFERENCE
B45_V035,45,35,PHYSICAL_CONTROL,collective,2,0.0001,rad,Cm_collective,7259.23308735219,N*m/(rad),0.358331341563345,1/rad,21824.7233725315,-3.41060513164848e-13,-54677.544089126,5.79802872380242e-11,0.725302436911633,7.30437932361383e-12,21784.3521479748,3.97903932025656e-13,-54623.7952849801,5.91171556152403e-11,-0.726544180558804,1.44666501000756e-11,3.74566322445611e-06,1,VALID_CENTRAL_DIFFERENCE
B45_V035,45,35,PHYSICAL_CONTROL,collective,2,0.0001,rad,Cn_collective,-3.5811353882309e-08,N*m/(rad),-2.65158805181612e-13,1/rad,21824.7233725315,-3.41060513164848e-13,-54677.544089126,5.79802872380242e-11,0.725302436911633,7.30437932361383e-12,21784.3521479748,3.97903932025656e-13,-54623.7952849801,5.91171556152403e-11,-0.726544180558804,1.44666501000756e-11,0.00185611163627128,1,VALID_CENTRAL_DIFFERENCE
B45_V035,45,35,PHYSICAL_CONTROL,collective,3,1e-05,rad,CX_collective,201856.128914005,N/(rad),14.9460783128515,1/rad,21806.5569344052,9.09494701772928e-13,-54653.3593117662,2.27373675443232e-13,0.0725926029368651,-3.41060513164848e-13,21802.5198118269,5.11590769747272e-13,-54647.9844311869,-2.93312041321769e-11,-0.0725920642502302,1.70530256582424e-13,3.03682990640816e-06,1,VALID_CENTRAL_DIFFERENCE
B45_V035,45,35,PHYSICAL_CONTROL,collective,3,1e-05,rad,CY_collective,1.98951966012828e-08,N/(rad),1.47310447323118e-12,1/rad,21806.5569344052,9.09494701772928e-13,-54653.3593117662,2.27373675443232e-13,0.0725926029368651,-3.41060513164848e-13,21802.5198118269,5.11590769747272e-13,-54647.9844311869,-2.93312041321769e-11,-0.0725920642502302,1.70530256582424e-13,0.0174668101825982,1,VALID_CENTRAL_DIFFERENCE
B45_V035,45,35,PHYSICAL_CONTROL,collective,3,1e-05,rad,CZ_collective,-268744.028965375,N/(rad),-19.898673994382,1/rad,21806.5569344052,9.09494701772928e-13,-54653.3593117662,2.27373675443232e-13,0.0725926029368651,-3.41060513164848e-13,21802.5198118269,5.11590769747272e-13,-54647.9844311869,-2.93312041321769e-11,-0.0725920642502302,1.70530256582424e-13,3.06434640309916e-06,1,VALID_CENTRAL_DIFFERENCE
B45_V035,45,35,PHYSICAL_CONTROL,collective,3,1e-05,rad,Cl_collective,1.47792889038101e-06,N*m/(rad),1.09430618011459e-11,1/rad,21806.5569344052,9.09494701772928e-13,-54653.3593117662,2.27373675443232e-13,0.0725926029368651,-3.41060513164848e-13,21802.5198118269,5.11590769747272e-13,-54647.9844311869,-2.93312041321769e-11,-0.0725920642502302,1.70530256582424e-13,0.109851505003811,1,VALID_CENTRAL_DIFFERENCE
B45_V035,45,35,PHYSICAL_CONTROL,collective,3,1e-05,rad,Cm_collective,7259.23335935477,N*m/(rad),0.358331354989977,1/rad,21806.5569344052,9.09494701772928e-13,-54653.3593117662,2.27373675443232e-13,0.0725926029368651,-3.41060513164848e-13,21802.5198118269,5.11590769747272e-13,-54647.9844311869,-2.93312041321769e-11,-0.0725920642502302,1.70530256582424e-13,3.74566322445611e-06,1,VALID_CENTRAL_DIFFERENCE
B45_V035,45,35,PHYSICAL_CONTROL,collective,3,1e-05,rad,Cn_collective,-2.55795384873636e-08,N*m/(rad),-1.89399146558294e-13,1/rad,21806.5569344052,9.09494701772928e-13,-54653.3593117662,2.27373675443232e-13,0.0725926029368651,-3.41060513164848e-13,21802.5198118269,5.11590769747272e-13,-54647.9844311869,-2.93312041321769e-11,-0.0725920642502302,1.70530256582424e-13,0.00185611163627128,1,VALID_CENTRAL_DIFFERENCE
B45_V035,45,35,PHYSICAL_CONTROL,diffCollective,1,0.001,rad,CX_diffCollective,0,N/(rad),0,1/rad,21804.4764740322,-11.4645871811048,-54650.4512449457,-1471.70919702847,-0.0627349392410821,-893.763761120214,21804.4764740322,11.4645871811034,-54650.4512449457,1471.70919702849,-0.0627349392438106,893.763761120207,0,1,VALID_CENTRAL_DIFFERENCE
B45_V035,45,35,PHYSICAL_CONTROL,diffCollective,1,0.001,rad,CY_diffCollective,-11464.5871811041,N/(rad),-0.848874982172544,1/rad,21804.4764740322,-11.4645871811048,-54650.4512449457,-1471.70919702847,-0.0627349392410821,-893.763761120214,21804.4764740322,11.4645871811034,-54650.4512449457,1471.70919702849,-0.0627349392438106,893.763761120207,1.08905549391701e-05,1,VALID_CENTRAL_DIFFERENCE
B45_V035,45,35,PHYSICAL_CONTROL,diffCollective,1,0.001,rad,CZ_diffCollective,0,N/(rad),0,1/rad,21804.4764740322,-11.4645871811048,-54650.4512449457,-1471.70919702847,-0.0627349392410821,-893.763761120214,21804.4764740322,11.4645871811034,-54650.4512449457,1471.70919702849,-0.0627349392438106,893.763761120207,0,1,VALID_CENTRAL_DIFFERENCE
B45_V035,45,35,PHYSICAL_CONTROL,diffCollective,1,0.001,rad,Cl_diffCollective,-1471709.19702848,N*m/(rad),-10.8970091871238,1/rad,21804.4764740322,-11.4645871811048,-54650.4512449457,-1471.70919702847,-0.0627349392410821,-893.763761120214,21804.4764740322,11.4645871811034,-54650.4512449457,1471.70919702849,-0.0627349392438106,893.763761120207,3.4246318308331e-06,1,VALID_CENTRAL_DIFFERENCE
B45_V035,45,35,PHYSICAL_CONTROL,diffCollective,1,0.001,rad,Cm_diffCollective,1.36424205265939e-09,N*m/(rad),6.73419187762823e-14,1/rad,21804.4764740322,-11.4645871811048,-54650.4512449457,-1471.70919702847,-0.0627349392410821,-893.763761120214,21804.4764740322,11.4645871811034,-54650.4512449457,1471.70919702849,-0.0627349392438106,893.763761120207,0.0224473062587608,1,VALID_CENTRAL_DIFFERENCE
B45_V035,45,35,PHYSICAL_CONTROL,diffCollective,1,0.001,rad,Cn_diffCollective,-893763.761120211,N*m/(rad),-6.61771492337608,1/rad,21804.4764740322,-11.4645871811048,-54650.4512449457,-1471.70919702847,-0.0627349392410821,-893.763761120214,21804.4764740322,11.4645871811034,-54650.4512449457,1471.70919702849,-0.0627349392438106,893.763761120207,2.5462843662228e-06,1,VALID_CENTRAL_DIFFERENCE
B45_V035,45,35,PHYSICAL_CONTROL,diffCollective,2,0.0001,rad,CX_diffCollective,0,N/(rad),0,1/rad,21804.5377602531,-1.14647120381801,-54650.6696870531,-147.171423710732,-0.000620871823585389,-89.3766036902589,21804.5377602531,1.14647120381807,-54650.6696870531,147.171423710849,-0.000620871823585389,89.3766036902806,0,1,VALID_CENTRAL_DIFFERENCE
B45_V035,45,35,PHYSICAL_CONTROL,diffCollective,2,0.0001,rad,CY_diffCollective,-11464.7120381804,N/(rad),-0.848884226992855,1/rad,21804.5377602531,-1.14647120381801,-54650.6696870531,-147.171423710732,-0.000620871823585389,-89.3766036902589,21804.5377602531,1.14647120381807,-54650.6696870531,147.171423710849,-0.000620871823585389,89.3766036902806,1.08905549391701e-05,1,VALID_CENTRAL_DIFFERENCE
B45_V035,45,35,PHYSICAL_CONTROL,diffCollective,2,0.0001,rad,CZ_diffCollective,0,N/(rad),0,1/rad,21804.5377602531,-1.14647120381801,-54650.6696870531,-147.171423710732,-0.000620871823585389,-89.3766036902589,21804.5377602531,1.14647120381807,-54650.6696870531,147.171423710849,-0.000620871823585389,89.3766036902806,0,1,VALID_CENTRAL_DIFFERENCE
B45_V035,45,35,PHYSICAL_CONTROL,diffCollective,2,0.0001,rad,Cl_diffCollective,-1471714.2371079,N*m/(rad),-10.8970465054961,1/rad,21804.5377602531,-1.14647120381801,-54650.6696870531,-147.171423710732,-0.000620871823585389,-89.3766036902589,21804.5377602531,1.14647120381807,-54650.6696870531,147.171423710849,-0.000620871823585389,89.3766036902806,3.4246318308331e-06,1,VALID_CENTRAL_DIFFERENCE
B45_V035,45,35,PHYSICAL_CONTROL,diffCollective,2,0.0001,rad,Cm_diffCollective,0,N*m/(rad),0,1/rad,21804.5377602531,-1.14647120381801,-54650.6696870531,-147.171423710732,-0.000620871823585389,-89.3766036902589,21804.5377602531,1.14647120381807,-54650.6696870531,147.171423710849,-0.000620871823585389,89.3766036902806,0.0224473062587608,1,VALID_CENTRAL_DIFFERENCE
B45_V035,45,35,PHYSICAL_CONTROL,diffCollective,2,0.0001,rad,Cn_diffCollective,-893766.036902697,N*m/(rad),-6.61773177400304,1/rad,21804.5377602531,-1.14647120381801,-54650.6696870531,-147.171423710732,-0.000620871823585389,-89.3766036902589,21804.5377602531,1.14647120381807,-54650.6696870531,147.171423710849,-0.000620871823585389,89.3766036902806,2.5462843662228e-06,1,VALID_CENTRAL_DIFFERENCE
B45_V035,45,35,PHYSICAL_CONTROL,diffCollective,3,1e-05,rad,CX_diffCollective,0,N/(rad),0,1/rad,21804.5383731161,-0.114647132867276,-54650.6718714765,-14.7171428751387,2.69342862679878e-07,-8.93766059662028,21804.5383731161,0.114647132868697,-54650.6718714765,14.7171428751096,2.69343772174579e-07,8.93766059662011,0,1,VALID_CENTRAL_DIFFERENCE
B45_V035,45,35,PHYSICAL_CONTROL,diffCollective,3,1e-05,rad,CY_diffCollective,-11464.7132867987,N/(rad),-0.848884319444576,1/rad,21804.5383731161,-0.114647132867276,-54650.6718714765,-14.7171428751387,2.69342862679878e-07,-8.93766059662028,21804.5383731161,0.114647132868697,-54650.6718714765,14.7171428751096,2.69343772174579e-07,8.93766059662011,1.08905549391701e-05,1,VALID_CENTRAL_DIFFERENCE
B45_V035,45,35,PHYSICAL_CONTROL,diffCollective,3,1e-05,rad,CZ_diffCollective,0,N/(rad),0,1/rad,21804.5383731161,-0.114647132867276,-54650.6718714765,-14.7171428751387,2.69342862679878e-07,-8.93766059662028,21804.5383731161,0.114647132868697,-54650.6718714765,14.7171428751096,2.69343772174579e-07,8.93766059662011,0,1,VALID_CENTRAL_DIFFERENCE
B45_V035,45,35,PHYSICAL_CONTROL,diffCollective,3,1e-05,rad,Cl_diffCollective,-1471714.28751242,N*m/(rad),-10.8970468787073,1/rad,21804.5383731161,-0.114647132867276,-54650.6718714765,-14.7171428751387,2.69342862679878e-07,-8.93766059662028,21804.5383731161,0.114647132868697,-54650.6718714765,14.7171428751096,2.69343772174579e-07,8.93766059662011,3.4246318308331e-06,1,VALID_CENTRAL_DIFFERENCE
B45_V035,45,35,PHYSICAL_CONTROL,diffCollective,3,1e-05,rad,Cm_diffCollective,-4.54747350886464e-08,N*m/(rad),-2.24473062587608e-12,1/rad,21804.5383731161,-0.114647132867276,-54650.6718714765,-14.7171428751387,2.69342862679878e-07,-8.93766059662028,21804.5383731161,0.114647132868697,-54650.6718714765,14.7171428751096,2.69343772174579e-07,8.93766059662011,0.0224473062587608,1,VALID_CENTRAL_DIFFERENCE
B45_V035,45,35,PHYSICAL_CONTROL,diffCollective,3,1e-05,rad,Cn_diffCollective,-893766.059662019,N*m/(rad),-6.61773194252039,1/rad,21804.5383731161,-0.114647132867276,-54650.6718714765,-14.7171428751387,2.69342862679878e-07,-8.93766059662028,21804.5383731161,0.114647132868697,-54650.6718714765,14.7171428751096,2.69343772174579e-07,8.93766059662011,2.5462843662228e-06,1,VALID_CENTRAL_DIFFERENCE
B45_V035,45,35,PHYSICAL_CONTROL,cyclicLong,1,0.001,rad,CX_cyclicLong,17233.1194548824,N/(rad),1.27599570215243,1/rad,21821.7761376006,9.66338120633736e-13,-54619.620215895,2.27373675443232e-13,-23.6913808714393,-6.90647539158817e-12,21787.3098986909,0,-54681.7403108518,4.54747350886464e-13,23.6936957761569,-6.82121026329696e-12,1.32175906550965e-06,1,VALID_CENTRAL_DIFFERENCE
B45_V035,45,35,PHYSICAL_CONTROL,cyclicLong,1,0.001,rad,CY_cyclicLong,4.83169060316868e-10,N/(rad),3.57753943499e-14,1/rad,21821.7761376006,9.66338120633736e-13,-54619.620215895,2.27373675443232e-13,-23.6913808714393,-6.90647539158817e-12,21787.3098986909,0,-54681.7403108518,4.54747350886464e-13,23.6936957761569,-6.82121026329696e-12,0.0206234626252365,1,VALID_CENTRAL_DIFFERENCE
B45_V035,45,35,PHYSICAL_CONTROL,cyclicLong,1,0.001,rad,CZ_cyclicLong,31060.0474783932,N/(rad),2.29978601348647,1/rad,21821.7761376006,9.66338120633736e-13,-54619.620215895,2.27373675443232e-13,-23.6913808714393,-6.90647539158817e-12,21787.3098986909,0,-54681.7403108518,4.54747350886464e-13,23.6936957761569,-6.82121026329696e-12,8.42987498253276e-07,1,VALID_CENTRAL_DIFFERENCE
B45_V035,45,35,PHYSICAL_CONTROL,cyclicLong,1,0.001,rad,Cl_cyclicLong,-1.13686837721616e-10,N*m/(rad),-8.41773984703529e-16,1/rad,21821.7761376006,9.66338120633736e-13,-54619.620215895,2.27373675443232e-13,-23.6913808714393,-6.90647539158817e-12,21787.3098986909,0,-54681.7403108518,4.54747350886464e-13,23.6936957761569,-6.82121026329696e-12,0.0537051802240852,1,VALID_CENTRAL_DIFFERENCE
B45_V035,45,35,PHYSICAL_CONTROL,cyclicLong,1,0.001,rad,Cm_cyclicLong,-23692.5383237981,N*m/(rad),-1.16951459478541,1/rad,21821.7761376006,9.66338120633736e-13,-54619.620215895,2.27373675443232e-13,-23.6913808714393,-6.90647539158817e-12,21787.3098986909,0,-54681.7403108518,4.54747350886464e-13,23.6936957761569,-6.82121026329696e-12,1.03871525687995e-06,1,VALID_CENTRAL_DIFFERENCE
B45_V035,45,35,PHYSICAL_CONTROL,cyclicLong,1,0.001,rad,Cn_cyclicLong,-4.2632564145606e-11,N*m/(rad),-3.15665244263823e-16,1/rad,21821.7761376006,9.66338120633736e-13,-54619.620215895,2.27373675443232e-13,-23.6913808714393,-6.90647539158817e-12,21787.3098986909,0,-54681.7403108518,4.54747350886464e-13,23.6936957761569,-6.82121026329696e-12,0.0291674685699773,1,VALID_CENTRAL_DIFFERENCE
B45_V035,45,35,PHYSICAL_CONTROL,cyclicLong,2,0.0001,rad,CX_cyclicLong,17233.1422329444,N/(rad),1.27599738871355,1/rad,21806.2617399181,2.27373675443232e-13,-54647.565969874,0,-2.36923824048371,3.97903932025656e-13,21802.8151114715,3.41060513164848e-13,-54653.7779846063,-4.54747350886464e-13,2.36927434624123,7.27595761418343e-12,1.32175906550965e-06,1,VALID_CENTRAL_DIFFERENCE
B45_V035,45,35,PHYSICAL_CONTROL,cyclicLong,2,0.0001,rad,CY_cyclicLong,-5.6843418860808e-10,N/(rad),-4.20886992351765e-14,1/rad,21806.2617399181,2.27373675443232e-13,-54647.565969874,0,-2.36923824048371,3.97903932025656e-13,21802.8151114715,3.41060513164848e-13,-54653.7779846063,-4.54747350886464e-13,2.36927434624123,7.27595761418343e-12,0.0206234626252365,1,VALID_CENTRAL_DIFFERENCE
B45_V035,45,35,PHYSICAL_CONTROL,cyclicLong,2,0.0001,rad,CZ_cyclicLong,31060.073661647,N/(rad),2.29978795217897,1/rad,21806.2617399181,2.27373675443232e-13,-54647.565969874,0,-2.36923824048371,3.97903932025656e-13,21802.8151114715,3.41060513164848e-13,-54653.7779846063,-4.54747350886464e-13,2.36927434624123,7.27595761418343e-12,8.42987498253276e-07,1,VALID_CENTRAL_DIFFERENCE
B45_V035,45,35,PHYSICAL_CONTROL,cyclicLong,2,0.0001,rad,Cl_cyclicLong,2.27373675443232e-09,N*m/(rad),1.68354796940706e-14,1/rad,21806.2617399181,2.27373675443232e-13,-54647.565969874,0,-2.36923824048371,3.97903932025656e-13,21802.8151114715,3.41060513164848e-13,-54653.7779846063,-4.54747350886464e-13,2.36927434624123,7.27595761418343e-12,0.0537051802240852,1,VALID_CENTRAL_DIFFERENCE
B45_V035,45,35,PHYSICAL_CONTROL,cyclicLong,2,0.0001,rad,Cm_cyclicLong,-23692.5629336247,N*m/(rad),-1.16951580957933,1/rad,21806.2617399181,2.27373675443232e-13,-54647.565969874,0,-2.36923824048371,3.97903932025656e-13,21802.8151114715,3.41060513164848e-13,-54653.7779846063,-4.54747350886464e-13,2.36927434624123,7.27595761418343e-12,1.03871525687995e-06,1,VALID_CENTRAL_DIFFERENCE
B45_V035,45,35,PHYSICAL_CONTROL,cyclicLong,2,0.0001,rad,Cn_cyclicLong,-3.43902684107888e-08,N*m/(rad),-2.54636630372818e-13,1/rad,21806.2617399181,2.27373675443232e-13,-54647.565969874,0,-2.36923824048371,3.97903932025656e-13,21802.8151114715,3.41060513164848e-13,-54653.7779846063,-4.54747350886464e-13,2.36927434624123,7.27595761418343e-12,0.0291674685699773,1,VALID_CENTRAL_DIFFERENCE
B45_V035,45,35,PHYSICAL_CONTROL,cyclicLong,3,1e-05,rad,CX_cyclicLong,17233.1424604636,N/(rad),1.2759974055598,1/rad,21804.7107111951,-3.97903932025656e-13,-54650.3612936392,4.54747350886464e-13,-0.236918973206585,2.8421709430404e-13,21804.3660483459,1.70530256582424e-13,-54650.9824951176,-1.40971678774804e-11,0.236932290384729,-6.90647539158817e-12,1.32175906550965e-06,1,VALID_CENTRAL_DIFFERENCE
B45_V035,45,35,PHYSICAL_CONTROL,cyclicLong,3,1e-05,rad,CY_cyclicLong,-2.8421709430404e-08,N/(rad),-2.10443496175882e-12,1/rad,21804.7107111951,-3.97903932025656e-13,-54650.3612936392,4.54747350886464e-13,-0.236918973206585,2.8421709430404e-13,21804.3660483459,1.70530256582424e-13,-54650.9824951176,-1.40971678774804e-11,0.236932290384729,-6.90647539158817e-12,0.0206234626252365,1,VALID_CENTRAL_DIFFERENCE
B45_V035,45,35,PHYSICAL_CONTROL,cyclicLong,3,1e-05,rad,CZ_cyclicLong,31060.073923436,N/(rad),2.29978797156266,1/rad,21804.7107111951,-3.97903932025656e-13,-54650.3612936392,4.54747350886464e-13,-0.236918973206585,2.8421709430404e-13,21804.3660483459,1.70530256582424e-13,-54650.9824951176,-1.40971678774804e-11,0.236932290384729,-6.90647539158817e-12,8.42987498253276e-07,1,VALID_CENTRAL_DIFFERENCE
B45_V035,45,35,PHYSICAL_CONTROL,cyclicLong,3,1e-05,rad,Cl_cyclicLong,7.27595761418342e-07,N*m/(rad),5.38735350210259e-12,1/rad,21804.7107111951,-3.97903932025656e-13,-54650.3612936392,4.54747350886464e-13,-0.236918973206585,2.8421709430404e-13,21804.3660483459,1.70530256582424e-13,-54650.9824951176,-1.40971678774804e-11,0.236932290384729,-6.90647539158817e-12,0.0537051802240852,1,VALID_CENTRAL_DIFFERENCE
B45_V035,45,35,PHYSICAL_CONTROL,cyclicLong,3,1e-05,rad,Cm_cyclicLong,-23692.5631795657,N*m/(rad),-1.1695158217195,1/rad,21804.7107111951,-3.97903932025656e-13,-54650.3612936392,4.54747350886464e-13,-0.236918973206585,2.8421709430404e-13,21804.3660483459,1.70530256582424e-13,-54650.9824951176,-1.40971678774804e-11,0.236932290384729,-6.90647539158817e-12,1.03871525687995e-06,1,VALID_CENTRAL_DIFFERENCE
B45_V035,45,35,PHYSICAL_CONTROL,cyclicLong,3,1e-05,rad,Cn_cyclicLong,3.59534624294611e-07,N*m/(rad),2.66211022662491e-12,1/rad,21804.7107111951,-3.97903932025656e-13,-54650.3612936392,4.54747350886464e-13,-0.236918973206585,2.8421709430404e-13,21804.3660483459,1.70530256582424e-13,-54650.9824951176,-1.40971678774804e-11,0.236932290384729,-6.90647539158817e-12,0.0291674685699773,1,VALID_CENTRAL_DIFFERENCE
B45_V035,45,35,PHYSICAL_CONTROL,diffCyclic,1,0.001,rad,CX_diffCyclic,0,N/(rad),0,1/rad,21804.5430181458,0.799297980999086,-54650.6802633734,154.60805356962,0.00115745235926568,-84.5894200650024,21804.5430181458,-0.799297980998119,-54650.6802633734,-154.60805356962,0.00115745235926568,84.5894200649886,0.0269367675105129,1,VALID_CENTRAL_DIFFERENCE
B45_V035,45,35,PHYSICAL_CONTROL,diffCyclic,1,0.001,rad,CY_diffCyclic,799.297980998602,N/(rad),0.0591825984357334,1/rad,21804.5430181458,0.799297980999086,-54650.6802633734,154.60805356962,0.00115745235926568,-84.5894200650024,21804.5430181458,-0.799297980998119,-54650.6802633734,-154.60805356962,0.00115745235926568,84.5894200649886,8.00690790909009e-07,1,VALID_CENTRAL_DIFFERENCE
B45_V035,45,35,PHYSICAL_CONTROL,diffCyclic,1,0.001,rad,CZ_diffCyclic,0,N/(rad),0,1/rad,21804.5430181458,0.799297980999086,-54650.6802633734,154.60805356962,0.00115745235926568,-84.5894200650024,21804.5430181458,-0.799297980998119,-54650.6802633734,-154.60805356962,0.00115745235926568,84.5894200649886,0.0269367675105129,1,VALID_CENTRAL_DIFFERENCE
B45_V035,45,35,PHYSICAL_CONTROL,diffCyclic,1,0.001,rad,Cl_diffCyclic,154608.05356962,N*m/(rad),1.14476785465034,1/rad,21804.5430181458,0.799297980999086,-54650.6802633734,154.60805356962,0.00115745235926568,-84.5894200650024,21804.5430181458,-0.799297980998119,-54650.6802633734,-154.60805356962,0.00115745235926568,84.5894200649886,6.80821397135996e-07,1,VALID_CENTRAL_DIFFERENCE
B45_V035,45,35,PHYSICAL_CONTROL,diffCyclic,1,0.001,rad,Cm_diffCyclic,0,N*m/(rad),0,1/rad,21804.5430181458,0.799297980999086,-54650.6802633734,154.60805356962,0.00115745235926568,-84.5894200650024,21804.5430181458,-0.799297980998119,-54650.6802633734,-154.60805356962,0.00115745235926568,84.5894200649886,0.0246920368846369,1,VALID_CENTRAL_DIFFERENCE
B45_V035,45,35,PHYSICAL_CONTROL,diffCyclic,1,0.001,rad,Cn_diffCyclic,-84589.4200649955,N*m/(rad),-0.626327327058137,1/rad,21804.5430181458,0.799297980999086,-54650.6802633734,154.60805356962,0.00115745235926568,-84.5894200650024,21804.5430181458,-0.799297980998119,-54650.6802633734,-154.60805356962,0.00115745235926568,84.5894200649886,1.05191297712457e-06,1,VALID_CENTRAL_DIFFERENCE
B45_V035,45,35,PHYSICAL_CONTROL,diffCyclic,2,0.0001,rad,CX_diffCyclic,-3.63797880709171e-08,N/(rad),-2.69367675105129e-12,1/rad,21804.5384256948,0.0799297341011425,-54650.6719772401,15.460815883016,1.80528792128598e-05,-8.45895090457594,21804.5384256948,-0.079929734100574,-54650.6719772401,-15.4608158830165,1.80528783033651e-05,8.45895090458362,0.0269367675105129,1,VALID_CENTRAL_DIFFERENCE
B45_V035,45,35,PHYSICAL_CONTROL,diffCyclic,2,0.0001,rad,CY_diffCyclic,799.297341008582,N/(rad),0.0591825510488098,1/rad,21804.5384256948,0.0799297341011425,-54650.6719772401,15.460815883016,1.80528792128598e-05,-8.45895090457594,21804.5384256948,-0.079929734100574,-54650.6719772401,-15.4608158830165,1.80528783033651e-05,8.45895090458362,8.00690790909009e-07,1,VALID_CENTRAL_DIFFERENCE
B45_V035,45,35,PHYSICAL_CONTROL,diffCyclic,2,0.0001,rad,CZ_diffCyclic,3.63797880709171e-08,N/(rad),2.69367675105129e-12,1/rad,21804.5384256948,0.0799297341011425,-54650.6719772401,15.460815883016,1.80528792128598e-05,-8.45895090457594,21804.5384256948,-0.079929734100574,-54650.6719772401,-15.4608158830165,1.80528783033651e-05,8.45895090458362,0.0269367675105129,1,VALID_CENTRAL_DIFFERENCE
B45_V035,45,35,PHYSICAL_CONTROL,diffCyclic,2,0.0001,rad,Cl_diffCyclic,154608.158830163,N*m/(rad),1.14476863403332,1/rad,21804.5384256948,0.0799297341011425,-54650.6719772401,15.460815883016,1.80528792128598e-05,-8.45895090457594,21804.5384256948,-0.079929734100574,-54650.6719772401,-15.4608158830165,1.80528783033651e-05,8.45895090458362,6.80821397135996e-07,1,VALID_CENTRAL_DIFFERENCE
B45_V035,45,35,PHYSICAL_CONTROL,diffCyclic,2,0.0001,rad,Cm_diffCyclic,4.54747350886464e-09,N*m/(rad),2.24473062587608e-13,1/rad,21804.5384256948,0.0799297341011425,-54650.6719772401,15.460815883016,1.80528792128598e-05,-8.45895090457594,21804.5384256948,-0.079929734100574,-54650.6719772401,-15.4608158830165,1.80528783033651e-05,8.45895090458362,0.0246920368846369,1,VALID_CENTRAL_DIFFERENCE
B45_V035,45,35,PHYSICAL_CONTROL,diffCyclic,2,0.0001,rad,Cn_diffCyclic,-84589.5090457978,N*m/(rad),-0.626327985900673,1/rad,21804.5384256948,0.0799297341011425,-54650.6719772401,15.460815883016,1.80528792128598e-05,-8.45895090457594,21804.5384256948,-0.079929734100574,-54650.6719772401,-15.4608158830165,1.80528783033651e-05,8.45895090458362,1.05191297712457e-06,1,VALID_CENTRAL_DIFFERENCE
B45_V035,45,35,PHYSICAL_CONTROL,diffCyclic,3,1e-05,rad,CX_diffCyclic,0,N/(rad),0,1/rad,21804.5383797705,0.00799297334691573,-54650.6718943784,1.54608159883219,6.65858861736979e-06,-0.845895099347842,21804.5383797705,-0.00799297334714311,-54650.6718943784,-1.54608159884583,6.65858952686449e-06,0.84589509934122,0.0269367675105129,1,VALID_CENTRAL_DIFFERENCE
B45_V035,45,35,PHYSICAL_CONTROL,diffCyclic,3,1e-05,rad,CY_diffCyclic,799.297334702942,N/(rad),0.0591825505819199,1/rad,21804.5383797705,0.00799297334691573,-54650.6718943784,1.54608159883219,6.65858861736979e-06,-0.845895099347842,21804.5383797705,-0.00799297334714311,-54650.6718943784,-1.54608159884583,6.65858952686449e-06,0.84589509934122,8.00690790909009e-07,1,VALID_CENTRAL_DIFFERENCE
B45_V035,45,35,PHYSICAL_CONTROL,diffCyclic,3,1e-05,rad,CZ_diffCyclic,0,N/(rad),0,1/rad,21804.5383797705,0.00799297334691573,-54650.6718943784,1.54608159883219,6.65858861736979e-06,-0.845895099347842,21804.5383797705,-0.00799297334714311,-54650.6718943784,-1.54608159884583,6.65858952686449e-06,0.84589509934122,0.0269367675105129,1,VALID_CENTRAL_DIFFERENCE
B45_V035,45,35,PHYSICAL_CONTROL,diffCyclic,3,1e-05,rad,Cl_diffCyclic,154608.159883901,N*m/(rad),1.14476864183554,1/rad,21804.5383797705,0.00799297334691573,-54650.6718943784,1.54608159883219,6.65858861736979e-06,-0.845895099347842,21804.5383797705,-0.00799297334714311,-54650.6718943784,-1.54608159884583,6.65858952686449e-06,0.84589509934122,6.80821397135996e-07,1,VALID_CENTRAL_DIFFERENCE
B45_V035,45,35,PHYSICAL_CONTROL,diffCyclic,3,1e-05,rad,Cm_diffCyclic,-4.54747350886464e-08,N*m/(rad),-2.24473062587608e-12,1/rad,21804.5383797705,0.00799297334691573,-54650.6718943784,1.54608159883219,6.65858861736979e-06,-0.845895099347842,21804.5383797705,-0.00799297334714311,-54650.6718943784,-1.54608159884583,6.65858952686449e-06,0.84589509934122,0.0246920368846369,1,VALID_CENTRAL_DIFFERENCE
B45_V035,45,35,PHYSICAL_CONTROL,diffCyclic,3,1e-05,rad,Cn_diffCyclic,-84589.5099344531,N*m/(rad),-0.626327992480564,1/rad,21804.5383797705,0.00799297334691573,-54650.6718943784,1.54608159883219,6.65858861736979e-06,-0.845895099347842,21804.5383797705,-0.00799297334714311,-54650.6718943784,-1.54608159884583,6.65858952686449e-06,0.84589509934122,1.05191297712457e-06,1,VALID_CENTRAL_DIFFERENCE
B45_V035,45,35,PHYSICAL_CONTROL,aileron,1,0.001,rad,CX_aileron,0,N/(rad),0,1/rad,21804.5382955285,-2.27373675443232e-13,-54650.671564069,2.2523601638261,3.13244914735833e-05,0.505509538426082,21804.5382955285,-2.27373675443232e-13,-54650.671564069,-2.2523601638261,3.1324492383078e-05,-0.505509538425656,0,1,VALID_CENTRAL_DIFFERENCE
B45_V035,45,35,PHYSICAL_CONTROL,aileron,1,0.001,rad,CY_aileron,0,N/(rad),0,1/rad,21804.5382955285,-2.27373675443232e-13,-54650.671564069,2.2523601638261,3.13244914735833e-05,0.505509538426082,21804.5382955285,-2.27373675443232e-13,-54650.671564069,-2.2523601638261,3.1324492383078e-05,-0.505509538425656,0,1,VALID_CENTRAL_DIFFERENCE
B45_V035,45,35,PHYSICAL_CONTROL,aileron,1,0.001,rad,CZ_aileron,0,N/(rad),0,1/rad,21804.5382955285,-2.27373675443232e-13,-54650.671564069,2.2523601638261,3.13244914735833e-05,0.505509538426082,21804.5382955285,-2.27373675443232e-13,-54650.671564069,-2.2523601638261,3.1324492383078e-05,-0.505509538425656,0,1,VALID_CENTRAL_DIFFERENCE
B45_V035,45,35,PHYSICAL_CONTROL,aileron,1,0.001,rad,Cl_aileron,2252.3601638261,N*m/(rad),0.0166772005281214,1/rad,21804.5382955285,-2.27373675443232e-13,-54650.671564069,2.2523601638261,3.13244914735833e-05,0.505509538426082,21804.5382955285,-2.27373675443232e-13,-54650.671564069,-2.2523601638261,3.1324492383078e-05,-0.505509538425656,4.0866710928734e-08,1,VALID_CENTRAL_DIFFERENCE
B45_V035,45,35,PHYSICAL_CONTROL,aileron,1,0.001,rad,Cm_aileron,-4.54747350886464e-10,N*m/(rad),-2.24473062587608e-14,1/rad,21804.5382955285,-2.27373675443232e-13,-54650.671564069,2.2523601638261,3.13244914735833e-05,0.505509538426082,21804.5382955285,-2.27373675443232e-13,-54650.671564069,-2.2523601638261,3.1324492383078e-05,-0.505509538425656,0.000224473062587608,1,VALID_CENTRAL_DIFFERENCE
B45_V035,45,35,PHYSICAL_CONTROL,aileron,1,0.001,rad,Cn_aileron,505.509538425869,N*m/(rad),0.00374295553464478,1/rad,21804.5382955285,-2.27373675443232e-13,-54650.671564069,2.2523601638261,3.13244914735833e-05,0.505509538426082,21804.5382955285,-2.27373675443232e-13,-54650.671564069,-2.2523601638261,3.1324492383078e-05,-0.505509538425656,5.58612145807675e-08,1,VALID_CENTRAL_DIFFERENCE
B45_V035,45,35,PHYSICAL_CONTROL,aileron,2,0.0001,rad,CX_aileron,0,N/(rad),0,1/rad,21804.5383784688,-2.27373675443232e-13,-54650.6718902467,0.225236007177728,6.7913075412207e-06,0.0505509510189199,21804.5383784688,-2.27373675443232e-13,-54650.6718902467,-0.225236007178182,6.7913075412207e-06,-0.0505509510185789,0,1,VALID_CENTRAL_DIFFERENCE
B45_V035,45,35,PHYSICAL_CONTROL,aileron,2,0.0001,rad,CY_aileron,0,N/(rad),0,1/rad,21804.5383784688,-2.27373675443232e-13,-54650.6718902467,0.225236007177728,6.7913075412207e-06,0.0505509510189199,21804.5383784688,-2.27373675443232e-13,-54650.6718902467,-0.225236007178182,6.7913075412207e-06,-0.0505509510185789,0,1,VALID_CENTRAL_DIFFERENCE
B45_V035,45,35,PHYSICAL_CONTROL,aileron,2,0.0001,rad,CZ_aileron,0,N/(rad),0,1/rad,21804.5383784688,-2.27373675443232e-13,-54650.6718902467,0.225236007177728,6.7913075412207e-06,0.0505509510189199,21804.5383784688,-2.27373675443232e-13,-54650.6718902467,-0.225236007178182,6.7913075412207e-06,-0.0505509510185789,0,1,VALID_CENTRAL_DIFFERENCE
B45_V035,45,35,PHYSICAL_CONTROL,aileron,2,0.0001,rad,Cl_aileron,2252.36007177955,N*m/(rad),0.0166771998465791,1/rad,21804.5383784688,-2.27373675443232e-13,-54650.6718902467,0.225236007177728,6.7913075412207e-06,0.0505509510189199,21804.5383784688,-2.27373675443232e-13,-54650.6718902467,-0.225236007178182,6.7913075412207e-06,-0.0505509510185789,4.0866710928734e-08,1,VALID_CENTRAL_DIFFERENCE
B45_V035,45,35,PHYSICAL_CONTROL,aileron,2,0.0001,rad,Cm_aileron,0,N*m/(rad),0,1/rad,21804.5383784688,-2.27373675443232e-13,-54650.6718902467,0.225236007177728,6.7913075412207e-06,0.0505509510189199,21804.5383784688,-2.27373675443232e-13,-54650.6718902467,-0.225236007178182,6.7913075412207e-06,-0.0505509510185789,0.000224473062587608,1,VALID_CENTRAL_DIFFERENCE
B45_V035,45,35,PHYSICAL_CONTROL,aileron,2,0.0001,rad,Cn_aileron,505.509510187494,N*m/(rad),0.00374295532555875,1/rad,21804.5383784688,-2.27373675443232e-13,-54650.6718902467,0.225236007177728,6.7913075412207e-06,0.0505509510189199,21804.5383784688,-2.27373675443232e-13,-54650.6718902467,-0.225236007178182,6.7913075412207e-06,-0.0505509510185789,5.58612145807675e-08,1,VALID_CENTRAL_DIFFERENCE
B45_V035,45,35,PHYSICAL_CONTROL,aileron,3,1e-05,rad,CX_aileron,0,N/(rad),0,1/rad,21804.5383792982,-2.27373675443232e-13,-54650.6718935085,0.0225236007117928,6.54597589289097e-06,0.00505509510048796,21804.5383792982,-2.27373675443232e-13,-54650.6718935085,-0.0225236007120202,6.54597589289097e-06,-0.0050550951001469,0,1,VALID_CENTRAL_DIFFERENCE
B45_V035,45,35,PHYSICAL_CONTROL,aileron,3,1e-05,rad,CY_aileron,0,N/(rad),0,1/rad,21804.5383792982,-2.27373675443232e-13,-54650.6718935085,0.0225236007117928,6.54597589289097e-06,0.00505509510048796,21804.5383792982,-2.27373675443232e-13,-54650.6718935085,-0.0225236007120202,6.54597589289097e-06,-0.0050550951001469,0,1,VALID_CENTRAL_DIFFERENCE
B45_V035,45,35,PHYSICAL_CONTROL,aileron,3,1e-05,rad,CZ_aileron,0,N/(rad),0,1/rad,21804.5383792982,-2.27373675443232e-13,-54650.6718935085,0.0225236007117928,6.54597589289097e-06,0.00505509510048796,21804.5383792982,-2.27373675443232e-13,-54650.6718935085,-0.0225236007120202,6.54597589289097e-06,-0.0050550951001469,0,1,VALID_CENTRAL_DIFFERENCE
B45_V035,45,35,PHYSICAL_CONTROL,aileron,3,1e-05,rad,Cl_aileron,2252.36007119065,N*m/(rad),0.0166771998422187,1/rad,21804.5383792982,-2.27373675443232e-13,-54650.6718935085,0.0225236007117928,6.54597589289097e-06,0.00505509510048796,21804.5383792982,-2.27373675443232e-13,-54650.6718935085,-0.0225236007120202,6.54597589289097e-06,-0.0050550951001469,4.0866710928734e-08,1,VALID_CENTRAL_DIFFERENCE
B45_V035,45,35,PHYSICAL_CONTROL,aileron,3,1e-05,rad,Cm_aileron,0,N*m/(rad),0,1/rad,21804.5383792982,-2.27373675443232e-13,-54650.6718935085,0.0225236007117928,6.54597589289097e-06,0.00505509510048796,21804.5383792982,-2.27373675443232e-13,-54650.6718935085,-0.0225236007120202,6.54597589289097e-06,-0.0050550951001469,0.000224473062587608,1,VALID_CENTRAL_DIFFERENCE
B45_V035,45,35,PHYSICAL_CONTROL,aileron,3,1e-05,rad,Cn_aileron,505.509510031743,N*m/(rad),0.00374295532440552,1/rad,21804.5383792982,-2.27373675443232e-13,-54650.6718935085,0.0225236007117928,6.54597589289097e-06,0.00505509510048796,21804.5383792982,-2.27373675443232e-13,-54650.6718935085,-0.0225236007120202,6.54597589289097e-06,-0.0050550951001469,5.58612145807675e-08,1,VALID_CENTRAL_DIFFERENCE
B45_V035,45,35,PHYSICAL_CONTROL,elevator,1,0.001,rad,CX_elevator,2167.85908455859,N/(rad),0.160515273047977,1/rad,21806.704769504,-2.27373675443232e-13,-54656.6956044104,2.27373675443232e-13,-30.6142686495736,3.97903932025656e-13,21802.3690513348,-2.27373675443232e-13,-54644.6443146895,2.27373675443232e-13,30.6335854820824,3.97903932025656e-13,4.86564069491184e-07,1,VALID_CENTRAL_DIFFERENCE
B45_V035,45,35,PHYSICAL_CONTROL,elevator,1,0.001,rad,CY_elevator,0,N/(rad),0,1/rad,21806.704769504,-2.27373675443232e-13,-54656.6956044104,2.27373675443232e-13,-30.6142686495736,3.97903932025656e-13,21802.3690513348,-2.27373675443232e-13,-54644.6443146895,2.27373675443232e-13,30.6335854820824,3.97903932025656e-13,0,1,VALID_CENTRAL_DIFFERENCE
B45_V035,45,35,PHYSICAL_CONTROL,elevator,1,0.001,rad,CZ_elevator,-6025.64486044503,N/(rad),-0.44615816450146,1/rad,21806.704769504,-2.27373675443232e-13,-54656.6956044104,2.27373675443232e-13,-30.6142686495736,3.97903932025656e-13,21802.3690513348,-2.27373675443232e-13,-54644.6443146895,2.27373675443232e-13,30.6335854820824,3.97903932025656e-13,7.44792418380211e-07,1,VALID_CENTRAL_DIFFERENCE
B45_V035,45,35,PHYSICAL_CONTROL,elevator,1,0.001,rad,Cl_elevator,0,N*m/(rad),0,1/rad,21806.704769504,-2.27373675443232e-13,-54656.6956044104,2.27373675443232e-13,-30.6142686495736,3.97903932025656e-13,21802.3690513348,-2.27373675443232e-13,-54644.6443146895,2.27373675443232e-13,30.6335854820824,3.97903932025656e-13,0,1,VALID_CENTRAL_DIFFERENCE
B45_V035,45,35,PHYSICAL_CONTROL,elevator,1,0.001,rad,Cm_elevator,-30623.927065828,N*m/(rad),-1.51166283509417,1/rad,21806.704769504,-2.27373675443232e-13,-54656.6956044104,2.27373675443232e-13,-30.6142686495736,3.97903932025656e-13,21802.3690513348,-2.27373675443232e-13,-54644.6443146895,2.27373675443232e-13,30.6335854820824,3.97903932025656e-13,7.40367976108624e-07,1,VALID_CENTRAL_DIFFERENCE
B45_V035,45,35,PHYSICAL_CONTROL,elevator,1,0.001,rad,Cn_elevator,0,N*m/(rad),0,1/rad,21806.704769504,-2.27373675443232e-13,-54656.6956044104,2.27373675443232e-13,-30.6142686495736,3.97903932025656e-13,21802.3690513348,-2.27373675443232e-13,-54644.6443146895,2.27373675443232e-13,30.6335854820824,3.97903932025656e-13,0,1,VALID_CENTRAL_DIFFERENCE
B45_V035,45,35,PHYSICAL_CONTROL,elevator,2,0.0001,rad,CX_elevator,2167.86013936144,N/(rad),0.16051535114898,1/rad,21804.7551506317,-2.27373675443232e-13,-54651.2744391363,2.27373675443232e-13,-3.06229191150432,3.97903932025656e-13,21804.3215786038,-2.27373675443232e-13,-54650.0693092667,2.27373675443232e-13,3.06249803625961,3.97903932025656e-13,4.86564069491184e-07,1,VALID_CENTRAL_DIFFERENCE
B45_V035,45,35,PHYSICAL_CONTROL,elevator,2,0.0001,rad,CY_elevator,0,N/(rad),0,1/rad,21804.7551506317,-2.27373675443232e-13,-54651.2744391363,2.27373675443232e-13,-3.06229191150432,3.97903932025656e-13,21804.3215786038,-2.27373675443232e-13,-54650.0693092667,2.27373675443232e-13,3.06249803625961,3.97903932025656e-13,0,1,VALID_CENTRAL_DIFFERENCE
B45_V035,45,35,PHYSICAL_CONTROL,elevator,2,0.0001,rad,CZ_elevator,-6025.64934830298,N/(rad),-0.446158496796926,1/rad,21804.7551506317,-2.27373675443232e-13,-54651.2744391363,2.27373675443232e-13,-3.06229191150432,3.97903932025656e-13,21804.3215786038,-2.27373675443232e-13,-54650.0693092667,2.27373675443232e-13,3.06249803625961,3.97903932025656e-13,7.44792418380211e-07,1,VALID_CENTRAL_DIFFERENCE
B45_V035,45,35,PHYSICAL_CONTROL,elevator,2,0.0001,rad,Cl_elevator,0,N*m/(rad),0,1/rad,21804.7551506317,-2.27373675443232e-13,-54651.2744391363,2.27373675443232e-13,-3.06229191150432,3.97903932025656e-13,21804.3215786038,-2.27373675443232e-13,-54650.0693092667,2.27373675443232e-13,3.06249803625961,3.97903932025656e-13,0,1,VALID_CENTRAL_DIFFERENCE
B45_V035,45,35,PHYSICAL_CONTROL,elevator,2,0.0001,rad,Cm_elevator,-30623.9497388196,N*m/(rad),-1.51166395428175,1/rad,21804.7551506317,-2.27373675443232e-13,-54651.2744391363,2.27373675443232e-13,-3.06229191150432,3.97903932025656e-13,21804.3215786038,-2.27373675443232e-13,-54650.0693092667,2.27373675443232e-13,3.06249803625961,3.97903932025656e-13,7.40367976108624e-07,1,VALID_CENTRAL_DIFFERENCE
B45_V035,45,35,PHYSICAL_CONTROL,elevator,2,0.0001,rad,Cn_elevator,0,N*m/(rad),0,1/rad,21804.7551506317,-2.27373675443232e-13,-54651.2744391363,2.27373675443232e-13,-3.06229191150432,3.97903932025656e-13,21804.3215786038,-2.27373675443232e-13,-54650.0693092667,2.27373675443232e-13,3.06249803625961,3.97903932025656e-13,0,1,VALID_CENTRAL_DIFFERENCE
B45_V035,45,35,PHYSICAL_CONTROL,elevator,3,1e-05,rad,CX_elevator,2167.86014989339,N/(rad),0.160515351928799,1/rad,21804.5600577612,-2.27373675443232e-13,-54650.732149842,2.27373675443232e-13,-0.306231990969891,3.97903932025656e-13,21804.5167005582,-2.27373675443232e-13,-54650.6116368541,2.27373675443232e-13,0.306247008340151,3.97903932025656e-13,4.86564069491184e-07,1,VALID_CENTRAL_DIFFERENCE
B45_V035,45,35,PHYSICAL_CONTROL,elevator,3,1e-05,rad,CY_elevator,0,N/(rad),0,1/rad,21804.5600577612,-2.27373675443232e-13,-54650.732149842,2.27373675443232e-13,-0.306231990969891,3.97903932025656e-13,21804.5167005582,-2.27373675443232e-13,-54650.6116368541,2.27373675443232e-13,0.306247008340151,3.97903932025656e-13,0,1,VALID_CENTRAL_DIFFERENCE
B45_V035,45,35,PHYSICAL_CONTROL,elevator,3,1e-05,rad,CZ_elevator,-6025.64939326839,N/(rad),-0.44615850012631,1/rad,21804.5600577612,-2.27373675443232e-13,-54650.732149842,2.27373675443232e-13,-0.306231990969891,3.97903932025656e-13,21804.5167005582,-2.27373675443232e-13,-54650.6116368541,2.27373675443232e-13,0.306247008340151,3.97903932025656e-13,7.44792418380211e-07,1,VALID_CENTRAL_DIFFERENCE
B45_V035,45,35,PHYSICAL_CONTROL,elevator,3,1e-05,rad,Cl_elevator,0,N*m/(rad),0,1/rad,21804.5600577612,-2.27373675443232e-13,-54650.732149842,2.27373675443232e-13,-0.306231990969891,3.97903932025656e-13,21804.5167005582,-2.27373675443232e-13,-54650.6116368541,2.27373675443232e-13,0.306247008340151,3.97903932025656e-13,0,1,VALID_CENTRAL_DIFFERENCE
B45_V035,45,35,PHYSICAL_CONTROL,elevator,3,1e-05,rad,Cm_elevator,-30623.9499655021,N*m/(rad),-1.51166396547128,1/rad,21804.5600577612,-2.27373675443232e-13,-54650.732149842,2.27373675443232e-13,-0.306231990969891,3.97903932025656e-13,21804.5167005582,-2.27373675443232e-13,-54650.6116368541,2.27373675443232e-13,0.306247008340151,3.97903932025656e-13,7.40367976108624e-07,1,VALID_CENTRAL_DIFFERENCE
B45_V035,45,35,PHYSICAL_CONTROL,elevator,3,1e-05,rad,Cn_elevator,0,N*m/(rad),0,1/rad,21804.5600577612,-2.27373675443232e-13,-54650.732149842,2.27373675443232e-13,-0.306231990969891,3.97903932025656e-13,21804.5167005582,-2.27373675443232e-13,-54650.6116368541,2.27373675443232e-13,0.306247008340151,3.97903932025656e-13,0,1,VALID_CENTRAL_DIFFERENCE
B45_V035,45,35,PHYSICAL_CONTROL,rudder,1,0.001,rad,CX_rudder,0,N/(rad),0,1/rad,21804.5383574521,1.68069999999977,-54650.671902261,0.391519883696951,-2.56811465675355e-05,-7.19263886630288,21804.5383574521,-1.68070000000023,-54650.671902261,-0.391519883696496,-2.56811465675355e-05,7.19263886630367,0,1,VALID_CENTRAL_DIFFERENCE
B45_V035,45,35,PHYSICAL_CONTROL,rudder,1,0.001,rad,CY_rudder,1680.7,N/(rad),0.124444444444444,1/rad,21804.5383574521,1.68069999999977,-54650.671902261,0.391519883696951,-2.56811465675355e-05,-7.19263886630288,21804.5383574521,-1.68070000000023,-54650.671902261,-0.391519883696496,-2.56811465675355e-05,7.19263886630367,2.23035875482732e-16,1,VALID_CENTRAL_DIFFERENCE
B45_V035,45,35,PHYSICAL_CONTROL,rudder,1,0.001,rad,CZ_rudder,0,N/(rad),0,1/rad,21804.5383574521,1.68069999999977,-54650.671902261,0.391519883696951,-2.56811465675355e-05,-7.19263886630288,21804.5383574521,-1.68070000000023,-54650.671902261,-0.391519883696496,-2.56811465675355e-05,7.19263886630367,0,1,VALID_CENTRAL_DIFFERENCE
B45_V035,45,35,PHYSICAL_CONTROL,rudder,1,0.001,rad,Cl_rudder,391.519883696724,N*m/(rad),0.00289893939522772,1/rad,21804.5383574521,1.68069999999977,-54650.671902261,0.391519883696951,-2.56811465675355e-05,-7.19263886630288,21804.5383574521,-1.68070000000023,-54650.671902261,-0.391519883696496,-2.56811465675355e-05,7.19263886630367,9.06575028933475e-14,1,VALID_CENTRAL_DIFFERENCE
B45_V035,45,35,PHYSICAL_CONTROL,rudder,1,0.001,rad,Cm_rudder,0,N*m/(rad),0,1/rad,21804.5383574521,1.68069999999977,-54650.671902261,0.391519883696951,-2.56811465675355e-05,-7.19263886630288,21804.5383574521,-1.68070000000023,-54650.671902261,-0.391519883696496,-2.56811465675355e-05,7.19263886630367,0,1,VALID_CENTRAL_DIFFERENCE
B45_V035,45,35,PHYSICAL_CONTROL,rudder,1,0.001,rad,Cn_rudder,-7192.63886630328,N*m/(rad),-0.0532566161603278,1/rad,21804.5383574521,1.68069999999977,-54650.671902261,0.391519883696951,-2.56811465675355e-05,-7.19263886630288,21804.5383574521,-1.68070000000023,-54650.671902261,-0.391519883696496,-2.56811465675355e-05,7.19263886630367,3.96086702248866e-14,1,VALID_CENTRAL_DIFFERENCE
B45_V035,45,35,PHYSICAL_CONTROL,rudder,2,0.0001,rad,CX_rudder,0,N/(rad),0,1/rad,21804.5383790881,0.168069999999773,-54650.6718936286,0.0391519883698983,6.2212510840709e-06,-0.719263886629932,21804.5383790881,-0.168070000000227,-54650.6718936286,-0.0391519883694436,6.2212510840709e-06,0.719263886630728,0,1,VALID_CENTRAL_DIFFERENCE
B45_V035,45,35,PHYSICAL_CONTROL,rudder,2,0.0001,rad,CY_rudder,1680.7,N/(rad),0.124444444444444,1/rad,21804.5383790881,0.168069999999773,-54650.6718936286,0.0391519883698983,6.2212510840709e-06,-0.719263886629932,21804.5383790881,-0.168070000000227,-54650.6718936286,-0.0391519883694436,6.2212510840709e-06,0.719263886630728,2.23035875482732e-16,1,VALID_CENTRAL_DIFFERENCE
B45_V035,45,35,PHYSICAL_CONTROL,rudder,2,0.0001,rad,CZ_rudder,0,N/(rad),0,1/rad,21804.5383790881,0.168069999999773,-54650.6718936286,0.0391519883698983,6.2212510840709e-06,-0.719263886629932,21804.5383790881,-0.168070000000227,-54650.6718936286,-0.0391519883694436,6.2212510840709e-06,0.719263886630728,0,1,VALID_CENTRAL_DIFFERENCE
B45_V035,45,35,PHYSICAL_CONTROL,rudder,2,0.0001,rad,Cl_rudder,391.519883696709,N*m/(rad),0.00289893939522761,1/rad,21804.5383790881,0.168069999999773,-54650.6718936286,0.0391519883698983,6.2212510840709e-06,-0.719263886629932,21804.5383790881,-0.168070000000227,-54650.6718936286,-0.0391519883694436,6.2212510840709e-06,0.719263886630728,9.06575028933475e-14,1,VALID_CENTRAL_DIFFERENCE
B45_V035,45,35,PHYSICAL_CONTROL,rudder,2,0.0001,rad,Cm_rudder,0,N*m/(rad),0,1/rad,21804.5383790881,0.168069999999773,-54650.6718936286,0.0391519883698983,6.2212510840709e-06,-0.719263886629932,21804.5383790881,-0.168070000000227,-54650.6718936286,-0.0391519883694436,6.2212510840709e-06,0.719263886630728,0,1,VALID_CENTRAL_DIFFERENCE
B45_V035,45,35,PHYSICAL_CONTROL,rudder,2,0.0001,rad,Cn_rudder,-7192.6388663033,N*m/(rad),-0.053256616160328,1/rad,21804.5383790881,0.168069999999773,-54650.6718936286,0.0391519883698983,6.2212510840709e-06,-0.719263886629932,21804.5383790881,-0.168070000000227,-54650.6718936286,-0.0391519883694436,6.2212510840709e-06,0.719263886630728,3.96086702248866e-14,1,VALID_CENTRAL_DIFFERENCE
B45_V035,45,35,PHYSICAL_CONTROL,rudder,3,1e-05,rad,CX_rudder,0,N/(rad),0,1/rad,21804.5383793044,0.0168069999997726,-54650.6718935423,0.00391519883719482,6.54027506641341e-06,-0.0719263886626322,21804.5383793044,-0.0168070000002274,-54650.6718935423,-0.00391519883674007,6.54027506641341e-06,0.071926388663428,0,1,VALID_CENTRAL_DIFFERENCE
B45_V035,45,35,PHYSICAL_CONTROL,rudder,3,1e-05,rad,CY_rudder,1680.7,N/(rad),0.124444444444444,1/rad,21804.5383793044,0.0168069999997726,-54650.6718935423,0.00391519883719482,6.54027506641341e-06,-0.0719263886626322,21804.5383793044,-0.0168070000002274,-54650.6718935423,-0.00391519883674007,6.54027506641341e-06,0.071926388663428,2.23035875482732e-16,1,VALID_CENTRAL_DIFFERENCE
B45_V035,45,35,PHYSICAL_CONTROL,rudder,3,1e-05,rad,CZ_rudder,0,N/(rad),0,1/rad,21804.5383793044,0.0168069999997726,-54650.6718935423,0.00391519883719482,6.54027506641341e-06,-0.0719263886626322,21804.5383793044,-0.0168070000002274,-54650.6718935423,-0.00391519883674007,6.54027506641341e-06,0.071926388663428,0,1,VALID_CENTRAL_DIFFERENCE
B45_V035,45,35,PHYSICAL_CONTROL,rudder,3,1e-05,rad,Cl_rudder,391.519883696745,N*m/(rad),0.00289893939522788,1/rad,21804.5383793044,0.0168069999997726,-54650.6718935423,0.00391519883719482,6.54027506641341e-06,-0.0719263886626322,21804.5383793044,-0.0168070000002274,-54650.6718935423,-0.00391519883674007,6.54027506641341e-06,0.071926388663428,9.06575028933475e-14,1,VALID_CENTRAL_DIFFERENCE
B45_V035,45,35,PHYSICAL_CONTROL,rudder,3,1e-05,rad,Cm_rudder,0,N*m/(rad),0,1/rad,21804.5383793044,0.0168069999997726,-54650.6718935423,0.00391519883719482,6.54027506641341e-06,-0.0719263886626322,21804.5383793044,-0.0168070000002274,-54650.6718935423,-0.00391519883674007,6.54027506641341e-06,0.071926388663428,0,1,VALID_CENTRAL_DIFFERENCE
B45_V035,45,35,PHYSICAL_CONTROL,rudder,3,1e-05,rad,Cn_rudder,-7192.63886630301,N*m/(rad),-0.0532566161603259,1/rad,21804.5383793044,0.0168069999997726,-54650.6718935423,0.00391519883719482,6.54027506641341e-06,-0.0719263886626322,21804.5383793044,-0.0168070000002274,-54650.6718935423,-0.00391519883674007,6.54027506641341e-06,0.071926388663428,3.96086702248866e-14,1,VALID_CENTRAL_DIFFERENCE
B75_V080,75,80,PHYSICAL_CONTROL,collective,1,0.001,rad,CX_collective,428462.62910147,N/(rad),6.07231617207299,1/rad,8710.16459287286,9.37916411203332e-13,-58338.9065344487,-1.09139364212751e-11,-67.6465936668087,-7.73070496506989e-12,7853.23933466992,-8.31335000839317e-13,-58168.9890300072,1.09139364212751e-11,67.5466088315074,4.54747350886464e-13,3.8412989574501e-06,1,VALID_CENTRAL_DIFFERENCE
B75_V080,75,80,PHYSICAL_CONTROL,collective,1,0.001,rad,CY_collective,8.84625706021325e-10,N/(rad),1.25372123869235e-14,1/rad,8710.16459287286,9.37916411203332e-13,-58338.9065344487,-1.09139364212751e-11,-67.6465936668087,-7.73070496506989e-12,7853.23933466992,-8.31335000839317e-13,-58168.9890300072,1.09139364212751e-11,67.5466088315074,4.54747350886464e-13,0.0104955097271253,1,VALID_CENTRAL_DIFFERENCE
B75_V080,75,80,PHYSICAL_CONTROL,collective,1,0.001,rad,CZ_collective,-84958.7522207075,N/(rad),-1.20406394870617,1/rad,8710.16459287286,9.37916411203332e-13,-58338.9065344487,-1.09139364212751e-11,-67.6465936668087,-7.73070496506989e-12,7853.23933466992,-8.31335000839317e-13,-58168.9890300072,1.09139364212751e-11,67.5466088315074,4.54747350886464e-13,6.24728781743455e-06,1,VALID_CENTRAL_DIFFERENCE
B75_V080,75,80,PHYSICAL_CONTROL,collective,1,0.001,rad,Cl_collective,-1.09139364212751e-08,N*m/(rad),-1.54675969689273e-14,1/rad,8710.16459287286,9.37916411203332e-13,-58338.9065344487,-1.09139364212751e-11,-67.6465936668087,-7.73070496506989e-12,7853.23933466992,-8.31335000839317e-13,-58168.9890300072,1.09139364212751e-11,67.5466088315074,4.54747350886464e-13,0.0136630439892192,1,VALID_CENTRAL_DIFFERENCE
B75_V080,75,80,PHYSICAL_CONTROL,collective,1,0.001,rad,Cm_collective,-67596.6012491581,N*m/(rad),-0.63866781225584,1/rad,8710.16459287286,9.37916411203332e-13,-58338.9065344487,-1.09139364212751e-11,-67.6465936668087,-7.73070496506989e-12,7853.23933466992,-8.31335000839317e-13,-58168.9890300072,1.09139364212751e-11,67.5466088315074,4.54747350886464e-13,1.91764113484571e-06,1,VALID_CENTRAL_DIFFERENCE
B75_V080,75,80,PHYSICAL_CONTROL,collective,1,0.001,rad,Cn_collective,-4.09272615797818e-09,N*m/(rad),-5.80034886334776e-15,1/rad,8710.16459287286,9.37916411203332e-13,-58338.9065344487,-1.09139364212751e-11,-67.6465936668087,-7.73070496506989e-12,7853.23933466992,-8.31335000839317e-13,-58168.9890300072,1.09139364212751e-11,67.5466088315074,4.54747350886464e-13,0.0140819580737943,1,VALID_CENTRAL_DIFFERENCE
B75_V080,75,80,PHYSICAL_CONTROL,collective,2,0.0001,rad,CX_collective,428464.274960843,N/(rad),6.07233949774437,1/rad,8324.76012675295,1.75148784364865e-12,-58262.6244485653,-3.63797880709171e-12,-6.76019341001712,-1.8644641386345e-11,8239.06727176078,3.26849658449646e-13,-58245.6325919681,3.63797880709171e-12,6.75915276506883,-3.63797880709171e-12,3.8412989574501e-06,1,VALID_CENTRAL_DIFFERENCE
B75_V080,75,80,PHYSICAL_CONTROL,collective,2,0.0001,rad,CY_collective,7.123190925995e-09,N/(rad),1.00952252352537e-13,1/rad,8324.76012675295,1.75148784364865e-12,-58262.6244485653,-3.63797880709171e-12,-6.76019341001712,-1.8644641386345e-11,8239.06727176078,3.26849658449646e-13,-58245.6325919681,3.63797880709171e-12,6.75915276506883,-3.63797880709171e-12,0.0104955097271253,1,VALID_CENTRAL_DIFFERENCE
B75_V080,75,80,PHYSICAL_CONTROL,collective,2,0.0001,rad,CZ_collective,-84959.2829858011,N/(rad),-1.2040714708872,1/rad,8324.76012675295,1.75148784364865e-12,-58262.6244485653,-3.63797880709171e-12,-6.76019341001712,-1.8644641386345e-11,8239.06727176078,3.26849658449646e-13,-58245.6325919681,3.63797880709171e-12,6.75915276506883,-3.63797880709171e-12,6.24728781743455e-06,1,VALID_CENTRAL_DIFFERENCE
B75_V080,75,80,PHYSICAL_CONTROL,collective,2,0.0001,rad,Cl_collective,-3.63797880709171e-08,N*m/(rad),-5.15586565630912e-14,1/rad,8324.76012675295,1.75148784364865e-12,-58262.6244485653,-3.63797880709171e-12,-6.76019341001712,-1.8644641386345e-11,8239.06727176078,3.26849658449646e-13,-58245.6325919681,3.63797880709171e-12,6.75915276506883,-3.63797880709171e-12,0.0136630439892192,1,VALID_CENTRAL_DIFFERENCE
B75_V080,75,80,PHYSICAL_CONTROL,collective,2,0.0001,rad,Cm_collective,-67596.7308754298,N*m/(rad),-0.638669036993856,1/rad,8324.76012675295,1.75148784364865e-12,-58262.6244485653,-3.63797880709171e-12,-6.76019341001712,-1.8644641386345e-11,8239.06727176078,3.26849658449646e-13,-58245.6325919681,3.63797880709171e-12,6.75915276506883,-3.63797880709171e-12,1.91764113484571e-06,1,VALID_CENTRAL_DIFFERENCE
B75_V080,75,80,PHYSICAL_CONTROL,collective,2,0.0001,rad,Cn_collective,-7.50333128962666e-08,N*m/(rad),-1.06339729161376e-13,1/rad,8324.76012675295,1.75148784364865e-12,-58262.6244485653,-3.63797880709171e-12,-6.76019341001712,-1.8644641386345e-11,8239.06727176078,3.26849658449646e-13,-58245.6325919681,3.63797880709171e-12,6.75915276506883,-3.63797880709171e-12,0.0140819580737943,1,VALID_CENTRAL_DIFFERENCE
B75_V080,75,80,PHYSICAL_CONTROL,collective,3,1e-05,rad,CX_collective,428464.291417367,N/(rad),6.07233973097176,1/rad,8286.20045953395,1.24344978758018e-12,-58254.9799205292,-1.81898940354586e-11,-0.675992926146606,-2.18278728425503e-11,8277.6311737056,-3.80140363631654e-13,-58253.2807347633,1.81898940354586e-12,0.675941717281134,-4.54747350886464e-13,3.8412989574501e-06,1,VALID_CENTRAL_DIFFERENCE
B75_V080,75,80,PHYSICAL_CONTROL,collective,3,1e-05,rad,CY_collective,8.11795075605914e-08,N/(rad),1.15050322506507e-12,1/rad,8286.20045953395,1.24344978758018e-12,-58254.9799205292,-1.81898940354586e-11,-0.675992926146606,-2.18278728425503e-11,8277.6311737056,-3.80140363631654e-13,-58253.2807347633,1.81898940354586e-12,0.675941717281134,-4.54747350886464e-13,0.0104955097271253,1,VALID_CENTRAL_DIFFERENCE
B75_V080,75,80,PHYSICAL_CONTROL,collective,3,1e-05,rad,CZ_collective,-84959.2882936122,N/(rad),-1.20407154611128,1/rad,8286.20045953395,1.24344978758018e-12,-58254.9799205292,-1.81898940354586e-11,-0.675992926146606,-2.18278728425503e-11,8277.6311737056,-3.80140363631654e-13,-58253.2807347633,1.81898940354586e-12,0.675941717281134,-4.54747350886464e-13,6.24728781743455e-06,1,VALID_CENTRAL_DIFFERENCE
B75_V080,75,80,PHYSICAL_CONTROL,collective,3,1e-05,rad,Cl_collective,-1.00044417195022e-06,N*m/(rad),-1.41786305548501e-12,1/rad,8286.20045953395,1.24344978758018e-12,-58254.9799205292,-1.81898940354586e-11,-0.675992926146606,-2.18278728425503e-11,8277.6311737056,-3.80140363631654e-13,-58253.2807347633,1.81898940354586e-12,0.675941717281134,-4.54747350886464e-13,0.0136630439892192,1,VALID_CENTRAL_DIFFERENCE
B75_V080,75,80,PHYSICAL_CONTROL,collective,3,1e-05,rad,Cm_collective,-67596.732171387,N*m/(rad),-0.63866904923835,1/rad,8286.20045953395,1.24344978758018e-12,-58254.9799205292,-1.81898940354586e-11,-0.675992926146606,-2.18278728425503e-11,8277.6311737056,-3.80140363631654e-13,-58253.2807347633,1.81898940354586e-12,0.675941717281134,-4.54747350886464e-13,1.91764113484571e-06,1,VALID_CENTRAL_DIFFERENCE
B75_V080,75,80,PHYSICAL_CONTROL,collective,3,1e-05,rad,Cn_collective,-1.06865627458319e-06,N*m/(rad),-1.5145355365408e-12,1/rad,8286.20045953395,1.24344978758018e-12,-58254.9799205292,-1.81898940354586e-11,-0.675992926146606,-2.18278728425503e-11,8277.6311737056,-3.80140363631654e-13,-58253.2807347633,1.81898940354586e-12,0.675941717281134,-4.54747350886464e-13,0.0140819580737943,1,VALID_CENTRAL_DIFFERENCE
B75_V080,75,80,PHYSICAL_CONTROL,diffCollective,1,0.001,rad,CX_diffCollective,0,N/(rad),0,1/rad,8281.70196377139,-1.85609041969484,-58253.9477822279,-948.572725565031,-0.0499924176497331,-2005.02237899857,8281.70196377139,1.85609041969495,-58253.9477822279,948.572725565031,-0.0499924176497331,2005.02237899856,0.023201395453391,1,VALID_CENTRAL_DIFFERENCE
B75_V080,75,80,PHYSICAL_CONTROL,diffCollective,1,0.001,rad,CY_diffCollective,-1856.0904196949,N/(rad),-0.0263051363335445,1/rad,8281.70196377139,-1.85609041969484,-58253.9477822279,-948.572725565031,-0.0499924176497331,-2005.02237899857,8281.70196377139,1.85609041969495,-58253.9477822279,948.572725565031,-0.0499924176497331,2005.02237899856,2.80941382526661e-05,1,VALID_CENTRAL_DIFFERENCE
B75_V080,75,80,PHYSICAL_CONTROL,diffCollective,1,0.001,rad,CZ_diffCollective,0,N/(rad),0,1/rad,8281.70196377139,-1.85609041969484,-58253.9477822279,-948.572725565031,-0.0499924176497331,-2005.02237899857,8281.70196377139,1.85609041969495,-58253.9477822279,948.572725565031,-0.0499924176497331,2005.02237899856,0,1,VALID_CENTRAL_DIFFERENCE
B75_V080,75,80,PHYSICAL_CONTROL,diffCollective,1,0.001,rad,Cl_diffCollective,-948572.725565031,N*m/(rad),-1.34434910085747,1/rad,8281.70196377139,-1.85609041969484,-58253.9477822279,-948.572725565031,-0.0499924176497331,-2005.02237899857,8281.70196377139,1.85609041969495,-58253.9477822279,948.572725565031,-0.0499924176497331,2005.02237899856,5.2196650991324e-06,1,VALID_CENTRAL_DIFFERENCE
B75_V080,75,80,PHYSICAL_CONTROL,diffCollective,1,0.001,rad,Cm_diffCollective,0,N*m/(rad),0,1/rad,8281.70196377139,-1.85609041969484,-58253.9477822279,-948.572725565031,-0.0499924176497331,-2005.02237899857,8281.70196377139,1.85609041969495,-58253.9477822279,948.572725565031,-0.0499924176497331,2005.02237899856,0.00859310942718186,1,VALID_CENTRAL_DIFFERENCE
B75_V080,75,80,PHYSICAL_CONTROL,diffCollective,1,0.001,rad,Cn_diffCollective,-2005022.37899857,N*m/(rad),-2.84158500424967,1/rad,8281.70196377139,-1.85609041969484,-58253.9477822279,-948.572725565031,-0.0499924176497331,-2005.02237899857,8281.70196377139,1.85609041969495,-58253.9477822279,948.572725565031,-0.0499924176497331,2005.02237899856,3.81883227035878e-06,1,VALID_CENTRAL_DIFFERENCE
B75_V080,75,80,PHYSICAL_CONTROL,diffCollective,2,0.0001,rad,CX_diffCollective,1.81898940354586e-08,N/(rad),2.57793282815456e-13,1/rad,8281.91369925687,-0.185614256641038,-58254.1285202667,-94.8577676822824,-0.000520322472326029,-200.503003587208,8281.91369925687,0.185614256643117,-58254.1285202667,94.8577676822824,-0.000520322472326029,200.503003587186,0.023201395453391,1,VALID_CENTRAL_DIFFERENCE
B75_V080,75,80,PHYSICAL_CONTROL,diffCollective,2,0.0001,rad,CY_diffCollective,-1856.14256642078,N/(rad),-0.0263058753744441,1/rad,8281.91369925687,-0.185614256641038,-58254.1285202667,-94.8577676822824,-0.000520322472326029,-200.503003587208,8281.91369925687,0.185614256643117,-58254.1285202667,94.8577676822824,-0.000520322472326029,200.503003587186,2.80941382526661e-05,1,VALID_CENTRAL_DIFFERENCE
B75_V080,75,80,PHYSICAL_CONTROL,diffCollective,2,0.0001,rad,CZ_diffCollective,0,N/(rad),0,1/rad,8281.91369925687,-0.185614256641038,-58254.1285202667,-94.8577676822824,-0.000520322472326029,-200.503003587208,8281.91369925687,0.185614256643117,-58254.1285202667,94.8577676822824,-0.000520322472326029,200.503003587186,0,1,VALID_CENTRAL_DIFFERENCE
B75_V080,75,80,PHYSICAL_CONTROL,diffCollective,2,0.0001,rad,Cl_diffCollective,-948577.676822824,N*m/(rad),-1.34435611794618,1/rad,8281.91369925687,-0.185614256641038,-58254.1285202667,-94.8577676822824,-0.000520322472326029,-200.503003587208,8281.91369925687,0.185614256643117,-58254.1285202667,94.8577676822824,-0.000520322472326029,200.503003587186,5.2196650991324e-06,1,VALID_CENTRAL_DIFFERENCE
B75_V080,75,80,PHYSICAL_CONTROL,diffCollective,2,0.0001,rad,Cm_diffCollective,0,N*m/(rad),0,1/rad,8281.91369925687,-0.185614256641038,-58254.1285202667,-94.8577676822824,-0.000520322472326029,-200.503003587208,8281.91369925687,0.185614256643117,-58254.1285202667,94.8577676822824,-0.000520322472326029,200.503003587186,0.00859310942718186,1,VALID_CENTRAL_DIFFERENCE
B75_V080,75,80,PHYSICAL_CONTROL,diffCollective,2,0.0001,rad,Cn_diffCollective,-2005030.03587197,N*m/(rad),-2.84159585582762,1/rad,8281.91369925687,-0.185614256641038,-58254.1285202667,-94.8577676822824,-0.000520322472326029,-200.503003587208,8281.91369925687,0.185614256643117,-58254.1285202667,94.8577676822824,-0.000520322472326029,200.503003587186,3.81883227035878e-06,1,VALID_CENTRAL_DIFFERENCE
B75_V080,75,80,PHYSICAL_CONTROL,diffCollective,3,1e-05,rad,CX_diffCollective,1.81898940354586e-07,N/(rad),2.57793282815456e-12,1/rad,8281.91581661978,-0.0185614308776003,-58254.1303276463,-9.48577726333133,-2.56044336452987e-05,-20.0503011243218,8281.91581661977,0.0185614308784636,-58254.1303276463,9.48577726331496,-2.56044318263093e-05,20.0503011242995,0.023201395453391,1,VALID_CENTRAL_DIFFERENCE
B75_V080,75,80,PHYSICAL_CONTROL,diffCollective,3,1e-05,rad,CY_diffCollective,-1856.1430878032,N/(rad),-0.0263058827636507,1/rad,8281.91581661978,-0.0185614308776003,-58254.1303276463,-9.48577726333133,-2.56044336452987e-05,-20.0503011243218,8281.91581661977,0.0185614308784636,-58254.1303276463,9.48577726331496,-2.56044318263093e-05,20.0503011242995,2.80941382526661e-05,1,VALID_CENTRAL_DIFFERENCE
B75_V080,75,80,PHYSICAL_CONTROL,diffCollective,3,1e-05,rad,CZ_diffCollective,0,N/(rad),0,1/rad,8281.91581661978,-0.0185614308776003,-58254.1303276463,-9.48577726333133,-2.56044336452987e-05,-20.0503011243218,8281.91581661977,0.0185614308784636,-58254.1303276463,9.48577726331496,-2.56044318263093e-05,20.0503011242995,0,1,VALID_CENTRAL_DIFFERENCE
B75_V080,75,80,PHYSICAL_CONTROL,diffCollective,3,1e-05,rad,Cl_diffCollective,-948577.726332314,N*m/(rad),-1.34435618811269,1/rad,8281.91581661978,-0.0185614308776003,-58254.1303276463,-9.48577726333133,-2.56044336452987e-05,-20.0503011243218,8281.91581661977,0.0185614308784636,-58254.1303276463,9.48577726331496,-2.56044318263093e-05,20.0503011242995,5.2196650991324e-06,1,VALID_CENTRAL_DIFFERENCE
B75_V080,75,80,PHYSICAL_CONTROL,diffCollective,3,1e-05,rad,Cm_diffCollective,-9.09494701772928e-08,N*m/(rad),-8.59310942718186e-13,1/rad,8281.91581661978,-0.0185614308776003,-58254.1303276463,-9.48577726333133,-2.56044336452987e-05,-20.0503011243218,8281.91581661977,0.0185614308784636,-58254.1303276463,9.48577726331496,-2.56044318263093e-05,20.0503011242995,0.00859310942718186,1,VALID_CENTRAL_DIFFERENCE
B75_V080,75,80,PHYSICAL_CONTROL,diffCollective,3,1e-05,rad,Cn_diffCollective,-2005030.11243106,N*m/(rad),-2.84159596432974,1/rad,8281.91581661978,-0.0185614308776003,-58254.1303276463,-9.48577726333133,-2.56044336452987e-05,-20.0503011243218,8281.91581661977,0.0185614308784636,-58254.1303276463,9.48577726331496,-2.56044318263093e-05,20.0503011242995,3.81883227035878e-06,1,VALID_CENTRAL_DIFFERENCE
B75_V080,75,80,PHYSICAL_CONTROL,cyclicLong,1,0.001,rad,CX_cyclicLong,864.681028215273,N/(rad),0.0122545497196042,1/rad,8282.86040713816,-1.58806301442382e-12,-58254.3659923187,3.63797880709171e-12,-0.121320779730482,4.54747350886464e-13,8281.13104508173,-7.8159700933611e-14,-58253.9955482542,0,0.138593109589678,3.63797880709171e-12,3.47030434428826e-05,1,VALID_CENTRAL_DIFFERENCE
B75_V080,75,80,PHYSICAL_CONTROL,cyclicLong,1,0.001,rad,CY_cyclicLong,-7.54951656745106e-10,N/(rad),-1.06994282418524e-14,1/rad,8282.86040713816,-1.58806301442382e-12,-58254.3659923187,3.63797880709171e-12,-0.121320779730482,4.54747350886464e-13,8281.13104508173,-7.8159700933611e-14,-58253.9955482542,0,0.138593109589678,3.63797880709171e-12,0.00321234598508322,1,VALID_CENTRAL_DIFFERENCE
B75_V080,75,80,PHYSICAL_CONTROL,cyclicLong,1,0.001,rad,CZ_cyclicLong,-185.222032258025,N/(rad),-0.00262502880184276,1/rad,8282.86040713816,-1.58806301442382e-12,-58254.3659923187,3.63797880709171e-12,-0.121320779730482,4.54747350886464e-13,8281.13104508173,-7.8159700933611e-14,-58253.9955482542,0,0.138593109589678,3.63797880709171e-12,8.14933046681551e-05,1,VALID_CENTRAL_DIFFERENCE
B75_V080,75,80,PHYSICAL_CONTROL,cyclicLong,1,0.001,rad,Cl_cyclicLong,1.81898940354586e-09,N*m/(rad),2.57793282815456e-15,1/rad,8282.86040713816,-1.58806301442382e-12,-58254.3659923187,3.63797880709171e-12,-0.121320779730482,4.54747350886464e-13,8281.13104508173,-7.8159700933611e-14,-58253.9955482542,0,0.138593109589678,3.63797880709171e-12,0.00734710856024049,1,VALID_CENTRAL_DIFFERENCE
B75_V080,75,80,PHYSICAL_CONTROL,cyclicLong,1,0.001,rad,Cm_cyclicLong,-129.95694466008,N*m/(rad),-0.00122786228892744,1/rad,8282.86040713816,-1.58806301442382e-12,-58254.3659923187,3.63797880709171e-12,-0.121320779730482,4.54747350886464e-13,8281.13104508173,-7.8159700933611e-14,-58253.9955482542,0,0.138593109589678,3.63797880709171e-12,7.02489236242492e-06,1,VALID_CENTRAL_DIFFERENCE
B75_V080,75,80,PHYSICAL_CONTROL,cyclicLong,1,0.001,rad,Cn_cyclicLong,-1.59161572810262e-09,N*m/(rad),-2.25569122463524e-15,1/rad,8282.86040713816,-1.58806301442382e-12,-58254.3659923187,3.63797880709171e-12,-0.121320779730482,4.54747350886464e-13,8281.13104508173,-7.8159700933611e-14,-58253.9955482542,0,0.138593109589678,3.63797880709171e-12,0.00444693412856661,1,VALID_CENTRAL_DIFFERENCE
B75_V080,75,80,PHYSICAL_CONTROL,cyclicLong,2,0.0001,rad,CX_cyclicLong,864.711036319932,N/(rad),0.0122549750045342,1/rad,8282.00310799286,2.1316282072803e-14,-58254.1493738592,-5.45696821063757e-12,-0.0129296429972925,-1.45519152283669e-11,8281.83016578559,3.62376795237651e-13,-58254.1123264337,7.27595761418343e-12,0.0130615633492965,7.27595761418343e-12,3.47030434428826e-05,1,VALID_CENTRAL_DIFFERENCE
B75_V080,75,80,PHYSICAL_CONTROL,cyclicLong,2,0.0001,rad,CY_cyclicLong,-1.70530256582424e-09,N/(rad),-2.4168120263949e-14,1/rad,8282.00310799286,2.1316282072803e-14,-58254.1493738592,-5.45696821063757e-12,-0.0129296429972925,-1.45519152283669e-11,8281.83016578559,3.62376795237651e-13,-58254.1123264337,7.27595761418343e-12,0.0130615633492965,7.27595761418343e-12,0.00321234598508322,1,VALID_CENTRAL_DIFFERENCE
B75_V080,75,80,PHYSICAL_CONTROL,cyclicLong,2,0.0001,rad,CZ_cyclicLong,-185.23712784372,N/(rad),-0.00262524274154932,1/rad,8282.00310799286,2.1316282072803e-14,-58254.1493738592,-5.45696821063757e-12,-0.0129296429972925,-1.45519152283669e-11,8281.83016578559,3.62376795237651e-13,-58254.1123264337,7.27595761418343e-12,0.0130615633492965,7.27595761418343e-12,8.14933046681551e-05,1,VALID_CENTRAL_DIFFERENCE
B75_V080,75,80,PHYSICAL_CONTROL,cyclicLong,2,0.0001,rad,Cl_cyclicLong,-6.3664629124105e-08,N*m/(rad),-9.02276489854095e-14,1/rad,8282.00310799286,2.1316282072803e-14,-58254.1493738592,-5.45696821063757e-12,-0.0129296429972925,-1.45519152283669e-11,8281.83016578559,3.62376795237651e-13,-58254.1123264337,7.27595761418343e-12,0.0130615633492965,7.27595761418343e-12,0.00734710856024049,1,VALID_CENTRAL_DIFFERENCE
B75_V080,75,80,PHYSICAL_CONTROL,cyclicLong,2,0.0001,rad,Cm_cyclicLong,-129.956031732945,N*m/(rad),-0.00122785366338761,1/rad,8282.00310799286,2.1316282072803e-14,-58254.1493738592,-5.45696821063757e-12,-0.0129296429972925,-1.45519152283669e-11,8281.83016578559,3.62376795237651e-13,-58254.1123264337,7.27595761418343e-12,0.0130615633492965,7.27595761418343e-12,7.02489236242492e-06,1,VALID_CENTRAL_DIFFERENCE
B75_V080,75,80,PHYSICAL_CONTROL,cyclicLong,2,0.0001,rad,Cn_cyclicLong,-1.09139364212751e-07,N*m/(rad),-1.54675969689273e-13,1/rad,8282.00310799286,2.1316282072803e-14,-58254.1493738592,-5.45696821063757e-12,-0.0129296429972925,-1.45519152283669e-11,8281.83016578559,3.62376795237651e-13,-58254.1123264337,7.27595761418343e-12,0.0130615633492965,7.27595761418343e-12,0.00444693412856661,1,VALID_CENTRAL_DIFFERENCE
B75_V080,75,80,PHYSICAL_CONTROL,cyclicLong,3,1e-05,rad,CX_cyclicLong,864.711336180335,N/(rad),0.0122549792542564,1/rad,8281.92449310946,-8.06466005087714e-13,-58254.1322033179,1.81898940354586e-12,-0.00131930183171391,-1.45519152283669e-11,8281.90719888273,-1.22568621918617e-12,-58254.1284985723,-7.27595761418343e-12,0.00127981861940896,-1.8644641386345e-11,3.47030434428826e-05,1,VALID_CENTRAL_DIFFERENCE
B75_V080,75,80,PHYSICAL_CONTROL,cyclicLong,3,1e-05,rad,CY_cyclicLong,2.0961010704923e-08,N/(rad),2.97066478244373e-13,1/rad,8281.92449310946,-8.06466005087714e-13,-58254.1322033179,1.81898940354586e-12,-0.00131930183171391,-1.45519152283669e-11,8281.90719888273,-1.22568621918617e-12,-58254.1284985723,-7.27595761418343e-12,0.00127981861940896,-1.8644641386345e-11,0.00321234598508322,1,VALID_CENTRAL_DIFFERENCE
B75_V080,75,80,PHYSICAL_CONTROL,cyclicLong,3,1e-05,rad,CZ_cyclicLong,-185.237279220019,N/(rad),-0.00262524488690502,1/rad,8281.92449310946,-8.06466005087714e-13,-58254.1322033179,1.81898940354586e-12,-0.00131930183171391,-1.45519152283669e-11,8281.90719888273,-1.22568621918617e-12,-58254.1284985723,-7.27595761418343e-12,0.00127981861940896,-1.8644641386345e-11,8.14933046681551e-05,1,VALID_CENTRAL_DIFFERENCE
B75_V080,75,80,PHYSICAL_CONTROL,cyclicLong,3,1e-05,rad,Cl_cyclicLong,4.54747350886464e-07,N*m/(rad),6.44483207038639e-13,1/rad,8281.92449310946,-8.06466005087714e-13,-58254.1322033179,1.81898940354586e-12,-0.00131930183171391,-1.45519152283669e-11,8281.90719888273,-1.22568621918617e-12,-58254.1284985723,-7.27595761418343e-12,0.00127981861940896,-1.8644641386345e-11,0.00734710856024049,1,VALID_CENTRAL_DIFFERENCE
B75_V080,75,80,PHYSICAL_CONTROL,cyclicLong,3,1e-05,rad,Cm_cyclicLong,-129.956022556144,N*m/(rad),-0.00122785357668314,1/rad,8281.92449310946,-8.06466005087714e-13,-58254.1322033179,1.81898940354586e-12,-0.00131930183171391,-1.45519152283669e-11,8281.90719888273,-1.22568621918617e-12,-58254.1284985723,-7.27595761418343e-12,0.00127981861940896,-1.8644641386345e-11,7.02489236242492e-06,1,VALID_CENTRAL_DIFFERENCE
B75_V080,75,80,PHYSICAL_CONTROL,cyclicLong,3,1e-05,rad,Cn_cyclicLong,2.04636307898909e-07,N*m/(rad),2.90017443167388e-13,1/rad,8281.92449310946,-8.06466005087714e-13,-58254.1322033179,1.81898940354586e-12,-0.00131930183171391,-1.45519152283669e-11,8281.90719888273,-1.22568621918617e-12,-58254.1284985723,-7.27595761418343e-12,0.00127981861940896,-1.8644641386345e-11,0.00444693412856661,1,VALID_CENTRAL_DIFFERENCE
B75_V080,75,80,PHYSICAL_CONTROL,diffCyclic,1,0.001,rad,CX_diffCyclic,0,N/(rad),0,1/rad,8281.99572610995,-0.0255607082160516,-58254.1807702865,-0.273023651634503,0.00863616492959807,-4.52314668113422,8281.99572610995,0.0255607082143854,-58254.1807702865,0.273023651638141,0.00863616492959807,4.52314668113831,0.00257793282815456,1,VALID_CENTRAL_DIFFERENCE
B75_V080,75,80,PHYSICAL_CONTROL,diffCyclic,1,0.001,rad,CY_diffCyclic,-25.5607082152185,N/(rad),-0.000362254935022938,1/rad,8281.99572610995,-0.0255607082160516,-58254.1807702865,-0.273023651634503,0.00863616492959807,-4.52314668113422,8281.99572610995,0.0255607082143854,-58254.1807702865,0.273023651638141,0.00863616492959807,4.52314668113831,5.86796214338509e-06,1,VALID_CENTRAL_DIFFERENCE
B75_V080,75,80,PHYSICAL_CONTROL,diffCyclic,1,0.001,rad,CZ_diffCyclic,3.63797880709171e-09,N/(rad),5.15586565630912e-14,1/rad,8281.99572610995,-0.0255607082160516,-58254.1807702865,-0.273023651634503,0.00863616492959807,-4.52314668113422,8281.99572610995,0.0255607082143854,-58254.1807702865,0.273023651638141,0.00863616492959807,4.52314668113831,0.0515586565630912,1,VALID_CENTRAL_DIFFERENCE
B75_V080,75,80,PHYSICAL_CONTROL,diffCyclic,1,0.001,rad,Cl_diffCyclic,-273.023651636322,N*m/(rad),-0.000386938281797508,1/rad,8281.99572610995,-0.0255607082160516,-58254.1807702865,-0.273023651634503,0.00863616492959807,-4.52314668113422,8281.99572610995,0.0255607082143854,-58254.1807702865,0.273023651638141,0.00863616492959807,4.52314668113831,0.000499450211599035,1,VALID_CENTRAL_DIFFERENCE
B75_V080,75,80,PHYSICAL_CONTROL,diffCyclic,1,0.001,rad,Cm_diffCyclic,0,N*m/(rad),0,1/rad,8281.99572610995,-0.0255607082160516,-58254.1807702865,-0.273023651634503,0.00863616492959807,-4.52314668113422,8281.99572610995,0.0255607082143854,-58254.1807702865,0.273023651638141,0.00863616492959807,4.52314668113831,0.000859310942718186,1,VALID_CENTRAL_DIFFERENCE
B75_V080,75,80,PHYSICAL_CONTROL,diffCyclic,1,0.001,rad,Cn_diffCyclic,-4523.14668113627,N*m/(rad),-0.0064103552737192,1/rad,8281.99572610995,-0.0255607082160516,-58254.1807702865,-0.273023651634503,0.00863616492959807,-4.52314668113422,8281.99572610995,0.0255607082143854,-58254.1807702865,0.273023651638141,0.00863616492959807,4.52314668113831,2.96025789649701e-05,1,VALID_CENTRAL_DIFFERENCE
B75_V080,75,80,PHYSICAL_CONTROL,diffCyclic,2,0.0001,rad,CX_diffCyclic,1.81898940354586e-08,N/(rad),2.57793282815456e-13,1/rad,8281.91663688923,-0.00255608582034483,-58254.1308501465,-0.0273160081487731,6.59601750925276e-05,-0.452328058194325,8281.91663688922,0.00255608582072853,-58254.1308501465,0.0273160081505921,6.5960176911517e-05,0.452328058187049,0.00257793282815456,1,VALID_CENTRAL_DIFFERENCE
B75_V080,75,80,PHYSICAL_CONTROL,diffCyclic,2,0.0001,rad,CY_diffCyclic,-25.5608582053668,N/(rad),-0.000362257060733656,1/rad,8281.91663688923,-0.00255608582034483,-58254.1308501465,-0.0273160081487731,6.59601750925276e-05,-0.452328058194325,8281.91663688922,0.00255608582072853,-58254.1308501465,0.0273160081505921,6.5960176911517e-05,0.452328058187049,5.86796214338509e-06,1,VALID_CENTRAL_DIFFERENCE
B75_V080,75,80,PHYSICAL_CONTROL,diffCyclic,2,0.0001,rad,CZ_diffCyclic,0,N/(rad),0,1/rad,8281.91663688923,-0.00255608582034483,-58254.1308501465,-0.0273160081487731,6.59601750925276e-05,-0.452328058194325,8281.91663688922,0.00255608582072853,-58254.1308501465,0.0273160081505921,6.5960176911517e-05,0.452328058187049,0.0515586565630912,1,VALID_CENTRAL_DIFFERENCE
B75_V080,75,80,PHYSICAL_CONTROL,diffCyclic,2,0.0001,rad,Cl_diffCyclic,-273.160081496826,N*m/(rad),-0.000387131634774413,1/rad,8281.91663688923,-0.00255608582034483,-58254.1308501465,-0.0273160081487731,6.59601750925276e-05,-0.452328058194325,8281.91663688922,0.00255608582072853,-58254.1308501465,0.0273160081505921,6.5960176911517e-05,0.452328058187049,0.000499450211599035,1,VALID_CENTRAL_DIFFERENCE
B75_V080,75,80,PHYSICAL_CONTROL,diffCyclic,2,0.0001,rad,Cm_diffCyclic,-9.09494701772928e-09,N*m/(rad),-8.59310942718186e-14,1/rad,8281.91663688923,-0.00255608582034483,-58254.1308501465,-0.0273160081487731,6.59601750925276e-05,-0.452328058194325,8281.91663688922,0.00255608582072853,-58254.1308501465,0.0273160081505921,6.5960176911517e-05,0.452328058187049,0.000859310942718186,1,VALID_CENTRAL_DIFFERENCE
B75_V080,75,80,PHYSICAL_CONTROL,diffCyclic,2,0.0001,rad,Cn_diffCyclic,-4523.28058190687,N*m/(rad),-0.00641054504238503,1/rad,8281.91663688923,-0.00255608582034483,-58254.1308501465,-0.0273160081487731,6.59601750925276e-05,-0.452328058194325,8281.91663688922,0.00255608582072853,-58254.1308501465,0.0273160081505921,6.5960176911517e-05,0.452328058187049,2.96025789649701e-05,1,VALID_CENTRAL_DIFFERENCE
B75_V080,75,80,PHYSICAL_CONTROL,diffCyclic,3,1e-05,rad,CX_diffCyclic,0,N/(rad),0,1/rad,8281.9158459961,-0.00025560859919338,-58254.1303509451,-0.00273161446602899,-1.97416052429844e-05,-0.0452328192150162,8281.9158459961,0.000255608597161228,-58254.1303509451,0.00273161446057202,-1.97416052429844e-05,0.0452328191818197,0.00257793282815456,1,VALID_CENTRAL_DIFFERENCE
B75_V080,75,80,PHYSICAL_CONTROL,diffCyclic,3,1e-05,rad,CY_diffCyclic,-25.5608598177304,N/(rad),-0.000362257083584614,1/rad,8281.9158459961,-0.00025560859919338,-58254.1303509451,-0.00273161446602899,-1.97416052429844e-05,-0.0452328192150162,8281.9158459961,0.000255608597161228,-58254.1303509451,0.00273161446057202,-1.97416052429844e-05,0.0452328191818197,5.86796214338509e-06,1,VALID_CENTRAL_DIFFERENCE
B75_V080,75,80,PHYSICAL_CONTROL,diffCyclic,3,1e-05,rad,CZ_diffCyclic,3.63797880709171e-07,N/(rad),5.15586565630912e-12,1/rad,8281.9158459961,-0.00025560859919338,-58254.1303509451,-0.00273161446602899,-1.97416052429844e-05,-0.0452328192150162,8281.9158459961,0.000255608597161228,-58254.1303509451,0.00273161446057202,-1.97416052429844e-05,0.0452328191818197,0.0515586565630912,1,VALID_CENTRAL_DIFFERENCE
B75_V080,75,80,PHYSICAL_CONTROL,diffCyclic,3,1e-05,rad,Cl_diffCyclic,-273.16144633005,N*m/(rad),-0.000387133569061863,1/rad,8281.9158459961,-0.00025560859919338,-58254.1303509451,-0.00273161446602899,-1.97416052429844e-05,-0.0452328192150162,8281.9158459961,0.000255608597161228,-58254.1303509451,0.00273161446057202,-1.97416052429844e-05,0.0452328191818197,0.000499450211599035,1,VALID_CENTRAL_DIFFERENCE
B75_V080,75,80,PHYSICAL_CONTROL,diffCyclic,3,1e-05,rad,Cm_diffCyclic,0,N*m/(rad),0,1/rad,8281.9158459961,-0.00025560859919338,-58254.1303509451,-0.00273161446602899,-1.97416052429844e-05,-0.0452328192150162,8281.9158459961,0.000255608597161228,-58254.1303509451,0.00273161446057202,-1.97416052429844e-05,0.0452328191818197,0.000859310942718186,1,VALID_CENTRAL_DIFFERENCE
B75_V080,75,80,PHYSICAL_CONTROL,diffCyclic,3,1e-05,rad,Cn_diffCyclic,-4523.28191984179,N*m/(rad),-0.00641054693855129,1/rad,8281.9158459961,-0.00025560859919338,-58254.1303509451,-0.00273161446602899,-1.97416052429844e-05,-0.0452328192150162,8281.9158459961,0.000255608597161228,-58254.1303509451,0.00273161446057202,-1.97416052429844e-05,0.0452328191818197,2.96025789649701e-05,1,VALID_CENTRAL_DIFFERENCE
B75_V080,75,80,PHYSICAL_CONTROL,aileron,1,0.001,rad,CX_aileron,0,N/(rad),0,1/rad,8281.91524313362,-5.6843418860808e-13,-58254.1266083297,53.3643006713137,0.000405400858184635,2.88366080740434,8281.91524313362,-5.6843418860808e-13,-58254.1266083297,-53.3643006713319,0.000405400858184635,-2.88366080741889,0,1,VALID_CENTRAL_DIFFERENCE
B75_V080,75,80,PHYSICAL_CONTROL,aileron,1,0.001,rad,CY_aileron,0,N/(rad),0,1/rad,8281.91524313362,-5.6843418860808e-13,-58254.1266083297,53.3643006713137,0.000405400858184635,2.88366080740434,8281.91524313362,-5.6843418860808e-13,-58254.1266083297,-53.3643006713319,0.000405400858184635,-2.88366080741889,0,1,VALID_CENTRAL_DIFFERENCE
B75_V080,75,80,PHYSICAL_CONTROL,aileron,1,0.001,rad,CZ_aileron,0,N/(rad),0,1/rad,8281.91524313362,-5.6843418860808e-13,-58254.1266083297,53.3643006713137,0.000405400858184635,2.88366080740434,8281.91524313362,-5.6843418860808e-13,-58254.1266083297,-53.3643006713319,0.000405400858184635,-2.88366080741889,0.046402790906782,1,VALID_CENTRAL_DIFFERENCE
B75_V080,75,80,PHYSICAL_CONTROL,aileron,1,0.001,rad,Cl_aileron,53364.3006713228,N*m/(rad),0.0756296778221695,1/rad,8281.91524313362,-5.6843418860808e-13,-58254.1266083297,53.3643006713137,0.000405400858184635,2.88366080740434,8281.91524313362,-5.6843418860808e-13,-58254.1266083297,-53.3643006713319,0.000405400858184635,-2.88366080741889,4.66480674158576e-09,1,VALID_CENTRAL_DIFFERENCE
B75_V080,75,80,PHYSICAL_CONTROL,aileron,1,0.001,rad,Cm_aileron,0,N*m/(rad),0,1/rad,8281.91524313362,-5.6843418860808e-13,-58254.1266083297,53.3643006713137,0.000405400858184635,2.88366080740434,8281.91524313362,-5.6843418860808e-13,-58254.1266083297,-53.3643006713319,0.000405400858184635,-2.88366080741889,0,1,VALID_CENTRAL_DIFFERENCE
B75_V080,75,80,PHYSICAL_CONTROL,aileron,1,0.001,rad,Cn_aileron,2883.66080741162,N*m/(rad),0.00408682087218199,1/rad,8281.91524313362,-5.6843418860808e-13,-58254.1266083297,53.3643006713137,0.000405400858184635,2.88366080740434,8281.91524313362,-5.6843418860808e-13,-58254.1266083297,-53.3643006713319,0.000405400858184635,-2.88366080741889,1.02554446362522e-07,1,VALID_CENTRAL_DIFFERENCE
B75_V080,75,80,PHYSICAL_CONTROL,aileron,2,0.0001,rad,CX_aileron,0,N/(rad),0,1/rad,8281.91583205853,-5.6843418860808e-13,-58254.1303085269,5.33643009201842,-1.63471982119745e-05,0.288366051160665,8281.91583205853,-5.6843418860808e-13,-58254.1303085269,-5.33643009203297,-1.63471982119745e-05,-0.288366051175217,0,1,VALID_CENTRAL_DIFFERENCE
B75_V080,75,80,PHYSICAL_CONTROL,aileron,2,0.0001,rad,CY_aileron,0,N/(rad),0,1/rad,8281.91583205853,-5.6843418860808e-13,-58254.1303085269,5.33643009201842,-1.63471982119745e-05,0.288366051160665,8281.91583205853,-5.6843418860808e-13,-58254.1303085269,-5.33643009203297,-1.63471982119745e-05,-0.288366051175217,0,1,VALID_CENTRAL_DIFFERENCE
B75_V080,75,80,PHYSICAL_CONTROL,aileron,2,0.0001,rad,CZ_aileron,-3.63797880709171e-08,N/(rad),-5.15586565630912e-13,1/rad,8281.91583205853,-5.6843418860808e-13,-58254.1303085269,5.33643009201842,-1.63471982119745e-05,0.288366051160665,8281.91583205853,-5.6843418860808e-13,-58254.1303085269,-5.33643009203297,-1.63471982119745e-05,-0.288366051175217,0.046402790906782,1,VALID_CENTRAL_DIFFERENCE
B75_V080,75,80,PHYSICAL_CONTROL,aileron,2,0.0001,rad,Cl_aileron,53364.3009202569,N*m/(rad),0.0756296781749673,1/rad,8281.91583205853,-5.6843418860808e-13,-58254.1303085269,5.33643009201842,-1.63471982119745e-05,0.288366051160665,8281.91583205853,-5.6843418860808e-13,-58254.1303085269,-5.33643009203297,-1.63471982119745e-05,-0.288366051175217,4.66480674158576e-09,1,VALID_CENTRAL_DIFFERENCE
B75_V080,75,80,PHYSICAL_CONTROL,aileron,2,0.0001,rad,Cm_aileron,0,N*m/(rad),0,1/rad,8281.91583205853,-5.6843418860808e-13,-58254.1303085269,5.33643009201842,-1.63471982119745e-05,0.288366051160665,8281.91583205853,-5.6843418860808e-13,-58254.1303085269,-5.33643009203297,-1.63471982119745e-05,-0.288366051175217,0,1,VALID_CENTRAL_DIFFERENCE
B75_V080,75,80,PHYSICAL_CONTROL,aileron,2,0.0001,rad,Cn_aileron,2883.66051167941,N*m/(rad),0.00408682045306039,1/rad,8281.91583205853,-5.6843418860808e-13,-58254.1303085269,5.33643009201842,-1.63471982119745e-05,0.288366051160665,8281.91583205853,-5.6843418860808e-13,-58254.1303085269,-5.33643009203297,-1.63471982119745e-05,-0.288366051175217,1.02554446362522e-07,1,VALID_CENTRAL_DIFFERENCE
B75_V080,75,80,PHYSICAL_CONTROL,aileron,3,1e-05,rad,CX_aileron,0,N/(rad),0,1/rad,8281.91583794778,-5.6843418860808e-13,-58254.1303455289,0.533643009195657,-2.05646797581949e-05,0.0288366050781406,8281.91583794778,-5.6843418860808e-13,-58254.1303455289,-0.533643009213847,-2.05646797581949e-05,-0.0288366050926925,0,1,VALID_CENTRAL_DIFFERENCE
B75_V080,75,80,PHYSICAL_CONTROL,aileron,3,1e-05,rad,CY_aileron,0,N/(rad),0,1/rad,8281.91583794778,-5.6843418860808e-13,-58254.1303455289,0.533643009195657,-2.05646797581949e-05,0.0288366050781406,8281.91583794778,-5.6843418860808e-13,-58254.1303455289,-0.533643009213847,-2.05646797581949e-05,-0.0288366050926925,0,1,VALID_CENTRAL_DIFFERENCE
B75_V080,75,80,PHYSICAL_CONTROL,aileron,3,1e-05,rad,CZ_aileron,-3.63797880709171e-07,N/(rad),-5.15586565630912e-12,1/rad,8281.91583794778,-5.6843418860808e-13,-58254.1303455289,0.533643009195657,-2.05646797581949e-05,0.0288366050781406,8281.91583794778,-5.6843418860808e-13,-58254.1303455289,-0.533643009213847,-2.05646797581949e-05,-0.0288366050926925,0.046402790906782,1,VALID_CENTRAL_DIFFERENCE
B75_V080,75,80,PHYSICAL_CONTROL,aileron,3,1e-05,rad,Cl_aileron,53364.3009204752,N*m/(rad),0.0756296781752766,1/rad,8281.91583794778,-5.6843418860808e-13,-58254.1303455289,0.533643009195657,-2.05646797581949e-05,0.0288366050781406,8281.91583794778,-5.6843418860808e-13,-58254.1303455289,-0.533643009213847,-2.05646797581949e-05,-0.0288366050926925,4.66480674158576e-09,1,VALID_CENTRAL_DIFFERENCE
B75_V080,75,80,PHYSICAL_CONTROL,aileron,3,1e-05,rad,Cm_aileron,0,N*m/(rad),0,1/rad,8281.91583794778,-5.6843418860808e-13,-58254.1303455289,0.533643009195657,-2.05646797581949e-05,0.0288366050781406,8281.91583794778,-5.6843418860808e-13,-58254.1303455289,-0.533643009213847,-2.05646797581949e-05,-0.0288366050926925,0,1,VALID_CENTRAL_DIFFERENCE
B75_V080,75,80,PHYSICAL_CONTROL,aileron,3,1e-05,rad,Cn_aileron,2883.66050854165,N*m/(rad),0.00408682044861345,1/rad,8281.91583794778,-5.6843418860808e-13,-58254.1303455289,0.533643009195657,-2.05646797581949e-05,0.0288366050781406,8281.91583794778,-5.6843418860808e-13,-58254.1303455289,-0.533643009213847,-2.05646797581949e-05,-0.0288366050926925,1.02554446362522e-07,1,VALID_CENTRAL_DIFFERENCE
B75_V080,75,80,PHYSICAL_CONTROL,elevator,1,0.001,rad,CX_elevator,5393.3780299576,N/(rad),0.0764367634631179,1/rad,8287.30586912173,-5.6843418860808e-13,-58288.7150637702,-7.27595761418343e-12,-177.733947094569,-7.27595761418343e-12,8276.51911306181,-5.6843418860808e-13,-58219.5567621914,-7.27595761418343e-12,177.676579262932,-7.27595761418343e-12,1.04232179357114e-06,1,VALID_CENTRAL_DIFFERENCE
B75_V080,75,80,PHYSICAL_CONTROL,elevator,1,0.001,rad,CY_elevator,0,N/(rad),0,1/rad,8287.30586912173,-5.6843418860808e-13,-58288.7150637702,-7.27595761418343e-12,-177.733947094569,-7.27595761418343e-12,8276.51911306181,-5.6843418860808e-13,-58219.5567621914,-7.27595761418343e-12,177.676579262932,-7.27595761418343e-12,0,1,VALID_CENTRAL_DIFFERENCE
B75_V080,75,80,PHYSICAL_CONTROL,elevator,1,0.001,rad,CZ_elevator,-34579.1507894137,N/(rad),-0.49006732978194,1/rad,8287.30586912173,-5.6843418860808e-13,-58288.7150637702,-7.27595761418343e-12,-177.733947094569,-7.27595761418343e-12,8276.51911306181,-5.6843418860808e-13,-58219.5567621914,-7.27595761418343e-12,177.676579262932,-7.27595761418343e-12,8.19423679783027e-07,1,VALID_CENTRAL_DIFFERENCE
B75_V080,75,80,PHYSICAL_CONTROL,elevator,1,0.001,rad,Cl_elevator,0,N*m/(rad),0,1/rad,8287.30586912173,-5.6843418860808e-13,-58288.7150637702,-7.27595761418343e-12,-177.733947094569,-7.27595761418343e-12,8276.51911306181,-5.6843418860808e-13,-58219.5567621914,-7.27595761418343e-12,177.676579262932,-7.27595761418343e-12,0,1,VALID_CENTRAL_DIFFERENCE
B75_V080,75,80,PHYSICAL_CONTROL,elevator,1,0.001,rad,Cm_elevator,-177705.26317875,N*m/(rad),-1.67899908521117,1/rad,8287.30586912173,-5.6843418860808e-13,-58288.7150637702,-7.27595761418343e-12,-177.733947094569,-7.27595761418343e-12,8276.51911306181,-5.6843418860808e-13,-58219.5567621914,-7.27595761418343e-12,177.676579262932,-7.27595761418343e-12,8.12465483925116e-07,1,VALID_CENTRAL_DIFFERENCE
B75_V080,75,80,PHYSICAL_CONTROL,elevator,1,0.001,rad,Cn_elevator,0,N*m/(rad),0,1/rad,8287.30586912173,-5.6843418860808e-13,-58288.7150637702,-7.27595761418343e-12,-177.733947094569,-7.27595761418343e-12,8276.51911306181,-5.6843418860808e-13,-58219.5567621914,-7.27595761418343e-12,177.676579262932,-7.27595761418343e-12,0,1,VALID_CENTRAL_DIFFERENCE
B75_V080,75,80,PHYSICAL_CONTROL,elevator,2,0.0001,rad,CX_elevator,5393.38365159892,N/(rad),0.0764368431349054,1/rad,8282.45514290322,-5.6843418860808e-13,-58257.5883194859,-7.27595761418343e-12,-17.7708479966682,-7.27595761418343e-12,8281.3764661729,-5.6843418860808e-13,-58250.6724836611,-7.27595761418343e-12,17.7702335149838,-7.27595761418343e-12,1.04232179357114e-06,1,VALID_CENTRAL_DIFFERENCE
B75_V080,75,80,PHYSICAL_CONTROL,elevator,2,0.0001,rad,CY_elevator,0,N/(rad),0,1/rad,8282.45514290322,-5.6843418860808e-13,-58257.5883194859,-7.27595761418343e-12,-17.7708479966682,-7.27595761418343e-12,8281.3764661729,-5.6843418860808e-13,-58250.6724836611,-7.27595761418343e-12,17.7702335149838,-7.27595761418343e-12,0,1,VALID_CENTRAL_DIFFERENCE
B75_V080,75,80,PHYSICAL_CONTROL,elevator,2,0.0001,rad,CZ_elevator,-34579.1791244119,N/(rad),-0.490067731355044,1/rad,8282.45514290322,-5.6843418860808e-13,-58257.5883194859,-7.27595761418343e-12,-17.7708479966682,-7.27595761418343e-12,8281.3764661729,-5.6843418860808e-13,-58250.6724836611,-7.27595761418343e-12,17.7702335149838,-7.27595761418343e-12,8.19423679783027e-07,1,VALID_CENTRAL_DIFFERENCE
B75_V080,75,80,PHYSICAL_CONTROL,elevator,2,0.0001,rad,Cl_elevator,0,N*m/(rad),0,1/rad,8282.45514290322,-5.6843418860808e-13,-58257.5883194859,-7.27595761418343e-12,-17.7708479966682,-7.27595761418343e-12,8281.3764661729,-5.6843418860808e-13,-58250.6724836611,-7.27595761418343e-12,17.7702335149838,-7.27595761418343e-12,0,1,VALID_CENTRAL_DIFFERENCE
B75_V080,75,80,PHYSICAL_CONTROL,elevator,2,0.0001,rad,Cm_elevator,-177705.40755826,N*m/(rad),-1.67900044934108,1/rad,8282.45514290322,-5.6843418860808e-13,-58257.5883194859,-7.27595761418343e-12,-17.7708479966682,-7.27595761418343e-12,8281.3764661729,-5.6843418860808e-13,-58250.6724836611,-7.27595761418343e-12,17.7702335149838,-7.27595761418343e-12,8.12465483925116e-07,1,VALID_CENTRAL_DIFFERENCE
B75_V080,75,80,PHYSICAL_CONTROL,elevator,2,0.0001,rad,Cn_elevator,0,N*m/(rad),0,1/rad,8282.45514290322,-5.6843418860808e-13,-58257.5883194859,-7.27595761418343e-12,-17.7708479966682,-7.27595761418343e-12,8281.3764661729,-5.6843418860808e-13,-58250.6724836611,-7.27595761418343e-12,17.7702335149838,-7.27595761418343e-12,0,1,VALID_CENTRAL_DIFFERENCE
B75_V080,75,80,PHYSICAL_CONTROL,elevator,3,1e-05,rad,CX_elevator,5393.38370781479,N/(rad),0.0764368439316155,1/rad,8281.96977150966,-5.6843418860808e-13,-58254.4761382534,-7.27595761418343e-12,-1.77707756363499,-7.27595761418343e-12,8281.8619038355,-5.6843418860808e-13,-58253.7845546653,-7.27595761418343e-12,1.77703061640703,-7.27595761418343e-12,1.04232179357114e-06,1,VALID_CENTRAL_DIFFERENCE
B75_V080,75,80,PHYSICAL_CONTROL,elevator,3,1e-05,rad,CY_elevator,0,N/(rad),0,1/rad,8281.96977150966,-5.6843418860808e-13,-58254.4761382534,-7.27595761418343e-12,-1.77707756363499,-7.27595761418343e-12,8281.8619038355,-5.6843418860808e-13,-58253.7845546653,-7.27595761418343e-12,1.77703061640703,-7.27595761418343e-12,0,1,VALID_CENTRAL_DIFFERENCE
B75_V080,75,80,PHYSICAL_CONTROL,elevator,3,1e-05,rad,CZ_elevator,-34579.1794075922,N/(rad),-0.49006773536837,1/rad,8281.96977150966,-5.6843418860808e-13,-58254.4761382534,-7.27595761418343e-12,-1.77707756363499,-7.27595761418343e-12,8281.8619038355,-5.6843418860808e-13,-58253.7845546653,-7.27595761418343e-12,1.77703061640703,-7.27595761418343e-12,8.19423679783027e-07,1,VALID_CENTRAL_DIFFERENCE
B75_V080,75,80,PHYSICAL_CONTROL,elevator,3,1e-05,rad,Cl_elevator,0,N*m/(rad),0,1/rad,8281.96977150966,-5.6843418860808e-13,-58254.4761382534,-7.27595761418343e-12,-1.77707756363499,-7.27595761418343e-12,8281.8619038355,-5.6843418860808e-13,-58253.7845546653,-7.27595761418343e-12,1.77703061640703,-7.27595761418343e-12,0,1,VALID_CENTRAL_DIFFERENCE
B75_V080,75,80,PHYSICAL_CONTROL,elevator,3,1e-05,rad,Cm_elevator,-177705.409002101,N*m/(rad),-1.67900046298281,1/rad,8281.96977150966,-5.6843418860808e-13,-58254.4761382534,-7.27595761418343e-12,-1.77707756363499,-7.27595761418343e-12,8281.8619038355,-5.6843418860808e-13,-58253.7845546653,-7.27595761418343e-12,1.77703061640703,-7.27595761418343e-12,8.12465483925116e-07,1,VALID_CENTRAL_DIFFERENCE
B75_V080,75,80,PHYSICAL_CONTROL,elevator,3,1e-05,rad,Cn_elevator,0,N*m/(rad),0,1/rad,8281.96977150966,-5.6843418860808e-13,-58254.4761382534,-7.27595761418343e-12,-1.77707756363499,-7.27595761418343e-12,8281.8619038355,-5.6843418860808e-13,-58253.7845546653,-7.27595761418343e-12,1.77703061640703,-7.27595761418343e-12,0,1,VALID_CENTRAL_DIFFERENCE
B75_V080,75,80,PHYSICAL_CONTROL,rudder,1,0.001,rad,CX_rudder,0,N/(rad),0,1/rad,8281.91571629989,8.78079999999943,-58254.1303632056,2.48832819447865,-6.06702854071273e-05,-37.8335401682487,8281.91571629989,-8.78080000000057,-58254.1303632056,-2.4883281944932,-6.06702854071273e-05,37.8335401682341,0,1,VALID_CENTRAL_DIFFERENCE
B75_V080,75,80,PHYSICAL_CONTROL,rudder,1,0.001,rad,CY_rudder,8780.8,N/(rad),0.124444444444444,1/rad,8281.91571629989,8.78079999999943,-58254.1303632056,2.48832819447865,-6.06702854071273e-05,-37.8335401682487,8281.91571629989,-8.78080000000057,-58254.1303632056,-2.4883281944932,-6.06702854071273e-05,37.8335401682341,0,1,VALID_CENTRAL_DIFFERENCE
B75_V080,75,80,PHYSICAL_CONTROL,rudder,1,0.001,rad,CZ_rudder,0,N/(rad),0,1/rad,8281.91571629989,8.78079999999943,-58254.1303632056,2.48832819447865,-6.06702854071273e-05,-37.8335401682487,8281.91571629989,-8.78080000000057,-58254.1303632056,-2.4883281944932,-6.06702854071273e-05,37.8335401682341,0,1,VALID_CENTRAL_DIFFERENCE
B75_V080,75,80,PHYSICAL_CONTROL,rudder,1,0.001,rad,Cl_rudder,2488.32819448592,N*m/(rad),0.00352654222574536,1/rad,8281.91571629989,8.78079999999943,-58254.1303632056,2.48832819447865,-6.06702854071273e-05,-37.8335401682487,8281.91571629989,-8.78080000000057,-58254.1303632056,-2.4883281944932,-6.06702854071273e-05,37.8335401682341,8.36238366190909e-15,1,VALID_CENTRAL_DIFFERENCE
B75_V080,75,80,PHYSICAL_CONTROL,rudder,1,0.001,rad,Cm_rudder,0,N*m/(rad),0,1/rad,8281.91571629989,8.78079999999943,-58254.1303632056,2.48832819447865,-6.06702854071273e-05,-37.8335401682487,8281.91571629989,-8.78080000000057,-58254.1303632056,-2.4883281944932,-6.06702854071273e-05,37.8335401682341,0,1,VALID_CENTRAL_DIFFERENCE
B75_V080,75,80,PHYSICAL_CONTROL,rudder,1,0.001,rad,Cn_rudder,-37833.5401682414,N*m/(rad),-0.0536189628234713,1/rad,8281.91571629989,8.78079999999943,-58254.1303632056,2.48832819447865,-6.06702854071273e-05,-37.8335401682487,8281.91571629989,-8.78080000000057,-58254.1303632056,-2.4883281944932,-6.06702854071273e-05,37.8335401682341,1.5011698296053e-14,1,VALID_CENTRAL_DIFFERENCE
B75_V080,75,80,PHYSICAL_CONTROL,rudder,2,0.0001,rad,CX_rudder,0,N/(rad),0,1/rad,8281.9158367902,0.878079999999432,-58254.1303460757,0.248832819441319,-2.10079105613659e-05,-3.78335401683142,8281.9158367902,-0.878080000000569,-58254.1303460757,-0.24883281945587,-2.10079105613659e-05,3.78335401681687,0,1,VALID_CENTRAL_DIFFERENCE
B75_V080,75,80,PHYSICAL_CONTROL,rudder,2,0.0001,rad,CY_rudder,8780.8,N/(rad),0.124444444444444,1/rad,8281.9158367902,0.878079999999432,-58254.1303460757,0.248832819441319,-2.10079105613659e-05,-3.78335401683142,8281.9158367902,-0.878080000000569,-58254.1303460757,-0.24883281945587,-2.10079105613659e-05,3.78335401681687,0,1,VALID_CENTRAL_DIFFERENCE
B75_V080,75,80,PHYSICAL_CONTROL,rudder,2,0.0001,rad,CZ_rudder,0,N/(rad),0,1/rad,8281.9158367902,0.878079999999432,-58254.1303460757,0.248832819441319,-2.10079105613659e-05,-3.78335401683142,8281.9158367902,-0.878080000000569,-58254.1303460757,-0.24883281945587,-2.10079105613659e-05,3.78335401681687,0,1,VALID_CENTRAL_DIFFERENCE
B75_V080,75,80,PHYSICAL_CONTROL,rudder,2,0.0001,rad,Cl_rudder,2488.32819448594,N*m/(rad),0.00352654222574539,1/rad,8281.9158367902,0.878079999999432,-58254.1303460757,0.248832819441319,-2.10079105613659e-05,-3.78335401683142,8281.9158367902,-0.878080000000569,-58254.1303460757,-0.24883281945587,-2.10079105613659e-05,3.78335401681687,8.36238366190909e-15,1,VALID_CENTRAL_DIFFERENCE
B75_V080,75,80,PHYSICAL_CONTROL,rudder,2,0.0001,rad,Cm_rudder,0,N*m/(rad),0,1/rad,8281.9158367902,0.878079999999432,-58254.1303460757,0.248832819441319,-2.10079105613659e-05,-3.78335401683142,8281.9158367902,-0.878080000000569,-58254.1303460757,-0.24883281945587,-2.10079105613659e-05,3.78335401681687,0,1,VALID_CENTRAL_DIFFERENCE
B75_V080,75,80,PHYSICAL_CONTROL,rudder,2,0.0001,rad,Cn_rudder,-37833.5401682415,N*m/(rad),-0.0536189628234715,1/rad,8281.9158367902,0.878079999999432,-58254.1303460757,0.248832819441319,-2.10079105613659e-05,-3.78335401683142,8281.9158367902,-0.878080000000569,-58254.1303460757,-0.24883281945587,-2.10079105613659e-05,3.78335401681687,1.5011698296053e-14,1,VALID_CENTRAL_DIFFERENCE
B75_V080,75,80,PHYSICAL_CONTROL,rudder,3,1e-05,rad,CX_rudder,0,N/(rad),0,1/rad,8281.9158379951,0.0878079999994316,-58254.1303459043,0.0248832819375835,-2.06112867857655e-05,-0.378335401689696,8281.9158379951,-0.0878080000005684,-58254.1303459043,-0.0248832819521354,-2.06112867857655e-05,0.378335401675145,0,1,VALID_CENTRAL_DIFFERENCE
B75_V080,75,80,PHYSICAL_CONTROL,rudder,3,1e-05,rad,CY_rudder,8780.8,N/(rad),0.124444444444444,1/rad,8281.9158379951,0.0878079999994316,-58254.1303459043,0.0248832819375835,-2.06112867857655e-05,-0.378335401689696,8281.9158379951,-0.0878080000005684,-58254.1303459043,-0.0248832819521354,-2.06112867857655e-05,0.378335401675145,0,1,VALID_CENTRAL_DIFFERENCE
B75_V080,75,80,PHYSICAL_CONTROL,rudder,3,1e-05,rad,CZ_rudder,0,N/(rad),0,1/rad,8281.9158379951,0.0878079999994316,-58254.1303459043,0.0248832819375835,-2.06112867857655e-05,-0.378335401689696,8281.9158379951,-0.0878080000005684,-58254.1303459043,-0.0248832819521354,-2.06112867857655e-05,0.378335401675145,0,1,VALID_CENTRAL_DIFFERENCE
B75_V080,75,80,PHYSICAL_CONTROL,rudder,3,1e-05,rad,Cl_rudder,2488.32819448594,N*m/(rad),0.00352654222574539,1/rad,8281.9158379951,0.0878079999994316,-58254.1303459043,0.0248832819375835,-2.06112867857655e-05,-0.378335401689696,8281.9158379951,-0.0878080000005684,-58254.1303459043,-0.0248832819521354,-2.06112867857655e-05,0.378335401675145,8.36238366190909e-15,1,VALID_CENTRAL_DIFFERENCE
B75_V080,75,80,PHYSICAL_CONTROL,rudder,3,1e-05,rad,Cm_rudder,0,N*m/(rad),0,1/rad,8281.9158379951,0.0878079999994316,-58254.1303459043,0.0248832819375835,-2.06112867857655e-05,-0.378335401689696,8281.9158379951,-0.0878080000005684,-58254.1303459043,-0.0248832819521354,-2.06112867857655e-05,0.378335401675145,0,1,VALID_CENTRAL_DIFFERENCE
B75_V080,75,80,PHYSICAL_CONTROL,rudder,3,1e-05,rad,Cn_rudder,-37833.540168242,N*m/(rad),-0.0536189628234723,1/rad,8281.9158379951,0.0878079999994316,-58254.1303459043,0.0248832819375835,-2.06112867857655e-05,-0.378335401689696,8281.9158379951,-0.0878080000005684,-58254.1303459043,-0.0248832819521354,-2.06112867857655e-05,0.378335401675145,1.5011698296053e-14,1,VALID_CENTRAL_DIFFERENCE
