pointId,modelKind,modeIndex,stateIndex,stateName,rightEigenvectorReal,rightEigenvectorImag,leftEigenvectorReal,leftEigenvectorImag,participationRawReal,participationRawImag,participationMagnitude,normalizedMagnitude
B15_V020,NINE_STATE_PHYSICAL_CONTROL,1,1,u,0,0,1.21981368725186e-10,-5.82778704830496e-27,0,0,0,0
B15_V020,NINE_STATE_PHYSICAL_CONTROL,1,2,v,0,0,0.000255732271133097,1.1578247668134e-17,0,0,0,0
B15_V020,NINE_STATE_PHYSICAL_CONTROL,1,3,w,0,0,-7.0966047315468e-10,-9.79819749120646e-26,-0,0,0,0
B15_V020,NINE_STATE_PHYSICAL_CONTROL,1,4,p,0,0,-1.73375029856044,1.60828073112463e-15,0,0,0,0
B15_V020,NINE_STATE_PHYSICAL_CONTROL,1,5,q,0,0,1.28737924396724e-08,5.74811422665085e-25,0,0,0,0
B15_V020,NINE_STATE_PHYSICAL_CONTROL,1,6,r,0,0,-2.72345289085367,-5.58923201095461e-15,-0,0,0,0
B15_V020,NINE_STATE_PHYSICAL_CONTROL,1,7,phi,0,0,-4.72893769205557,2.46350488802478e-15,0,0,0,0
B15_V020,NINE_STATE_PHYSICAL_CONTROL,1,8,theta,0,0,1.81645624959273e-08,7.25687854446818e-25,0,0,0,0
B15_V020,NINE_STATE_PHYSICAL_CONTROL,1,9,psi,1,0,1,0,1,0,1,1
B15_V020,NINE_STATE_PHYSICAL_CONTROL,2,1,u,-3.05984755041952e-14,0,1.53381225656241e-14,-6.00311859552171e-29,-4.69323167604593e-28,-1.83686277293849e-42,4.69323167604593e-28,4.68955794117838e-28
B15_V020,NINE_STATE_PHYSICAL_CONTROL,2,2,v,0.750061101353254,0,0.00935206249123244,-5.27595415264768e-18,0.00701461829209826,3.9572879824242e-18,0.00701461829209826,0.00700912743854978
B15_V020,NINE_STATE_PHYSICAL_CONTROL,2,3,w,6.24130795982181e-13,0,2.94190175590334e-14,-3.95684862803672e-28,1.83613148461333e-26,2.46959108379756e-40,1.83613148461333e-26,1.8346942105297e-26
B15_V020,NINE_STATE_PHYSICAL_CONTROL,2,4,p,0.603546391289953,0,1.62860654921134,-2.48916696908771e-15,0.982939605607688,1.50232774151104e-15,0.982939605607688,0.982170187059643
B15_V020,NINE_STATE_PHYSICAL_CONTROL,2,5,q,1.86981424035945e-14,0,2.50893495209546e-12,2.31414593687318e-27,4.69124230156364e-26,-4.32702302703543e-41,4.69124230156364e-26,4.68757012392465e-26
B15_V020,NINE_STATE_PHYSICAL_CONTROL,2,6,r,0.0612050610543723,0,-0.00639968463020664,2.00548194654751e-15,-0.000391693088520525,-1.22745644981882e-16,0.000391693088520525,0.000391386481760833
B15_V020,NINE_STATE_PHYSICAL_CONTROL,2,7,phi,-0.262090030195524,0,-0.0398239840750454,-4.1917324801808e-15,0.0104374691887347,-1.09861129230214e-15,0.0104374691887347,0.0104292990200462
B15_V020,NINE_STATE_PHYSICAL_CONTROL,2,8,theta,-7.97834333460459e-15,0,-5.62360093300911e-12,9.53948148679428e-27,4.48670190203494e-26,7.61092585357491e-41,4.48670190203494e-26,4.48318983309065e-26
B15_V020,NINE_STATE_PHYSICAL_CONTROL,2,9,psi,-0.0265114007750954,0,0,0,-0,0,0,0
B15_V020,NINE_STATE_PHYSICAL_CONTROL,3,1,u,-9.45284962707477e-14,-1.02568202927785e-13,-3.89558003140033e-14,1.73582768413702e-13,-1.41216393907169e-26,2.04041445084816e-26,2.48143066033377e-26,2.41065134059038e-26
B15_V020,NINE_STATE_PHYSICAL_CONTROL,3,2,v,0.998954667030853,0,0.482147228685587,0.0363672653072875,0.481643224291459,-0.0363292494058641,0.483011397244688,0.469234176437446
B15_V020,NINE_STATE_PHYSICAL_CONTROL,3,3,w,-4.44983080505073e-14,1.09612808528736e-13,-8.51506809312983e-13,8.407449132626e-13,1.30047023506876e-25,-5.59243267078825e-26,1.4156185446909e-25,1.37524001660587e-25
B15_V020,NINE_STATE_PHYSICAL_CONTROL,3,4,p,-0.00585709176336021,0.000238287167123685,-1.26957084762296,5.87162307639489,0.00883512538390691,0.0340881127175654,0.0352144695997938,0.0342100263795016
B15_V020,NINE_STATE_PHYSICAL_CONTROL,3,5,q,-2.89577563735997e-15,-2.9496072042968e-15,-5.80219781197892e-12,-3.09771736089257e-11,1.08172357512712e-25,-7.2588740184029e-26,1.3027042692554e-25,1.26554646207642e-25
B15_V020,NINE_STATE_PHYSICAL_CONTROL,3,6,r,-0.00198998766303356,-0.0192834138779795,-1.23617762909301,-19.8722766799114,0.385665314147664,-0.0157078605809131,0.385985066318174,0.374975385144399
B15_V020,NINE_STATE_PHYSICAL_CONTROL,3,7,phi,-0.00461722361457669,0.0128436122166886,-1.83244417619334,8.98466332581393,0.123856336176971,0.0179489972692126,0.125150143883869,0.121580412038654
B15_V020,NINE_STATE_PHYSICAL_CONTROL,3,8,theta,-5.05359343635081e-15,6.3505943322305e-15,-5.68435988792649e-13,-2.17564120051386e-11,-1.35293502387557e-25,-1.13557967276375e-25,1.76634491875834e-25,1.71596241410875e-25
B15_V020,NINE_STATE_PHYSICAL_CONTROL,3,9,psi,-0.0376643999764531,0.00863230308927689,0,0,-0,0,0,0
B15_V020,NINE_STATE_PHYSICAL_CONTROL,4,1,u,-9.45284962707477e-14,1.02568202927785e-13,-3.89558003140033e-14,-1.73582768413701e-13,-1.41216393907169e-26,-2.04041445084816e-26,2.48143066033377e-26,2.41065134059038e-26
B15_V020,NINE_STATE_PHYSICAL_CONTROL,4,2,v,0.998954667030853,0,0.482147228685587,-0.0363672653072875,0.481643224291459,0.036329249405864,0.483011397244688,0.469234176437446
B15_V020,NINE_STATE_PHYSICAL_CONTROL,4,3,w,-4.44983080505073e-14,-1.09612808528736e-13,-8.51506809312974e-13,-8.40744913262599e-13,1.30047023506875e-25,5.59243267078815e-26,1.41561854469089e-25,1.37524001660586e-25
B15_V020,NINE_STATE_PHYSICAL_CONTROL,4,4,p,-0.00585709176336021,-0.000238287167123685,-1.26957084762298,-5.87162307639489,0.00883512538390697,-0.0340881127175654,0.0352144695997938,0.0342100263795016
B15_V020,NINE_STATE_PHYSICAL_CONTROL,4,5,q,-2.89577563735997e-15,2.9496072042968e-15,-5.80219781197888e-12,3.09771736089257e-11,1.08172357512712e-25,7.25887401840291e-26,1.3027042692554e-25,1.26554646207642e-25
B15_V020,NINE_STATE_PHYSICAL_CONTROL,4,6,r,-0.00198998766303356,0.0192834138779795,-1.23617762909298,19.8722766799114,0.385665314147663,0.0157078605809138,0.385985066318174,0.374975385144399
B15_V020,NINE_STATE_PHYSICAL_CONTROL,4,7,phi,-0.00461722361457669,-0.0128436122166886,-1.83244417619336,-8.98466332581393,0.123856336176971,-0.0179489972692124,0.125150143883869,0.121580412038654
B15_V020,NINE_STATE_PHYSICAL_CONTROL,4,8,theta,-5.05359343635081e-15,-6.3505943322305e-15,-5.68435988792544e-13,2.17564120051386e-11,-1.35293502387557e-25,1.13557967276374e-25,1.76634491875834e-25,1.71596241410875e-25
B15_V020,NINE_STATE_PHYSICAL_CONTROL,4,9,psi,-0.0376643999764531,-0.00863230308927689,0,0,0,0,0,0
B15_V020,NINE_STATE_PHYSICAL_CONTROL,5,1,u,0.279047490636822,0.18146427209525,0.0656789268175608,-0.00249059955486356,0.0178755848808558,0.0126133742029117,0.0218776996874753,0.0215990488189736
B15_V020,NINE_STATE_PHYSICAL_CONTROL,5,2,v,1.07419510683358e-12,-3.73867172185918e-14,1.41036700520848e-14,5.07636027008015e-14,1.3252208899173e-26,-5.50573035504264e-26,5.66297423175412e-26,5.59084632477472e-26
B15_V020,NINE_STATE_PHYSICAL_CONTROL,5,3,w,0.941568891365542,0,0.48103688628462,-0.00419482474001897,0.452929367724942,0.00394971647993241,0.452946588913072,0.447177519852407
B15_V020,NINE_STATE_PHYSICAL_CONTROL,5,4,p,7.4324506580967e-14,-1.33395349955217e-13,-1.64911144556097e-12,8.47453033745183e-13,-2.35615688495394e-25,1.56997269812106e-25,2.83130527131239e-25,2.79524363393209e-25
B15_V020,NINE_STATE_PHYSICAL_CONTROL,5,5,q,0.00383443507236611,0.0320741002915554,0.27244889918413,14.4249022182894,0.463710448059753,-0.0465727976645049,0.466043351118837,0.460107471826048
B15_V020,NINE_STATE_PHYSICAL_CONTROL,5,6,r,-6.20377493470321e-14,-5.25761342516304e-14,1.01555819003719e-12,-7.32054850353959e-13,-2.45143303490861e-26,-9.88091590542763e-26,1.01804726341548e-25,1.00508064634974e-25
B15_V020,NINE_STATE_PHYSICAL_CONTROL,5,7,phi,-1.92580192519545e-13,2.0071149654203e-14,-2.38902632174129e-12,2.99324925919231e-12,5.2015710280878e-25,5.28490013762741e-25,7.41528897784412e-25,7.32084226985449e-25
B15_V020,NINE_STATE_PHYSICAL_CONTROL,5,8,theta,0.0321427670973808,-0.0239714508610719,0.861730567891782,-1.57629984972542,0.0654845993344472,0.0300097069816592,0.0720334315656149,0.0711159595025711
B15_V020,NINE_STATE_PHYSICAL_CONTROL,5,9,psi,-1.84640602908103e-14,1.00809080856391e-13,0,0,-0,0,0,0
B15_V020,NINE_STATE_PHYSICAL_CONTROL,6,1,u,0.279047490636822,-0.18146427209525,0.0656789268175608,0.00249059955486356,0.0178755848808558,-0.0126133742029117,0.0218776996874753,0.0215990488189735
B15_V020,NINE_STATE_PHYSICAL_CONTROL,6,2,v,1.07419510683358e-12,3.73867172185918e-14,1.41036700520846e-14,-5.07636027008015e-14,1.32522088991728e-26,5.50573035504264e-26,5.66297423175411e-26,5.59084632477471e-26
B15_V020,NINE_STATE_PHYSICAL_CONTROL,6,3,w,0.941568891365542,0,0.48103688628462,0.00419482474001896,0.452929367724942,-0.0039497164799324,0.452946588913072,0.447177519852407
B15_V020,NINE_STATE_PHYSICAL_CONTROL,6,4,p,7.4324506580967e-14,1.33395349955217e-13,-1.64911144556097e-12,-8.4745303374518e-13,-2.35615688495394e-25,-1.56997269812106e-25,2.8313052713124e-25,2.7952436339321e-25
B15_V020,NINE_STATE_PHYSICAL_CONTROL,6,5,q,0.00383443507236611,-0.0320741002915554,0.27244889918413,-14.4249022182894,0.463710448059753,0.0465727976645049,0.466043351118837,0.460107471826049
B15_V020,NINE_STATE_PHYSICAL_CONTROL,6,6,r,-6.20377493470321e-14,5.25761342516304e-14,1.01555819003718e-12,7.3205485035395e-13,-2.45143303490857e-26,9.88091590542749e-26,1.01804726341546e-25,1.00508064634973e-25
B15_V020,NINE_STATE_PHYSICAL_CONTROL,6,7,phi,-1.92580192519545e-13,-2.0071149654203e-14,-2.38902632174132e-12,-2.9932492591923e-12,5.20157102808785e-25,-5.2849001376274e-25,7.41528897784415e-25,7.32084226985452e-25
B15_V020,NINE_STATE_PHYSICAL_CONTROL,6,8,theta,0.0321427670973808,0.0239714508610719,0.861730567891783,1.57629984972542,0.0654845993344473,-0.0300097069816591,0.072033431565615,0.0711159595025712
B15_V020,NINE_STATE_PHYSICAL_CONTROL,6,9,psi,-1.84640602908103e-14,-1.00809080856391e-13,0,0,0,0,0,0
B15_V020,NINE_STATE_PHYSICAL_CONTROL,7,1,u,-1.80169363450345e-10,0,5.43089485142728e-12,5.96588928862683e-28,-9.78480868347409e-22,1.07487047554713e-37,9.78480868347409e-22,9.77288856667519e-22
B15_V020,NINE_STATE_PHYSICAL_CONTROL,7,2,v,0.633390990261363,0,0.0468887836764607,-1.2934425662659e-17,0.0296989331249843,8.19254867893359e-18,0.0296989331249843,0.0296627530868145
B15_V020,NINE_STATE_PHYSICAL_CONTROL,7,3,w,2.21147485945677e-11,0,6.31420861482073e-11,9.70402718874986e-27,1.39637136090414e-21,-2.14602121634053e-37,1.39637136090414e-21,1.39467026379994e-21
B15_V020,NINE_STATE_PHYSICAL_CONTROL,7,4,p,-0.000293762135657454,0,2.0760210438159,-1.93093195513646e-15,-0.000609856375501176,-5.67234694950109e-19,0.000609856375501176,0.00060911343208126
B15_V020,NINE_STATE_PHYSICAL_CONTROL,7,5,q,1.26694769210936e-13,0,-1.29451215772366e-09,-5.33289611326665e-26,-1.6400791906355e-22,6.75650042296217e-39,1.6400791906355e-22,1.63808120210611e-22
B15_V020,NINE_STATE_PHYSICAL_CONTROL,7,6,r,0.0586304518788707,0,3.90686166407909,6.61485217036722e-15,0.229061064793194,-3.87831771860559e-16,0.229061064793194,0.228782016450529
B15_V020,NINE_STATE_PHYSICAL_CONTROL,7,7,phi,0.127307021139843,0,5.82725015333148,-2.94528675315856e-15,0.741849858457323,3.74955682947255e-16,0.741849858457323,0.740946117030575
B15_V020,NINE_STATE_PHYSICAL_CONTROL,7,8,theta,1.61997547533752e-12,0,-1.70627686560482e-09,-6.83024360577618e-26,-2.76412667641558e-21,1.10648271319384e-37,2.76412667641558e-21,2.76075934304243e-21
B15_V020,NINE_STATE_PHYSICAL_CONTROL,7,9,psi,0.761032955686228,0,0,0,0,0,0,0
B15_V020,NINE_STATE_PHYSICAL_CONTROL,8,1,u,0.991094339503849,0,0.635702600579614,-2.98180236589406e-17,0.630041249042332,2.95524744635679e-17,0.630041249042332,0.514783580070344
B15_V020,NINE_STATE_PHYSICAL_CONTROL,8,2,v,4.46425034795372e-13,0,2.25380207392161e-12,-6.36137121461427e-28,1.00615366927234e-24,2.83987536583045e-40,1.00615366927234e-24,8.22091234115571e-25
B15_V020,NINE_STATE_PHYSICAL_CONTROL,8,3,w,-0.133156113417045,0,-3.61892333508185,-4.99136886425036e-16,0.481881766053749,-6.64631278594428e-17,0.481881766053749,0.393727904445668
B15_V020,NINE_STATE_PHYSICAL_CONTROL,8,4,p,-1.03522236745596e-14,0,7.73186094294553e-11,-7.4169929221709e-26,-8.00419539019631e-25,-7.67823697229382e-40,8.00419539019631e-25,6.53993427384458e-25
B15_V020,NINE_STATE_PHYSICAL_CONTROL,8,5,q,3.75882331583302e-07,0,65.6548343150464,2.93930375417557e-15,2.4678492202055e-05,-1.10483234835107e-21,2.4678492202055e-05,2.01638901989707e-05
B15_V020,NINE_STATE_PHYSICAL_CONTROL,8,6,r,5.9058714556138e-14,0,1.37144791131266e-10,2.33259978860919e-25,8.09959507228261e-24,-1.37760345089178e-38,8.09959507228261e-24,6.61788185260487e-24
B15_V020,NINE_STATE_PHYSICAL_CONTROL,8,7,phi,1.25972438164423e-13,0,2.09699068710243e-10,-1.19253449510984e-25,2.64163029662383e-23,1.50226477944166e-38,2.64163029662383e-23,2.15837915911904e-23
B15_V020,NINE_STATE_PHYSICAL_CONTROL,8,8,theta,-0.0012081651193476,0,92.6592663498954,3.70710216729078e-15,-0.111947693588283,4.47879153237863e-18,0.111947693588283,0.0914683515937891
B15_V020,NINE_STATE_PHYSICAL_CONTROL,8,9,psi,-1.92711225633062e-10,0,-0,0,0,0,0,0
B15_V020,NINE_STATE_PHYSICAL_CONTROL,9,1,u,0.993191583623445,0,0.336498603800762,3.43543127327801e-17,0.334207581195957,-3.41204142673649e-17,0.334207581195957,0.188234951897477
B15_V020,NINE_STATE_PHYSICAL_CONTROL,9,2,v,-1.128871842846e-11,0,6.32989334570869e-12,-1.69531708799828e-27,-7.14563836618883e-23,-1.91379572533694e-38,7.14563836618883e-23,4.02462113313842e-23
B15_V020,NINE_STATE_PHYSICAL_CONTROL,9,3,w,-0.116002802377751,0,3.34250978041889,5.27161405497123e-16,-0.387740501503633,6.11522003430603e-17,0.387740501503633,0.218386173012771
B15_V020,NINE_STATE_PHYSICAL_CONTROL,9,4,p,-3.58027597968823e-14,0,3.01082338968599e-10,-2.76689839128287e-25,-1.07795786611762e-23,-9.90625984854807e-39,1.07795786611762e-23,6.07135680016743e-24
B15_V020,NINE_STATE_PHYSICAL_CONTROL,9,5,q,-0.00102275203130143,0,-70.9403874719913,-2.95535087117169e-15,0.0725544253882896,-3.0225911066993e-18,0.0725544253882896,0.0408646587969112
B15_V020,NINE_STATE_PHYSICAL_CONTROL,9,6,r,-1.01775049739788e-12,0,5.67223722617663e-10,9.74736880697969e-25,-5.77292225830006e-22,9.92038945162421e-37,5.77292225830006e-22,3.25146946011928e-22
B15_V020,NINE_STATE_PHYSICAL_CONTROL,9,7,phi,-2.21954495631349e-12,0,8.49587128320055e-10,-4.14372761034677e-25,-1.88569682561164e-21,-9.19718971788213e-37,1.88569682561164e-21,1.06207659919633e-21
B15_V020,NINE_STATE_PHYSICAL_CONTROL,9,8,theta,-0.0106198888103281,0,-92.3718235133834,-3.69423362809965e-15,0.980978494919385,-3.92323503697933e-17,0.980978494919385,0.552514216292841
B15_V020,NINE_STATE_PHYSICAL_CONTROL,9,9,psi,-1.07282125294681e-11,0,-0,0,0,0,0,0
B15_V020,THIRTEEN_STATE_TORQUE,1,1,u,0,0,3.94269290251063e-11,4.54793168779807e-17,0,0,0,0
B15_V020,THIRTEEN_STATE_TORQUE,1,2,v,0,0,8.27858630062726e-05,-1.40259303873049e-18,0,0,0,0
B15_V020,THIRTEEN_STATE_TORQUE,1,3,w,0,0,-2.29380740968313e-10,-1.10144525675311e-15,-0,0,0,0
B15_V020,THIRTEEN_STATE_TORQUE,1,4,p,0,0,-0.561251085230357,-3.34483136174197e-16,-0,0,0,0
B15_V020,THIRTEEN_STATE_TORQUE,1,5,q,0,0,4.16109876333862e-09,1.75845710417079e-14,0,0,0,0
B15_V020,THIRTEEN_STATE_TORQUE,1,6,r,0,0,-0.881638429613825,1.12802235161905e-15,0,0,0,0
B15_V020,THIRTEEN_STATE_TORQUE,1,7,phi,0,0,-1.53335335593757,-5.05056752634976e-16,-0,0,0,0
B15_V020,THIRTEEN_STATE_TORQUE,1,8,theta,0,0,5.87123454785674e-09,2.98878332069243e-14,0,0,0,0
B15_V020,THIRTEEN_STATE_TORQUE,1,9,psi,1,0,0.333333333333333,0,0.333333333333333,0,0.333333333333333,1
B15_V020,THIRTEEN_STATE_TORQUE,1,10,betaSym,0,0,-3.78561602254837e-11,-1.92413483935767e-16,-0,0,0,0
B15_V020,THIRTEEN_STATE_TORQUE,1,11,betaDiff,0,0,-0.00664058311644295,-1.49126517424562e-16,-0,0,0,0
B15_V020,THIRTEEN_STATE_TORQUE,1,12,betaSymDot,0,0,1.36282189061457e-10,6.93372479513331e-16,0,0,0,0
B15_V020,THIRTEEN_STATE_TORQUE,1,13,betaDiffDot,0,0,0.0239060992191944,6.32735431028803e-16,0,0,0,0
B15_V020,THIRTEEN_STATE_TORQUE,2,1,u,-3.04998853526779e-14,0,1.51050752558606e-14,1.62983806755713e-18,-4.60703063547321e-28,4.97098742039227e-32,4.60703066229169e-28,4.59658685895368e-28
B15_V020,THIRTEEN_STATE_TORQUE,2,2,v,0.748729964200026,0,0.00936810171960215,-3.93233395443584e-18,0.00701417846513992,2.94425626092729e-18,0.00701417846513992,0.00699827783285909
B15_V020,THIRTEEN_STATE_TORQUE,2,3,w,6.22623059010382e-13,0,2.91125522706148e-14,-2.19061627028484e-17,1.81261463503298e-26,1.36392820332266e-29,1.8126151481867e-26,1.8085060815182e-26
B15_V020,THIRTEEN_STATE_TORQUE,2,4,p,0.605053548675898,0,1.6257529696009,-5.40060741438367e-16,0.983667603527405,3.2676566810782e-16,0.983667603527405,0.981437700634573
B15_V020,THIRTEEN_STATE_TORQUE,2,5,q,1.87975134947138e-14,0,2.49037046807513e-12,-8.73324128133752e-15,4.68127724804789e-26,1.64163220838533e-28,4.6813060323719e-26,4.67069385217364e-26
B15_V020,THIRTEEN_STATE_TORQUE,2,6,r,0.0612583245129494,0,-0.0185450540864117,1.87388508737607e-15,-0.00113603894133561,-1.1479106078246e-16,0.00113603894133561,0.00113346362370537
B15_V020,THIRTEEN_STATE_TORQUE,2,7,phi,-0.262409485543094,0,-0.0398394780857666,-8.15136624673438e-16,0.0104542569487914,-2.13899582327891e-16,0.0104542569487914,0.0104305579088627
B15_V020,THIRTEEN_STATE_TORQUE,2,8,theta,-8.01054775330645e-15,0,-5.59874979202048e-12,1.35255059308109e-15,4.48490525677946e-26,1.0834671114639e-29,4.4849053876519e-26,4.47473843342657e-26
B15_V020,THIRTEEN_STATE_TORQUE,2,9,psi,-0.0265013871072041,0,-1.33854890498356e-16,-4.15671872596277e-19,3.54734026928934e-18,-1.10158812052503e-20,3.54735737356141e-18,3.53931577247498e-18
B15_V020,THIRTEEN_STATE_TORQUE,2,10,betaSym,0,0,-7.76384660154383e-13,6.59349423508799e-17,0,0,0,0
B15_V020,THIRTEEN_STATE_TORQUE,2,11,betaDiff,0,0,0.816173423480431,-2.78059095425508e-16,0,0,0,0
B15_V020,THIRTEEN_STATE_TORQUE,2,12,betaSymDot,0,0,2.79727782293983e-12,-1.09330485814485e-16,0,0,0,0
B15_V020,THIRTEEN_STATE_TORQUE,2,13,betaDiffDot,0,0,-2.93822432452955,1.02404664576277e-15,0,0,0,0
B15_V020,THIRTEEN_STATE_TORQUE,3,1,u,-9.43496532241348e-14,-1.00982746200621e-13,-4.47738528427396e-14,1.7491926674258e-13,-1.34394304298438e-26,2.10249587774247e-26,2.49533000196571e-26,2.42202519053004e-26
B15_V020,THIRTEEN_STATE_TORQUE,3,2,v,0.99895499097152,0,0.481195626594514,0.0382295622069833,0.480692772820258,-0.0381896119693222,0.482207412120547,0.468041701216365
B15_V020,THIRTEEN_STATE_TORQUE,3,3,w,-4.42645893015853e-14,1.12344835230118e-13,-8.86518222692201e-13,8.37842555378526e-13,1.33368648868623e-25,-6.25089870436308e-26,1.47290766724404e-25,1.42963835267466e-25
B15_V020,THIRTEEN_STATE_TORQUE,3,4,p,-0.00589687700344986,9.7497857120909e-05,-1.29021923845713,5.84505226387649,0.0081781442271541,0.0343417606678501,0.0353021043107635,0.0342650414382199
B15_V020,THIRTEEN_STATE_TORQUE,3,5,q,-2.89191948354504e-15,-2.93787823475553e-15,-5.42103048945878e-12,-3.14505499446989e-11,1.0807506984698e-25,-7.50261306683542e-26,1.3156420867962e-25,1.27699273179568e-25
B15_V020,THIRTEEN_STATE_TORQUE,3,6,r,-0.00197700655972884,-0.0192777909109818,-1.2842764107047,-19.8998501593111,0.386164173419535,-0.0145841221851077,0.386439471913394,0.37508711667477
B15_V020,THIRTEEN_STATE_TORQUE,3,7,phi,-0.00481657006177958,0.0129523560711281,-1.90175581733839,8.94084201843279,0.124964909533053,0.0184319734865782,0.126316927849018,0.122606140670644
B15_V020,THIRTEEN_STATE_TORQUE,3,8,theta,-4.99623968208949e-15,6.35304702093781e-15,-1.15642623137582e-13,-2.19552534222603e-11,-1.38904979085564e-25,-1.10428391401045e-25,1.77451466159577e-25,1.72238509854975e-25
B15_V020,THIRTEEN_STATE_TORQUE,3,9,psi,-0.0375625103870459,0.0087576543656919,-6.17679608158754e-17,-4.43711336621927e-16,-1.56571085454105e-18,-1.72078541424102e-17,1.72789378917366e-17,1.67713379819192e-17
B15_V020,THIRTEEN_STATE_TORQUE,3,10,betaSym,-0,0,1.87426466164095e-13,-2.74817808572807e-13,-0,0,0,0
B15_V020,THIRTEEN_STATE_TORQUE,3,11,betaDiff,-0,0,-0.524069186515053,3.04456658991336,0,0,0,0
B15_V020,THIRTEEN_STATE_TORQUE,3,12,betaSymDot,-0,0,-6.77670290020344e-13,1.02197852622556e-12,0,0,0,0
B15_V020,THIRTEEN_STATE_TORQUE,3,13,betaDiffDot,-0,0,1.88664907145419,-10.9604397236881,-0,0,0,0
B15_V020,THIRTEEN_STATE_TORQUE,4,1,u,-9.43496532241348e-14,1.00982746200621e-13,-4.4802196017343e-14,-1.74917920684965e-13,-1.34366203325543e-26,-2.1027693948963e-26,2.49540914235014e-26,2.4221020060232e-26
B15_V020,THIRTEEN_STATE_TORQUE,4,2,v,0.99895499097152,0,0.481195626594514,-0.0382295622069833,0.480692772820258,0.0381896119693222,0.482207412120547,0.468041701216365
B15_V020,THIRTEEN_STATE_TORQUE,4,3,w,-4.42645893015853e-14,-1.12344835230118e-13,-8.86628071609708e-13,-8.37813683640425e-13,1.33370267695182e-25,6.25226059977977e-26,1.47298012769488e-25,1.4297086844693e-25
B15_V020,THIRTEEN_STATE_TORQUE,4,4,p,-0.00589687700344986,-9.7497857120909e-05,-1.29021923845712,-5.84505226387649,0.00817814422715403,-0.0343417606678501,0.0353021043107635,0.0342650414382199
B15_V020,THIRTEEN_STATE_TORQUE,4,5,q,-2.89191948354504e-15,2.93787823475553e-15,-5.47877457449393e-12,3.14455015716819e-11,1.08227229586345e-25,7.48418860894553e-26,1.31584349895276e-25,1.27718822710752e-25
B15_V020,THIRTEEN_STATE_TORQUE,4,6,r,-0.00197700655972884,0.0192777909109818,-1.28427641070474,19.8998501593111,0.386164173419535,0.0145841221851069,0.386439471913394,0.375087116674771
B15_V020,THIRTEEN_STATE_TORQUE,4,7,phi,-0.00481657006177958,-0.0129523560711281,-1.90175581733838,-8.94084201843279,0.124964909533053,-0.0184319734865784,0.126316927849018,0.122606140670644
B15_V020,THIRTEEN_STATE_TORQUE,4,8,theta,-4.99623968208949e-15,-6.35304702093781e-15,-1.08623369722288e-13,2.19554694151433e-11,-1.38941421170959e-25,1.1038487690626e-25,1.77452922113488e-25,1.72239923037619e-25
B15_V020,THIRTEEN_STATE_TORQUE,4,9,psi,-0.0375625103870459,-0.0087576543656919,-6.44645582097866e-17,4.43369952256775e-16,-1.46143016064673e-18,1.72186467565875e-17,1.72805548013537e-17,1.67729073919052e-17
B15_V020,THIRTEEN_STATE_TORQUE,4,10,betaSym,-0,0,1.88594062151312e-13,2.74814659566292e-13,-0,0,0,0
B15_V020,THIRTEEN_STATE_TORQUE,4,11,betaDiff,-0,0,-0.524069186515045,-3.04456658991336,0,0,0,0
B15_V020,THIRTEEN_STATE_TORQUE,4,12,betaSymDot,-0,0,-6.7822234770458e-13,-1.02209107599839e-12,0,0,0,0
B15_V020,THIRTEEN_STATE_TORQUE,4,13,betaDiffDot,-0,0,1.88664907145416,10.9604397236881,-0,0,0,0
B15_V020,THIRTEEN_STATE_TORQUE,5,1,u,0.279047490636826,0.181464272095235,0.0656789268175627,-0.00249059955486012,0.0178755848808572,0.0126133742029101,0.0218776996874756,0.0215990488189735
B15_V020,THIRTEEN_STATE_TORQUE,5,2,v,1.08236502936504e-12,-4.35865852813996e-14,1.35367798093884e-14,5.15811315641588e-14,1.24034916860645e-26,-5.64196349877202e-26,5.77669613027538e-26,5.70311977550463e-26
B15_V020,THIRTEEN_STATE_TORQUE,5,3,w,0.941568891365544,0,0.481036886284636,-0.00419482473999391,0.452929367724958,0.00394971647990882,0.452946588913088,0.447177519852416
B15_V020,THIRTEEN_STATE_TORQUE,5,4,p,7.35870352285871e-14,-1.33248189403189e-13,-1.65177277432098e-12,8.29859073961808e-13,-2.32126280398797e-25,1.59028862573362e-25,2.81376596722538e-25,2.77792772363812e-25
B15_V020,THIRTEEN_STATE_TORQUE,5,5,q,0.00383443507236545,0.0320741002915546,0.272448899183821,14.4249022182894,0.46371044805974,-0.0465727976645054,0.466043351118825,0.46010747182603
B15_V020,THIRTEEN_STATE_TORQUE,5,6,r,-6.21224463250428e-14,-5.27811803177616e-14,1.07962096589459e-12,-6.98719409593589e-13,-3.01894603558985e-26,-1.00389827894462e-25,1.0483091653353e-25,1.03495710988376e-25
B15_V020,THIRTEEN_STATE_TORQUE,5,7,phi,-1.92459963723106e-13,2.02213254240337e-14,-2.39012543040685e-12,2.97021672368159e-12,5.20065172579248e-25,5.23316298757007e-25,7.37785695357816e-25,7.28388700805526e-25
B15_V020,THIRTEEN_STATE_TORQUE,5,8,theta,0.0321427670973801,-0.0239714508610718,0.861730567891335,-1.57629984972598,0.0654845993344455,0.0300097069816869,0.0720334315656249,0.07111595950258
B15_V020,THIRTEEN_STATE_TORQUE,5,9,psi,-1.86449074082937e-14,1.01024811688696e-13,5.12069600323851e-17,3.99217264210214e-17,3.07833586550729e-30,5.91751038712145e-30,6.67031340212428e-30,6.58535526442085e-30
B15_V020,THIRTEEN_STATE_TORQUE,5,10,betaSym,0,0,0.0805595094944554,-0.0613191410207544,0,0,0,0
B15_V020,THIRTEEN_STATE_TORQUE,5,11,betaDiff,0,0,-4.66500760733824e-13,4.14148717438292e-14,0,0,0,0
B15_V020,THIRTEEN_STATE_TORQUE,5,12,betaSymDot,0,0,-0.290014234180041,0.220748907674767,0,0,0,0
B15_V020,THIRTEEN_STATE_TORQUE,5,13,betaDiffDot,0,0,1.65527329099617e-12,-1.60857678194745e-13,0,0,0,0
B15_V020,THIRTEEN_STATE_TORQUE,6,1,u,0.279047490636826,-0.181464272095235,0.0656789268175627,0.00249059955486009,0.0178755848808572,-0.0126133742029101,0.0218776996874756,0.0215990488189735
B15_V020,THIRTEEN_STATE_TORQUE,6,2,v,1.08236502936504e-12,4.35865852813996e-14,1.33245978834903e-14,-5.15905413156872e-14,1.21734232506716e-26,5.64205714881013e-26,5.77189147566371e-26,5.69837631659449e-26
B15_V020,THIRTEEN_STATE_TORQUE,6,3,w,0.941568891365544,0,0.481036886284638,0.00419482473999458,0.452929367724959,-0.00394971647990945,0.452946588913089,0.447177519852418
B15_V020,THIRTEEN_STATE_TORQUE,6,4,p,7.35870352285871e-14,1.33248189403189e-13,-1.65091477402923e-12,-8.30498526947068e-13,-2.32148348653596e-25,-1.58867480138625e-25,2.81303629603651e-25,2.77720734609132e-25
B15_V020,THIRTEEN_STATE_TORQUE,6,5,q,0.00383443507236545,-0.0320741002915546,0.272448899183767,-14.4249022182894,0.46371044805974,0.0465727976645071,0.466043351118825,0.46010747182603
B15_V020,THIRTEEN_STATE_TORQUE,6,6,r,-6.21224463250428e-14,5.27811803177616e-14,1.08625571213511e-12,7.01105166161167e-13,-3.04757039755178e-26,1.00888226666459e-25,1.05390715021325e-25,1.04048379460811e-25
B15_V020,THIRTEEN_STATE_TORQUE,6,7,phi,-1.92459963723106e-13,-2.02213254240337e-14,-2.38892377047275e-12,-2.97115987848279e-12,5.19852972992084e-25,-5.23522117452408e-25,7.37782163643552e-25,7.28385214073836e-25
B15_V020,THIRTEEN_STATE_TORQUE,6,8,theta,0.0321427670973801,0.0239714508610718,0.861730567891277,1.57629984972596,0.0654845993344431,-0.0300097069816877,0.0720334315656231,0.0711159595025782
B15_V020,THIRTEEN_STATE_TORQUE,6,9,psi,-1.86449074082937e-14,-1.01024811688696e-13,-3.32910082137168e-17,-4.24665604957255e-17,4.91088404282076e-30,2.57143274732605e-30,5.54337879420597e-30,5.47277414483666e-30
B15_V020,THIRTEEN_STATE_TORQUE,6,10,betaSym,0,0,0.0805595094944599,0.0613191410207546,0,0,0,0
B15_V020,THIRTEEN_STATE_TORQUE,6,11,betaDiff,0,0,-4.54698224097513e-13,-4.13145223294081e-14,0,0,0,0
B15_V020,THIRTEEN_STATE_TORQUE,6,12,betaSymDot,0,0,-0.290014234180041,-0.220748907674768,0,0,0,0
B15_V020,THIRTEEN_STATE_TORQUE,6,13,betaDiffDot,0,0,1.65933661255267e-12,1.62224529106734e-13,0,0,0,0
B15_V020,THIRTEEN_STATE_TORQUE,7,1,u,-1.98195227762902e-10,0,6.14838760749742e-12,-3.01682902570726e-19,-1.21858108224256e-21,-5.97921115871784e-29,1.21858108224256e-21,1.21852285639095e-21
B15_V020,THIRTEEN_STATE_TORQUE,7,2,v,0.658550015999124,0,0.047984625505477,1.28045876759185e-17,0.0316002758943439,-8.43246141883834e-18,0.0316002758943439,0.0315987659800659
B15_V020,THIRTEEN_STATE_TORQUE,7,3,w,2.42010737289655e-11,0,6.99960373608788e-11,-3.76079935922911e-17,1.69397926090605e-21,9.10153825725501e-28,1.6939792609063e-21,1.69389831973094e-21
B15_V020,THIRTEEN_STATE_TORQUE,7,4,p,-1.15649821665797e-05,0,2.06589006093483,2.36875761754423e-15,-2.38919817128255e-05,2.73946396038488e-20,2.38919817128255e-05,2.38908401137953e-05
B15_V020,THIRTEEN_STATE_TORQUE,7,5,q,1.45890494723285e-13,0,-1.44031958052036e-09,2.07464550895135e-14,-2.10128936161749e-22,-3.02671059676354e-27,2.10128936183548e-22,2.10118895869912e-22
B15_V020,THIRTEEN_STATE_TORQUE,7,6,r,0.0584091798057256,0,3.91732417512626,-8.11138000036755e-15,0.228807692102266,4.73779052914035e-16,0.228807692102266,0.228796759286288
B15_V020,THIRTEEN_STATE_TORQUE,7,7,phi,0.127194445762468,0,5.81484450481678,3.56889980769473e-15,0.739615923985104,-4.53944233021511e-16,0.739615923985104,0.739580583893532
B15_V020,THIRTEEN_STATE_TORQUE,7,8,theta,1.81926017467983e-12,0,-1.89591148998453e-09,-1.60405012001527e-15,-3.44915626844677e-21,2.91818450153418e-27,3.449156268448e-21,3.44899146196612e-21
B15_V020,THIRTEEN_STATE_TORQUE,7,9,psi,0.739406395005754,0,-3.16448391812779e-16,1.36306108302332e-18,-2.33983964595656e-16,-1.00785608157091e-18,2.33986135191345e-16,2.33974954940655e-16
B15_V020,THIRTEEN_STATE_TORQUE,7,10,betaSym,0,0,1.45215300484537e-11,-1.0410395305315e-16,0,0,0,0
B15_V020,THIRTEEN_STATE_TORQUE,7,11,betaDiff,0,0,-0.0432972238283215,1.13473583637695e-15,0,0,0,0
B15_V020,THIRTEEN_STATE_TORQUE,7,12,betaSymDot,0,0,-5.22783057629247e-11,3.30239994676737e-16,0,0,0,0
B15_V020,THIRTEEN_STATE_TORQUE,7,13,betaDiffDot,0,0,0.155870005781959,-4.49580736017971e-15,0,0,0,0
B15_V020,THIRTEEN_STATE_TORQUE,8,1,u,0.991094339503849,0,0.635702600579706,5.83687015821149e-16,0.630041249042422,-5.78488897422234e-16,0.630041249042422,0.514783580070461
B15_V020,THIRTEEN_STATE_TORQUE,8,2,v,4.56155175014174e-13,0,2.25577585883264e-12,-4.10052596734624e-16,1.02898383167855e-24,1.87047614028499e-28,1.02898384867921e-24,8.40744935768642e-25
B15_V020,THIRTEEN_STATE_TORQUE,8,3,w,-0.133156113417046,0,-3.61892333508075,-3.01808342315253e-15,0.481881766053609,-4.01876258595406e-16,0.481881766053609,0.393727904445587
B15_V020,THIRTEEN_STATE_TORQUE,8,4,p,-1.00533997414592e-14,0,7.55373012091272e-11,1.90053595808736e-15,-7.59406684446369e-25,1.91068477096695e-29,7.59406684686735e-25,6.20483329411588e-25
B15_V020,THIRTEEN_STATE_TORQUE,8,5,q,3.75882331584979e-07,0,65.6548343150271,-4.63821689389299e-15,2.46784922021578e-05,1.74342378047333e-21,2.46784922021578e-05,2.01638901990564e-05
B15_V020,THIRTEEN_STATE_TORQUE,8,6,r,5.72737592753631e-14,0,1.34278390619374e-10,9.27753490922244e-15,7.69062822021721e-24,-5.31359301059584e-28,7.6906282385735e-24,6.2837300631681e-24
B15_V020,THIRTEEN_STATE_TORQUE,8,7,phi,1.22254597594827e-13,0,2.05172146518477e-10,3.5897587165249e-15,2.50832382102832e-23,-4.38864507351273e-28,2.50832382141225e-23,2.0494593309964e-23
B15_V020,THIRTEEN_STATE_TORQUE,8,8,theta,-0.00120816511934737,0,92.6592663498682,6.65435588576013e-14,-0.111947693588229,8.0395606728993e-17,0.111947693588229,0.0914683515937527
B15_V020,THIRTEEN_STATE_TORQUE,8,9,psi,-1.8688459357284e-10,0,1.60265025876691e-16,-1.55637325093467e-16,-2.99510642249061e-26,-2.90862182448566e-26,4.17501417960691e-26,3.41125084982852e-26
B15_V020,THIRTEEN_STATE_TORQUE,8,10,betaSym,0,0,-0.596888973148645,9.77604516029561e-15,0,0,0,0
B15_V020,THIRTEEN_STATE_TORQUE,8,11,betaDiff,0,0,-1.12714106518142e-12,4.04200128825591e-14,0,0,0,0
B15_V020,THIRTEEN_STATE_TORQUE,8,12,betaSymDot,0,0,2.14880030333601,3.78008103876608e-15,0,0,0,0
B15_V020,THIRTEEN_STATE_TORQUE,8,13,betaDiffDot,0,0,3.9265653119524e-12,1.0508118607673e-14,0,0,0,0
B15_V020,THIRTEEN_STATE_TORQUE,9,1,u,0.993191583623445,0,0.336498603800668,-6.0906666401973e-16,0.334207581195864,6.04919884570004e-16,0.334207581195864,0.188234951897448
B15_V020,THIRTEEN_STATE_TORQUE,9,2,v,-1.3085170711833e-11,0,7.39769572648689e-12,4.11000935488524e-16,-9.68001114552786e-23,5.37801740359041e-27,9.68001116046745e-23,5.45204997635734e-23
B15_V020,THIRTEEN_STATE_TORQUE,9,3,w,-0.116002802377757,0,3.34250978041778,3.171260861334e-15,-0.387740501503524,3.67875146985644e-16,0.387740501503524,0.218386173012737
B15_V020,THIRTEEN_STATE_TORQUE,9,4,p,-4.0606596968677e-14,0,3.38495176901175e-10,-1.75004618118487e-15,-1.37451372242671e-23,-7.10634199559464e-29,1.37451372244508e-23,7.74164139248538e-24
B15_V020,THIRTEEN_STATE_TORQUE,9,5,q,-0.00102275203130199,0,-70.9403874719714,4.28812801239742e-15,0.072554425388309,4.38569163516243e-18,0.072554425388309,0.0408646587969273
B15_V020,THIRTEEN_STATE_TORQUE,9,6,r,-1.13526632083781e-12,0,6.4308065876899e-10,-1.02107806065293e-14,-7.30067813482626e-22,-1.15919553320566e-26,7.30067813574654e-22,4.11194381881967e-22
B15_V020,THIRTEEN_STATE_TORQUE,9,7,phi,-2.48252413024596e-12,0,9.57347067708468e-10,-3.41904127080809e-15,-2.37663719660648e-21,-8.4878524570879e-27,2.37663719662164e-21,1.33858779260181e-21
B15_V020,THIRTEEN_STATE_TORQUE,9,8,theta,-0.0106198888103308,0,-92.3718235133559,-7.01589394219715e-14,0.980978494919344,-7.45080135712074e-16,0.980978494919344,0.552514216292887
B15_V020,THIRTEEN_STATE_TORQUE,9,9,psi,-1.19669944797467e-11,0,-2.03582635352883e-16,1.62448478263836e-16,2.43627227344023e-27,1.94402004262658e-27,3.1168311658586e-27,1.75548550538124e-27
B15_V020,THIRTEEN_STATE_TORQUE,9,10,betaSym,0,0,0.726218392581713,-1.05165332212466e-14,0,0,0,0
B15_V020,THIRTEEN_STATE_TORQUE,9,11,betaDiff,0,0,-6.73369429796437e-12,-4.25167119197577e-14,-0,0,0,0
B15_V020,THIRTEEN_STATE_TORQUE,9,12,betaSymDot,0,0,-2.61438621329507,-4.04549203652464e-15,-0,0,0,0
B15_V020,THIRTEEN_STATE_TORQUE,9,13,betaDiffDot,0,0,2.43772067260375e-11,-1.16436874287577e-14,0,0,0,0
B15_V020,THIRTEEN_STATE_TORQUE,10,1,u,-2.18980377530761e-278,0,3.94268165547076e-11,-2.44268352988653e-17,-8.63369917398592e-289,-5.34899761562723e-295,8.63369917398758e-289,2.59010975219628e-288
B15_V020,THIRTEEN_STATE_TORQUE,10,2,v,-1.02885925541219e-290,0,8.27858630062747e-05,-4.60378057611425e-18,-8.51750013712915e-295,-4.73664225562202e-308,8.51750013712915e-295,2.55525004113875e-294
B15_V020,THIRTEEN_STATE_TORQUE,10,3,w,2.9395847478648e-279,0,-2.29377701410918e-10,5.70231717093603e-16,-6.74275192567822e-289,-1.67624445831711e-294,6.74275192569905e-289,2.02282557770972e-288
B15_V020,THIRTEEN_STATE_TORQUE,10,4,p,2.24395304920976e-292,0,-0.561251085230349,-8.12206406103854e-16,-1.25942108407493e-292,1.82255304156444e-307,1.25942108407493e-292,3.77826325222478e-292
B15_V020,THIRTEEN_STATE_TORQUE,10,5,q,3.2312261442498e-296,0,4.16103659282961e-09,-1.62844032734702e-14,1.34452502259312e-304,5.2618589600744e-310,1.34452502260341e-304,4.03357506781024e-304
B15_V020,THIRTEEN_STATE_TORQUE,10,6,r,-1.28322919508246e-291,0,-0.88163842961385,2.77580165502894e-15,1.13134417238715e-291,3.56198972349136e-306,1.13134417238715e-291,3.39403251716145e-291
B15_V020,THIRTEEN_STATE_TORQUE,10,7,phi,-2.73941197065304e-291,0,-1.53335335593755,-1.22014339093698e-15,4.20048653849634e-291,-3.34247541104594e-306,4.20048653849634e-291,1.2601459615489e-290
B15_V020,THIRTEEN_STATE_TORQUE,10,8,theta,2.755975013867e-281,0,5.87115359690585e-09,-1.45100984122658e-14,1.61807526156479e-289,3.99894686729557e-295,1.61807526156973e-289,4.85422578470919e-289
B15_V020,THIRTEEN_STATE_TORQUE,10,9,psi,1,0,0.333333333333333,-4.89188200370658e-19,0.333333333333333,4.89188200370658e-19,0.333333333333333,1
B15_V020,THIRTEEN_STATE_TORQUE,10,10,betaSym,2.28247025452738e-283,0,-3.78555663237974e-11,1.30352024102604e-16,-8.6404204102356e-294,-2.9752461763163e-299,8.64042041028682e-294,2.59212612308605e-293
B15_V020,THIRTEEN_STATE_TORQUE,10,11,betaDiff,0,0,-0.00664058311643886,-4.00798610323464e-16,-0,0,0,0
B15_V020,THIRTEEN_STATE_TORQUE,10,12,betaSymDot,0,0,1.36280051015386e-10,-4.68583349425274e-16,0,0,0,0
B15_V020,THIRTEEN_STATE_TORQUE,10,13,betaDiffDot,0,0,0.0239060992191797,1.53875496546477e-15,0,0,0,0
B15_V020,THIRTEEN_STATE_TORQUE,11,1,u,-2.30819326886666e-298,0,3.94269117913314e-11,-2.05726642076612e-17,-9.10049324089508e-309,-4.74856850304287e-315,9.10049324089632e-309,2.7301479722689e-308
B15_V020,THIRTEEN_STATE_TORQUE,11,2,v,8.05302099448394e-289,0,8.27858630062747e-05,-4.60378057610105e-18,6.66676292836001e-293,3.70743416333391e-306,6.66676292836001e-293,2.000028878508e-292
B15_V020,THIRTEEN_STATE_TORQUE,11,3,w,3.09667528087844e-299,0,-2.2938016688278e-10,5.60974412628656e-16,-7.10315892709675e-309,-1.73715559661361e-314,7.10315892711799e-309,2.1309476781354e-308
B15_V020,THIRTEEN_STATE_TORQUE,11,4,p,2.24349255448657e-292,0,-0.561251085230349,-8.12206406103015e-16,-1.25916263091179e-292,1.82217902479841e-307,1.25916263091179e-292,3.77748789273538e-292
B15_V020,THIRTEEN_STATE_TORQUE,11,5,q,-1.97627575147243e-308,0,4.16108522090591e-09,-1.66835626762405e-14,-8.22345192705363e-317,-3.31023982713635e-322,8.22345192705363e-317,2.46703557811609e-316
B15_V020,THIRTEEN_STATE_TORQUE,11,6,r,-1.28324560432811e-291,0,-0.88163842961385,2.77580165503045e-15,1.13135863940871e-291,3.56203527230453e-306,1.13135863940871e-291,3.39407591822614e-291
B15_V020,THIRTEEN_STATE_TORQUE,11,7,phi,3.46255242419384e-292,0,-1.53335335593755,-1.22014339093473e-15,-5.30931637974732e-292,4.22481045614512e-307,5.30931637974732e-292,1.5927949139242e-291
B15_V020,THIRTEEN_STATE_TORQUE,11,8,theta,2.88615108229847e-301,0,5.87121890190582e-09,-1.42107092414677e-14,1.69452247881467e-309,4.10142538650293e-315,1.69452247881964e-309,5.08356743645892e-309
B15_V020,THIRTEEN_STATE_TORQUE,11,9,psi,1,0,0.333333333333333,-4.89188200090698e-19,0.333333333333333,4.89188200090698e-19,0.333333333333333,1
B15_V020,THIRTEEN_STATE_TORQUE,11,10,betaSym,0,0,-3.78560503909141e-11,1.31542741035486e-16,0,0,0,0
B15_V020,THIRTEEN_STATE_TORQUE,11,11,betaDiff,1.30116438548415e-291,0,-0.00664058311643886,-4.00798610323426e-16,-8.64049024995758e-294,5.21504877504381e-307,8.64049024995758e-294,2.59214707498728e-293
B15_V020,THIRTEEN_STATE_TORQUE,11,12,betaSymDot,0,0,1.36281793657006e-10,-4.72869930383621e-16,0,0,0,0
B15_V020,THIRTEEN_STATE_TORQUE,11,13,betaDiffDot,0,0,0.0239060992191797,1.53875496546475e-15,0,0,0,0
B15_V020,THIRTEEN_STATE_TORQUE,12,1,u,0.446575612076799,0,-3.58451563856311e-17,4.77586015055537e-17,-1.60075726529018e-17,-2.13278266992746e-17,2.66668065945703e-17,2.66668065945703e-17
B15_V020,THIRTEEN_STATE_TORQUE,12,2,v,-6.95800839930915e-13,0,1.69798459282437e-17,-7.35723420829564e-20,-1.18145910587695e-29,-5.11916974170057e-32,1.1814701963056e-29,1.1814701963056e-29
B15_V020,THIRTEEN_STATE_TORQUE,12,3,w,0.430561064763244,0,1.40369565885082e-16,-1.2922105127575e-15,6.04376697478352e-17,5.56375534271127e-16,5.59648503133914e-16,5.59648503133913e-16
B15_V020,THIRTEEN_STATE_TORQUE,12,4,p,-1.37089232915087e-12,0,-9.49764296647987e-16,-2.0142919306517e-17,1.3020245887761e-27,-2.76137735640092e-29,1.30231737693544e-27,1.30231737693544e-27
B15_V020,THIRTEEN_STATE_TORQUE,12,5,q,-0.0118926111872394,0,-2.83203281707313e-15,2.66557872957601e-14,3.3680265162953e-17,3.1700691419823e-16,3.18791066234502e-16,3.18791066234502e-16
B15_V020,THIRTEEN_STATE_TORQUE,12,6,r,-1.50614244264342e-13,0,3.85465893994837e-15,6.77206791698218e-17,-5.80566543137112e-28,1.01996989142307e-29,5.80656133066824e-28,5.80656133066823e-28
B15_V020,THIRTEEN_STATE_TORQUE,12,7,phi,3.88188671208533e-13,0,-1.2880308064487e-15,-3.03906958052502e-17,-4.99998967230976e-28,1.17973238217428e-29,5.00138125002881e-28,5.0013812500288e-28
B15_V020,THIRTEEN_STATE_TORQUE,12,8,theta,0.00330350310756647,0,-3.50381779380276e-15,3.43470035814409e-14,-1.15748729701741e-17,-1.13465433066887e-16,1.14054294900858e-16,1.14054294900858e-16
B15_V020,THIRTEEN_STATE_TORQUE,12,9,psi,4.24719243759662e-14,0,-3.55108692796413e-18,-5.93760765040757e-22,-1.50821495456975e-31,2.52181623102269e-35,1.50821497565281e-31,1.50821497565281e-31
B15_V020,THIRTEEN_STATE_TORQUE,12,10,betaSym,-0.209897478876182,0,-0.341277266434466,-2.49618475429862e-16,0.0716332378223496,-5.23942886736443e-17,0.0716332378223496,0.0716332378223495
B15_V020,THIRTEEN_STATE_TORQUE,12,11,betaDiff,0,0,-5.7421005369114e-16,1.85852413767441e-18,0,0,0,0
B15_V020,THIRTEEN_STATE_TORQUE,12,12,betaSymDot,0.755630923954256,0,1.22859815916408,9.09109742027302e-16,0.92836676217765,-6.86951434343906e-16,0.92836676217765,0.928366762177649
B15_V020,THIRTEEN_STATE_TORQUE,12,13,betaDiffDot,0,0,2.0578294517158e-15,4.1553091417899e-17,0,0,0,0
B15_V020,THIRTEEN_STATE_TORQUE,13,1,u,-7.75727070766842e-15,0,1.43179279552408e-16,3.33755866486626e-18,-1.11068043121696e-30,2.58903460660919e-32,1.11098214670971e-30,1.11098214670971e-30
B15_V020,THIRTEEN_STATE_TORQUE,13,2,v,-0.619910708763295,0,1.83219768894049e-17,3.96521259296242e-18,-1.13579896794557e-17,2.45807774890047e-18,1.16209326552674e-17,1.16209326552674e-17
B15_V020,THIRTEEN_STATE_TORQUE,13,3,w,3.38008698897996e-13,0,-1.84752994991367e-17,-1.90844796015037e-17,-6.24481194545399e-30,6.45072011924961e-30,8.97827746792092e-30,8.97827746792091e-30
B15_V020,THIRTEEN_STATE_TORQUE,13,4,p,0.668146944907255,0,1.45757913547037e-15,5.51353772259685e-16,9.73877046325083e-16,-3.68385338498399e-16,1.04122248293986e-15,1.04122248293986e-15
B15_V020,THIRTEEN_STATE_TORQUE,13,5,q,9.14133459012959e-16,0,2.66281219310337e-15,5.01139689504085e-15,2.43416572078347e-30,-4.58108557815049e-30,5.18763027119086e-30,5.18763027119085e-30
B15_V020,THIRTEEN_STATE_TORQUE,13,6,r,-0.0905507521276894,0,1.5105084500501e-15,-1.89480587325425e-15,-1.36777676247267e-16,-1.71576096959135e-16,2.19423083943629e-16,2.19423083943629e-16
B15_V020,THIRTEEN_STATE_TORQUE,13,7,phi,-0.181198888162526,0,1.35793093376053e-15,8.37147124520484e-16,-2.46055575398909e-16,1.51690128191568e-16,2.89055775198598e-16,2.89055775198598e-16
B15_V020,THIRTEEN_STATE_TORQUE,13,8,theta,-2.53862577838288e-16,0,3.27329169622162e-15,5.89352273199995e-17,-8.30966268019483e-31,1.49614487329406e-32,8.31100946657153e-31,8.31100946657153e-31
B15_V020,THIRTEEN_STATE_TORQUE,13,9,psi,0.0255344985868484,0,5.35496452788665e-17,8.94315880305048e-20,1.36736334169945e-18,-2.28359075818454e-21,1.36736524857488e-18,1.36736524857488e-18
B15_V020,THIRTEEN_STATE_TORQUE,13,10,betaSym,0,0,-4.51706565264265e-16,-4.31707265344042e-17,-0,0,0,0
B15_V020,THIRTEEN_STATE_TORQUE,13,11,betaDiff,-0.0956076505025949,0,-0.749241691912566,2.81837116594251e-16,0.0716332378223495,2.69457845420023e-17,0.0716332378223495,0.0716332378223495
B15_V020,THIRTEEN_STATE_TORQUE,13,12,betaSymDot,0,0,-2.87665330620455e-17,6.30104978641474e-17,0,0,0,0
B15_V020,THIRTEEN_STATE_TORQUE,13,13,betaDiffDot,0.344187541809342,0,2.69727009088524,-1.04043738622498e-15,0.92836676217765,3.58105586371312e-16,0.92836676217765,0.928366762177649
B15_V020,THIRTEEN_STATE_ANGLE_COMMAND,1,1,u,0,0,1.1816197190304e-10,1.01015281136759e-26,0,0,0,0
B15_V020,THIRTEEN_STATE_ANGLE_COMMAND,1,2,v,0,0,0.000248357589019331,1.21990857898265e-17,0,0,0,0
B15_V020,THIRTEEN_STATE_ANGLE_COMMAND,1,3,w,0,0,-6.87458143495544e-10,1.08188273098736e-25,0,0,0,0
B15_V020,THIRTEEN_STATE_ANGLE_COMMAND,1,4,p,0,0,-1.68375325569106,5.07713757320281e-16,0,0,0,0
B15_V020,THIRTEEN_STATE_ANGLE_COMMAND,1,5,q,0,0,1.24710361257502e-08,-2.4699540435243e-24,0,0,0,0
B15_V020,THIRTEEN_STATE_ANGLE_COMMAND,1,6,r,0,0,-2.64491528884153,-1.6239105507581e-15,-0,0,0,0
B15_V020,THIRTEEN_STATE_ANGLE_COMMAND,1,7,phi,0,0,-4.60006006781267,7.06061521988763e-16,0,0,0,0
B15_V020,THIRTEEN_STATE_ANGLE_COMMAND,1,8,theta,0,0,1.75962407565735e-08,-1.75486793656078e-25,0,0,0,0
B15_V020,THIRTEEN_STATE_ANGLE_COMMAND,1,9,psi,1,0,1,0,1,0,1,1
B15_V020,THIRTEEN_STATE_ANGLE_COMMAND,1,10,betaSym,0,0,-2.28073257544663e-09,9.37116268304628e-25,0,0,0,0
B15_V020,THIRTEEN_STATE_ANGLE_COMMAND,1,11,betaDiff,0,0,-0.400474974086276,5.16947595841089e-15,0,0,0,0
B15_V020,THIRTEEN_STATE_ANGLE_COMMAND,1,12,betaSymDot,0,0,-5.65125061317641e-10,1.92433940358708e-25,0,0,0,0
B15_V020,THIRTEEN_STATE_ANGLE_COMMAND,1,13,betaDiffDot,0,0,-0.062574214700981,7.14281753324883e-16,0,0,0,0
B15_V020,THIRTEEN_STATE_ANGLE_COMMAND,2,1,u,-3.05120393339245e-14,0,1.52597023072138e-14,1.61825950461906e-29,-4.65604637021685e-28,4.9376397657434e-43,4.65604637021685e-28,4.645491451835e-28
B15_V020,THIRTEEN_STATE_ANGLE_COMMAND,2,2,v,0.748729964200033,0,0.00936810171960261,-4.01723324570304e-19,0.00701417846514033,3.00782290423842e-19,0.00701417846514033,0.0069982778328595
B15_V020,THIRTEEN_STATE_ANGLE_COMMAND,2,3,w,6.23341804834471e-13,0,2.92625036311847e-14,-1.45973258281772e-28,1.82405418274379e-26,9.09912342749282e-41,1.82405418274379e-26,1.81991918461617e-26
B15_V020,THIRTEEN_STATE_ANGLE_COMMAND,2,4,p,0.60505354867589,0,1.62575296960092,-2.03243084364619e-16,0.983667603527405,1.22972949438646e-16,0.983667603527405,0.981437700634573
B15_V020,THIRTEEN_STATE_ANGLE_COMMAND,2,5,q,1.8803939052698e-14,0,2.49178779587558e-12,7.40832589326264e-27,4.68554258459013e-26,-1.39305708579435e-40,4.68554258459013e-26,4.67492080043621e-26
B15_V020,THIRTEEN_STATE_ANGLE_COMMAND,2,6,r,0.0612583245129489,0,-0.0185450540864104,3.7407308696431e-15,-0.00113603894133551,-2.29150905528203e-16,0.00113603894133551,0.00113346362370528
B15_V020,THIRTEEN_STATE_ANGLE_COMMAND,2,7,phi,-0.262409485543091,0,-0.0398394780857639,-3.10060637073918e-16,0.0104542569487906,-8.136285226173e-17,0.0104542569487906,0.0104305579088619
B15_V020,THIRTEEN_STATE_ANGLE_COMMAND,2,8,theta,-8.01333815372946e-15,0,-5.59497039548251e-12,7.65763631793001e-28,4.48343897391068e-26,6.13632292738529e-42,4.48343897391068e-26,4.47327534393862e-26
B15_V020,THIRTEEN_STATE_ANGLE_COMMAND,2,9,psi,-0.0265013871072039,0,0,0,-0,0,0,0
B15_V020,THIRTEEN_STATE_ANGLE_COMMAND,2,10,betaSym,0,0,-8.2498337327757e-12,2.48414778851375e-27,0,0,0,0
B15_V020,THIRTEEN_STATE_ANGLE_COMMAND,2,11,betaDiff,0,0,8.92186070536884,5.53977971591291e-15,0,0,0,0
B15_V020,THIRTEEN_STATE_ANGLE_COMMAND,2,12,betaSymDot,0,0,-2.10120013231118e-12,5.27444525381099e-29,0,0,0,0
B15_V020,THIRTEEN_STATE_ANGLE_COMMAND,2,13,betaDiffDot,0,0,2.20106670862137,-2.3724933211377e-15,0,0,0,0
B15_V020,THIRTEEN_STATE_ANGLE_COMMAND,3,1,u,-9.4374362731635e-14,-1.0097721636017e-13,-4.47092822236598e-14,1.74429473235555e-13,-1.33939926404505e-26,2.09762892426267e-26,2.4887823312672e-26,2.41566986944682e-26
B15_V020,THIRTEEN_STATE_ANGLE_COMMAND,3,2,v,0.99895499097152,0,0.481195626594514,0.0382295622069828,0.480692772820258,-0.0381896119693217,0.482207412120547,0.468041701216365
B15_V020,THIRTEEN_STATE_ANGLE_COMMAND,3,3,w,-4.42507277303448e-14,1.12354510863578e-13,-8.85500975462608e-13,8.36483324581427e-13,1.33166737349036e-25,-6.24750331202961e-26,1.47093540645296e-25,1.4277240305952e-25
B15_V020,THIRTEEN_STATE_ANGLE_COMMAND,3,4,p,-0.00589687700344987,9.74978571209131e-05,-1.29021923845713,5.84505226387649,0.00817814422715418,0.0343417606678501,0.0353021043107636,0.03426504143822
B15_V020,THIRTEEN_STATE_ANGLE_COMMAND,3,5,q,-2.89269978892567e-15,-2.93766032243923e-15,-5.3563347342702e-12,-3.15347504221035e-11,1.08132653448276e-25,-7.54854738672738e-26,1.31873907603937e-25,1.27999874140397e-25
B15_V020,THIRTEEN_STATE_ANGLE_COMMAND,3,6,r,-0.00197700655972881,-0.0192777909109818,-1.28427641070474,-19.8998501593111,0.386164173419535,-0.0145841221851064,0.386439471913394,0.37508711667477
B15_V020,THIRTEEN_STATE_ANGLE_COMMAND,3,7,phi,-0.00481657006177959,0.0129523560711282,-1.90175581733839,8.94084201843276,0.124964909533053,0.0184319734865781,0.126316927849018,0.122606140670644
B15_V020,THIRTEEN_STATE_ANGLE_COMMAND,3,8,theta,-4.99564800243866e-15,6.35446810295089e-15,-1.2211596427543e-13,-2.19890857630162e-11,-1.3911889572114e-25,-1.10625714367314e-25,1.7774171099083e-25,1.72520228221749e-25
B15_V020,THIRTEEN_STATE_ANGLE_COMMAND,3,9,psi,-0.0375625103870459,0.00875765436569191,0,0,-0,0,0,0
B15_V020,THIRTEEN_STATE_ANGLE_COMMAND,3,10,betaSym,0,0,3.98164315157548e-12,-5.82800626282557e-12,0,0,0,0
B15_V020,THIRTEEN_STATE_ANGLE_COMMAND,3,11,betaDiff,0,0,-9.50534267170625,61.785966808608,0,0,0,0
B15_V020,THIRTEEN_STATE_ANGLE_COMMAND,3,12,betaSymDot,0,0,7.45527615222098e-13,-3.2748676377443e-13,0,0,0,0
B15_V020,THIRTEEN_STATE_ANGLE_COMMAND,3,13,betaDiffDot,0,0,-2.26473108729956,9.57152892428301,0,0,0,0
B15_V020,THIRTEEN_STATE_ANGLE_COMMAND,4,1,u,-9.4374362731635e-14,1.0097721636017e-13,-4.47092822236598e-14,-1.74429473235555e-13,-1.33939926404505e-26,-2.09762892426267e-26,2.4887823312672e-26,2.41566986944682e-26
B15_V020,THIRTEEN_STATE_ANGLE_COMMAND,4,2,v,0.99895499097152,0,0.481195626594514,-0.0382295622069828,0.480692772820258,0.0381896119693217,0.482207412120548,0.468041701216366
B15_V020,THIRTEEN_STATE_ANGLE_COMMAND,4,3,w,-4.42507277303448e-14,-1.12354510863578e-13,-8.85500975462604e-13,-8.36483324581427e-13,1.33166737349036e-25,6.24750331202956e-26,1.47093540645295e-25,1.4277240305952e-25
B15_V020,THIRTEEN_STATE_ANGLE_COMMAND,4,4,p,-0.00589687700344987,-9.74978571209131e-05,-1.29021923845714,-5.84505226387649,0.00817814422715421,-0.0343417606678501,0.0353021043107636,0.03426504143822
B15_V020,THIRTEEN_STATE_ANGLE_COMMAND,4,5,q,-2.89269978892567e-15,2.93766032243923e-15,-5.35633473426989e-12,3.15347504221035e-11,1.08132653448275e-25,7.54854738672746e-26,1.31873907603937e-25,1.27999874140397e-25
B15_V020,THIRTEEN_STATE_ANGLE_COMMAND,4,6,r,-0.00197700655972881,0.0192777909109818,-1.28427641070472,19.8998501593111,0.386164173419535,0.0145841221851067,0.386439471913394,0.37508711667477
B15_V020,THIRTEEN_STATE_ANGLE_COMMAND,4,7,phi,-0.00481657006177959,-0.0129523560711282,-1.90175581733839,-8.94084201843276,0.124964909533053,-0.018431973486578,0.126316927849018,0.122606140670644
B15_V020,THIRTEEN_STATE_ANGLE_COMMAND,4,8,theta,-4.99564800243866e-15,-6.35446810295089e-15,-1.22115964275205e-13,2.19890857630162e-11,-1.39118895721141e-25,1.10625714367312e-25,1.7774171099083e-25,1.72520228221749e-25
B15_V020,THIRTEEN_STATE_ANGLE_COMMAND,4,9,psi,-0.0375625103870459,-0.00875765436569191,0,0,0,0,0,0
B15_V020,THIRTEEN_STATE_ANGLE_COMMAND,4,10,betaSym,0,0,3.98164315157543e-12,5.82800626282556e-12,0,0,0,0
B15_V020,THIRTEEN_STATE_ANGLE_COMMAND,4,11,betaDiff,0,0,-9.5053426717063,-61.785966808608,0,0,0,0
B15_V020,THIRTEEN_STATE_ANGLE_COMMAND,4,12,betaSymDot,0,0,7.45527615222098e-13,3.2748676377443e-13,0,0,0,0
B15_V020,THIRTEEN_STATE_ANGLE_COMMAND,4,13,betaDiffDot,0,0,-2.26473108729957,-9.571528924283,0,0,0,0
B15_V020,THIRTEEN_STATE_ANGLE_COMMAND,5,1,u,0.279047490636826,0.181464272095234,0.0656789268175629,-0.00249059955486151,0.017875584880857,0.0126133742029105,0.0218776996874756,0.0215990488189736
B15_V020,THIRTEEN_STATE_ANGLE_COMMAND,5,2,v,1.08231253977665e-12,-4.70187961136369e-14,1.34726607278852e-14,5.13711270098811e-14,1.21662211029412e-26,-5.62330832331259e-26,5.75341340929828e-26,5.68013360080589e-26
B15_V020,THIRTEEN_STATE_ANGLE_COMMAND,5,3,w,0.941568891365544,0,0.481036886284636,-0.00419482473999918,0.452929367724958,0.00394971647991378,0.452946588913088,0.447177519852417
B15_V020,THIRTEEN_STATE_ANGLE_COMMAND,5,4,p,7.35260809121942e-14,-1.33176829169215e-13,-1.65323072287434e-12,8.38152096445984e-13,-2.3317801446279e-25,1.58545986697521e-25,2.81973077308277e-25,2.78381655723351e-25
B15_V020,THIRTEEN_STATE_ANGLE_COMMAND,5,5,q,0.00383443507236548,0.0320741002915547,0.272448899183807,14.4249022182895,0.463710448059745,-0.0465727976645068,0.466043351118829,0.460107471826035
B15_V020,THIRTEEN_STATE_ANGLE_COMMAND,5,6,r,-6.21206761196432e-14,-5.2569373571489e-14,1.08689471274243e-12,-7.20648915930125e-13,-2.9634572351006e-26,-1.019045720895e-25,1.06126102779529e-25,1.04774400766398e-25
B15_V020,THIRTEEN_STATE_ANGLE_COMMAND,5,7,phi,-1.91917610364285e-13,2.08913342683809e-14,-2.39153018268296e-12,2.98305469075672e-12,5.21296750460036e-25,5.2253847137665e-25,7.38103486043007e-25,7.2870244386909e-25
B15_V020,THIRTEEN_STATE_ANGLE_COMMAND,5,8,theta,0.0321427670973801,-0.0239714508610718,0.861730567891321,-1.57629984972582,0.0654845993344411,0.0300097069816819,0.0720334315656189,0.0711159595025742
B15_V020,THIRTEEN_STATE_ANGLE_COMMAND,5,9,psi,-1.84519383972199e-14,1.00815588580888e-13,0,0,-0,0,0,0
B15_V020,THIRTEEN_STATE_ANGLE_COMMAND,5,10,betaSym,0,0,1.35337702033908,-1.24673648026309,0,0,0,0
B15_V020,THIRTEEN_STATE_ANGLE_COMMAND,5,11,betaDiff,0,0,-9.25969966460101e-12,1.36621073539702e-12,-0,0,0,0
B15_V020,THIRTEEN_STATE_ANGLE_COMMAND,5,12,betaSymDot,0,0,0.2712728818318,-0.433892497741433,0,0,0,0
B15_V020,THIRTEEN_STATE_ANGLE_COMMAND,5,13,betaDiffDot,0,0,-1.5492013529296e-12,4.73884275208612e-14,-0,0,0,0
B15_V020,THIRTEEN_STATE_ANGLE_COMMAND,6,1,u,0.279047490636826,-0.181464272095234,0.0656789268175629,0.00249059955486151,0.017875584880857,-0.0126133742029105,0.0218776996874756,0.0215990488189736
B15_V020,THIRTEEN_STATE_ANGLE_COMMAND,6,2,v,1.08231253977665e-12,4.70187961136369e-14,1.34726607278854e-14,-5.13711270098811e-14,1.21662211029414e-26,5.62330832331259e-26,5.75341340929828e-26,5.68013360080589e-26
B15_V020,THIRTEEN_STATE_ANGLE_COMMAND,6,3,w,0.941568891365544,0,0.481036886284636,0.00419482473999918,0.452929367724958,-0.00394971647991379,0.452946588913088,0.447177519852417
B15_V020,THIRTEEN_STATE_ANGLE_COMMAND,6,4,p,7.35260809121942e-14,1.33176829169215e-13,-1.65323072287433e-12,-8.38152096445983e-13,-2.33178014462789e-25,-1.5854598669752e-25,2.81973077308276e-25,2.7838165572335e-25
B15_V020,THIRTEEN_STATE_ANGLE_COMMAND,6,5,q,0.00383443507236548,-0.0320741002915547,0.272448899183806,-14.4249022182895,0.463710448059745,0.0465727976645068,0.466043351118829,0.460107471826035
B15_V020,THIRTEEN_STATE_ANGLE_COMMAND,6,6,r,-6.21206761196432e-14,5.2569373571489e-14,1.08689471274242e-12,7.20648915930119e-13,-2.96345723510055e-26,1.01904572089499e-25,1.06126102779528e-25,1.04774400766397e-25
B15_V020,THIRTEEN_STATE_ANGLE_COMMAND,6,7,phi,-1.91917610364285e-13,-2.08913342683809e-14,-2.39153018268296e-12,-2.98305469075672e-12,5.21296750460035e-25,-5.2253847137665e-25,7.38103486043006e-25,7.28702443869089e-25
B15_V020,THIRTEEN_STATE_ANGLE_COMMAND,6,8,theta,0.0321427670973801,0.0239714508610718,0.861730567891321,1.57629984972582,0.0654845993344411,-0.0300097069816819,0.0720334315656189,0.0711159595025742
B15_V020,THIRTEEN_STATE_ANGLE_COMMAND,6,9,psi,-1.84519383972199e-14,-1.00815588580888e-13,-0,0,0,0,0,0
B15_V020,THIRTEEN_STATE_ANGLE_COMMAND,6,10,betaSym,0,0,1.35337702033908,1.24673648026309,0,0,0,0
B15_V020,THIRTEEN_STATE_ANGLE_COMMAND,6,11,betaDiff,0,0,-9.25969966460102e-12,-1.366210735397e-12,-0,0,0,0
B15_V020,THIRTEEN_STATE_ANGLE_COMMAND,6,12,betaSymDot,0,0,0.271272881831801,0.433892497741433,0,0,0,0
B15_V020,THIRTEEN_STATE_ANGLE_COMMAND,6,13,betaDiffDot,0,0,-1.54920135292962e-12,-4.73884275208585e-14,-0,0,0,0
B15_V020,THIRTEEN_STATE_ANGLE_COMMAND,7,1,u,-1.98193242825204e-10,0,6.14828804399684e-12,-1.15619576185335e-27,-1.21854914526316e-21,-2.29150187382472e-37,1.21854914526316e-21,1.21849092093756e-21
B15_V020,THIRTEEN_STATE_ANGLE_COMMAND,7,2,v,0.658550015999125,0,0.0479846255054766,-1.64984856395941e-17,0.0316002758943437,1.08650779819161e-17,0.0316002758943437,0.0315987659800658
B15_V020,THIRTEEN_STATE_ANGLE_COMMAND,7,3,w,2.42008255266222e-11,0,6.99840632266788e-11,-1.25544025643205e-26,1.69367210379295e-21,3.03826906050097e-37,1.69367210379295e-21,1.69359117729407e-21
B15_V020,THIRTEEN_STATE_ANGLE_COMMAND,7,4,p,-1.15649821665834e-05,0,2.06589006093483,-5.74037543278337e-16,-2.38919817128332e-05,-6.63873395096332e-21,2.38919817128332e-05,2.3890840113803e-05
B15_V020,THIRTEEN_STATE_ANGLE_COMMAND,7,5,q,1.45887446406146e-13,0,-1.44028926295062e-09,2.47134285279659e-25,-2.10120122658057e-22,-3.60537897988575e-38,2.10120122658057e-22,2.10110082765547e-22
B15_V020,THIRTEEN_STATE_ANGLE_COMMAND,7,6,r,0.0584091798057255,0,3.91732417512627,2.0460848844617e-15,0.228807692102265,-1.195101399143e-16,0.228807692102265,0.228796759286288
B15_V020,THIRTEEN_STATE_ANGLE_COMMAND,7,7,phi,0.127194445762468,0,5.81484450481678,-8.79827893228382e-16,0.739615923985104,1.11909221245544e-16,0.739615923985104,0.739580583893533
B15_V020,THIRTEEN_STATE_ANGLE_COMMAND,7,8,theta,1.81924154199198e-12,0,-1.89567682833632e-09,2.88297757996772e-26,-3.44869403630105e-21,-5.24483257810879e-38,3.44869403630105e-21,3.4485292519054e-21
B15_V020,THIRTEEN_STATE_ANGLE_COMMAND,7,9,psi,0.739406395005753,0,0,0,0,0,0,0
B15_V020,THIRTEEN_STATE_ANGLE_COMMAND,7,10,betaSym,0,0,2.94490890205488e-10,-1.06749573269768e-25,0,0,0,0
B15_V020,THIRTEEN_STATE_ANGLE_COMMAND,7,11,betaDiff,0,0,-0.872574942711456,-6.45003315237433e-15,-0,0,0,0
B15_V020,THIRTEEN_STATE_ANGLE_COMMAND,7,12,betaSymDot,0,0,6.92552686223627e-11,-2.12229268404885e-26,0,0,0,0
B15_V020,THIRTEEN_STATE_ANGLE_COMMAND,7,13,betaDiffDot,0,0,-0.134652619476132,-7.86597869685274e-16,-0,0,0,0
B15_V020,THIRTEEN_STATE_ANGLE_COMMAND,8,1,u,0.991094339503849,0,0.635702600579701,5.31080598968609e-17,0.630041249042417,-5.26350975458102e-17,0.630041249042417,0.514783580070462
B15_V020,THIRTEEN_STATE_ANGLE_COMMAND,8,2,v,4.55286270646639e-13,0,2.25417035602935e-12,-7.02979274641749e-28,1.02629281479881e-24,3.20056812293522e-40,1.02629281479881e-24,8.38546190754495e-25
B15_V020,THIRTEEN_STATE_ANGLE_COMMAND,8,3,w,-0.133156113417046,0,-3.61892333508073,5.69617788788403e-16,0.481881766053605,7.58480908882758e-17,0.481881766053605,0.393727904445588
B15_V020,THIRTEEN_STATE_ANGLE_COMMAND,8,4,p,-1.00419139963861e-14,0,7.55323810800117e-11,-2.8714087749954e-26,-7.58489674747741e-25,-2.88344399669723e-40,7.58489674747741e-25,6.19734074247629e-25
B15_V020,THIRTEEN_STATE_ANGLE_COMMAND,8,5,q,3.75882331585211e-07,0,65.6548343150268,-1.29889389653663e-14,2.4678492202173e-05,4.88231266311988e-21,2.4678492202173e-05,2.0163890199069e-05
B15_V020,THIRTEEN_STATE_ANGLE_COMMAND,8,6,r,5.72275497265842e-14,0,1.34339328118758e-10,8.24959670072919e-26,7.68791058015215e-24,-4.72104205415244e-39,7.68791058015215e-24,6.28150956421881e-24
B15_V020,THIRTEEN_STATE_ANGLE_COMMAND,8,7,phi,1.22143081314714e-13,0,2.05156985199447e-10,-4.80081380276798e-26,2.50585063254976e-23,5.86386190688291e-39,2.50585063254976e-23,2.04743857915079e-23
B15_V020,THIRTEEN_STATE_ANGLE_COMMAND,8,8,theta,-0.00120816511934735,0,92.6592663498677,-9.06623372290675e-16,-0.111947693588226,-1.09535073478666e-18,0.111947693588226,0.0914683515937513
B15_V020,THIRTEEN_STATE_ANGLE_COMMAND,8,9,psi,-1.86698232997941e-10,0,-0,0,0,0,0,0
B15_V020,THIRTEEN_STATE_ANGLE_COMMAND,8,10,betaSym,0,0,-11.9984318529418,4.93382030822816e-15,0,0,0,0
B15_V020,THIRTEEN_STATE_ANGLE_COMMAND,8,11,betaDiff,0,0,-2.20502044788981e-11,-2.74104263659403e-25,-0,0,0,0
B15_V020,THIRTEEN_STATE_ANGLE_COMMAND,8,12,betaSymDot,0,0,-2.97394226411322,1.01313284236166e-15,0,0,0,0
B15_V020,THIRTEEN_STATE_ANGLE_COMMAND,8,13,betaDiffDot,0,0,-3.44551194388066e-12,-3.70613886798759e-26,-0,0,0,0
B15_V020,THIRTEEN_STATE_ANGLE_COMMAND,9,1,u,0.993191583623445,0,0.336498603800673,-5.58702981404815e-17,0.334207581195869,5.54899098876588e-17,0.334207581195869,0.188234951897451
B15_V020,THIRTEEN_STATE_ANGLE_COMMAND,9,2,v,-1.30844126649112e-11,0,7.39917819854462e-12,-2.6159145274906e-27,-9.68139009309719e-23,-3.42277051738231e-38,9.68139009309719e-23,5.45282662934738e-23
B15_V020,THIRTEEN_STATE_ANGLE_COMMAND,9,3,w,-0.116002802377757,0,3.34250978041775,-6.18687953416449e-16,-0.387740501503521,-7.17695363936673e-17,0.387740501503521,0.218386173012736
B15_V020,THIRTEEN_STATE_ANGLE_COMMAND,9,4,p,-4.05977110999729e-14,0,3.38495334805312e-10,-8.69504279875682e-26,-1.37421358111147e-23,-3.5299883554583e-39,1.37421358111147e-23,7.73995091349348e-24
B15_V020,THIRTEEN_STATE_ANGLE_COMMAND,9,5,q,-0.00102275203130199,0,-70.9403874719711,1.17513209170085e-14,0.072554425388309,1.20186873383521e-17,0.072554425388309,0.0408646587969273
B15_V020,THIRTEEN_STATE_ANGLE_COMMAND,9,6,r,-1.13517356275198e-12,0,6.43015268724902e-10,3.27301560452012e-25,-7.29933933502366e-22,3.71544078472592e-37,7.29933933502366e-22,4.11118976922938e-22
B15_V020,THIRTEEN_STATE_ANGLE_COMMAND,9,7,phi,-2.48234539851902e-12,0,9.57348527993016e-10,-1.30063236680206e-25,-2.37646971324242e-21,-3.22861877089598e-37,2.37646971324242e-21,1.33849346133105e-21
B15_V020,THIRTEEN_STATE_ANGLE_COMMAND,9,8,theta,-0.0106198888103309,0,-92.3718235133555,1.42708830304348e-15,0.980978494919342,1.51555191008456e-17,0.980978494919342,0.552514216292886
B15_V020,THIRTEEN_STATE_ANGLE_COMMAND,9,9,psi,-1.196613208558e-11,0,0,0,-0,0,0,0
B15_V020,THIRTEEN_STATE_ANGLE_COMMAND,9,10,betaSym,0,0,14.7523458380002,-5.28946799647822e-15,0,0,0,0
B15_V020,THIRTEEN_STATE_ANGLE_COMMAND,9,11,betaDiff,0,0,-1.36407888130826e-10,-1.02038227493866e-24,-0,0,0,0
B15_V020,THIRTEEN_STATE_ANGLE_COMMAND,9,12,betaSymDot,0,0,3.44079921955125,-1.03676463689696e-15,0,0,0,0
B15_V020,THIRTEEN_STATE_ANGLE_COMMAND,9,13,betaDiffDot,0,0,-2.09977642575151e-11,-1.18597022508078e-25,-0,0,0,0
B15_V020,THIRTEEN_STATE_ANGLE_COMMAND,10,1,u,-0.124430726514022,-0.384242743550481,0,0,0,0,0,0
B15_V020,THIRTEEN_STATE_ANGLE_COMMAND,10,2,v,-2.31787419089339e-13,-3.42876226454657e-14,0,0,0,0,0,0
B15_V020,THIRTEEN_STATE_ANGLE_COMMAND,10,3,w,0.0173200216056984,-0.305439202419258,0,0,0,0,0,0
B15_V020,THIRTEEN_STATE_ANGLE_COMMAND,10,4,p,-1.98424922048105e-13,6.25998082753321e-13,0,0,-0,0,0,0
B15_V020,THIRTEEN_STATE_ANGLE_COMMAND,10,5,q,-0.010315636106111,0.0106234378497052,0,0,-0,0,0,0
B15_V020,THIRTEEN_STATE_ANGLE_COMMAND,10,6,r,-2.08649111819851e-14,7.09512411926368e-14,0,0,-0,0,0,0
B15_V020,THIRTEEN_STATE_ANGLE_COMMAND,10,7,phi,1.36079393712001e-13,-9.72914411578424e-14,0,0,0,0,0,0
B15_V020,THIRTEEN_STATE_ANGLE_COMMAND,10,8,theta,0.00365664289867812,-0.000577342154024679,0,0,0,0,0,0
B15_V020,THIRTEEN_STATE_ANGLE_COMMAND,10,9,psi,1.50374558066247e-14,-1.12249484238961e-14,0,0,0,0,0,0
B15_V020,THIRTEEN_STATE_ANGLE_COMMAND,10,10,betaSym,0.167253067251383,0.125439800438518,4.40980655110616e-16,3.98597572901167,0.5,-0.666666666666769,0.833333333333415,0.5
B15_V020,THIRTEEN_STATE_ANGLE_COMMAND,10,11,betaDiff,0,0,0,0,0,0,0,0
B15_V020,THIRTEEN_STATE_ANGLE_COMMAND,10,12,betaSymDot,-0.836265336256822,0,-0.597896359351725,0.797195145802422,0.5,0.666666666666769,0.833333333333415,0.5
B15_V020,THIRTEEN_STATE_ANGLE_COMMAND,10,13,betaDiffDot,0,0,0,0,0,0,0,0
B15_V020,THIRTEEN_STATE_ANGLE_COMMAND,11,1,u,-0.124430726514022,0.384242743550481,-0,0,0,0,0,0
B15_V020,THIRTEEN_STATE_ANGLE_COMMAND,11,2,v,-2.31787419089339e-13,3.42876226454657e-14,-0,0,0,0,0,0
B15_V020,THIRTEEN_STATE_ANGLE_COMMAND,11,3,w,0.0173200216056984,0.305439202419258,-0,0,-0,0,0,0
B15_V020,THIRTEEN_STATE_ANGLE_COMMAND,11,4,p,-1.98424922048105e-13,-6.25998082753321e-13,-0,0,0,0,0,0
B15_V020,THIRTEEN_STATE_ANGLE_COMMAND,11,5,q,-0.010315636106111,-0.0106234378497052,-0,0,0,0,0,0
B15_V020,THIRTEEN_STATE_ANGLE_COMMAND,11,6,r,-2.08649111819851e-14,-7.09512411926368e-14,-0,0,0,0,0,0
B15_V020,THIRTEEN_STATE_ANGLE_COMMAND,11,7,phi,1.36079393712001e-13,9.72914411578424e-14,-0,0,-0,0,0,0
B15_V020,THIRTEEN_STATE_ANGLE_COMMAND,11,8,theta,0.00365664289867812,0.000577342154024679,-0,0,-0,0,0,0
B15_V020,THIRTEEN_STATE_ANGLE_COMMAND,11,9,psi,1.50374558066247e-14,1.12249484238961e-14,-0,0,-0,0,0,0
B15_V020,THIRTEEN_STATE_ANGLE_COMMAND,11,10,betaSym,0.167253067251383,-0.125439800438518,-4.40980655110615e-16,-3.98597572901167,0.5,0.666666666666769,0.833333333333415,0.5
B15_V020,THIRTEEN_STATE_ANGLE_COMMAND,11,11,betaDiff,0,0,-0,0,-0,0,0,0
B15_V020,THIRTEEN_STATE_ANGLE_COMMAND,11,12,betaSymDot,-0.836265336256822,0,-0.597896359351725,-0.797195145802422,0.5,-0.666666666666769,0.833333333333415,0.5
B15_V020,THIRTEEN_STATE_ANGLE_COMMAND,11,13,betaDiffDot,0,0,-0,0,-0,0,0,0
B15_V020,THIRTEEN_STATE_ANGLE_COMMAND,12,1,u,1.20788581167082e-15,-1.0904790353792e-15,0,0,0,0,0,0
B15_V020,THIRTEEN_STATE_ANGLE_COMMAND,12,2,v,0.815410327646208,0,0,0,0,0,0,0
B15_V020,THIRTEEN_STATE_ANGLE_COMMAND,12,3,w,-5.79009181218302e-14,-1.33236662916237e-13,0,0,0,0,0,0
B15_V020,THIRTEEN_STATE_ANGLE_COMMAND,12,4,p,-0.356752091834156,-0.0362698081410634,0,0,0,0,0,0
B15_V020,THIRTEEN_STATE_ANGLE_COMMAND,12,5,q,5.67509710909003e-15,-6.84763760302449e-15,0,0,0,0,0,0
B15_V020,THIRTEEN_STATE_ANGLE_COMMAND,12,6,r,0.101333776299412,-0.0780278059438576,0,0,0,0,0,0
B15_V020,THIRTEEN_STATE_ANGLE_COMMAND,12,7,phi,0.0603204844162594,0.0608376678681651,0,0,0,0,0,0
B15_V020,THIRTEEN_STATE_ANGLE_COMMAND,12,8,theta,-2.16133680979808e-15,5.17819905041545e-16,0,0,-0,0,0,0
B15_V020,THIRTEEN_STATE_ANGLE_COMMAND,12,9,psi,-0.0324558502058698,0.000411645149211788,0,0,-0,0,0,0
B15_V020,THIRTEEN_STATE_ANGLE_COMMAND,12,10,betaSym,0,0,0,0,0,0,0,0
B15_V020,THIRTEEN_STATE_ANGLE_COMMAND,12,11,betaDiff,0.044532242919094,-0.0933227118475026,7.90116850662235,-1.58742970264813,0.5,-0.666666666666769,0.833333333333415,0.5
B15_V020,THIRTEEN_STATE_ANGLE_COMMAND,12,12,betaSymDot,0,0,0,0,0,0,0,0
B15_V020,THIRTEEN_STATE_ANGLE_COMMAND,12,13,betaDiffDot,0.0814713310928711,0.405510060917818,1.81834815672185,0.867689335463641,0.5,0.666666666666769,0.833333333333415,0.5
B15_V020,THIRTEEN_STATE_ANGLE_COMMAND,13,1,u,1.20788581167082e-15,1.0904790353792e-15,0,0,0,0,0,0
B15_V020,THIRTEEN_STATE_ANGLE_COMMAND,13,2,v,0.815410327646208,0,0,0,0,0,0,0
B15_V020,THIRTEEN_STATE_ANGLE_COMMAND,13,3,w,-5.79009181218302e-14,1.33236662916237e-13,0,0,-0,0,0,0
B15_V020,THIRTEEN_STATE_ANGLE_COMMAND,13,4,p,-0.356752091834156,0.0362698081410634,0,0,-0,0,0,0
B15_V020,THIRTEEN_STATE_ANGLE_COMMAND,13,5,q,5.67509710909003e-15,6.84763760302449e-15,0,0,0,0,0,0
B15_V020,THIRTEEN_STATE_ANGLE_COMMAND,13,6,r,0.101333776299412,0.0780278059438576,0,0,0,0,0,0
B15_V020,THIRTEEN_STATE_ANGLE_COMMAND,13,7,phi,0.0603204844162594,-0.0608376678681651,0,0,0,0,0,0
B15_V020,THIRTEEN_STATE_ANGLE_COMMAND,13,8,theta,-2.16133680979808e-15,-5.17819905041545e-16,0,0,0,0,0,0
B15_V020,THIRTEEN_STATE_ANGLE_COMMAND,13,9,psi,-0.0324558502058698,-0.000411645149211788,0,0,0,0,0,0
B15_V020,THIRTEEN_STATE_ANGLE_COMMAND,13,10,betaSym,0,0,0,0,0,0,0,0
B15_V020,THIRTEEN_STATE_ANGLE_COMMAND,13,11,betaDiff,0.044532242919094,0.0933227118475026,7.90116850662235,1.58742970264813,0.5,0.666666666666769,0.833333333333415,0.5
B15_V020,THIRTEEN_STATE_ANGLE_COMMAND,13,12,betaSymDot,0,0,0,0,0,0,0,0
B15_V020,THIRTEEN_STATE_ANGLE_COMMAND,13,13,betaDiffDot,0.0814713310928711,-0.405510060917818,1.81834815672185,-0.867689335463642,0.5,-0.666666666666769,0.833333333333415,0.5
B45_V035,NINE_STATE_PHYSICAL_CONTROL,1,1,u,0,0,3.04582799345862e-12,-1.34695811406008e-28,0,0,0,0
B45_V035,NINE_STATE_PHYSICAL_CONTROL,1,2,v,0,0,-0.000243761703561166,-3.90793847428589e-18,-0,0,0,0
B45_V035,NINE_STATE_PHYSICAL_CONTROL,1,3,w,0,0,-1.13656449694196e-11,2.12932962926202e-28,0,0,0,0
B45_V035,NINE_STATE_PHYSICAL_CONTROL,1,4,p,0,0,1.48447127566777,4.88716269425165e-17,0,0,0,0
B45_V035,NINE_STATE_PHYSICAL_CONTROL,1,5,q,0,0,1.29750341095416e-10,-3.73026630720698e-27,0,0,0,0
B45_V035,NINE_STATE_PHYSICAL_CONTROL,1,6,r,0,0,1.43746000126585,6.80034872886041e-17,0,0,0,0
B45_V035,NINE_STATE_PHYSICAL_CONTROL,1,7,phi,0,0,3.16378297127371,1.46870584910058e-17,0,0,0,0
B45_V035,NINE_STATE_PHYSICAL_CONTROL,1,8,theta,0,0,4.70173523831258e-10,-1.33932224274022e-26,0,0,0,0
B45_V035,NINE_STATE_PHYSICAL_CONTROL,1,9,psi,1,0,1,0,1,0,1,1
B45_V035,NINE_STATE_PHYSICAL_CONTROL,2,1,u,9.15645416177802e-13,0,-4.03181053785591e-15,1.54295339591431e-29,-3.69170883788512e-27,-1.41279820434491e-41,3.69170883788512e-27,3.69170883788512e-27
B45_V035,NINE_STATE_PHYSICAL_CONTROL,2,2,v,-0.46101606498571,0,-0.00160635568651302,4.46271459405418e-18,0.00074055577756365,2.05738312130516e-18,0.00074055577756365,0.00074055577756365
B45_V035,NINE_STATE_PHYSICAL_CONTROL,2,3,w,-3.43638028253744e-12,0,5.8268289510039e-14,-3.90094452723525e-29,-2.00232001169481e-25,-1.34051288566635e-40,2.00232001169481e-25,2.00232001169481e-25
B45_V035,NINE_STATE_PHYSICAL_CONTROL,2,4,p,-0.749277506624477,0,-1.09630830359743,-4.8114635879239e-18,0.82143915221119,-3.60512144037408e-18,0.82143915221119,0.82143915221119
B45_V035,NINE_STATE_PHYSICAL_CONTROL,2,5,q,1.702220448964e-13,0,2.15313289455342e-12,2.85485482969607e-28,3.66510684244588e-25,-4.8595922699323e-41,3.66510684244588e-25,3.66510684244588e-25
B45_V035,NINE_STATE_PHYSICAL_CONTROL,2,6,r,-0.210032170281895,0,-0.830964237833408,-1.34809919701313e-17,0.174529222298791,-2.83144200103948e-18,0.174529222298791,0.174529222298791
B45_V035,NINE_STATE_PHYSICAL_CONTROL,2,7,phi,0.411641535180221,0,0.00799498940507644,1.81040416035514e-18,0.00329106971245527,-7.4523754786525e-19,0.00329106971245527,0.00329106971245527
B45_V035,NINE_STATE_PHYSICAL_CONTROL,2,8,theta,-8.41125409469093e-14,0,-4.75037663538506e-12,4.10504893784836e-28,3.99566249257067e-25,3.45286096873837e-41,3.99566249257067e-25,3.99566249257067e-25
B45_V035,NINE_STATE_PHYSICAL_CONTROL,2,9,psi,0.111736922513765,0,0,0,0,0,0,0
B45_V035,NINE_STATE_PHYSICAL_CONTROL,3,1,u,1.04020050702723e-15,-7.09339774884878e-14,7.90033647330258e-14,2.28763047535004e-13,-1.61448935239937e-26,-5.84198233352224e-27,1.71693431582655e-26,1.63633744798564e-26
B45_V035,NINE_STATE_PHYSICAL_CONTROL,3,2,v,0.999394568466151,0,0.504031461178931,-0.0116445830221317,0.503726304638281,0.0116375330243716,0.503860717023496,0.480208329599102
B45_V035,NINE_STATE_PHYSICAL_CONTROL,3,3,w,-2.30616751921795e-13,1.13533061352179e-13,-1.41743029813679e-12,-2.02053036744275e-12,9.74861732610299e-26,-6.26893351499801e-25,6.34427953460228e-25,6.04646437971678e-25
B45_V035,NINE_STATE_PHYSICAL_CONTROL,3,4,p,-0.00211849526606801,0.013628583746865,-0.479183205710798,9.00725042468155,0.123771214094635,0.0125512289358561,0.124405975685496,0.118566071451236
B45_V035,NINE_STATE_PHYSICAL_CONTROL,3,5,q,-5.38678453482741e-15,-3.77451804985104e-15,5.45475832232117e-11,-1.26631924793256e-11,-2.46038629137055e-25,-2.74104726860938e-25,3.68331926820295e-25,3.51041574269312e-25
B45_V035,NINE_STATE_PHYSICAL_CONTROL,3,6,r,0.000944936767495954,-0.0179677675002143,-0.40111819184574,-20.5626946610174,0.369086685519472,0.0266376446351787,0.37004668021678,0.352675833175354
B45_V035,NINE_STATE_PHYSICAL_CONTROL,3,7,phi,0.00851381461036643,0.00132048975209823,-0.512393194263471,5.89040270765048,0.00341579574761145,-0.0508264065954064,0.0509410568008848,0.0485497657743085
B45_V035,NINE_STATE_PHYSICAL_CONTROL,3,8,theta,-4.07377771454309e-15,7.42633946770837e-15,6.01354458550356e-11,1.70736376515061e-11,-1.18183810029625e-25,5.16140439532381e-25,5.29498221218729e-25,5.04642350051044e-25
B45_V035,NINE_STATE_PHYSICAL_CONTROL,3,9,psi,-0.0249057109992043,0.00141896300191906,0,0,-0,0,0,0
B45_V035,NINE_STATE_PHYSICAL_CONTROL,4,1,u,1.04020050702723e-15,7.09339774884878e-14,7.90033647330264e-14,-2.28763047535004e-13,-1.61448935239937e-26,5.84198233352229e-27,1.71693431582655e-26,1.63633744798565e-26
B45_V035,NINE_STATE_PHYSICAL_CONTROL,4,2,v,0.999394568466151,0,0.504031461178931,0.0116445830221317,0.503726304638282,-0.0116375330243716,0.503860717023497,0.480208329599102
B45_V035,NINE_STATE_PHYSICAL_CONTROL,4,3,w,-2.30616751921795e-13,-1.13533061352179e-13,-1.4174302981368e-12,2.02053036744275e-12,9.74861732610305e-26,6.26893351499802e-25,6.34427953460228e-25,6.04646437971678e-25
B45_V035,NINE_STATE_PHYSICAL_CONTROL,4,4,p,-0.00211849526606801,-0.013628583746865,-0.479183205710798,-9.00725042468155,0.123771214094635,-0.0125512289358561,0.124405975685496,0.118566071451235
B45_V035,NINE_STATE_PHYSICAL_CONTROL,4,5,q,-5.38678453482741e-15,3.77451804985104e-15,5.45475832232117e-11,1.26631924793256e-11,-2.46038629137055e-25,2.74104726860938e-25,3.68331926820295e-25,3.51041574269312e-25
B45_V035,NINE_STATE_PHYSICAL_CONTROL,4,6,r,0.000944936767495954,0.0179677675002143,-0.40111819184574,20.5626946610174,0.369086685519472,-0.0266376446351787,0.37004668021678,0.352675833175354
B45_V035,NINE_STATE_PHYSICAL_CONTROL,4,7,phi,0.00851381461036643,-0.00132048975209823,-0.512393194263471,-5.89040270765048,0.00341579574761145,0.0508264065954064,0.0509410568008848,0.0485497657743085
B45_V035,NINE_STATE_PHYSICAL_CONTROL,4,8,theta,-4.07377771454309e-15,-7.42633946770837e-15,6.01354458550356e-11,-1.70736376515062e-11,-1.18183810029625e-25,-5.16140439532381e-25,5.29498221218729e-25,5.04642350051044e-25
B45_V035,NINE_STATE_PHYSICAL_CONTROL,4,9,psi,-0.0249057109992043,-0.00141896300191906,0,0,0,0,0,0
B45_V035,NINE_STATE_PHYSICAL_CONTROL,5,1,u,-0.26448396274423,0.0783224014440926,-0.0460857741693403,-0.0102425698021994,0.0113867255145758,-0.00631854395532294,0.0130223467800408,0.0128662499184942
B45_V035,NINE_STATE_PHYSICAL_CONTROL,5,2,v,-7.34114096147818e-14,-2.1933969395116e-12,2.64721603639044e-14,6.06856973453789e-14,-1.35051181437344e-25,-5.36089329388679e-26,1.45302234320283e-25,1.43560518857148e-25
B45_V035,NINE_STATE_PHYSICAL_CONTROL,5,3,w,0.960314556824954,0,0.495613201800824,0.0391884345242678,0.475944572243955,-0.0376332241328359,0.477430094785733,0.471707213905445
B45_V035,NINE_STATE_PHYSICAL_CONTROL,5,4,p,-1.35033781058436e-14,9.56739288578275e-14,1.87553042521571e-12,5.5509546074024e-12,5.05755639720946e-25,2.54396003384908e-25,5.66132576034763e-25,5.59346432198248e-25
B45_V035,NINE_STATE_PHYSICAL_CONTROL,5,5,q,-0.000931428444946385,0.0316921484002083,0.263080647373417,15.4828019767269,0.490438217099189,0.0227587130863768,0.490965990484859,0.485080856911371
B45_V035,NINE_STATE_PHYSICAL_CONTROL,5,6,r,-5.63189088457133e-14,1.48790998308683e-14,5.65961253963241e-12,1.14251303166785e-12,-3.01743637265359e-25,1.48555027266766e-25,3.36329925454692e-25,3.32298390532879e-25
B45_V035,NINE_STATE_PHYSICAL_CONTROL,5,7,phi,8.99092041977583e-14,-5.62598578526781e-15,1.05624190515948e-11,4.48812488189149e-12,9.24408564544098e-25,-4.62947755913335e-25,1.0338529000335e-24,1.02146026484093e-24
B45_V035,NINE_STATE_PHYSICAL_CONTROL,5,8,theta,0.0247256940483664,-0.00965230842283113,0.489835405719615,-1.04834660509453,0.0222304851422809,0.0211930550017825,0.030713841341808,0.0303456792646894
B45_V035,NINE_STATE_PHYSICAL_CONTROL,5,9,psi,3.21838795402741e-14,4.14876582297884e-14,0,0,0,0,0,0
B45_V035,NINE_STATE_PHYSICAL_CONTROL,6,1,u,-0.26448396274423,-0.0783224014440926,-0.0460857741693403,0.0102425698021994,0.0113867255145758,0.00631854395532295,0.0130223467800408,0.0128662499184942
B45_V035,NINE_STATE_PHYSICAL_CONTROL,6,2,v,-7.34114096147818e-14,2.1933969395116e-12,2.64721603639043e-14,-6.06856973453789e-14,-1.35051181437344e-25,5.36089329388677e-26,1.45302234320283e-25,1.43560518857148e-25
B45_V035,NINE_STATE_PHYSICAL_CONTROL,6,3,w,0.960314556824954,0,0.495613201800825,-0.0391884345242678,0.475944572243955,0.0376332241328359,0.477430094785733,0.471707213905445
B45_V035,NINE_STATE_PHYSICAL_CONTROL,6,4,p,-1.35033781058436e-14,-9.56739288578275e-14,1.87553042521562e-12,-5.5509546074024e-12,5.05755639720947e-25,-2.543960033849e-25,5.66132576034761e-25,5.59346432198245e-25
B45_V035,NINE_STATE_PHYSICAL_CONTROL,6,5,q,-0.000931428444946385,-0.0316921484002083,0.263080647373417,-15.4828019767269,0.490438217099189,-0.0227587130863767,0.490965990484859,0.485080856911371
B45_V035,NINE_STATE_PHYSICAL_CONTROL,6,6,r,-5.63189088457133e-14,-1.48790998308683e-14,5.65961253963246e-12,-1.14251303166786e-12,-3.01743637265362e-25,-1.48555027266767e-25,3.36329925454695e-25,3.32298390532882e-25
B45_V035,NINE_STATE_PHYSICAL_CONTROL,6,7,phi,8.99092041977583e-14,5.62598578526781e-15,1.05624190515946e-11,-4.48812488189149e-12,9.24408564544087e-25,4.62947755913335e-25,1.03385290003349e-24,1.02146026484092e-24
B45_V035,NINE_STATE_PHYSICAL_CONTROL,6,8,theta,0.0247256940483664,0.00965230842283113,0.489835405719615,1.04834660509453,0.0222304851422809,-0.0211930550017825,0.030713841341808,0.0303456792646894
B45_V035,NINE_STATE_PHYSICAL_CONTROL,6,9,psi,3.21838795402741e-14,-4.14876582297884e-14,0,0,0,0,0,0
B45_V035,NINE_STATE_PHYSICAL_CONTROL,7,1,u,3.61385706534128e-09,0,-3.97419930508301e-11,4.24563479524103e-28,-1.43621882377486e-19,-1.53431173016405e-36,1.43621882377486e-19,1.24418023751515e-19
B45_V035,NINE_STATE_PHYSICAL_CONTROL,7,2,v,-0.29199455230009,0,0.0280593079206029,3.51603496765959e-18,-0.00819316505412681,1.02666305625322e-18,0.00819316505412681,0.00709764687267616
B45_V035,NINE_STATE_PHYSICAL_CONTROL,7,3,w,3.53244502502529e-10,0,5.35538541128142e-11,-8.49255552913571e-28,1.89176045531741e-20,2.99994855286465e-37,1.89176045531741e-20,1.63881083693938e-20
B45_V035,NINE_STATE_PHYSICAL_CONTROL,7,4,p,0.0445259982439844,0,-1.54924275975732,-2.31782627233369e-17,-0.0689815804004599,1.03203528531791e-18,0.0689815804004599,0.0597579684001329
B45_V035,NINE_STATE_PHYSICAL_CONTROL,7,5,q,8.07731794206905e-13,0,-6.63008402669212e-10,1.38520515439058e-26,-5.35532966662257e-22,-1.11887424470056e-38,5.35532966662257e-22,4.63926194692101e-22
B45_V035,NINE_STATE_PHYSICAL_CONTROL,7,6,r,-0.0608851941737008,0,-1.43380353544102,4.72200689755834e-17,0.0872974066622649,2.87500306847394e-18,0.0872974066622649,0.0756247629940123
B45_V035,NINE_STATE_PHYSICAL_CONTROL,7,7,phi,-0.281206686669821,0,-3.52010597797267,-1.61214090204489e-17,0.989877338792322,-4.53344801508939e-18,0.989877338792322,0.857519621733179
B45_V035,NINE_STATE_PHYSICAL_CONTROL,7,8,theta,-1.12256229623419e-11,0,-2.52127728800863e-09,5.2549933154874e-26,2.83029082187007e-20,5.89905736292884e-37,2.83029082187007e-20,2.45184915327586e-20
B45_V035,NINE_STATE_PHYSICAL_CONTROL,7,9,psi,0.911028215485151,0,-0,0,-0,0,0,0
B45_V035,NINE_STATE_PHYSICAL_CONTROL,8,1,u,-0.9942089667553,0,0.451805709435708,-1.2529098860506e-17,-0.449189287552221,-1.24565424324787e-17,0.449189287552221,0.236617339366837
B45_V035,NINE_STATE_PHYSICAL_CONTROL,8,2,v,-2.43648020040602e-12,0,1.66069462577639e-12,1.21849379212325e-27,-4.04624957462486e-24,2.96883599882595e-39,4.04624957462486e-24,2.131423957101e-24
B45_V035,NINE_STATE_PHYSICAL_CONTROL,8,3,w,-0.106550894384471,0,-2.0863805575558,2.62176881542079e-17,0.222305714433942,2.793518121524e-18,0.222305714433942,0.117102941083135
B45_V035,NINE_STATE_PHYSICAL_CONTROL,8,4,p,2.69533111723378e-14,0,-9.04751130632183e-11,-5.8836834658795e-26,-2.43860387574537e-24,1.58584751295389e-39,2.43860387574537e-24,1.28457195404831e-24
B45_V035,NINE_STATE_PHYSICAL_CONTROL,8,5,q,0.000557806483497288,0,25.3255010859438,-4.25640726406935e-16,0.0141267287035571,2.37425156830284e-19,0.0141267287035571,0.00744147078397146
B45_V035,NINE_STATE_PHYSICAL_CONTROL,8,6,r,-1.16625740504274e-13,0,-6.83791123069492e-11,-5.20020809974859e-26,7.97476460782289e-24,-6.06478120409505e-39,7.97476460782289e-24,4.20082944066314e-24
B45_V035,NINE_STATE_PHYSICAL_CONTROL,8,7,phi,-4.90386071924102e-13,0,-2.08868224121655e-10,-1.33847465178725e-25,1.02426067976782e-22,-6.56369326859929e-38,1.02426067976782e-22,5.39545006038358e-23
B45_V035,NINE_STATE_PHYSICAL_CONTROL,8,8,theta,0.0139687573232309,0,86.8192364110895,-1.64143908875763e-15,1.21275684441472,2.29288642917207e-17,1.21275684441472,0.638838248766056
B45_V035,NINE_STATE_PHYSICAL_CONTROL,8,9,psi,-3.14443096615096e-12,0,0,0,-0,0,0,0
B45_V035,NINE_STATE_PHYSICAL_CONTROL,9,1,u,0.995437944254539,0,1.43295304820963,-1.21904319825522e-17,1.42641583652307,1.21348185522865e-17,1.42641583652307,0.765727092255179
B45_V035,NINE_STATE_PHYSICAL_CONTROL,9,2,v,-7.47763375691182e-12,0,-1.00205124959383e-10,-1.16512648275158e-26,7.4929722501185e-22,-8.71238911849516e-38,7.4929722501185e-22,4.02236970911476e-22
B45_V035,NINE_STATE_PHYSICAL_CONTROL,9,3,w,0.0953652893190424,0,-1.82660651653965,2.75620784538187e-17,-0.174194858921852,-2.62846558598257e-18,0.174194858921852,0.0935111062235276
B45_V035,NINE_STATE_PHYSICAL_CONTROL,9,4,p,1.22067354578225e-12,0,5.53645356842521e-09,3.08464224995115e-26,6.75820240842841e-21,-3.76534119271761e-38,6.75820240842841e-21,3.62793131327811e-21
B45_V035,NINE_STATE_PHYSICAL_CONTROL,9,5,q,0.000217276294424932,0,22.9976174404687,-4.32087748196463e-16,0.00499683709806723,9.38824247945404e-20,0.00499683709806723,0.00268239698663353
B45_V035,NINE_STATE_PHYSICAL_CONTROL,9,6,r,-1.65020646395434e-12,0,5.13767557305406e-09,-2.18272086326917e-25,-8.47822544035414e-21,-3.60194007757479e-37,8.47822544035414e-21,4.55127232024478e-21
B45_V035,NINE_STATE_PHYSICAL_CONTROL,9,7,phi,-7.63896129773287e-12,0,1.2576589846171e-08,-6.27015419894911e-26,-9.60720830923608e-20,-4.78974652565895e-37,9.60720830923608e-20,5.1573317506435e-20
B45_V035,NINE_STATE_PHYSICAL_CONTROL,9,8,theta,-0.00295186761283108,0,87.1373138758726,-1.64678495428284e-15,-0.257217814699285,-4.86109117184503e-18,0.257217814699285,0.13807940453466
B45_V035,NINE_STATE_PHYSICAL_CONTROL,9,9,psi,2.41378974698658e-11,0,0,0,0,0,0,0
B45_V035,THIRTEEN_STATE_TORQUE,1,1,u,0,0,1.00515246579498e-12,9.05651357093249e-17,0,0,0,0
B45_V035,THIRTEEN_STATE_TORQUE,1,2,v,0,0,-8.04505160377689e-05,2.17023630010522e-18,0,0,0,0
B45_V035,THIRTEEN_STATE_TORQUE,1,3,w,0,0,-3.75506093942388e-12,-1.9017470024434e-16,-0,0,0,0
B45_V035,THIRTEEN_STATE_TORQUE,1,4,p,0,0,0.48993126671147,-2.37939696823202e-15,0,0,0,0
B45_V035,THIRTEEN_STATE_TORQUE,1,5,q,0,0,4.28493570555424e-11,4.97720034717864e-15,0,0,0,0
B45_V035,THIRTEEN_STATE_TORQUE,1,6,r,0,0,0.474415780763879,5.42967154996477e-15,0,0,0,0
B45_V035,THIRTEEN_STATE_TORQUE,1,7,phi,0,0,1.04163075728592,-1.55705899921299e-15,0,0,0,0
B45_V035,THIRTEEN_STATE_TORQUE,1,8,theta,0,0,1.5530159110319e-10,8.46770624725963e-15,0,0,0,0
B45_V035,THIRTEEN_STATE_TORQUE,1,9,psi,1,0,0.333333333333333,0,0.333333333333333,0,0.333333333333333,1
B45_V035,THIRTEEN_STATE_TORQUE,1,10,betaSym,0,0,-1.13664525532734e-12,-6.57977045352507e-17,-0,0,0,0
B45_V035,THIRTEEN_STATE_TORQUE,1,11,betaDiff,0,0,0.158059485150988,-6.93960990521555e-16,0,0,0,0
B45_V035,THIRTEEN_STATE_TORQUE,1,12,betaSymDot,0,0,4.09198517303729e-12,2.42950263501329e-16,0,0,0,0
B45_V035,THIRTEEN_STATE_TORQUE,1,13,betaDiffDot,0,0,-0.569014146543557,2.99605868549905e-15,0,0,0,0
B45_V035,THIRTEEN_STATE_TORQUE,2,1,u,1.02167456749696e-12,0,-4.26918440758621e-15,5.93401138579107e-18,-4.36171713318542e-27,-6.06262851610014e-30,4.36172134660018e-27,4.36172134660018e-27
B45_V035,THIRTEEN_STATE_TORQUE,2,2,v,-0.467260750689344,0,-0.0015818878709061,-1.15282417412411e-18,0.000739154114065954,-5.38669489014053e-19,0.000739154114065954,0.000739154114065953
B45_V035,THIRTEEN_STATE_TORQUE,2,3,w,-3.27426965358136e-12,0,5.89769070975676e-14,-1.57596104283247e-17,-1.93106297171653e-25,-5.16012141777279e-29,1.93106304066004e-25,1.93106304066004e-25
B45_V035,THIRTEEN_STATE_TORQUE,2,4,p,-0.746171820989101,0,-1.09962856659449,1.32933090767447e-15,0.820511849947446,9.91909264076556e-16,0.820511849947446,0.820511849947445
B45_V035,THIRTEEN_STATE_TORQUE,2,5,q,1.71300627051492e-13,0,2.17992991281021e-12,-4.57102226581935e-15,3.73423360992694e-25,7.83018980401186e-28,3.73424181934973e-25,3.73424181934972e-25
B45_V035,THIRTEEN_STATE_TORQUE,2,6,r,-0.209413923151465,0,-0.838078477089455,-2.98453560229314e-15,0.175505301796108,-6.25003309261428e-16,0.175505301796108,0.175505301796108
B45_V035,THIRTEEN_STATE_TORQUE,2,7,phi,0.410599372365359,0,0.00789990039121256,8.98407792683504e-16,0.00324369414238073,-3.68885675803994e-16,0.00324369414238073,0.00324369414238073
B45_V035,THIRTEEN_STATE_TORQUE,2,8,theta,-8.47705248033232e-14,0,-4.79309023970679e-12,8.81627570087266e-16,4.06312775049631e-25,7.47360317973761e-29,4.06312781922999e-25,4.06312781922998e-25
B45_V035,THIRTEEN_STATE_TORQUE,2,9,psi,0.111574946249264,0,-4.21382532292516e-17,2.66506993475514e-18,-4.70157333909162e-18,-2.97355034720834e-19,4.71096719151502e-18,4.71096719151502e-18
B45_V035,THIRTEEN_STATE_TORQUE,2,10,betaSym,0,0,3.00052998630136e-13,1.26597948268113e-17,0,0,0,0
B45_V035,THIRTEEN_STATE_TORQUE,2,11,betaDiff,0,0,-0.814447741404149,-1.31676855241959e-17,-0,0,0,0
B45_V035,THIRTEEN_STATE_TORQUE,2,12,betaSymDot,0,0,-1.08041768010372e-12,-6.77285396586919e-17,-0,0,0,0
B45_V035,THIRTEEN_STATE_TORQUE,2,13,betaDiffDot,0,0,2.93201186905493,-1.77273482140627e-15,0,0,0,0
B45_V035,THIRTEEN_STATE_TORQUE,3,1,u,1.8759419423668e-14,-7.98647635544574e-14,9.07941038148607e-14,2.34312623810514e-13,-1.70100776237922e-26,-1.16468184196343e-26,2.06153127569622e-26,1.96385489416162e-26
B45_V035,THIRTEEN_STATE_TORQUE,3,2,v,0.99939387175015,0,0.503925437945533,-0.012472397962937,0.503619994501776,0.0124648380901883,0.503774226266672,0.479905151801379
B45_V035,THIRTEEN_STATE_TORQUE,3,3,w,-2.42013961870046e-13,1.34982384761937e-13,-1.4543675477676e-12,-2.06311828471343e-12,7.3492626133885e-26,-6.95617429808072e-25,6.99488938260529e-25,6.66346802985528e-25
B45_V035,THIRTEEN_STATE_TORQUE,3,4,p,-0.00209248177517717,0.0136910773190988,-0.475251947007103,9.01745114466662,0.124453076880556,0.0123621410262389,0.125065546317882,0.119139878265694
B45_V035,THIRTEEN_STATE_TORQUE,3,5,q,-5.66180369491878e-15,-4.41742494649935e-15,5.5830685706003e-11,-1.315489309521e-11,-2.57991629692784e-25,-3.21108286150584e-25,4.11910442239699e-25,3.92393919745659e-25
B45_V035,THIRTEEN_STATE_TORQUE,3,6,r,0.000940179291836791,-0.0179516335540126,-0.398006654872269,-20.5506533649476,0.368543600888152,0.0264661683477651,0.369492684396616,0.351985936455972
B45_V035,THIRTEEN_STATE_TORQUE,3,7,phi,0.00859761954535699,0.00129394255799649,-0.493189178959634,5.89174581745085,0.00338332772951557,-0.0512931474641899,0.0514046095531173,0.0489690334769543
B45_V035,THIRTEEN_STATE_TORQUE,3,8,theta,-4.8713357244344e-15,7.8618753037524e-15,6.17723472348811e-11,1.71288912517375e-11,-1.66248634754747e-25,5.6908707105527e-25,5.9287326048666e-25,5.64782629276905e-25
B45_V035,THIRTEEN_STATE_TORQUE,3,9,psi,-0.0248880205538729,0.00138312308505936,4.68112022578345e-17,3.04452138372307e-16,-7.43943383066065e-19,7.64195673196273e-18,7.67808273271383e-18,7.31429133779477e-18
B45_V035,THIRTEEN_STATE_TORQUE,3,10,betaSym,-0,0,-5.89328684143565e-13,-1.99889441575157e-13,0,0,0,0
B45_V035,THIRTEEN_STATE_TORQUE,3,11,betaDiff,-0,0,-0.840634591633722,3.12573877061329,0,0,0,0
B45_V035,THIRTEEN_STATE_TORQUE,3,12,betaSymDot,-0,0,2.1207946736616e-12,7.24740195202719e-13,0,0,0,0
B45_V035,THIRTEEN_STATE_TORQUE,3,13,betaDiffDot,-0,0,3.02628452988135,-11.2526595742078,-0,0,0,0
B45_V035,THIRTEEN_STATE_TORQUE,4,1,u,1.8759419423668e-14,7.98647635544574e-14,9.06844658608712e-14,-2.34316828685672e-13,-1.70124701895161e-26,1.1638141091379e-26,2.06123863250236e-26,1.96357611654845e-26
B45_V035,THIRTEEN_STATE_TORQUE,4,2,v,0.99939387175015,0,0.503925437945533,0.012472397962937,0.503619994501776,-0.0124648380901883,0.503774226266671,0.479905151801379
B45_V035,THIRTEEN_STATE_TORQUE,4,3,w,-2.42013961870046e-13,-1.34982384761937e-13,-1.4544163999979e-12,2.06313023034658e-12,7.35028366056356e-26,6.95626915008625e-25,6.99499443797843e-25,6.66356810765237e-25
B45_V035,THIRTEEN_STATE_TORQUE,4,4,p,-0.00209248177517717,-0.0136910773190988,-0.475251947007088,-9.01745114466662,0.124453076880556,-0.0123621410262391,0.125065546317882,0.119139878265694
B45_V035,THIRTEEN_STATE_TORQUE,4,5,q,-5.66180369491878e-15,4.41742494649935e-15,5.59964303667482e-11,1.31472827578333e-11,-2.58963661519583e-25,3.2179736251343e-25,4.13056558485916e-25,3.93485732431669e-25
B45_V035,THIRTEEN_STATE_TORQUE,4,6,r,0.000940179291836791,0.0179516335540126,-0.398006654872302,20.5506533649476,0.368543600888152,-0.0264661683477657,0.369492684396616,0.351985936455972
B45_V035,THIRTEEN_STATE_TORQUE,4,7,phi,0.00859761954535699,-0.00129394255799649,-0.493189178959624,-5.89174581745085,0.00338332772951566,0.0512931474641899,0.0514046095531173,0.0489690334769543
B45_V035,THIRTEEN_STATE_TORQUE,4,8,theta,-4.8713357244344e-15,-7.8618753037524e-15,6.17597658534115e-11,-1.71286343826022e-11,-1.66189366094842e-25,-5.68986906507212e-25,5.92760495630109e-25,5.64675207275581e-25
B45_V035,THIRTEEN_STATE_TORQUE,4,9,psi,-0.0248880205538729,-0.00138312308505936,8.90502150781548e-18,-3.00102565776414e-16,1.93450428291711e-19,-7.48127556613381e-18,7.48377626366776e-18,7.12919120630416e-18
B45_V035,THIRTEEN_STATE_TORQUE,4,10,betaSym,-0,0,-5.8988510276675e-13,1.9991418404951e-13,0,0,0,0
B45_V035,THIRTEEN_STATE_TORQUE,4,11,betaDiff,-0,0,-0.840634591633693,-3.12573877061329,0,0,0,0
B45_V035,THIRTEEN_STATE_TORQUE,4,12,betaSymDot,-0,0,2.12380661273525e-12,-7.24884762199501e-13,0,0,0,0
B45_V035,THIRTEEN_STATE_TORQUE,4,13,betaDiffDot,-0,0,3.02628452988134,11.2526595742078,-0,0,0,0
B45_V035,THIRTEEN_STATE_TORQUE,5,1,u,-0.264483962744269,0.078322401444091,-0.0460857741693419,-0.0102425698022016,0.0113867255145779,-0.00631854395532397,0.0130223467800431,0.0128662499184966
B45_V035,THIRTEEN_STATE_TORQUE,5,2,v,-7.66665833971316e-14,-2.25081665929131e-12,3.19345070109602e-14,6.47723346915602e-14,-1.48238959529958e-25,-6.69128467870669e-26,1.62641071650657e-25,1.6069151821977e-25
B45_V035,THIRTEEN_STATE_TORQUE,5,3,w,0.960314556824943,0,0.495613201800859,0.0391884345242481,0.475944572243983,-0.0376332241328166,0.477430094785759,0.471707213905477
B45_V035,THIRTEEN_STATE_TORQUE,5,4,p,-1.23939371291283e-14,9.66635945629701e-14,1.82934485203728e-12,5.71697786918014e-12,5.29950845788257e-25,2.47686913372424e-25,5.84975816600693e-25,5.77963801746972e-25
B45_V035,THIRTEEN_STATE_TORQUE,5,5,q,-0.000931428444948559,0.031692148400209,0.263080647373008,15.4828019767273,0.490438217099212,0.022758713086398,0.490965990484884,0.485080856911402
B45_V035,THIRTEEN_STATE_TORQUE,5,6,r,-5.765789283527e-14,1.45777966143347e-14,6.12490860504678e-12,7.59294649478109e-13,-3.42080481005166e-25,1.33067001455763e-25,3.67050245008982e-25,3.62650470356722e-25
B45_V035,THIRTEEN_STATE_TORQUE,5,7,phi,9.05895160001271e-14,-6.21018169014626e-15,1.05425150146452e-11,4.51480431013064e-12,9.27003577539419e-25,-4.74464871002065e-25,1.04137051359537e-24,1.028887765929e-24
B45_V035,THIRTEEN_STATE_TORQUE,5,8,theta,0.0247256940483693,-0.00965230842282906,0.489835405718366,-1.04834660509227,0.0222304851422276,0.0211930550017429,0.030713841341742,0.0303456792646247
B45_V035,THIRTEEN_STATE_TORQUE,5,9,psi,3.24052323363111e-14,4.27010984575799e-14,4.31216593879614e-17,-8.85397123506892e-17,-2.38337558329842e-30,4.7104921728938e-30,5.2791302012696e-30,5.21585008209965e-30
B45_V035,THIRTEEN_STATE_TORQUE,5,10,betaSym,0,0,0.139858559943113,-0.0629636914962635,0,0,0,0
B45_V035,THIRTEEN_STATE_TORQUE,5,11,betaDiff,0,0,-1.20505807033501e-13,2.29890958602772e-12,0,0,0,0
B45_V035,THIRTEEN_STATE_TORQUE,5,12,betaSymDot,0,0,-0.503490815795203,0.226669289386538,0,0,0,0
B45_V035,THIRTEEN_STATE_TORQUE,5,13,betaDiffDot,0,0,4.35486757695343e-13,-8.28211462418501e-12,0,0,0,0
B45_V035,THIRTEEN_STATE_TORQUE,6,1,u,-0.264483962744269,-0.078322401444091,-0.0460857741693417,0.0102425698022016,0.0113867255145778,0.00631854395532396,0.0130223467800431,0.0128662499184966
B45_V035,THIRTEEN_STATE_TORQUE,6,2,v,-7.66665833971316e-14,2.25081665929131e-12,3.20600759004423e-14,-6.47678961055825e-14,-1.48238596024433e-25,6.71958196266239e-26,1.62757363970387e-25,1.60806416561407e-25
B45_V035,THIRTEEN_STATE_TORQUE,6,3,w,0.960314556824943,0,0.495613201800859,-0.0391884345242479,0.475944572243983,0.0376332241328165,0.477430094785758,0.471707213905477
B45_V035,THIRTEEN_STATE_TORQUE,6,4,p,-1.23939371291283e-14,-9.66635945629701e-14,1.82666200098692e-12,-5.71656352814471e-12,5.29944045181642e-25,-2.47422444029477e-25,5.84857723581558e-25,5.77847124290636e-25
B45_V035,THIRTEEN_STATE_TORQUE,6,5,q,-0.000931428444948559,-0.031692148400209,0.263080647372999,-15.4828019767273,0.490438217099212,-0.0227587130863977,0.490965990484884,0.485080856911402
B45_V035,THIRTEEN_STATE_TORQUE,6,6,r,-5.765789283527e-14,-1.45777966143347e-14,6.1298734297763e-12,-7.60315856192789e-13,-3.42351855393579e-25,-1.33198258288214e-25,3.67350743707481e-25,3.62947367023688e-25
B45_V035,THIRTEEN_STATE_TORQUE,6,7,phi,9.05895160001271e-14,6.21018169014626e-15,1.0540492861675e-11,-4.51455248125345e-12,9.26821955583653e-25,4.74429500008615e-25,1.04119272367335e-24,1.02871210714734e-24
B45_V035,THIRTEEN_STATE_TORQUE,6,8,theta,0.0247256940483693,0.00965230842282906,0.489835405718381,1.04834660509227,0.0222304851422279,-0.0211930550017428,0.0307138413417422,0.0303456792646248
B45_V035,THIRTEEN_STATE_TORQUE,6,9,psi,3.24052323363111e-14,-4.27010984575799e-14,1.71003362473302e-17,8.6368521539361e-17,-3.13389037276408e-30,-3.52899514878165e-30,4.71964782887747e-30,4.66307413857907e-30
B45_V035,THIRTEEN_STATE_TORQUE,6,10,betaSym,0,0,0.139858559943112,0.0629636914962634,0,0,0,0
B45_V035,THIRTEEN_STATE_TORQUE,6,11,betaDiff,0,0,-1.22663547887809e-13,-2.29876353681103e-12,0,0,0,0
B45_V035,THIRTEEN_STATE_TORQUE,6,12,betaSymDot,0,0,-0.503490815795203,-0.226669289386538,0,0,0,0
B45_V035,THIRTEEN_STATE_TORQUE,6,13,betaDiffDot,0,0,4.40330795872965e-13,8.28166117444286e-12,0,0,0,0
B45_V035,THIRTEEN_STATE_TORQUE,7,1,u,-7.33467140536721e-09,0,7.91796462987385e-11,-2.1615602987743e-18,-5.80756687594447e-19,-1.58543345143968e-26,5.80756687594447e-19,5.02909211438554e-19
B45_V035,THIRTEEN_STATE_TORQUE,7,2,v,0.284956718808393,0,-0.028001245771586,-1.5899606813647e-17,-0.00797914311761854,4.53069978796043e-18,0.00797914311761854,0.00690957962078451
B45_V035,THIRTEEN_STATE_TORQUE,7,3,w,-7.09838639025297e-10,0,-1.03776771845204e-10,7.39226539354288e-18,7.36647624890386e-20,5.24731560626628e-27,7.36647624890388e-20,6.37903762548513e-20
B45_V035,THIRTEEN_STATE_TORQUE,7,4,p,-0.0453576450403103,0,1.5304587274508,-1.04746164964831e-15,-0.0694180037085584,-4.75103936980859e-17,0.0694180037085584,0.0601128738599885
B45_V035,THIRTEEN_STATE_TORQUE,7,5,q,-1.61969398800791e-12,0,1.29540937361478e-09,6.65985060810418e-15,-2.09816677445295e-21,1.07869199909771e-26,2.09816677448068e-21,1.81691820440561e-21
B45_V035,THIRTEEN_STATE_TORQUE,7,6,r,0.0616626030652338,0,1.41751226971588,2.55929287086089e-15,0.0874074964275889,-1.57812660423578e-16,0.0874074964275889,0.0756909667012111
B45_V035,THIRTEEN_STATE_TORQUE,7,7,phi,0.285105854021393,0,3.47235820112029,-6.50701948014928e-16,0.989989650398587,1.8551893460218e-16,0.989989650398587,0.857286579818016
B45_V035,THIRTEEN_STATE_TORQUE,7,8,theta,2.22487737511012e-11,0,4.91757070497776e-09,-4.54138639205396e-16,1.09409918020094e-19,1.01040278353139e-26,1.09409918020094e-19,9.47440757384203e-20
B45_V035,THIRTEEN_STATE_TORQUE,7,9,psi,-0.91195105561006,0,-2.62091092648806e-16,3.72561209738322e-18,2.39014248607073e-16,3.39757588500224e-18,2.39038395575058e-16,2.06996516079963e-16
B45_V035,THIRTEEN_STATE_TORQUE,7,10,betaSym,0,0,-3.03558806066169e-11,-2.42121985673161e-17,-0,0,0,0
B45_V035,THIRTEEN_STATE_TORQUE,7,11,betaDiff,0,0,0.504492982312462,1.4983535740367e-16,0,0,0,0
B45_V035,THIRTEEN_STATE_TORQUE,7,12,betaSymDot,0,0,1.09281388310503e-10,1.08462043943688e-16,0,0,0,0
B45_V035,THIRTEEN_STATE_TORQUE,7,13,betaDiffDot,0,0,-1.81617473632486,1.21468134978915e-15,0,0,0,0
B45_V035,THIRTEEN_STATE_TORQUE,8,1,u,-0.994208966755306,0,0.451805709437217,5.87078535741956e-16,-0.449189287553723,5.83678744424228e-16,0.449189287553723,0.236617339367255
B45_V035,THIRTEEN_STATE_TORQUE,8,2,v,-2.44700450934889e-12,0,1.68391820914447e-12,2.14649491185622e-16,-4.12055545115121e-24,5.25248272860661e-28,4.12055548462798e-24,2.17056573365235e-24
B45_V035,THIRTEEN_STATE_TORQUE,8,3,w,-0.106550894384415,0,-2.08638055756025,1.96851812194615e-15,0.2223057144343,2.09747366505291e-16,0.2223057144343,0.117102941083139
B45_V035,THIRTEEN_STATE_TORQUE,8,4,p,2.68232134886713e-14,0,-8.83139557398921e-11,-1.66410701052788e-14,-2.36886408884019e-24,4.4636697611384e-28,2.36886413089484e-24,1.24783547494512e-24
B45_V035,THIRTEEN_STATE_TORQUE,8,5,q,0.000557806483493842,0,25.3255010859897,-5.27083801951655e-14,0.0141267287034954,2.94010762073218e-17,0.0141267287034954,0.00744147078392724
B45_V035,THIRTEEN_STATE_TORQUE,8,6,r,-1.16122654200627e-13,0,-6.78974987976295e-11,3.53238499997857e-14,7.88443777396459e-24,4.10189921855991e-27,7.88443884097637e-24,4.15324895906506e-24
B45_V035,THIRTEEN_STATE_TORQUE,8,7,phi,-4.88582297895519e-13,0,-2.0360346665309e-10,-1.11803154844916e-14,9.94770495968603e-23,-5.46250423060976e-27,9.94770497468394e-23,5.24010600684373e-23
B45_V035,THIRTEEN_STATE_TORQUE,8,8,theta,0.0139687573232152,0,86.8192364112727,2.76623342287952e-14,1.21275684441592,-3.8640843383571e-16,1.21275684441592,0.638838248765679
B45_V035,THIRTEEN_STATE_TORQUE,8,9,psi,-3.13084160409778e-12,0,-1.62250746276411e-16,-5.12516235561625e-17,5.07981386738101e-28,-1.60460715307192e-28,5.32722001074914e-28,2.80619476041423e-28
B45_V035,THIRTEEN_STATE_TORQUE,8,10,betaSym,0,0,-0.600955855871625,-9.5087529023612e-15,-0,0,0,0
B45_V035,THIRTEEN_STATE_TORQUE,8,11,betaDiff,0,0,-2.83181129575577e-11,-4.32767539447739e-15,-0,0,0,0
B45_V035,THIRTEEN_STATE_TORQUE,8,12,betaSymDot,0,0,2.16344108113834,-5.79109649774187e-15,0,0,0,0
B45_V035,THIRTEEN_STATE_TORQUE,8,13,betaDiffDot,0,0,1.01984048448391e-10,2.38896145834189e-14,0,0,0,0
B45_V035,THIRTEEN_STATE_TORQUE,9,1,u,0.99543794425454,0,1.43295304821113,5.68484468483829e-16,1.42641583652457,-5.65891010648178e-16,1.42641583652457,0.765727092254735
B45_V035,THIRTEEN_STATE_TORQUE,9,2,v,-1.51391826818634e-11,0,-2.0465188130714e-10,1.98391605800962e-16,3.09826221729582e-21,3.003486762769e-27,3.09826221729727e-21,1.66320595856122e-21
B45_V035,THIRTEEN_STATE_TORQUE,9,3,w,0.0953652893190382,0,-1.82660651654405,2.03470866457639e-15,-0.174194858922264,-1.94040580477281e-16,0.174194858922264,0.0935111062235962
B45_V035,THIRTEEN_STATE_TORQUE,9,4,p,2.4920061069744e-12,0,1.1191312685597e-08,-1.58664303002106e-14,2.78888195575678e-20,3.95392412040084e-26,2.78888195575958e-20,1.49712476259983e-20
B45_V035,THIRTEEN_STATE_TORQUE,9,5,q,0.000217276294425251,0,22.9976174405145,-5.27711555009525e-14,0.00499683709808453,1.14659211197857e-17,0.00499683709808453,0.00268239698663844
B45_V035,THIRTEEN_STATE_TORQUE,9,6,r,-3.36899601074217e-12,0,1.0377547951315e-08,3.37131752160518e-14,-3.4961917649266e-20,1.1357955281233e-25,3.49619176494505e-20,1.8768220918376e-20
B45_V035,THIRTEEN_STATE_TORQUE,9,7,phi,-1.5594345608461e-11,0,2.53878198190822e-08,-1.06482057053213e-14,-3.95906436504102e-19,-1.66051799878766e-25,3.95906436504137e-19,2.12530088818896e-19
B45_V035,THIRTEEN_STATE_TORQUE,9,8,theta,-0.00295186761283761,0,87.1373138760552,2.42869960254133e-14,-0.257217814700392,7.16919969805332e-17,0.257217814700392,0.13807940453503
B45_V035,THIRTEEN_STATE_TORQUE,9,9,psi,4.92789662438481e-11,0,-1.32330434293643e-16,-4.81733855931118e-17,-6.52110700459017e-27,2.37393464249484e-27,6.93976961088421e-27,3.72540003342049e-27
B45_V035,THIRTEEN_STATE_TORQUE,9,10,betaSym,0,0,-0.531552034695431,-9.44411751222212e-15,-0,0,0,0
B45_V035,THIRTEEN_STATE_TORQUE,9,11,betaDiff,0,0,3.68993380825071e-09,-3.93879540791772e-15,0,0,0,0
B45_V035,THIRTEEN_STATE_TORQUE,9,12,betaSymDot,0,0,1.91358732490404,-5.82333795984616e-15,0,0,0,0
B45_V035,THIRTEEN_STATE_TORQUE,9,13,betaDiffDot,0,0,-1.32837218493252e-08,2.27269467875318e-14,0,0,0,0
B45_V035,THIRTEEN_STATE_TORQUE,10,1,u,-8.46659905494712e-279,0,1.00552575964638e-12,-2.2744579688491e-16,-8.51338344634703e-291,-1.92569236895747e-294,8.51338366413888e-291,2.55401509924166e-290
B45_V035,THIRTEEN_STATE_TORQUE,10,2,v,-1.77373877658755e-290,0,-8.04505160377314e-05,-8.02919602022155e-18,1.42698199892603e-294,-1.42416963258894e-307,1.42698199892603e-294,4.2809459967781e-294
B45_V035,THIRTEEN_STATE_TORQUE,10,3,w,-9.07510298066538e-280,0,-3.75588870238925e-12,4.58736796373045e-16,3.40850767581001e-291,4.16308366810591e-295,3.40850770123355e-291,1.02255231037007e-290
B45_V035,THIRTEEN_STATE_TORQUE,10,4,p,4.8277247936694e-292,0,0.489931266711462,6.25280070072992e-16,2.36525332349678e-292,-3.01868009727872e-307,2.36525332349678e-292,7.09575997049034e-292
B45_V035,THIRTEEN_STATE_TORQUE,10,5,q,-6.75770757840676e-297,0,4.28626062997411e-11,-2.32077718522961e-16,-2.89652959422026e-307,-1.56831335724331e-312,2.89652959426271e-307,8.68958878278815e-307
B45_V035,THIRTEEN_STATE_TORQUE,10,6,r,-1.20997364053715e-291,0,0.474415780763898,-1.35326435922839e-15,-5.74030589379167e-292,-1.63741420334475e-306,5.74030589379167e-292,1.7220917681375e-291
B45_V035,THIRTEEN_STATE_TORQUE,10,7,phi,-5.1877758274084e-291,0,1.04163075728591,4.23822086606171e-16,-5.40374686373296e-291,2.19869397601728e-306,5.40374686373296e-291,1.62112405911989e-290
B45_V035,THIRTEEN_STATE_TORQUE,10,8,theta,8.9198281061095e-281,0,1.55338040948573e-10,-2.03836368531838e-14,1.38558862360107e-290,1.81818536907758e-294,1.38558863553029e-290,4.15676590659086e-290
B45_V035,THIRTEEN_STATE_TORQUE,10,9,psi,1,0,0.333333333333333,1.61604435015546e-18,0.333333333333333,-1.61604435015546e-18,0.333333333333333,1
B45_V035,THIRTEEN_STATE_TORQUE,10,10,betaSym,7.60065558718415e-282,0,-1.1369027148755e-12,1.08603798419326e-16,-8.64120597190333e-294,-8.25460067245275e-298,8.64120601132979e-294,2.59236180339894e-293
B45_V035,THIRTEEN_STATE_TORQUE,10,11,betaDiff,0,0,0.158059485150986,3.71077157897023e-16,0,0,0,0
B45_V035,THIRTEEN_STATE_TORQUE,10,12,betaSymDot,0,0,4.09291202741071e-12,-3.84895147135328e-16,0,0,0,0
B45_V035,THIRTEEN_STATE_TORQUE,10,13,betaDiffDot,0,0,-0.569014146543548,-8.38078648807878e-16,-0,0,0,0
B45_V035,THIRTEEN_STATE_TORQUE,11,1,u,-4.48726390254386e-300,0,-1.00562868824945e-12,-1.34127936261621e-16,4.51252131214297e-312,-6.0186744470201e-316,4.51252135228087e-312,1.35375640568426e-311
B45_V035,THIRTEEN_STATE_TORQUE,11,2,v,2.81623543533643e-290,0,8.04505160377314e-05,8.0291960652273e-18,2.26567594056561e-294,-2.2612106476157e-307,2.26567594056561e-294,6.79702782169683e-294
B45_V035,THIRTEEN_STATE_TORQUE,11,3,w,-5.79536182885418e-301,0,3.75609550497483e-12,2.59209430576646e-16,-2.17679325150619e-312,1.50221242615493e-316,2.17679325668894e-312,6.53037977006681e-312
B45_V035,THIRTEEN_STATE_TORQUE,11,4,p,-4.8275027399125e-292,0,-0.489931266711462,-6.25280072229925e-16,2.36514453241839e-292,-3.01854126190265e-307,2.36514453241839e-292,7.09543359725516e-292
B45_V035,THIRTEEN_STATE_TORQUE,11,5,q,-2.0657351563367e-308,0,-4.2867169303621e-11,-1.35024933309629e-15,8.85523738354183e-319,-2.96439387504748e-323,8.85523738354183e-319,2.65657121506255e-318
B45_V035,THIRTEEN_STATE_TORQUE,11,6,r,1.20996034745324e-291,0,-0.474415780763898,1.35326435695383e-15,-5.74024282930387e-292,-1.63739621153595e-306,5.74024282930387e-292,1.72207284879116e-291
B45_V035,THIRTEEN_STATE_TORQUE,11,7,phi,5.3179536837687e-291,0,-1.04163075728591,-4.23822091623749e-16,-5.5393441228354e-291,2.25386625341307e-306,5.5393441228354e-291,1.66180323685062e-290
B45_V035,THIRTEEN_STATE_TORQUE,11,8,theta,4.44971176386682e-302,0,-1.55347802618884e-10,-1.1421121072046e-14,-6.91252944804279e-312,5.08206965679491e-316,6.91252946672341e-312,2.07375884001702e-311
B45_V035,THIRTEEN_STATE_TORQUE,11,9,psi,-1,0,-0.333333333333333,-1.6160443531835e-18,0.333333333333333,-1.6160443531835e-18,0.333333333333333,1
B45_V035,THIRTEEN_STATE_TORQUE,11,10,betaSym,0,0,1.1369623521618e-12,6.46948729426186e-17,0,0,0,0
B45_V035,THIRTEEN_STATE_TORQUE,11,11,betaDiff,5.46660660175204e-293,0,-0.158059485150986,-3.71077158619857e-16,-8.64049024995906e-294,2.0285328450707e-308,8.64049024995906e-294,2.59214707498772e-293
B45_V035,THIRTEEN_STATE_TORQUE,11,12,betaSymDot,0,0,-4.09312672164137e-12,-2.3898006976785e-16,-0,0,0,0
B45_V035,THIRTEEN_STATE_TORQUE,11,13,betaDiffDot,0,0,0.569014146543548,8.38078651410062e-16,0,0,0,0
B45_V035,THIRTEEN_STATE_TORQUE,12,1,u,-0.0398228829654869,0,-3.68473732074197e-16,-6.34364811766917e-19,1.46736863082469e-17,-2.52622356564171e-20,1.46737080539782e-17,1.46737080539782e-17
B45_V035,THIRTEEN_STATE_TORQUE,12,2,v,-4.8559390235701e-13,0,2.53068289045854e-16,-1.74859009407513e-20,-1.22888418040588e-28,-8.49104687404752e-33,1.22888418333935e-28,1.22888418333935e-28
B45_V035,THIRTEEN_STATE_TORQUE,12,3,w,0.724643719040625,0,1.14453915791282e-15,3.15265001223561e-18,8.29383111977569e-16,-2.28454802969988e-18,8.29386258382243e-16,8.29386258382243e-16
B45_V035,THIRTEEN_STATE_TORQUE,12,4,p,-5.30651789892373e-13,0,-7.84227833074296e-14,3.93151643081134e-18,4.16151903304292e-26,2.08626623100131e-30,4.16151903827239e-26,4.16151903827239e-26
B45_V035,THIRTEEN_STATE_TORQUE,12,5,q,-0.0120847713083496,0,-1.29186054433936e-14,2.20925679695664e-15,1.56118392406212e-16,2.6698363152638e-17,1.58384832110054e-16,1.58384832110054e-16
B45_V035,THIRTEEN_STATE_TORQUE,12,6,r,-2.20828511696992e-13,0,1.76510113117577e-13,-8.8368998376381e-18,-3.89784655792223e-26,-1.95143943916101e-30,3.89784656280713e-26,3.89784656280712e-26
B45_V035,THIRTEEN_STATE_TORQUE,12,7,phi,1.71888928710592e-13,0,-5.16273148380025e-14,2.59420974786848e-18,-8.87416383970868e-27,-4.45915934411688e-31,8.87416385091205e-27,8.87416385091204e-27
B45_V035,THIRTEEN_STATE_TORQUE,12,8,theta,0.003356880918986,0,-4.82201062440012e-14,1.52951386263669e-16,-1.61869154561965e-16,-5.13439590080969e-19,1.61869968860249e-16,1.61869968860249e-16
B45_V035,THIRTEEN_STATE_TORQUE,12,9,psi,6.6043723635948e-14,0,-6.68676902873848e-17,2.58242232961345e-21,-4.41619125751421e-30,-1.70552786648292e-34,4.41619126080757e-30,4.41619126080757e-30
B45_V035,THIRTEEN_STATE_TORQUE,12,10,betaSym,-0.184100910588146,0,-0.389097683403646,-1.57298675331972e-17,0.0716332378223495,-2.89588293629253e-18,0.0716332378223495,0.0716332378223495
B45_V035,THIRTEEN_STATE_TORQUE,12,11,betaDiff,0,0,-2.8052868875848e-14,8.14220926126055e-19,0,0,0,0
B45_V035,THIRTEEN_STATE_TORQUE,12,12,betaSymDot,0.662763278117327,0,1.40075166025313,3.49110816521842e-17,0.92836676217765,-2.31377829184232e-17,0.92836676217765,0.928366762177649
B45_V035,THIRTEEN_STATE_TORQUE,12,13,betaDiffDot,0,0,1.00938214215985e-13,-5.24066240625976e-18,0,0,0,0
B45_V035,THIRTEEN_STATE_TORQUE,13,1,u,1.98133891390557e-14,0,1.24216839680864e-17,-8.74972692547828e-18,2.46115658222065e-31,1.73361744434975e-31,3.01043537807437e-31,3.01043537807437e-31
B45_V035,THIRTEEN_STATE_TORQUE,13,2,v,-0.836576585392181,0,-3.11347966857784e-16,1.32694626996647e-17,2.60466418982683e-16,1.11009217952744e-17,2.60702868956917e-16,2.60702868956917e-16
B45_V035,THIRTEEN_STATE_TORQUE,13,3,w,3.3212500183408e-13,0,-1.43936882368027e-16,2.56630993855145e-17,-4.78050373204729e-29,-8.52335693048219e-30,4.85589250970015e-29,4.85589250970014e-29
B45_V035,THIRTEEN_STATE_TORQUE,13,4,p,0.487749101636626,0,-2.71150147176286e-16,-7.12862720422615e-16,-1.32253240693872e-16,3.47698151476372e-16,3.72001242221202e-16,3.72001242221201e-16
B45_V035,THIRTEEN_STATE_TORQUE,13,5,q,-3.08910625589493e-14,0,1.73865565363212e-15,-3.65180403568659e-15,-5.37089205648208e-29,-1.12808106919418e-28,1.249412547359e-28,1.249412547359e-28
B45_V035,THIRTEEN_STATE_TORQUE,13,6,r,0.0635865420847982,0,-3.3866850364938e-15,1.52467280565417e-15,-2.15347590600969e-16,-9.69486715222763e-17,2.36164412407071e-16,2.3616441240707e-16
B45_V035,THIRTEEN_STATE_TORQUE,13,7,phi,-0.142533021021594,0,-8.59052410197127e-16,-4.76051150506588e-16,1.22443335241278e-16,-6.78530086425095e-17,1.39987146291538e-16,1.39987146291538e-16
B45_V035,THIRTEEN_STATE_TORQUE,13,8,theta,8.58371812896716e-15,0,1.71800346485044e-15,-3.19944071431971e-16,1.47468574868651e-29,2.74630972620617e-30,1.50004007563186e-29,1.50004007563186e-29
B45_V035,THIRTEEN_STATE_TORQUE,13,9,psi,-0.0190168739422899,0,-1.27120125373272e-16,-1.34427123610739e-18,2.4174273997516e-18,-2.55638366413004e-20,2.41756256233704e-18,2.41756256233703e-18
B45_V035,THIRTEEN_STATE_TORQUE,13,10,betaSym,0,0,-1.08266295272884e-16,1.14423387699598e-17,0,0,0,0
B45_V035,THIRTEEN_STATE_TORQUE,13,11,betaDiff,-0.0518427467937181,0,-1.38174078829923,-1.30175606880944e-15,0.0716332378223496,-6.74866102624736e-17,0.0716332378223496,0.0716332378223495
B45_V035,THIRTEEN_STATE_TORQUE,13,12,betaSymDot,0,0,-8.78181825986798e-17,-8.78237033085858e-17,-0,0,0,0
B45_V035,THIRTEEN_STATE_TORQUE,13,13,betaDiffDot,0.186633888457385,0,4.97426683787723,7.92947151799335e-16,0.92836676217765,-1.47990810281518e-16,0.92836676217765,0.92836676217765
B45_V035,THIRTEEN_STATE_ANGLE_COMMAND,1,1,u,0,0,3.01526534293487e-12,-3.15080426320388e-28,0,0,0,0
B45_V035,THIRTEEN_STATE_ANGLE_COMMAND,1,2,v,0,0,-0.000241351548112483,-1.64482531523965e-18,-0,0,0,0
B45_V035,THIRTEEN_STATE_ANGLE_COMMAND,1,3,w,0,0,-1.12647689759619e-11,1.09659211521058e-27,0,0,0,0
B45_V035,THIRTEEN_STATE_ANGLE_COMMAND,1,4,p,0,0,1.4697938001344,2.52162288199386e-17,0,0,0,0
B45_V035,THIRTEEN_STATE_ANGLE_COMMAND,1,5,q,0,0,1.28558482082287e-10,2.28570842356086e-26,0,0,0,0
B45_V035,THIRTEEN_STATE_ANGLE_COMMAND,1,6,r,0,0,1.42324734229167,5.81133576177166e-17,0,0,0,0
B45_V035,THIRTEEN_STATE_ANGLE_COMMAND,1,7,phi,0,0,3.12489227185776,-1.34497775966119e-17,0,0,0,0
B45_V035,THIRTEEN_STATE_ANGLE_COMMAND,1,8,theta,0,0,4.6589350752838e-10,-1.1472124710813e-26,0,0,0,0
B45_V035,THIRTEEN_STATE_ANGLE_COMMAND,1,9,psi,1,0,1,0,1,0,1,1
B45_V035,THIRTEEN_STATE_ANGLE_COMMAND,1,10,betaSym,0,0,-6.85439286854783e-11,3.2437960422688e-27,0,0,0,0
B45_V035,THIRTEEN_STATE_ANGLE_COMMAND,1,11,betaDiff,0,0,9.53212498292901,9.15933995315754e-16,0,0,0,0
B45_V035,THIRTEEN_STATE_ANGLE_COMMAND,1,12,betaSymDot,0,0,-1.2880994955726e-11,2.027372526418e-28,0,0,0,0
B45_V035,THIRTEEN_STATE_ANGLE_COMMAND,1,13,betaDiffDot,0,0,1.48939452858266,2.09333817979266e-16,0,0,0,0
B45_V035,THIRTEEN_STATE_ANGLE_COMMAND,2,1,u,1.02176860299865e-12,0,-4.23437096564112e-15,4.10989697537374e-29,-4.32654730614115e-27,-4.19936369099599e-41,4.32654730614115e-27,4.32654730614115e-27
B45_V035,THIRTEEN_STATE_ANGLE_COMMAND,2,2,v,-0.467260750689339,0,-0.00158188787090604,7.29921308429897e-19,0.000739154114065919,3.41063578521098e-19,0.000739154114065919,0.000739154114065918
B45_V035,THIRTEEN_STATE_ANGLE_COMMAND,2,3,w,-3.27464616535144e-12,0,5.90054437700804e-14,3.84545852562593e-29,-1.93221950176554e-25,1.25925160149589e-40,1.93221950176554e-25,1.93221950176554e-25
B45_V035,THIRTEEN_STATE_ANGLE_COMMAND,2,4,p,-0.746171820989103,0,-1.09962856659449,-6.79051481372996e-19,0.820511849947446,-5.06689080401436e-19,0.820511849947446,0.820511849947446
B45_V035,THIRTEEN_STATE_ANGLE_COMMAND,2,5,q,1.71311849934354e-13,0,2.17917740944842e-12,5.86247594659493e-28,3.73318913347763e-25,-1.00431159960683e-40,3.73318913347763e-25,3.73318913347763e-25
B45_V035,THIRTEEN_STATE_ANGLE_COMMAND,2,6,r,-0.209413923151466,0,-0.83807847708945,-1.32448163817885e-17,0.175505301796108,-2.77364895993113e-18,0.175505301796108,0.175505301796108
B45_V035,THIRTEEN_STATE_ANGLE_COMMAND,2,7,phi,0.41059937236536,0,0.00789990039121268,2.11772909890871e-18,0.00324369414238079,-8.69538238851775e-19,0.00324369414238079,0.00324369414238079
B45_V035,THIRTEEN_STATE_ANGLE_COMMAND,2,8,theta,-8.47760785892944e-14,0,-4.79394443095322e-12,-3.91856541959909e-27,4.064118098312e-25,-3.32200609969224e-40,4.064118098312e-25,4.064118098312e-25
B45_V035,THIRTEEN_STATE_ANGLE_COMMAND,2,9,psi,0.111574946249264,0,0,0,0,0,0,0
B45_V035,THIRTEEN_STATE_ANGLE_COMMAND,2,10,betaSym,0,0,4.21810779822525e-12,-4.19722642168055e-28,0,0,0,0
B45_V035,THIRTEEN_STATE_ANGLE_COMMAND,2,11,betaDiff,0,0,-10.9964378598844,-7.33511667466995e-16,-0,0,0,0
B45_V035,THIRTEEN_STATE_ANGLE_COMMAND,2,12,betaSymDot,0,0,9.09360659490819e-13,-2.27477707063392e-29,0,0,0,0
B45_V035,THIRTEEN_STATE_ANGLE_COMMAND,2,13,betaDiffDot,0,0,-2.51103942449698,-1.34840205401062e-16,-0,0,0,0
B45_V035,THIRTEEN_STATE_ANGLE_COMMAND,3,1,u,1.87653063678433e-14,-7.98679233712242e-14,9.0694154662376e-14,2.34025012373657e-13,-1.6989188157197e-26,-1.16351048497226e-26,2.05914588872348e-26,1.9615825280151e-26
B45_V035,THIRTEEN_STATE_ANGLE_COMMAND,3,2,v,0.99939387175015,0,0.503925437945533,-0.0124723979629344,0.503619994501776,0.0124648380901857,0.503774226266672,0.479905151801379
B45_V035,THIRTEEN_STATE_ANGLE_COMMAND,3,3,w,-2.42012633651957e-13,1.34981467428002e-13,-1.45338056404019e-12,-2.06494941400269e-12,7.30065559352573e-26,-6.95923287306338e-25,6.99742223268532e-25,6.66588087223342e-25
B45_V035,THIRTEEN_STATE_ANGLE_COMMAND,3,4,p,-0.00209248177517715,0.0136910773190988,-0.475251947007091,9.01745114466662,0.124453076880556,0.0123621410262389,0.125065546317882,0.119139878265694
B45_V035,THIRTEEN_STATE_ANGLE_COMMAND,3,5,q,-5.66187633136604e-15,-4.41753564771027e-15,5.59120750524658e-11,-1.30992455696132e-11,-2.58700870115241e-25,-3.21159893131064e-25,4.12395219606556e-25,3.92855728118738e-25
B45_V035,THIRTEEN_STATE_ANGLE_COMMAND,3,6,r,0.000940179291836781,-0.0179516335540126,-0.398006654872279,-20.5506533649476,0.368543600888152,0.0264661683477651,0.369492684396616,0.351985936455972
B45_V035,THIRTEEN_STATE_ANGLE_COMMAND,3,7,phi,0.00859761954535697,0.00129394255799648,-0.493189178959626,5.89174581745085,0.0033833277295156,-0.0512931474641898,0.0514046095531172,0.0489690334769542
B45_V035,THIRTEEN_STATE_ANGLE_COMMAND,3,8,theta,-4.8714674001807e-15,7.86198365488993e-15,6.17634348217671e-11,1.71590435623701e-11,-1.65974439236526e-25,5.69172836370959e-25,5.92878766816996e-25,5.64787874714559e-25
B45_V035,THIRTEEN_STATE_ANGLE_COMMAND,3,9,psi,-0.0248880205538729,0.00138312308505937,0,0,-0,0,0,0
B45_V035,THIRTEEN_STATE_ANGLE_COMMAND,3,10,betaSym,-0,0,-1.2135303275186e-11,-3.04345335360904e-12,0,0,0,0
B45_V035,THIRTEEN_STATE_ANGLE_COMMAND,3,11,betaDiff,-0,0,-15.5983714477653,64.3455168684772,0,0,0,0
B45_V035,THIRTEEN_STATE_ANGLE_COMMAND,3,12,betaSymDot,-0,0,-2.80461156021806e-12,-6.00345668279771e-13,0,0,0,0
B45_V035,THIRTEEN_STATE_ANGLE_COMMAND,3,13,betaDiffDot,-0,0,-3.65980406580413,9.73973867006695,0,0,0,0
B45_V035,THIRTEEN_STATE_ANGLE_COMMAND,4,1,u,1.87653063678433e-14,7.98679233712242e-14,9.06941546623778e-14,-2.34025012373657e-13,-1.6989188157197e-26,1.16351048497227e-26,2.05914588872349e-26,1.9615825280151e-26
B45_V035,THIRTEEN_STATE_ANGLE_COMMAND,4,2,v,0.99939387175015,0,0.503925437945533,0.0124723979629344,0.503619994501776,-0.0124648380901857,0.503774226266672,0.479905151801379
B45_V035,THIRTEEN_STATE_ANGLE_COMMAND,4,3,w,-2.42012633651957e-13,-1.34981467428002e-13,-1.45338056404019e-12,2.06494941400269e-12,7.30065559352564e-26,6.95923287306338e-25,6.99742223268531e-25,6.66588087223341e-25
B45_V035,THIRTEEN_STATE_ANGLE_COMMAND,4,4,p,-0.00209248177517715,-0.0136910773190988,-0.475251947007091,-9.01745114466662,0.124453076880556,-0.0123621410262389,0.125065546317882,0.119139878265694
B45_V035,THIRTEEN_STATE_ANGLE_COMMAND,4,5,q,-5.66187633136604e-15,4.41753564771027e-15,5.59120750524659e-11,1.30992455696132e-11,-2.58700870115241e-25,3.21159893131065e-25,4.12395219606556e-25,3.92855728118739e-25
B45_V035,THIRTEEN_STATE_ANGLE_COMMAND,4,6,r,0.000940179291836781,0.0179516335540126,-0.398006654872279,20.5506533649476,0.368543600888152,-0.0264661683477651,0.369492684396617,0.351985936455972
B45_V035,THIRTEEN_STATE_ANGLE_COMMAND,4,7,phi,0.00859761954535697,-0.00129394255799648,-0.493189178959626,-5.89174581745085,0.0033833277295156,0.0512931474641898,0.0514046095531172,0.0489690334769542
B45_V035,THIRTEEN_STATE_ANGLE_COMMAND,4,8,theta,-4.8714674001807e-15,-7.86198365488993e-15,6.17634348217669e-11,-1.71590435623701e-11,-1.65974439236525e-25,-5.69172836370957e-25,5.92878766816994e-25,5.64787874714557e-25
B45_V035,THIRTEEN_STATE_ANGLE_COMMAND,4,9,psi,-0.0248880205538729,-0.00138312308505937,0,0,0,0,0,0
B45_V035,THIRTEEN_STATE_ANGLE_COMMAND,4,10,betaSym,-0,0,-1.21353032751861e-11,3.04345335360904e-12,0,0,0,0
B45_V035,THIRTEEN_STATE_ANGLE_COMMAND,4,11,betaDiff,-0,0,-15.5983714477653,-64.3455168684772,0,0,0,0
B45_V035,THIRTEEN_STATE_ANGLE_COMMAND,4,12,betaSymDot,-0,0,-2.80461156021806e-12,6.00345668279771e-13,0,0,0,0
B45_V035,THIRTEEN_STATE_ANGLE_COMMAND,4,13,betaDiffDot,-0,0,-3.65980406580413,-9.73973867006695,0,0,0,0
B45_V035,THIRTEEN_STATE_ANGLE_COMMAND,5,1,u,-0.264483962744269,0.0783224014440912,-0.0460857741693418,-0.0102425698022031,0.0113867255145777,-0.00631854395532438,0.0130223467800432,0.0128662499184967
B45_V035,THIRTEEN_STATE_ANGLE_COMMAND,5,2,v,-7.84052336369287e-14,-2.2508580586357e-12,3.21955564320071e-14,6.46968720524043e-14,-1.48147775951799e-25,-6.73950542783963e-26,1.62757048574409e-25,1.60806104946032e-25
B45_V035,THIRTEEN_STATE_ANGLE_COMMAND,5,3,w,0.960314556824943,0,0.495613201800858,0.0391884345242493,0.475944572243982,-0.0376332241328178,0.477430094785758,0.471707213905476
B45_V035,THIRTEEN_STATE_ANGLE_COMMAND,5,4,p,-1.23778287774572e-14,9.66442710494189e-14,1.79206333740748e-12,5.7194434124931e-12,5.30569586260008e-25,2.43986946180329e-25,5.83980920724743e-25,5.76980831534377e-25
B45_V035,THIRTEEN_STATE_ANGLE_COMMAND,5,5,q,-0.000931428444948533,0.031692148400209,0.263080647373009,15.4828019767272,0.49043821709921,0.0227587130863976,0.490965990484882,0.485080856911399
B45_V035,THIRTEEN_STATE_ANGLE_COMMAND,5,6,r,-5.76659600997786e-14,1.46073242388979e-14,6.20625341919978e-12,7.58638626845408e-13,-3.46807881638206e-25,1.34404380788838e-25,3.71941183981568e-25,3.67482782398499e-25
B45_V035,THIRTEEN_STATE_ANGLE_COMMAND,5,7,phi,9.06339135105724e-14,-6.26814528767057e-15,1.05173349284762e-11,4.51612705994769e-12,9.24919483719901e-25,-4.75238452724835e-25,1.03986904863689e-24,1.0274042987993e-24
B45_V035,THIRTEEN_STATE_ANGLE_COMMAND,5,8,theta,0.0247256940483694,-0.00965230842282908,0.489835405718394,-1.04834660509243,0.0222304851422299,0.0211930550017467,0.0307138413417463,0.0303456792646288
B45_V035,THIRTEEN_STATE_ANGLE_COMMAND,5,9,psi,3.24392956205633e-14,4.26975568336631e-14,0,0,0,0,0,0
B45_V035,THIRTEEN_STATE_ANGLE_COMMAND,5,10,betaSym,0,0,2.45962126623817,-1.49114722119685,0,0,0,0
B45_V035,THIRTEEN_STATE_ANGLE_COMMAND,5,11,betaDiff,0,0,-6.58513437486002e-14,4.7974364285937e-11,0,0,0,0
B45_V035,THIRTEEN_STATE_ANGLE_COMMAND,5,12,betaSymDot,0,0,0.491720442239123,-0.442248163596023,0,0,0,0
B45_V035,THIRTEEN_STATE_ANGLE_COMMAND,5,13,betaDiffDot,0,0,-1.45940411172929e-12,7.81541564620731e-12,0,0,0,0
B45_V035,THIRTEEN_STATE_ANGLE_COMMAND,6,1,u,-0.264483962744269,-0.0783224014440912,-0.0460857741693418,0.0102425698022031,0.0113867255145777,0.00631854395532439,0.0130223467800432,0.0128662499184967
B45_V035,THIRTEEN_STATE_ANGLE_COMMAND,6,2,v,-7.84052336369287e-14,2.2508580586357e-12,3.21955564320101e-14,-6.46968720524044e-14,-1.481477759518e-25,6.73950542784031e-26,1.62757048574412e-25,1.60806104946035e-25
B45_V035,THIRTEEN_STATE_ANGLE_COMMAND,6,3,w,0.960314556824943,0,0.495613201800858,-0.0391884345242493,0.475944572243982,0.0376332241328178,0.477430094785758,0.471707213905476
B45_V035,THIRTEEN_STATE_ANGLE_COMMAND,6,4,p,-1.23778287774572e-14,-9.66442710494189e-14,1.79206333740763e-12,-5.7194434124931e-12,5.30569586260006e-25,-2.43986946180345e-25,5.83980920724748e-25,5.76980831534382e-25
B45_V035,THIRTEEN_STATE_ANGLE_COMMAND,6,5,q,-0.000931428444948533,-0.031692148400209,0.263080647373009,-15.4828019767272,0.49043821709921,-0.0227587130863976,0.490965990484882,0.485080856911399
B45_V035,THIRTEEN_STATE_ANGLE_COMMAND,6,6,r,-5.76659600997786e-14,-1.46073242388979e-14,6.2062534191997e-12,-7.58638626845408e-13,-3.46807881638201e-25,-1.34404380788837e-25,3.71941183981564e-25,3.67482782398494e-25
B45_V035,THIRTEEN_STATE_ANGLE_COMMAND,6,7,phi,9.06339135105724e-14,6.26814528767057e-15,1.05173349284767e-11,-4.51612705994769e-12,9.24919483719944e-25,4.75238452724839e-25,1.03986904863693e-24,1.02740429879934e-24
B45_V035,THIRTEEN_STATE_ANGLE_COMMAND,6,8,theta,0.0247256940483694,0.00965230842282908,0.489835405718393,1.04834660509243,0.0222304851422298,-0.0211930550017467,0.0307138413417463,0.0303456792646288
B45_V035,THIRTEEN_STATE_ANGLE_COMMAND,6,9,psi,3.24392956205633e-14,-4.26975568336631e-14,0,0,0,0,0,0
B45_V035,THIRTEEN_STATE_ANGLE_COMMAND,6,10,betaSym,0,0,2.45962126623817,1.49114722119685,0,0,0,0
B45_V035,THIRTEEN_STATE_ANGLE_COMMAND,6,11,betaDiff,0,0,-6.5851343758334e-14,-4.79743642859375e-11,0,0,0,0
B45_V035,THIRTEEN_STATE_ANGLE_COMMAND,6,12,betaSymDot,0,0,0.491720442239122,0.442248163596023,0,0,0,0
B45_V035,THIRTEEN_STATE_ANGLE_COMMAND,6,13,betaDiffDot,0,0,-1.45940411173587e-12,-7.81541564620744e-12,0,0,0,0
B45_V035,THIRTEEN_STATE_ANGLE_COMMAND,7,1,u,-7.33472028247205e-09,0,7.91364665560702e-11,-1.96564767656542e-27,-5.80443846331979e-19,-1.44174758814984e-35,5.80443846331979e-19,5.02638304954007e-19
B45_V035,THIRTEEN_STATE_ANGLE_COMMAND,7,2,v,0.284956718808391,0,-0.0280012457715854,-1.68474512808509e-18,-0.0079791431176183,4.80079443727549e-19,0.0079791431176183,0.0069095796207843
B45_V035,THIRTEEN_STATE_ANGLE_COMMAND,7,3,w,-7.09843077286107e-10,0,-1.03721536815609e-10,9.87360019104295e-27,7.36260148740364e-20,7.00870674350262e-36,7.36260148740364e-20,6.37568225602969e-20
B45_V035,THIRTEEN_STATE_ANGLE_COMMAND,7,4,p,-0.0453576450403102,0,1.5304587274508,2.7650857647256e-17,-0.0694180037085583,1.25417778622438e-18,0.0694180037085583,0.0601128738599884
B45_V035,THIRTEEN_STATE_ANGLE_COMMAND,7,5,q,-1.61970217419789e-12,0,1.29472123580735e-09,2.57950336525686e-25,-2.09706280061734e-21,4.17802720905731e-37,2.09706280061734e-21,1.81596221261607e-21
B45_V035,THIRTEEN_STATE_ANGLE_COMMAND,7,6,r,0.0616626030652337,0,1.41751226971588,-5.8017307529081e-17,0.0874074964275886,3.57749820507932e-18,0.0874074964275886,0.0756909667012109
B45_V035,THIRTEEN_STATE_ANGLE_COMMAND,7,7,phi,0.285105854021392,0,3.4723582011203,1.56870239153866e-17,0.989989650398588,-4.47246235045029e-18,0.989989650398588,0.857286579818016
B45_V035,THIRTEEN_STATE_ANGLE_COMMAND,7,8,theta,2.22489266407838e-11,0,4.91494171962012e-09,-4.72215749974343e-26,1.09352177763556e-19,1.05062935798019e-36,1.09352177763556e-19,9.46940752691976e-20
B45_V035,THIRTEEN_STATE_ANGLE_COMMAND,7,9,psi,-0.911951055610061,0,0,0,-0,0,0,0
B45_V035,THIRTEEN_STATE_ANGLE_COMMAND,7,10,betaSym,0,0,-6.06641619235418e-10,2.44950123458473e-26,0,0,0,0
B45_V035,THIRTEEN_STATE_ANGLE_COMMAND,7,11,betaDiff,0,0,10.1145956719177,1.23523103756109e-15,0,0,0,0
B45_V035,THIRTEEN_STATE_ANGLE_COMMAND,7,12,betaSymDot,0,0,-1.17994770905519e-10,-1.46663826681467e-27,-0,0,0,0
B45_V035,THIRTEEN_STATE_ANGLE_COMMAND,7,13,betaDiffDot,0,0,1.59858933333569,1.99976525828675e-16,0,0,0,0
B45_V035,THIRTEEN_STATE_ANGLE_COMMAND,8,1,u,-0.994208966755306,0,0.451805709437233,-3.32372551962482e-17,-0.449189287553739,-3.30447771464443e-17,0.449189287553739,0.236617339367259
B45_V035,THIRTEEN_STATE_ANGLE_COMMAND,8,2,v,-2.446840179115e-12,0,1.68345613966228e-12,1.57018407593478e-27,-4.11914812230351e-24,3.8419894856038e-39,4.11914812230351e-24,2.16982438398532e-24
B45_V035,THIRTEEN_STATE_ANGLE_COMMAND,8,3,w,-0.106550894384415,0,-2.0863805575603,1.76104440925209e-16,0.222305714434305,1.87640856856484e-17,0.222305714434305,0.117102941083139
B45_V035,THIRTEEN_STATE_ANGLE_COMMAND,8,4,p,2.68178039393013e-14,0,-8.82981061862801e-11,-7.9119317099623e-26,-2.36796129991526e-24,2.1218063337891e-39,2.36796129991526e-24,1.24735989489409e-24
B45_V035,THIRTEEN_STATE_ANGLE_COMMAND,8,5,q,0.000557806483493842,0,25.3255010859901,4.55815608378649e-15,0.0141267287034956,-2.542569016313e-18,0.0141267287034956,0.00744147078392719
B45_V035,THIRTEEN_STATE_ANGLE_COMMAND,8,6,r,-1.1610514067006e-13,0,-6.79240024004162e-11,-7.12582704051168e-26,7.88632585357379e-24,-8.27345150929124e-39,7.88632585357379e-24,4.15424297186208e-24
B45_V035,THIRTEEN_STATE_ANGLE_COMMAND,8,7,phi,-4.88500166632597e-13,0,-2.03593444514839e-10,-1.79114547941325e-25,9.94554315708031e-23,-8.74974865156599e-38,9.94554315708031e-23,5.23896723629913e-23
B45_V035,THIRTEEN_STATE_ANGLE_COMMAND,8,8,theta,0.0139687573232153,0,86.8192364112739,-7.64576895660565e-16,1.21275684441594,1.06801891104197e-17,1.21275684441594,0.638838248765675
B45_V035,THIRTEEN_STATE_ANGLE_COMMAND,8,9,psi,-3.13038193050123e-12,0,0,0,-0,0,0,0
B45_V035,THIRTEEN_STATE_ANGLE_COMMAND,8,10,betaSym,0,0,-12.113257156575,4.45313660238989e-16,0,0,0,0
B45_V035,THIRTEEN_STATE_ANGLE_COMMAND,8,11,betaDiff,0,0,-5.70081551671525e-10,-3.44640712204892e-23,-0,0,0,0
B45_V035,THIRTEEN_STATE_ANGLE_COMMAND,8,12,betaSymDot,0,0,-2.30599842089772,-1.50760027816783e-17,-0,0,0,0
B45_V035,THIRTEEN_STATE_ANGLE_COMMAND,8,13,betaDiffDot,0,0,-8.852291433302e-11,-7.68362757832751e-24,-0,0,0,0
B45_V035,THIRTEEN_STATE_ANGLE_COMMAND,9,1,u,0.99543794425454,0,1.43295304821115,-3.22392847026137e-17,1.42641583652458,3.20922072886066e-17,1.42641583652458,0.765727092254733
B45_V035,THIRTEEN_STATE_ANGLE_COMMAND,9,2,v,-1.51306871536476e-11,0,-2.04653631992022e-10,-1.08372841347112e-26,3.096550080529e-21,-1.63975555837503e-37,3.096550080529e-21,1.66228685105023e-21
B45_V035,THIRTEEN_STATE_ANGLE_COMMAND,9,3,w,0.0953652893190383,0,-1.8266065165441,1.7155548152595e-16,-0.174194858922268,-1.63604381299891e-17,0.174194858922268,0.0935111062235974
B45_V035,THIRTEEN_STATE_ANGLE_COMMAND,9,4,p,2.49064551655469e-12,0,1.11913894790495e-08,1.2434256945531e-25,2.7873784030012e-20,-3.09693263130757e-37,2.7873784030012e-20,1.49631762694396e-20
B45_V035,THIRTEEN_STATE_ANGLE_COMMAND,9,5,q,0.00021727629442525,0,22.9976174405149,4.60388613826019e-15,0.00499683709808459,-1.00031532007695e-18,0.00499683709808459,0.00268239698663844
B45_V035,THIRTEEN_STATE_ANGLE_COMMAND,9,6,r,-3.36715463552503e-12,0,1.03776212857948e-08,-4.98833623384987e-25,-3.4943055618187e-20,-1.6796499473365e-36,3.4943055618187e-20,1.87580954220208e-20
B45_V035,THIRTEEN_STATE_ANGLE_COMMAND,9,7,phi,-1.5585830804707e-11,0,2.53879905918356e-08,-6.40729684905249e-26,-3.95692925835842e-19,-9.98630446048642e-37,3.95692925835842e-19,2.12415472240044e-19
B45_V035,THIRTEEN_STATE_ANGLE_COMMAND,9,8,theta,-0.00295186761283764,0,87.1373138760564,-6.76569363107048e-16,-0.257217814700399,-1.99714319079388e-18,0.257217814700399,0.138079404535031
B45_V035,THIRTEEN_STATE_ANGLE_COMMAND,9,9,psi,4.92520306283266e-11,0,0,0,0,0,0,0
B45_V035,THIRTEEN_STATE_ANGLE_COMMAND,9,10,betaSym,0,0,-10.6273231295622,4.17114525233117e-16,0,0,0,0
B45_V035,THIRTEEN_STATE_ANGLE_COMMAND,9,11,betaDiff,0,0,7.39775778226432e-08,-2.462188889369e-23,0,0,0,0
B45_V035,THIRTEEN_STATE_ANGLE_COMMAND,9,12,betaSymDot,0,0,-2.07273523426222,-3.23606713428856e-17,-0,0,0,0
B45_V035,THIRTEEN_STATE_ANGLE_COMMAND,9,13,betaDiffDot,0,0,1.16934832523527e-08,-5.72190986268365e-24,0,0,0,0
B45_V035,THIRTEEN_STATE_ANGLE_COMMAND,10,1,u,-0.0672479123470878,0.00825995906188498,0,0,-0,0,0,0
B45_V035,THIRTEEN_STATE_ANGLE_COMMAND,10,2,v,-2.11541446398672e-13,2.73308016507675e-13,0,0,-0,0,0,0
B45_V035,THIRTEEN_STATE_ANGLE_COMMAND,10,3,w,-0.00609747736983321,-0.587012955550256,0,0,0,0,0,0
B45_V035,THIRTEEN_STATE_ANGLE_COMMAND,10,4,p,-7.1848305493091e-14,3.29469252253884e-13,0,0,-0,0,0,0
B45_V035,THIRTEEN_STATE_ANGLE_COMMAND,10,5,q,-0.00708282735762663,0.012695535283753,0,0,-0,0,0,0
B45_V035,THIRTEEN_STATE_ANGLE_COMMAND,10,6,r,-3.51860048670352e-15,1.57394345774295e-13,0,0,-0,0,0,0
B45_V035,THIRTEEN_STATE_ANGLE_COMMAND,10,7,phi,7.34678915560781e-14,-6.7591178878741e-14,0,0,0,0,0,0
B45_V035,THIRTEEN_STATE_ANGLE_COMMAND,10,8,theta,0.00332089576408834,-0.00147668295310691,0,0,0,0,0,0
B45_V035,THIRTEEN_STATE_ANGLE_COMMAND,10,9,psi,2.61775061057391e-14,-3.33244595531958e-14,0,0,0,0,0,0
B45_V035,THIRTEEN_STATE_ANGLE_COMMAND,10,10,betaSym,0.156498575842755,0.117373931882048,0,4.25988967041217,0.5,-0.666666666666769,0.833333333333415,0.5
B45_V035,THIRTEEN_STATE_ANGLE_COMMAND,10,11,betaDiff,0,0,0,0,0,0,0,0
B45_V035,THIRTEEN_STATE_ANGLE_COMMAND,10,12,betaSymDot,-0.78249287921369,0,-0.638983450561798,0.851977934082528,0.5,0.666666666666769,0.833333333333415,0.5
B45_V035,THIRTEEN_STATE_ANGLE_COMMAND,10,13,betaDiffDot,0,0,0,0,0,0,0,0
B45_V035,THIRTEEN_STATE_ANGLE_COMMAND,11,1,u,-0.0672479123470878,-0.00825995906188498,0,0,0,0,0,0
B45_V035,THIRTEEN_STATE_ANGLE_COMMAND,11,2,v,-2.11541446398672e-13,-2.73308016507675e-13,0,0,0,0,0,0
B45_V035,THIRTEEN_STATE_ANGLE_COMMAND,11,3,w,-0.00609747736983321,0.587012955550256,0,0,-0,0,0,0
B45_V035,THIRTEEN_STATE_ANGLE_COMMAND,11,4,p,-7.1848305493091e-14,-3.29469252253884e-13,0,0,0,0,0,0
B45_V035,THIRTEEN_STATE_ANGLE_COMMAND,11,5,q,-0.00708282735762663,-0.012695535283753,0,0,0,0,0,0
B45_V035,THIRTEEN_STATE_ANGLE_COMMAND,11,6,r,-3.51860048670352e-15,-1.57394345774295e-13,0,0,0,0,0,0
B45_V035,THIRTEEN_STATE_ANGLE_COMMAND,11,7,phi,7.34678915560781e-14,6.7591178878741e-14,0,0,0,0,0,0
B45_V035,THIRTEEN_STATE_ANGLE_COMMAND,11,8,theta,0.00332089576408834,0.00147668295310691,0,0,0,0,0,0
B45_V035,THIRTEEN_STATE_ANGLE_COMMAND,11,9,psi,2.61775061057391e-14,3.33244595531958e-14,0,0,0,0,0,0
B45_V035,THIRTEEN_STATE_ANGLE_COMMAND,11,10,betaSym,0.156498575842755,-0.117373931882048,0,-4.25988967041217,0.5,0.666666666666769,0.833333333333415,0.5
B45_V035,THIRTEEN_STATE_ANGLE_COMMAND,11,11,betaDiff,0,0,0,0,0,0,0,0
B45_V035,THIRTEEN_STATE_ANGLE_COMMAND,11,12,betaSymDot,-0.78249287921369,0,-0.638983450561798,-0.851977934082528,0.5,-0.666666666666769,0.833333333333415,0.5
B45_V035,THIRTEEN_STATE_ANGLE_COMMAND,11,13,betaDiffDot,0,0,0,0,0,0,0,0
B45_V035,THIRTEEN_STATE_ANGLE_COMMAND,12,1,u,-1.45039219858061e-13,1.05453632532526e-13,0,0,-0,0,0,0
B45_V035,THIRTEEN_STATE_ANGLE_COMMAND,12,2,v,0.893625759944926,0,0,0,0,0,0,0
B45_V035,THIRTEEN_STATE_ANGLE_COMMAND,12,3,w,9.46301080161561e-14,-1.12305838729582e-13,0,0,0,0,0,0
B45_V035,THIRTEEN_STATE_ANGLE_COMMAND,12,4,p,-0.350294962031649,0.0630432704192674,0,0,-0,0,0,0
B45_V035,THIRTEEN_STATE_ANGLE_COMMAND,12,5,q,2.42919518231325e-15,2.5561531932005e-14,0,0,0,0,0,0
B45_V035,THIRTEEN_STATE_ANGLE_COMMAND,12,6,r,-0.0314996761894847,-0.0291415129452013,0,0,0,0,0,0
B45_V035,THIRTEEN_STATE_ANGLE_COMMAND,12,7,phi,0.0802849994747555,0.0441461300779633,0,0,0,0,0,0
B45_V035,THIRTEEN_STATE_ANGLE_COMMAND,12,8,theta,3.34797518997992e-15,-5.47661968029542e-15,0,0,0,0,0,0
B45_V035,THIRTEEN_STATE_ANGLE_COMMAND,12,9,psi,0.00207655275487849,0.0113622100070852,0,0,0,0,0,0
B45_V035,THIRTEEN_STATE_ANGLE_COMMAND,12,10,betaSym,0,0,0,0,0,0,0,0
B45_V035,THIRTEEN_STATE_ANGLE_COMMAND,12,11,betaDiff,0.0210254554080357,-0.0578371798851286,12.9569943606617,-3.93472318843561,0.5,-0.666666666666769,0.833333333333415,0.5
B45_V035,THIRTEEN_STATE_ANGLE_COMMAND,12,12,betaSymDot,0,0,0,0,0,0,0,0
B45_V035,THIRTEEN_STATE_ANGLE_COMMAND,12,13,betaDiffDot,0.071527774418573,0.23554006861169,3.18160735039794,1.15660451641196,0.5,0.666666666666769,0.833333333333415,0.5
B45_V035,THIRTEEN_STATE_ANGLE_COMMAND,13,1,u,-1.45039219858061e-13,-1.05453632532526e-13,0,0,0,0,0,0
B45_V035,THIRTEEN_STATE_ANGLE_COMMAND,13,2,v,0.893625759944926,0,0,0,0,0,0,0
B45_V035,THIRTEEN_STATE_ANGLE_COMMAND,13,3,w,9.46301080161561e-14,1.12305838729582e-13,0,0,0,0,0,0
B45_V035,THIRTEEN_STATE_ANGLE_COMMAND,13,4,p,-0.350294962031649,-0.0630432704192674,0,0,0,0,0,0
B45_V035,THIRTEEN_STATE_ANGLE_COMMAND,13,5,q,2.42919518231325e-15,-2.5561531932005e-14,0,0,0,0,0,0
B45_V035,THIRTEEN_STATE_ANGLE_COMMAND,13,6,r,-0.0314996761894847,0.0291415129452013,0,0,-0,0,0,0
B45_V035,THIRTEEN_STATE_ANGLE_COMMAND,13,7,phi,0.0802849994747555,-0.0441461300779633,0,0,0,0,0,0
B45_V035,THIRTEEN_STATE_ANGLE_COMMAND,13,8,theta,3.34797518997992e-15,5.47661968029542e-15,0,0,0,0,0,0
B45_V035,THIRTEEN_STATE_ANGLE_COMMAND,13,9,psi,0.00207655275487849,-0.0113622100070852,0,0,0,0,0,0
B45_V035,THIRTEEN_STATE_ANGLE_COMMAND,13,10,betaSym,0,0,0,0,0,0,0,0
B45_V035,THIRTEEN_STATE_ANGLE_COMMAND,13,11,betaDiff,0.0210254554080357,0.0578371798851286,12.9569943606617,3.93472318843562,0.5,0.666666666666769,0.833333333333415,0.5
B45_V035,THIRTEEN_STATE_ANGLE_COMMAND,13,12,betaSymDot,0,0,0,0,0,0,0,0
B45_V035,THIRTEEN_STATE_ANGLE_COMMAND,13,13,betaDiffDot,0.071527774418573,-0.23554006861169,3.18160735039794,-1.15660451641196,0.5,-0.666666666666769,0.833333333333415,0.5
B75_V080,NINE_STATE_PHYSICAL_CONTROL,1,1,u,0,0,-7.69246692365297e-13,2.84647987032211e-30,0,0,0,0
B75_V080,NINE_STATE_PHYSICAL_CONTROL,1,2,v,0,0,-0.00019054837428553,-2.15191039356958e-18,-0,0,0,0
B75_V080,NINE_STATE_PHYSICAL_CONTROL,1,3,w,0,0,9.73312699304347e-13,4.4713875830671e-29,0,0,0,0
B75_V080,NINE_STATE_PHYSICAL_CONTROL,1,4,p,0,0,0.982938674145169,2.35208569639583e-17,0,0,0,0
B75_V080,NINE_STATE_PHYSICAL_CONTROL,1,5,q,0,0,-7.4686554496428e-12,-2.0231249329567e-27,-0,0,0,0
B75_V080,NINE_STATE_PHYSICAL_CONTROL,1,6,r,0,0,0.257986073031416,1.89278994591796e-17,0,0,0,0
B75_V080,NINE_STATE_PHYSICAL_CONTROL,1,7,phi,0,0,1.65801725998091,9.44738709556993e-18,0,0,0,0
B75_V080,NINE_STATE_PHYSICAL_CONTROL,1,8,theta,0,0,-9.43916389295156e-11,2.15990820299309e-28,0,0,0,0
B75_V080,NINE_STATE_PHYSICAL_CONTROL,1,9,psi,1,0,1,0,1,0,1,1
B75_V080,NINE_STATE_PHYSICAL_CONTROL,2,1,u,6.4925523534559e-15,7.07377130931807e-16,-1.3955390189409e-15,1.21466159037238e-13,7.68617729433034e-29,-7.89612569109788e-28,7.93344654885976e-28,7.10899580029769e-28
B75_V080,NINE_STATE_PHYSICAL_CONTROL,2,2,v,0.999627955132377,0,0.534050829696784,0.106799015741572,0.533852138826545,-0.106759281715898,0.544422308839536,0.487845463291726
B75_V080,NINE_STATE_PHYSICAL_CONTROL,2,3,w,8.26433670907056e-16,-1.00595662187849e-14,-1.5610294086497e-13,-3.43601245289888e-13,3.32747075339216e-27,1.85429150905139e-27,3.80925958884667e-27,3.41339797937465e-27
B75_V080,NINE_STATE_PHYSICAL_CONTROL,2,4,p,0.00368821521846728,0.0119056506163883,-3.96028437168641,5.73611765467779,0.0536858316019784,-0.0683057984997426,0.0868783668325057,0.0778498904789083
B75_V080,NINE_STATE_PHYSICAL_CONTROL,2,5,q,3.68516159470466e-16,-4.45678570265608e-18,5.42842644508295e-12,-1.57356733105961e-12,2.00747591789312e-27,5.55691656141914e-28,2.08296730114195e-27,1.86650350573091e-27
B75_V080,NINE_STATE_PHYSICAL_CONTROL,2,6,r,0.00606554583607599,-0.0193264690080752,-2.0957944103027,-22.923209516067,0.4303125612192,0.17954608374769,0.466267837762975,0.417812873642828
B75_V080,NINE_STATE_PHYSICAL_CONTROL,2,7,phi,0.00418542944401265,-0.00425707124052856,-1.56103949813247,2.65837951247629,-0.0178505316477235,-0.00448100353204936,0.0184043710232275,0.0164917725865374
B75_V080,NINE_STATE_PHYSICAL_CONTROL,2,8,theta,-7.27253518811177e-17,-2.02485483618207e-16,1.38066054900034e-11,2.02953447733004e-11,-5.11360294416426e-27,-1.31965109958225e-27,5.28113757586318e-27,4.73231711039909e-27
B75_V080,NINE_STATE_PHYSICAL_CONTROL,2,9,psi,-0.011939152504708,0.000341733007013082,0,0,-0,0,0,0
B75_V080,NINE_STATE_PHYSICAL_CONTROL,3,1,u,6.4925523534559e-15,-7.07377130931807e-16,-1.39553901894082e-15,-1.21466159037238e-13,7.68617729433039e-29,7.89612569109788e-28,7.93344654885976e-28,7.10899580029769e-28
B75_V080,NINE_STATE_PHYSICAL_CONTROL,3,2,v,0.999627955132377,0,0.534050829696784,-0.106799015741572,0.533852138826545,0.106759281715898,0.544422308839536,0.487845463291726
B75_V080,NINE_STATE_PHYSICAL_CONTROL,3,3,w,8.26433670907056e-16,1.00595662187849e-14,-1.56102940864974e-13,3.43601245289888e-13,3.32747075339216e-27,-1.85429150905143e-27,3.80925958884669e-27,3.41339797937466e-27
B75_V080,NINE_STATE_PHYSICAL_CONTROL,3,4,p,0.00368821521846728,-0.0119056506163883,-3.96028437168641,-5.7361176546778,0.0536858316019784,0.0683057984997426,0.0868783668325057,0.0778498904789083
B75_V080,NINE_STATE_PHYSICAL_CONTROL,3,5,q,3.68516159470466e-16,4.45678570265608e-18,5.42842644508294e-12,1.57356733105961e-12,2.00747591789311e-27,-5.55691656141914e-28,2.08296730114194e-27,1.8665035057309e-27
B75_V080,NINE_STATE_PHYSICAL_CONTROL,3,6,r,0.00606554583607599,0.0193264690080752,-2.0957944103027,22.923209516067,0.4303125612192,-0.17954608374769,0.466267837762975,0.417812873642828
B75_V080,NINE_STATE_PHYSICAL_CONTROL,3,7,phi,0.00418542944401265,0.00425707124052856,-1.56103949813247,-2.65837951247629,-0.0178505316477235,0.00448100353204936,0.0184043710232275,0.0164917725865374
B75_V080,NINE_STATE_PHYSICAL_CONTROL,3,8,theta,-7.27253518811177e-17,2.02485483618207e-16,1.38066054900036e-11,-2.02953447733004e-11,-5.11360294416427e-27,1.31965109958228e-27,5.2811375758632e-27,4.73231711039911e-27
B75_V080,NINE_STATE_PHYSICAL_CONTROL,3,9,psi,-0.011939152504708,-0.000341733007013082,0,0,0,0,0,0
B75_V080,NINE_STATE_PHYSICAL_CONTROL,4,1,u,-8.14172327632464e-15,0,8.24317954469553e-14,-1.12329659905603e-29,-6.71136867699708e-28,-9.14557006675083e-44,6.71136867699708e-28,5.91553083411659e-28
B75_V080,NINE_STATE_PHYSICAL_CONTROL,4,2,v,0.984853913042797,0,-0.0479546357660166,-3.46656848215405e-18,-0.0472283106827035,3.41406353448024e-18,0.0472283106827035,0.0416279512470139
B75_V080,NINE_STATE_PHYSICAL_CONTROL,4,3,w,6.82155879155142e-15,0,-2.4837812708851e-13,4.73901534381108e-30,-1.6943259964697e-27,-3.23274717818716e-44,1.6943259964697e-27,1.49341187431927e-27
B75_V080,NINE_STATE_PHYSICAL_CONTROL,4,4,p,0.148207187702505,0,6.3628034846053,9.55336734382165e-17,0.943013210357049,-1.41587770711675e-17,0.943013210357049,0.831190177640843
B75_V080,NINE_STATE_PHYSICAL_CONTROL,4,5,q,4.57601488862425e-17,0,-3.02311143743498e-12,3.7893621170409e-28,-1.38338029476727e-28,-1.73401774659679e-44,1.38338029476727e-28,1.21933828744254e-28
B75_V080,NINE_STATE_PHYSICAL_CONTROL,4,6,r,0.03214027074449,0,3.86597879560006,-1.14064902595579e-16,0.124253605183043,3.66607685186578e-18,0.124253605183043,0.109519543342882
B75_V080,NINE_STATE_PHYSICAL_CONTROL,4,7,phi,-0.0822144217136396,0,0.24373466892687,4.22462190510771e-17,-0.020038504857388,3.47324846887205e-18,0.020038504857388,0.017662327769261
B75_V080,NINE_STATE_PHYSICAL_CONTROL,4,8,theta,-2.46445093841979e-17,0,2.17233267361734e-11,-1.10208026543897e-27,-5.35360729605623e-28,-2.71602274437501e-44,5.35360729605623e-28,4.71877355540275e-28
B75_V080,NINE_STATE_PHYSICAL_CONTROL,4,9,psi,-0.0174697262820185,0,0,0,-0,0,0,0
B75_V080,NINE_STATE_PHYSICAL_CONTROL,5,1,u,-0.135539818353172,-0.0198657987617441,-0.111980920393792,-0.034835474259763,0.0158699081306099,-0.00249700342371694,0.0160651489309017,0.015942970419187
B75_V080,NINE_STATE_PHYSICAL_CONTROL,5,2,v,3.69960497243073e-14,-1.3339742809654e-13,1.72087841562236e-15,-4.66871869701975e-15,6.86460770122518e-28,-5.68366056471255e-29,6.88809689724736e-28,6.83571161086921e-28
B75_V080,NINE_STATE_PHYSICAL_CONTROL,5,3,w,0.989742011402492,0,0.491048355150601,0.0428501222218892,0.486011186722641,-0.0424105661567352,0.487858104105369,0.484147850478467
B75_V080,NINE_STATE_PHYSICAL_CONTROL,5,4,p,7.16809521837459e-16,2.63561786855276e-14,2.02352708516014e-14,3.08293139474144e-14,8.27047741973672e-28,5.11225668525633e-28,9.72296072018821e-28,9.6490157555095e-28
B75_V080,NINE_STATE_PHYSICAL_CONTROL,5,5,q,-0.00372229436347786,0.0385519303192166,-0.0660934069458404,12.9580071612091,0.49980220827098,0.0456854885989387,0.501885854812697,0.498068917474894
B75_V080,NINE_STATE_PHYSICAL_CONTROL,5,6,r,-3.64212796291694e-15,5.76045914448994e-16,-2.48524404980147e-13,-1.06857350555156e-14,8.99002210823872e-28,-1.82080282579696e-28,9.17255800946776e-28,9.10279896203942e-28
B75_V080,NINE_STATE_PHYSICAL_CONTROL,5,7,phi,7.81008333189437e-15,-2.60687456072374e-15,1.1769278649334e-14,9.66074303677488e-15,6.67347017473263e-29,-1.06132241274248e-28,1.25369745374232e-28,1.2441628462701e-28
B75_V080,NINE_STATE_PHYSICAL_CONTROL,5,8,theta,0.0117449857232069,-0.00264708311003376,-0.122186563848992,0.0937725284542529,-0.00168330312423053,-0.000777919018486483,0.00185436442140353,0.00184026162745133
B75_V080,NINE_STATE_PHYSICAL_CONTROL,5,9,psi,5.28726909831616e-16,1.02857654266229e-15,0,0,0,0,0,0
B75_V080,NINE_STATE_PHYSICAL_CONTROL,6,1,u,-0.135539818353172,0.0198657987617441,-0.111980920393792,0.034835474259763,0.0158699081306099,0.00249700342371694,0.0160651489309017,0.015942970419187
B75_V080,NINE_STATE_PHYSICAL_CONTROL,6,2,v,3.69960497243073e-14,1.3339742809654e-13,1.72087841562236e-15,4.66871869701975e-15,6.86460770122517e-28,5.68366056471254e-29,6.88809689724736e-28,6.83571161086921e-28
B75_V080,NINE_STATE_PHYSICAL_CONTROL,6,3,w,0.989742011402492,0,0.491048355150601,-0.0428501222218892,0.486011186722641,0.0424105661567352,0.487858104105369,0.484147850478467
B75_V080,NINE_STATE_PHYSICAL_CONTROL,6,4,p,7.16809521837459e-16,-2.63561786855276e-14,2.02352708516014e-14,-3.08293139474144e-14,8.27047741973672e-28,-5.11225668525633e-28,9.72296072018821e-28,9.6490157555095e-28
B75_V080,NINE_STATE_PHYSICAL_CONTROL,6,5,q,-0.00372229436347786,-0.0385519303192166,-0.0660934069458407,-12.9580071612091,0.49980220827098,-0.0456854885989387,0.501885854812697,0.498068917474894
B75_V080,NINE_STATE_PHYSICAL_CONTROL,6,6,r,-3.64212796291694e-15,-5.76045914448994e-16,-2.48524404980147e-13,1.06857350555156e-14,8.99002210823872e-28,1.82080282579696e-28,9.17255800946776e-28,9.10279896203941e-28
B75_V080,NINE_STATE_PHYSICAL_CONTROL,6,7,phi,7.81008333189437e-15,2.60687456072374e-15,1.1769278649334e-14,-9.66074303677488e-15,6.67347017473262e-29,1.06132241274248e-28,1.25369745374232e-28,1.2441628462701e-28
B75_V080,NINE_STATE_PHYSICAL_CONTROL,6,8,theta,0.0117449857232069,0.00264708311003376,-0.122186563848993,-0.0937725284542529,-0.00168330312423054,0.000777919018486481,0.00185436442140354,0.00184026162745134
B75_V080,NINE_STATE_PHYSICAL_CONTROL,6,9,psi,5.28726909831616e-16,-1.02857654266229e-15,-0,0,0,0,0,0
B75_V080,NINE_STATE_PHYSICAL_CONTROL,7,1,u,-1.97649739958125e-13,0,-1.4717065748714e-11,8.39406223099183e-29,2.90882421817995e-24,1.65908421714785e-41,2.90882421817995e-24,2.54775245703685e-24
B75_V080,NINE_STATE_PHYSICAL_CONTROL,7,2,v,0.821416934271342,0,-0.0249276172867687,-3.88355665857551e-18,-0.0204759669703869,3.19001920455615e-18,0.0204759669703869,0.0179342893368957
B75_V080,NINE_STATE_PHYSICAL_CONTROL,7,3,w,-3.67471608142181e-14,0,1.63459104750715e-11,6.47946646001199e-28,-6.00665800882266e-25,2.38101995996393e-41,6.00665800882266e-25,5.26105276658257e-25
B75_V080,NINE_STATE_PHYSICAL_CONTROL,7,4,p,-0.0250649457089819,0,2.01017285838165,7.40237760367236e-17,-0.0503848735610051,1.85540192753431e-18,0.0503848735610051,0.0441306094092071
B75_V080,NINE_STATE_PHYSICAL_CONTROL,7,5,q,-2.80799404448218e-16,0,-1.17771846365536e-10,-3.43238727102213e-26,3.30702643202094e-26,-9.63812301538657e-42,3.30702643202094e-26,2.89652591071281e-26
B75_V080,NINE_STATE_PHYSICAL_CONTROL,7,6,r,0.0324639475451201,0,0.465786619373402,-7.16637618588463e-17,0.0151212723785569,2.32648860587156e-18,0.0151212723785569,0.0132442719003822
B75_V080,NINE_STATE_PHYSICAL_CONTROL,7,7,phi,0.301020537150911,0,3.50720113034533,2.52317016723554e-17,1.05573956815283,-7.59526039064396e-18,1.05573956815283,0.924690829353515
B75_V080,NINE_STATE_PHYSICAL_CONTROL,7,8,theta,3.99389210089698e-15,0,-1.58685403418132e-09,8.8755115606186e-27,-6.33772379239329e-24,-3.54478355133744e-41,6.33772379239329e-24,5.55102342148198e-24
B75_V080,NINE_STATE_PHYSICAL_CONTROL,7,9,psi,-0.482678668383057,0,0,0,-0,0,0,0
B75_V080,NINE_STATE_PHYSICAL_CONTROL,8,1,u,0.975269940461248,0,1.472189952088,-3.23363080157183e-18,1.43578260692051,3.15366291932262e-18,1.43578260692051,0.760484829325534
B75_V080,NINE_STATE_PHYSICAL_CONTROL,8,2,v,1.05042647782911e-13,0,-9.12602068583988e-15,-1.71256326529438e-30,-9.58621376562241e-28,1.7989217988227e-43,9.58621376562241e-28,5.07748882336965e-28
B75_V080,NINE_STATE_PHYSICAL_CONTROL,8,3,w,0.22089364485958,0,-0.381585365297763,-2.28999007187992e-17,-0.0842897821656974,5.05844253669809e-18,0.0842897821656974,0.0446454082221067
B75_V080,NINE_STATE_PHYSICAL_CONTROL,8,4,p,3.18411901525352e-14,0,3.71284721361172e-13,1.35766540611212e-29,1.18221474135921e-26,-4.3229682359535e-43,1.18221474135921e-26,6.26178623055617e-27
B75_V080,NINE_STATE_PHYSICAL_CONTROL,8,5,q,0.00194295322594833,0,4.225016641341,1.08699710906779e-15,0.00820900971297887,-2.11198453965977e-18,0.00820900971297887,0.00434803104621534
B75_V080,NINE_STATE_PHYSICAL_CONTROL,8,6,r,-9.0987929151722e-15,0,-1.19810044708607e-13,5.52451036649738e-30,1.09012678596114e-27,5.02663757824817e-44,1.09012678596114e-27,5.77402789787901e-28
B75_V080,NINE_STATE_PHYSICAL_CONTROL,8,7,phi,-1.11849258496402e-13,0,3.229183406644e-13,-5.82780976220297e-31,-3.61181769582018e-26,-6.51836200560497e-44,3.61181769582018e-26,1.91305602305072e-26
B75_V080,NINE_STATE_PHYSICAL_CONTROL,8,8,theta,-0.00712501411404184,0,50.484367990079,-3.40744591165703e-16,-0.359701834467795,-2.42781002133905e-18,0.359701834467795,0.190521731406144
B75_V080,NINE_STATE_PHYSICAL_CONTROL,8,9,psi,3.37115161353423e-14,0,0,0,0,0,0,0
B75_V080,NINE_STATE_PHYSICAL_CONTROL,9,1,u,-0.975988203545031,0,0.479024665957617,-2.82061758849259e-18,-0.467522423181733,-2.7528894930804e-18,0.467522423181733,0.239672530980873
B75_V080,NINE_STATE_PHYSICAL_CONTROL,9,2,v,2.47477920909394e-11,0,3.30110307451096e-15,-8.75137474468719e-31,8.16950125587582e-26,2.16577202691417e-41,8.16950125587582e-26,4.18804520545118e-26
B75_V080,NINE_STATE_PHYSICAL_CONTROL,9,3,w,-0.21613284037658,0,-0.519437067151875,-2.03006780844453e-17,0.112267408720415,-4.38764321596176e-18,0.112267408720415,0.0575532052806518
B75_V080,NINE_STATE_PHYSICAL_CONTROL,9,4,p,-8.95279355130489e-13,0,-1.40402596538842e-13,-7.63503048856348e-30,1.25699546087941e-25,-6.83548517220273e-42,1.25699546087941e-25,6.44391089287558e-26
B75_V080,NINE_STATE_PHYSICAL_CONTROL,9,5,q,-0.00210448152936356,0,3.71275591917455,1.09292127026197e-15,-0.00781342625493806,2.30003262631489e-18,0.00781342625493806,0.00400550551866359
B75_V080,NINE_STATE_PHYSICAL_CONTROL,9,6,r,1.02803936012874e-12,0,-2.37949413269923e-13,3.92836045080653e-29,-2.4462136256102e-25,-4.03850916420217e-41,2.4462136256102e-25,1.25403655931599e-25
B75_V080,NINE_STATE_PHYSICAL_CONTROL,9,7,phi,9.61159873452569e-12,0,-4.10182024145111e-13,-8.27017181930908e-30,-3.94250502419833e-24,7.94895729927812e-41,3.94250502419833e-24,2.02110125782592e-24
B75_V080,NINE_STATE_PHYSICAL_CONTROL,9,8,theta,0.0270035740076677,0,50.4773346050123,-2.97223228625393e-16,1.36306844071626,8.02608945098375e-18,1.36306844071626,0.698768758219812
B75_V080,NINE_STATE_PHYSICAL_CONTROL,9,9,psi,-1.33239129804181e-11,0,0,0,-0,0,0,0
B75_V080,THIRTEEN_STATE_TORQUE,1,1,u,0,0,-1.58491167347898e-13,1.1710323114239e-19,0,0,0,0
B75_V080,THIRTEEN_STATE_TORQUE,1,2,v,0,0,-5.88264753029623e-05,-9.98638948755608e-18,-0,0,0,0
B75_V080,THIRTEEN_STATE_TORQUE,1,3,w,0,0,2.01385142437241e-13,3.26632370010846e-19,0,0,0,0
B75_V080,THIRTEEN_STATE_TORQUE,1,4,p,0,0,0.303454794360691,-5.98501681084079e-16,0,0,0,0
B75_V080,THIRTEEN_STATE_TORQUE,1,5,q,0,0,-1.5497391402584e-12,8.4136805318916e-17,0,0,0,0
B75_V080,THIRTEEN_STATE_TORQUE,1,6,r,0,0,0.0796459767016529,2.32913715033341e-15,0,0,0,0
B75_V080,THIRTEEN_STATE_TORQUE,1,7,phi,0,0,0.451252598330824,-2.88210416632081e-16,0,0,0,0
B75_V080,THIRTEEN_STATE_TORQUE,1,8,theta,0,0,-1.9528427230256e-11,2.15865807689969e-17,0,0,0,0
B75_V080,THIRTEEN_STATE_TORQUE,1,9,psi,1,0,0.333333333333333,0,0.333333333333333,0,0.333333333333333,1
B75_V080,THIRTEEN_STATE_TORQUE,1,10,betaSym,0,0,6.05538549864722e-14,5.87315501408589e-19,0,0,0,0
B75_V080,THIRTEEN_STATE_TORQUE,1,11,betaDiff,0,0,0.0339950928747394,2.04415017136002e-16,0,0,0,0
B75_V080,THIRTEEN_STATE_TORQUE,1,12,betaSymDot,0,0,-2.18010337271899e-13,-1.31275541900388e-18,-0,0,0,0
B75_V080,THIRTEEN_STATE_TORQUE,1,13,betaDiffDot,0,0,-0.122382334349062,-7.70404192757021e-16,-0,0,0,0
B75_V080,THIRTEEN_STATE_TORQUE,2,1,u,6.25786020444025e-15,-1.29923437968663e-15,-1.66377327537314e-14,8.45128929717082e-14,-2.13918661767308e-28,-5.07253555296085e-28,5.50515543116481e-28,4.81274570760158e-28
B75_V080,THIRTEEN_STATE_TORQUE,2,2,v,0.999609037283318,0,0.546393319648208,0.0986692172889769,0.546179700231581,-0.0986306413037327,0.555013755098958,0.485207021111694
B75_V080,THIRTEEN_STATE_TORQUE,2,3,w,1.82211153262972e-15,-9.01911623855585e-16,-9.59390314868616e-14,-2.48970857048305e-13,4.97380942716175e-29,5.40181197595868e-28,5.42466224071028e-28,4.74237653061918e-28
B75_V080,THIRTEEN_STATE_TORQUE,2,4,p,0.0052079574468665,0.0126557854987038,-4.53313769114591,5.83935396131453,0.0502932229891286,-0.0877815252029495,0.101168198785934,0.0884437906505697
B75_V080,THIRTEEN_STATE_TORQUE,2,5,q,2.76116989230986e-17,3.45524465156776e-17,4.02155175837368e-12,-8.38990383449981e-13,8.20527060045487e-29,1.62120401908432e-28,1.81702149898179e-28,1.5884860162784e-28
B75_V080,THIRTEEN_STATE_TORQUE,2,6,r,0.00612914389025665,-0.0191240480628497,-2.57155890809344,-23.050594673954,0.425059225851987,0.190459027667476,0.465778903238362,0.407195663279845
B75_V080,THIRTEEN_STATE_TORQUE,2,7,phi,0.00440195090126866,-0.00529525189366547,-1.54700895536315,2.78028163777799,-0.0215321490726988,-0.00404686116079338,0.0219091425880535,0.0191535249578912
B75_V080,THIRTEEN_STATE_TORQUE,2,8,theta,1.40123866467782e-17,-2.20458315841148e-17,9.12579661447637e-12,1.51845558850814e-11,-2.06881971100182e-28,-4.13957643355004e-28,4.62775410386426e-28,4.04569934086236e-28
B75_V080,THIRTEEN_STATE_TORQUE,2,9,psi,-0.0119883888394215,0.000216572628917005,1.89121506655246e-16,6.47078658247302e-17,-2.25324820706706e-18,8.16701598357051e-19,2.39669125742342e-18,2.09524793729034e-18
B75_V080,THIRTEEN_STATE_TORQUE,2,10,betaSym,0,0,-1.24361973781743e-13,-7.33256045932051e-13,-0,0,0,0
B75_V080,THIRTEEN_STATE_TORQUE,2,11,betaDiff,0,0,0.333289953519411,-2.10298324410275,0,0,0,0
B75_V080,THIRTEEN_STATE_TORQUE,2,12,betaSymDot,0,0,4.49831284090567e-13,2.66509465297558e-12,0,0,0,0
B75_V080,THIRTEEN_STATE_TORQUE,2,13,betaDiffDot,0,0,-1.19984383266988,7.57073967876989,0,0,0,0
B75_V080,THIRTEEN_STATE_TORQUE,3,1,u,6.25786020444025e-15,1.29923437968663e-15,-1.66554752947325e-14,-8.45059709447851e-14,-2.14020698773209e-28,5.07187186500017e-28,5.50494052332244e-28,4.81255782974621e-28
B75_V080,THIRTEEN_STATE_TORQUE,3,2,v,0.999609037283318,0,0.546393319648208,-0.0986692172889769,0.546179700231581,0.0986306413037327,0.555013755098958,0.485207021111694
B75_V080,THIRTEEN_STATE_TORQUE,3,3,w,1.82211153262972e-15,9.01911623855585e-16,-9.59452268436198e-14,2.48965742213241e-13,4.97221925114211e-29,-5.40177465460184e-28,5.42461049863611e-28,4.74233129639311e-28
B75_V080,THIRTEEN_STATE_TORQUE,3,4,p,0.0052079574468665,-0.0126557854987038,-4.53313769114592,-5.83935396131453,0.0502932229891285,0.0877815252029496,0.101168198785934,0.0884437906505698
B75_V080,THIRTEEN_STATE_TORQUE,3,5,q,2.76116989230986e-17,-3.45524465156776e-17,4.03741346612543e-12,8.36254700994429e-13,8.25851992251255e-29,-1.6259292587686e-28,1.82364400792072e-28,1.59427558060005e-28
B75_V080,THIRTEEN_STATE_TORQUE,3,6,r,0.00612914389025665,0.0191240480628497,-2.57155890809342,23.050594673954,0.425059225851988,-0.190459027667475,0.465778903238362,0.407195663279845
B75_V080,THIRTEEN_STATE_TORQUE,3,7,phi,0.00440195090126866,0.00529525189366547,-1.54700895536315,-2.78028163777799,-0.0215321490726988,0.00404686116079337,0.0219091425880535,0.0191535249578912
B75_V080,THIRTEEN_STATE_TORQUE,3,8,theta,1.40123866467782e-17,2.20458315841148e-17,9.12846193621259e-12,-1.51844481117194e-11,-2.06842247628088e-28,4.14014892427099e-28,4.62808866115658e-28,4.04599181928421e-28
B75_V080,THIRTEEN_STATE_TORQUE,3,9,psi,-0.0119883888394215,-0.000216572628917005,1.42419794307074e-16,-6.58514037666241e-17,-1.69312226095202e-18,-8.20296463238937e-19,1.88136899042522e-18,1.64474021602109e-18
B75_V080,THIRTEEN_STATE_TORQUE,3,10,betaSym,0,0,-1.24932551666273e-13,7.33217400976979e-13,-0,0,0,0
B75_V080,THIRTEEN_STATE_TORQUE,3,11,betaDiff,0,0,0.333289953519417,2.10298324410275,0,0,0,0
B75_V080,THIRTEEN_STATE_TORQUE,3,12,betaSymDot,0,0,4.49407272149965e-13,-2.66504217401253e-12,0,0,0,0
B75_V080,THIRTEEN_STATE_TORQUE,3,13,betaDiffDot,0,0,-1.19984383266989,-7.57073967876989,0,0,0,0
B75_V080,THIRTEEN_STATE_TORQUE,4,1,u,7.52598234707475e-15,0,-6.8680406078823e-14,1.11997050520008e-17,-5.16887523739148e-28,-8.42887825138023e-32,5.16887530611628e-28,4.30352258176476e-28
B75_V080,THIRTEEN_STATE_TORQUE,4,2,v,-0.987619054154443,0,0.0696688076614419,4.13395559610985e-17,-0.068806241926661,4.08277331574648e-17,0.068806241926661,0.0572869721866519
B75_V080,THIRTEEN_STATE_TORQUE,4,3,w,1.76079463107248e-15,0,2.20455449971899e-13,-2.62027307597442e-17,3.88176772701187e-28,4.61376276411953e-32,3.88176775443083e-28,3.23189750168517e-28
B75_V080,THIRTEEN_STATE_TORQUE,4,4,p,-0.130781193124076,0,-7.40212743156558,5.9621133425286e-16,0.968059057156597,7.79732296476862e-17,0.968059057156597,0.805990426587706
B75_V080,THIRTEEN_STATE_TORQUE,4,5,q,-1.06364418545427e-17,0,2.44515713485377e-12,-2.16745015244078e-15,-2.60077716900924e-29,-2.30539575190562e-32,2.60077819079007e-29,2.1653661602133e-29
B75_V080,THIRTEEN_STATE_TORQUE,4,6,r,-0.0276623199875482,0,-4.78922193785797,-2.75404407693675e-15,0.132480989736413,-7.61832485160363e-17,0.132480989736413,0.110301544769432
B75_V080,THIRTEEN_STATE_TORQUE,4,7,phi,0.0803847884964764,0,-0.394773757073966,2.82608026529465e-16,-0.0317338049663501,-2.27173864399777e-17,0.0317338049663501,0.0264210564562097
B75_V080,THIRTEEN_STATE_TORQUE,4,8,theta,5.49485297885866e-18,0,-1.86963153813622e-11,1.77695102360543e-16,-1.02733504266959e-28,-9.76408462534424e-34,1.02733504271599e-28,8.5534266035302e-29
B75_V080,THIRTEEN_STATE_TORQUE,4,9,psi,0.0166722892072425,0,-1.77098811444483e-16,3.71833504100882e-20,-2.95264260266133e-18,-6.1993157173123e-22,2.95264266774119e-18,2.45832287373437e-18
B75_V080,THIRTEEN_STATE_TORQUE,4,10,betaSym,0,0,-1.32954138146658e-12,-8.77887258905565e-17,-0,0,0,0
B75_V080,THIRTEEN_STATE_TORQUE,4,11,betaDiff,0,0,-2.1117684410881,5.142492536608e-16,0,0,0,0
B75_V080,THIRTEEN_STATE_TORQUE,4,12,betaSymDot,0,0,4.79223398303205e-12,2.91394182512198e-17,0,0,0,0
B75_V080,THIRTEEN_STATE_TORQUE,4,13,betaDiffDot,0,0,7.60236638791715,1.0211799110073e-15,0,0,0,0
B75_V080,THIRTEEN_STATE_TORQUE,5,1,u,1.65529916965916e-12,0,-1.98721162555142e-11,1.59793717457258e-18,-3.28942975371228e-23,-2.6450640782375e-30,3.28942975371229e-23,2.77730259000295e-23
B75_V080,THIRTEEN_STATE_TORQUE,5,2,v,-0.83794685153524,0,0.0281081771395764,1.58716259296522e-17,-0.0235531585365029,1.32995789764972e-17,0.0235531585365029,0.0198861970322839
B75_V080,THIRTEEN_STATE_TORQUE,5,3,w,3.666448932583e-13,0,2.1247713616159e-11,-3.10433285042962e-18,7.79036569077953e-24,1.138187786584e-30,7.79036569077962e-24,6.57749349584219e-24
B75_V080,THIRTEEN_STATE_TORQUE,5,4,p,0.0328271225232694,0,-2.09112154396708,5.96613985488504e-16,-0.0686455031348556,-1.95851204007272e-17,0.0686455031348556,0.0579581714530711
B75_V080,THIRTEEN_STATE_TORQUE,5,5,q,3.58630144365717e-15,0,-1.51217029239073e-10,-4.79249137423584e-16,-5.42309850265635e-25,1.71873187341365e-30,5.42309850268359e-25,4.57878314633304e-25
B75_V080,THIRTEEN_STATE_TORQUE,5,6,r,-0.035460712747404,0,-0.490699628164816,-2.40523691189404e-15,0.0174005585596105,-8.52914152221276e-17,0.0174005585596105,0.0146914875748799
B75_V080,THIRTEEN_STATE_TORQUE,5,7,phi,-0.333203705616086,0,-3.2256487097719,2.74815780263797e-16,1.07479810311175,9.15696363456733e-17,1.07479810311175,0.907464143939765
B75_V080,THIRTEEN_STATE_TORQUE,5,8,theta,-4.2967969452047e-14,0,-2.06622300425477e-09,-1.48092717954286e-17,8.87814069279356e-23,-6.36324338113036e-31,8.87814069279356e-23,7.49591418168427e-23
B75_V080,THIRTEEN_STATE_TORQUE,5,9,psi,0.42951749957851,0,6.81719302564173e-17,-2.02048021345099e-18,2.92810370251769e-17,8.67831609229322e-19,2.92938946023187e-17,2.47331651507307e-17
B75_V080,THIRTEEN_STATE_TORQUE,5,10,betaSym,0,0,4.2062508098106e-12,-3.20497790634982e-18,0,0,0,0
B75_V080,THIRTEEN_STATE_TORQUE,5,11,betaDiff,0,0,-0.233523724815223,-1.64854466152783e-16,-0,0,0,0
B75_V080,THIRTEEN_STATE_TORQUE,5,12,betaSymDot,0,0,-1.51424557163513e-11,9.24255308296186e-18,0,0,0,0
B75_V080,THIRTEEN_STATE_TORQUE,5,13,betaDiffDot,0,0,0.840685409334802,8.14928056949896e-16,0,0,0,0
B75_V080,THIRTEEN_STATE_TORQUE,6,1,u,-0.135539818353175,-0.0198657987617461,-0.111980920393793,-0.0348354742597629,0.0158699081306104,-0.00249700342371677,0.0160651489309022,0.0159429704191871
B75_V080,THIRTEEN_STATE_TORQUE,6,2,v,1.56367457914567e-14,-8.68288391632465e-14,-1.86601913168898e-16,-3.01917860428614e-16,2.32973306632462e-29,2.09234403395191e-29,3.13138303577516e-29,3.10756827249059e-29
B75_V080,THIRTEEN_STATE_TORQUE,6,3,w,0.989742011402492,0,0.491048355150605,0.0428501222218865,0.486011186722645,-0.0424105661567325,0.487858104105373,0.484147850478463
B75_V080,THIRTEEN_STATE_TORQUE,6,4,p,1.24818327170789e-15,1.89270021848802e-14,5.5623196247144e-15,-5.15863841603425e-15,-9.06947662638265e-29,1.11716961865655e-28,1.43896560751612e-28,1.42802200051368e-28
B75_V080,THIRTEEN_STATE_TORQUE,6,5,q,-0.00372229436347843,0.0385519303192168,-0.0660934069458766,12.9580071612091,0.499802208270982,0.0456854885989445,0.5018858548127,0.498068917474889
B75_V080,THIRTEEN_STATE_TORQUE,6,6,r,-2.26690797447078e-15,9.08601285807725e-16,-1.070867771994e-14,2.38513123309477e-14,4.59469199714703e-29,4.43388117789805e-29,6.38517790264027e-29,6.33661741082436e-29
B75_V080,THIRTEEN_STATE_TORQUE,6,7,phi,5.5281930222338e-15,-2.11886987448576e-15,5.69311054897758e-16,-8.13397703657601e-16,4.87074529142233e-30,3.29032346622638e-30,5.87795782617677e-30,5.8332548394684e-30
B75_V080,THIRTEEN_STATE_TORQUE,6,8,theta,0.0117449857232071,-0.00264708311003356,-0.122186563849366,0.0937725284551048,-0.00168330312423719,-0.000777919018495545,0.00185436442141338,0.00184026162746107
B75_V080,THIRTEEN_STATE_TORQUE,6,9,psi,4.92825251122437e-16,5.88688908019755e-16,-1.70916412560062e-17,-2.6801544964564e-18,-1.0000969617929e-32,-8.74081181450065e-33,1.3282363662965e-32,1.31813487622393e-32
B75_V080,THIRTEEN_STATE_TORQUE,6,10,betaSym,0,0,-0.0136441727752045,0.0725258228888154,0,0,0,0
B75_V080,THIRTEEN_STATE_TORQUE,6,11,betaDiff,0,0,-5.33106887153869e-14,5.21307753103591e-14,0,0,0,0
B75_V080,THIRTEEN_STATE_TORQUE,6,12,betaSymDot,0,0,0.0491190219907545,-0.261092962399734,0,0,0,0
B75_V080,THIRTEEN_STATE_TORQUE,6,13,betaDiffDot,0,0,1.94975802738523e-13,-1.91503738052936e-13,0,0,0,0
B75_V080,THIRTEEN_STATE_TORQUE,7,1,u,-0.135539818353175,0.0198657987617461,-0.111980920393793,0.034835474259763,0.0158699081306104,0.00249700342371678,0.0160651489309022,0.0159429704191872
B75_V080,THIRTEEN_STATE_TORQUE,7,2,v,1.56367457914567e-14,8.68288391632465e-14,-1.18194787760025e-16,2.97149221218657e-16,2.39529400866001e-29,-1.49091630506747e-29,2.82139412642732e-29,2.79993688772936e-29
B75_V080,THIRTEEN_STATE_TORQUE,7,3,w,0.989742011402492,0,0.491048355150606,-0.0428501222218865,0.486011186722645,0.0424105661567326,0.487858104105373,0.484147850478463
B75_V080,THIRTEEN_STATE_TORQUE,7,4,p,1.24818327170789e-15,-1.89270021848802e-14,5.56956552219399e-15,4.97131399823866e-15,-8.71402323909054e-29,-1.11620289778408e-28,1.41606882570576e-28,1.40529935308182e-28
B75_V080,THIRTEEN_STATE_TORQUE,7,5,q,-0.00372229436347843,-0.0385519303192168,-0.066093406945867,-12.9580071612091,0.499802208270982,-0.0456854885989449,0.5018858548127,0.498068917474889
B75_V080,THIRTEEN_STATE_TORQUE,7,6,r,-2.26690797447078e-15,-9.08601285807725e-16,-1.25445349759414e-14,-2.29425181779161e-14,4.92829078891109e-29,-4.06105968029585e-29,6.38594204694894e-29,6.33737574367029e-29
B75_V080,THIRTEEN_STATE_TORQUE,7,7,phi,5.5281930222338e-15,2.11886987448576e-15,5.61298198788028e-16,7.10816185024096e-16,4.60909178667683e-30,-2.74021123012599e-30,5.36213434032759e-30,5.32135428929069e-30
B75_V080,THIRTEEN_STATE_TORQUE,7,8,theta,0.0117449857232071,0.00264708311003356,-0.122186563849381,-0.0937725284551005,-0.00168330312423736,0.000777919018495454,0.00185436442141349,0.00184026162746118
B75_V080,THIRTEEN_STATE_TORQUE,7,9,psi,4.92825251122437e-16,-5.88688908019755e-16,-1.85799813545808e-17,2.71300911939158e-18,-1.07538023528637e-32,9.60078953409396e-33,1.44159434211718e-32,1.43063074308836e-32
B75_V080,THIRTEEN_STATE_TORQUE,7,10,betaSym,0,0,-0.013644172775214,-0.0725258228888154,0,0,0,0
B75_V080,THIRTEEN_STATE_TORQUE,7,11,betaDiff,0,0,-5.45744811044314e-14,-5.20532801089942e-14,0,0,0,0
B75_V080,THIRTEEN_STATE_TORQUE,7,12,betaSymDot,0,0,0.0491190219907513,0.261092962399734,0,0,0,0
B75_V080,THIRTEEN_STATE_TORQUE,7,13,betaDiffDot,0,0,1.93477097137081e-13,1.91143632937754e-13,0,0,0,0
B75_V080,THIRTEEN_STATE_TORQUE,8,1,u,0.975269940461249,0,1.47218995208832,6.32138570953516e-16,1.43578260692082,-6.16505746457095e-16,1.43578260692082,0.760484829325443
B75_V080,THIRTEEN_STATE_TORQUE,8,2,v,9.17604301685932e-14,0,-1.58455509517185e-14,9.07652107527865e-17,-1.45399457158805e-27,-8.32865478301871e-30,1.45401842515768e-27,7.70143717135209e-28
B75_V080,THIRTEEN_STATE_TORQUE,8,3,w,0.220893644859575,0,-0.381585365297964,-1.5957041935087e-16,-0.0842897821657395,3.52480915421844e-17,0.0842897821657395,0.044645408222114
B75_V080,THIRTEEN_STATE_TORQUE,8,4,p,2.73378381638014e-14,0,4.37569818587242e-13,3.49437452377773e-15,1.1962212885902e-26,-9.55286452147461e-29,1.19625943193647e-26,6.33617614212624e-27
B75_V080,THIRTEEN_STATE_TORQUE,8,5,q,0.00194295322594887,0,4.22501664134245,-4.22908371733657e-14,0.00820900971298398,8.21691185140695e-17,0.00820900971298398,0.00434803104621658
B75_V080,THIRTEEN_STATE_TORQUE,8,6,r,-7.83399280890931e-15,0,3.16876599924619e-13,-1.71006361458739e-14,-2.48240900512109e-27,-1.3396626059455e-28,2.48602120419034e-27,1.31676021290066e-27
B75_V080,THIRTEEN_STATE_TORQUE,8,7,phi,-9.61374766927285e-14,0,4.78088476532494e-13,1.93433570575063e-15,-4.59622197697047e-26,1.85962153827514e-28,4.59625959676049e-26,2.43448115204155e-26
B75_V080,THIRTEEN_STATE_TORQUE,8,8,theta,-0.00712501411404424,0,50.484367990101,3.24964935603106e-14,-0.359701834468073,2.31537975274161e-16,0.359701834468073,0.190521731406226
B75_V080,THIRTEEN_STATE_TORQUE,8,9,psi,2.89987708125353e-14,0,-7.41850770963812e-17,-2.00410122031802e-19,-2.15127604842822e-30,5.81164719731247e-33,2.15128389846252e-30,1.13946133660265e-30
B75_V080,THIRTEEN_STATE_TORQUE,8,10,betaSym,0,0,-0.291052320442969,1.46970073694545e-15,0,0,0,0
B75_V080,THIRTEEN_STATE_TORQUE,8,11,betaDiff,0,0,9.71370365717933e-15,3.32842122802153e-15,0,0,0,0
B75_V080,THIRTEEN_STATE_TORQUE,8,12,betaSymDot,0,0,1.04778835359484,2.03997720950831e-15,0,0,0,0
B75_V080,THIRTEEN_STATE_TORQUE,8,13,betaDiffDot,0,0,-4.28127905101842e-14,8.10292598296606e-15,0,0,0,0
B75_V080,THIRTEEN_STATE_TORQUE,9,1,u,-0.975988203545035,0,0.479024665957934,1.46680271959554e-16,-0.467522423182044,1.43158215125302e-16,0.467522423182044,0.239672530980953
B75_V080,THIRTEEN_STATE_TORQUE,9,2,v,-3.51190839006101e-11,0,3.90530952118173e-14,8.61985250741314e-17,-1.37150892732233e-24,3.02721323418727e-27,1.37151226817145e-24,7.0309743508513e-25
B75_V080,THIRTEEN_STATE_TORQUE,9,3,w,-0.216132840376562,0,-0.519437067152078,7.39658815695609e-17,0.11226740872045,1.59864560745856e-17,0.11226740872045,0.0575532052806505
B75_V080,THIRTEEN_STATE_TORQUE,9,4,p,1.2583862569515e-12,0,-3.24032975668052e-12,3.32245443464446e-15,-4.07758643379775e-24,-4.18093099990415e-27,4.07758857724458e-24,2.09035102093209e-24
B75_V080,THIRTEEN_STATE_TORQUE,9,5,q,-0.00210448152936541,0,3.71275591917594,-4.13593855344563e-14,-0.00781342625494786,-8.70400629231662e-17,0.00781342625494786,0.00400550551866729
B75_V080,THIRTEEN_STATE_TORQUE,9,6,r,-1.44467629956334e-12,0,-5.17770563233536e-13,-1.63251859893037e-14,7.4801086131505e-25,-2.35846092847106e-26,7.48382577590096e-25,3.83653783474736e-25
B75_V080,THIRTEEN_STATE_TORQUE,9,7,phi,-1.35117419641135e-11,0,-5.02318460784141e-12,1.8454964808776e-15,6.78719742592597e-23,2.49358722452977e-26,6.78719788399258e-23,3.47941577658119e-23
B75_V080,THIRTEEN_STATE_TORQUE,9,8,theta,0.0270035740076618,0,50.4773346050341,7.82528339002275e-15,1.36306844071655,-2.11310619153406e-16,1.36306844071655,0.698768758219729
B75_V080,THIRTEEN_STATE_TORQUE,9,9,psi,1.87238046490959e-11,0,1.99679279425327e-18,-2.3284227542795e-19,3.73875582043207e-29,4.35969327916393e-30,3.76408877946556e-29,1.92963725348471e-29
B75_V080,THIRTEEN_STATE_TORQUE,9,10,betaSym,0,0,-0.105748068410526,1.76414347133379e-15,0,0,0,0
B75_V080,THIRTEEN_STATE_TORQUE,9,11,betaDiff,0,0,-3.38042994949518e-13,3.42704953687275e-15,0,0,0,0
B75_V080,THIRTEEN_STATE_TORQUE,9,12,betaSymDot,0,0,0.380693046278048,1.69037283085857e-15,0,0,0,0
B75_V080,THIRTEEN_STATE_TORQUE,9,13,betaDiffDot,0,0,1.20926327702049e-12,7.86038479173847e-15,0,0,0,0
B75_V080,THIRTEEN_STATE_TORQUE,10,1,u,2.34915258426811e-279,0,1.58789151420645e-13,4.5192205909277e-16,3.73019945413549e-292,-1.06163387300555e-294,3.73021456142683e-292,1.11906436842805e-291
B75_V080,THIRTEEN_STATE_TORQUE,10,2,v,3.48345556157278e-290,0,5.88264753028634e-05,-1.99658797167483e-17,2.04919412561483e-294,6.95502547409999e-307,2.04919412561483e-294,6.14758237684449e-294
B75_V080,THIRTEEN_STATE_TORQUE,10,3,w,8.34207097023638e-280,0,-2.01518665430628e-13,-2.10367284670313e-16,-1.68108300884962e-292,1.75489881853568e-295,1.6810839248273e-292,5.04325177448189e-292
B75_V080,THIRTEEN_STATE_TORQUE,10,4,p,-1.83266644550404e-292,0,-0.303454794360689,-9.45751546746658e-16,5.56131419352163e-293,-1.73324712550614e-307,5.56131419352163e-293,1.66839425805649e-292
B75_V080,THIRTEEN_STATE_TORQUE,10,5,q,2.7109635763538e-296,0,1.55306059048323e-12,2.83027231238276e-15,4.21029069267055e-308,-7.67276515003209e-311,4.21029768402584e-308,1.26308930520775e-307
B75_V080,THIRTEEN_STATE_TORQUE,10,6,r,1.28970607279948e-291,0,-0.079645976701657,4.24456166167688e-15,-1.02719899826173e-292,-5.47423695143651e-306,1.02719899826173e-292,3.08159699478518e-292
B75_V080,THIRTEEN_STATE_TORQUE,10,7,phi,1.12965372165302e-290,0,-0.451252598330824,-4.88992044854022e-16,-5.0975917711001e-291,5.52391683328065e-306,5.0975917711001e-291,1.52927753133003e-290
B75_V080,THIRTEEN_STATE_TORQUE,10,8,theta,-2.02376154417406e-280,0,1.95436572475271e-11,2.37069556424633e-14,-3.95517019700639e-291,4.79772251586573e-294,3.95517310688532e-291,1.1865519320656e-290
B75_V080,THIRTEEN_STATE_TORQUE,10,9,psi,-1,0,-0.333333333333333,9.9993227470251e-21,0.333333333333333,9.9993227470251e-21,0.333333333333333,1
B75_V080,THIRTEEN_STATE_TORQUE,10,10,betaSym,1.42745232504378e-280,0,-6.06032365587166e-14,-8.31721999291846e-17,-8.65082309309185e-294,1.18724350167921e-296,8.65083123998408e-294,2.59524937199523e-293
B75_V080,THIRTEEN_STATE_TORQUE,10,11,betaDiff,0,0,-0.0339950928747399,4.45853527892591e-16,0,0,0,0
B75_V080,THIRTEEN_STATE_TORQUE,10,12,betaSymDot,0,0,2.18188110931979e-13,2.98618339359061e-16,0,0,0,0
B75_V080,THIRTEEN_STATE_TORQUE,10,13,betaDiffDot,0,0,0.122382334349064,-1.57056256934592e-15,0,0,0,0
B75_V080,THIRTEEN_STATE_TORQUE,11,1,u,-1.71899430232285e-303,0,1.58249072740541e-13,-4.51095214105869e-16,-2.72029254122989e-316,-7.75431090491378e-319,2.72030360830036e-316,8.16091082490107e-316
B75_V080,THIRTEEN_STATE_TORQUE,11,2,v,6.98303577908396e-291,0,5.88264753028634e-05,-1.99658797164198e-17,4.10787381797294e-295,1.39422452420646e-307,4.10787381797294e-295,1.23236214539188e-294
B75_V080,THIRTEEN_STATE_TORQUE,11,3,w,2.57110073464329e-304,0,-2.01278705617191e-13,2.09316637452885e-16,-5.17507825572299e-317,-5.3818570801487e-320,5.17508122011687e-317,1.55252436603506e-316
B75_V080,THIRTEEN_STATE_TORQUE,11,4,p,-1.83360778718759e-292,0,-0.303454794360689,-9.45751546788309e-16,5.56417073999168e-293,-1.73413740093575e-307,5.56417073999168e-293,1.66925122199751e-292
B75_V080,THIRTEEN_STATE_TORQUE,11,5,q,-9.51971426350258e-308,0,1.54658899010385e-12,-2.95551469254224e-15,-1.47231562460691e-319,-2.81617418129511e-322,1.47231562460691e-319,4.41694687382074e-319
B75_V080,THIRTEEN_STATE_TORQUE,11,6,r,1.28974055308634e-291,0,-0.079645976701657,4.24456166167549e-15,-1.02722646042296e-292,-5.4743833051384e-306,1.02722646042296e-292,3.0816793812689e-292
B75_V080,THIRTEEN_STATE_TORQUE,11,7,phi,1.0816149487736e-290,0,-0.451252598330824,-4.88992044914192e-16,-4.88081556027548e-291,5.28901105610562e-306,4.88081556027548e-291,1.46424466808265e-290
B75_V080,THIRTEEN_STATE_TORQUE,11,8,theta,-6.88470809249146e-305,0,1.95152722146966e-11,-2.36902945577798e-14,-1.34356952334472e-315,-1.63100951005112e-318,1.34357051147601e-315,4.03071153442803e-315
B75_V080,THIRTEEN_STATE_TORQUE,11,9,psi,-1,0,-0.333333333333333,9.9993229834722e-21,0.333333333333333,9.9993229834722e-21,0.333333333333333,1
B75_V080,THIRTEEN_STATE_TORQUE,11,10,betaSym,0,0,-6.05150528789706e-14,8.19856025534184e-17,0,0,0,0
B75_V080,THIRTEEN_STATE_TORQUE,11,11,betaDiff,2.54168749642673e-292,0,-0.0339950928747399,4.45853527888545e-16,-8.64049024995918e-294,-1.13322033707206e-307,8.64049024995918e-294,2.59214707498775e-293
B75_V080,THIRTEEN_STATE_TORQUE,11,12,betaSymDot,0,0,2.17870649684893e-13,-2.95949749578452e-16,0,0,0,0
B75_V080,THIRTEEN_STATE_TORQUE,11,13,betaDiffDot,0,0,0.122382334349064,-1.57056256933135e-15,0,0,0,0
B75_V080,THIRTEEN_STATE_TORQUE,12,1,u,-0.545468811623492,0,-1.98750030431224e-17,6.16126842453772e-16,1.08411942909453e-17,3.36077976562594e-16,3.36252788574402e-16,3.36252788574402e-16
B75_V080,THIRTEEN_STATE_TORQUE,12,2,v,3.68265126112705e-12,0,-1.58561278313338e-17,-3.25393532780666e-18,-5.83925891546533e-29,1.19831090385731e-29,5.96094738310486e-29,5.96094738310486e-29
B75_V080,THIRTEEN_STATE_TORQUE,12,3,w,-0.207610362579145,0,-1.85835715872638e-16,-2.90219361938884e-16,3.85814203524733e-17,-6.02525469596199e-17,7.15464563171052e-17,7.15464563171051e-17
B75_V080,THIRTEEN_STATE_TORQUE,12,4,p,4.66314342463106e-13,0,-5.95504649422084e-16,-1.25137421281155e-16,-2.77692359028981e-28,5.83533743222505e-29,2.83757224679607e-28,2.83757224679607e-28
B75_V080,THIRTEEN_STATE_TORQUE,12,5,q,0.0162299372859757,0,-2.90192405777082e-16,1.33636388088311e-15,-4.70980454662847e-18,-2.1689101977976e-17,2.21945804979163e-17,2.21945804979163e-17
B75_V080,THIRTEEN_STATE_TORQUE,12,6,r,2.11397065173619e-13,0,1.21655880437192e-15,6.12768864114014e-16,2.57176960855352e-28,-1.29537539503475e-28,2.87958266655794e-28,2.87958266655794e-28
B75_V080,THIRTEEN_STATE_TORQUE,12,7,phi,-1.37865382519475e-13,0,1.86532108752634e-17,-6.93054941869124e-17,-2.57163205253461e-30,-9.55482846677991e-30,9.89484908642932e-30,9.89484908642931e-30
B75_V080,THIRTEEN_STATE_TORQUE,12,8,theta,-0.00450831591277105,0,1.42042291047882e-15,3.16126913363325e-14,-6.40371521017621e-18,1.42519999397107e-16,1.42663792872068e-16,1.42663792872068e-16
B75_V080,THIRTEEN_STATE_TORQUE,12,9,psi,-5.93109721520757e-14,0,1.42473387862556e-17,7.03150625276756e-21,-8.45023513992794e-31,4.17045471545042e-34,8.45023616905265e-31,8.45023616905264e-31
B75_V080,THIRTEEN_STATE_TORQUE,12,10,betaSym,-0.217282970981271,0,-0.329677183162798,-1.18574315871337e-16,0.0716332378223496,-2.57641796345958e-17,0.0716332378223496,0.0716332378223495
B75_V080,THIRTEEN_STATE_TORQUE,12,11,betaDiff,0,0,-9.10684399323252e-17,6.81491772318829e-17,0,0,0,0
B75_V080,THIRTEEN_STATE_TORQUE,12,12,betaSymDot,0.782218695532577,0,1.18683785938607,4.71989310462317e-16,0.928366762177651,-3.69198862735154e-16,0.928366762177651,0.92836676217765
B75_V080,THIRTEEN_STATE_TORQUE,12,13,betaDiffDot,0,0,3.30159159689595e-16,-2.38388410831717e-16,0,0,0,0
B75_V080,THIRTEEN_STATE_TORQUE,13,1,u,-1.34644985818037e-14,0,-1.03961732505621e-15,5.3550978992485e-18,1.39979259988379e-29,7.21037080698514e-32,1.39981117017139e-29,1.39981117017138e-29
B75_V080,THIRTEEN_STATE_TORQUE,13,2,v,0.991556150854938,0,-4.03622760494355e-17,-3.66561135298394e-18,-4.00214630793227e-17,3.63465948369491e-18,4.0186169966445e-17,4.01861699664449e-17
B75_V080,THIRTEEN_STATE_TORQUE,13,3,w,-3.92298909888125e-14,0,-1.07643685120813e-15,-2.33244587300418e-17,4.22285003292354e-29,-9.15015973352596e-31,4.22384125445988e-29,4.22384125445988e-29
B75_V080,THIRTEEN_STATE_TORQUE,13,4,p,0.0735875287681881,0,-4.47361587112504e-15,-1.40479152590673e-17,-3.29202336614236e-16,1.03375136825968e-18,3.29203959687857e-16,3.29203959687857e-16
B75_V080,THIRTEEN_STATE_TORQUE,13,5,q,1.4222383763356e-15,0,-1.00467789344247e-13,2.55551174572689e-16,-1.42889145590989e-28,-3.63454687594918e-31,1.42889607834275e-28,1.42889607834275e-28
B75_V080,THIRTEEN_STATE_TORQUE,13,6,r,0.0508685011508678,0,5.36247122152239e-15,2.80493433543091e-16,2.72780873503507e-16,-1.42682805469976e-17,2.73153782289581e-16,2.73153782289581e-16
B75_V080,THIRTEEN_STATE_TORQUE,13,7,phi,-0.0224498441841188,0,-8.70099050928042e-16,-1.99471141475541e-17,1.95335881180842e-17,-4.47809604535422e-19,1.95387204854584e-17,1.95387204854584e-17
B75_V080,THIRTEEN_STATE_TORQUE,13,8,theta,-3.94985152545219e-16,0,9.21605723085966e-15,5.6814611430542e-17,-3.64020577119657e-30,2.244092796269e-32,3.6402749418005e-30,3.6402749418005e-30
B75_V080,THIRTEEN_STATE_TORQUE,13,9,psi,-0.0142722236707039,0,7.33929032240438e-17,9.65253812720285e-20,-1.04747993065588e-18,1.37763183141436e-21,1.04748083657712e-18,1.04748083657712e-18
B75_V080,THIRTEEN_STATE_TORQUE,13,10,betaSym,0,0,7.72543718625579e-16,-5.09113844442827e-17,0,0,0,0
B75_V080,THIRTEEN_STATE_TORQUE,13,11,betaDiff,-0.0240968363820733,0,-2.97272375039408,7.25626751737747e-16,0.0716332378223496,1.74853091110798e-17,0.0716332378223496,0.0716332378223495
B75_V080,THIRTEEN_STATE_TORQUE,13,12,betaSymDot,0,0,1.33257960233236e-15,-1.73123575145416e-17,0,0,0,0
B75_V080,THIRTEEN_STATE_TORQUE,13,13,betaDiffDot,0.086748610975464,0,10.7018055014187,8.36047036622796e-17,0.92836676217765,-7.25259191371804e-18,0.92836676217765,0.92836676217765
B75_V080,THIRTEEN_STATE_ANGLE_COMMAND,1,1,u,0,0,-4.75082763404447e-13,1.09981636424782e-30,0,0,0,0
B75_V080,THIRTEEN_STATE_ANGLE_COMMAND,1,2,v,0,0,-0.000176479425908586,4.13863406298599e-19,0,0,0,0
B75_V080,THIRTEEN_STATE_ANGLE_COMMAND,1,3,w,0,0,6.02758778333814e-13,5.78852233628301e-30,0,0,0,0
B75_V080,THIRTEEN_STATE_ANGLE_COMMAND,1,4,p,0,0,0.910364383082071,-1.56426437714551e-17,0,0,0,0
B75_V080,THIRTEEN_STATE_ANGLE_COMMAND,1,5,q,0,0,-4.64380528716113e-12,5.14073286323795e-29,0,0,0,0
B75_V080,THIRTEEN_STATE_ANGLE_COMMAND,1,6,r,0,0,0.238937930104968,-9.0797705691678e-18,0,0,0,0
B75_V080,THIRTEEN_STATE_ANGLE_COMMAND,1,7,phi,0,0,1.35375779499248,-4.59429993667724e-18,0,0,0,0
B75_V080,THIRTEEN_STATE_ANGLE_COMMAND,1,8,theta,0,0,-5.84797659811073e-11,2.00678252956745e-28,0,0,0,0
B75_V080,THIRTEEN_STATE_ANGLE_COMMAND,1,9,psi,1,0,1,0,1,0,1,1
B75_V080,THIRTEEN_STATE_ANGLE_COMMAND,1,10,betaSym,0,0,3.64789192829252e-12,5.04870979341448e-29,0,0,0,0
B75_V080,THIRTEEN_STATE_ANGLE_COMMAND,1,11,betaDiff,0,0,2.05014886505984,2.77555756156289e-17,0,0,0,0
B75_V080,THIRTEEN_STATE_ANGLE_COMMAND,1,12,betaSymDot,0,0,6.4932412981276e-13,-2.21078268688189e-28,0,0,0,0
B75_V080,THIRTEEN_STATE_ANGLE_COMMAND,1,13,betaDiffDot,0,0,0.320335760165601,-5.55111512312578e-17,0,0,0,0
B75_V080,THIRTEEN_STATE_ANGLE_COMMAND,2,1,u,6.25592139526263e-15,-1.29656484646988e-15,-1.70078463719867e-14,8.55174560665699e-14,-2.17278677301298e-28,-5.12938707355208e-28,5.57060267038526e-28,4.8699613345845e-28
B75_V080,THIRTEEN_STATE_ANGLE_COMMAND,2,2,v,0.999609037283318,0,0.546393319648209,0.0986692172889777,0.546179700231582,-0.0986306413037335,0.555013755098958,0.485207021111694
B75_V080,THIRTEEN_STATE_ANGLE_COMMAND,2,3,w,1.82195811330619e-15,-9.28993631705841e-16,-9.5197292304586e-14,-2.50051393616667e-13,5.88506731899328e-29,5.44020843650007e-28,5.47194736872143e-28,4.78371438196862e-28
B75_V080,THIRTEEN_STATE_ANGLE_COMMAND,2,4,p,0.00520795744686647,0.0126557854987038,-4.53313769114593,5.83935396131455,0.0502932229891288,-0.0877815252029496,0.101168198785934,0.0884437906505697
B75_V080,THIRTEEN_STATE_ANGLE_COMMAND,2,5,q,2.81520621369854e-17,3.43507129847626e-17,4.04653628637561e-12,-8.40056433974072e-13,8.50618035191657e-29,1.62650727483528e-28,1.83550455103914e-28,1.60464436649479e-28
B75_V080,THIRTEEN_STATE_ANGLE_COMMAND,2,6,r,0.00612914389025668,-0.0191240480628497,-2.57155890809344,-23.050594673954,0.425059225851988,0.190459027667477,0.465778903238363,0.407195663279845
B75_V080,THIRTEEN_STATE_ANGLE_COMMAND,2,7,phi,0.00440195090126869,-0.00529525189366547,-1.54700895536315,2.78028163777799,-0.0215321490726988,-0.00404686116079348,0.0219091425880535,0.0191535249578912
B75_V080,THIRTEEN_STATE_ANGLE_COMMAND,2,8,theta,1.38501012610834e-17,-2.22994765115141e-17,9.12723984167531e-12,1.51748478790577e-11,-2.1197796780345e-28,-4.1370585021088e-28,4.64851792868209e-28,4.06385160014275e-28
B75_V080,THIRTEEN_STATE_ANGLE_COMMAND,2,9,psi,-0.0119883888394216,0.000216572628916997,0,0,-0,0,0,0
B75_V080,THIRTEEN_STATE_ANGLE_COMMAND,2,10,betaSym,0,0,-3.67929865722844e-12,-1.59393180295378e-11,-0,0,0,0
B75_V080,THIRTEEN_STATE_ANGLE_COMMAND,2,11,betaDiff,0,0,4.67338019425156,-46.510304505507,0,0,0,0
B75_V080,THIRTEEN_STATE_ANGLE_COMMAND,2,12,betaSymDot,0,0,3.35821124299881e-14,-2.6971085126829e-12,0,0,0,0
B75_V080,THIRTEEN_STATE_ANGLE_COMMAND,2,13,betaDiffDot,0,0,2.76433787402453,-7.1880165669111,0,0,0,0
B75_V080,THIRTEEN_STATE_ANGLE_COMMAND,3,1,u,6.25592139526263e-15,1.29656484646988e-15,-1.70078463719874e-14,-8.55174560665701e-14,-2.17278677301303e-28,5.12938707355208e-28,5.57060267038528e-28,4.86996133458452e-28
B75_V080,THIRTEEN_STATE_ANGLE_COMMAND,3,2,v,0.999609037283318,0,0.546393319648209,-0.0986692172889777,0.546179700231582,0.0986306413037335,0.555013755098958,0.485207021111694
B75_V080,THIRTEEN_STATE_ANGLE_COMMAND,3,3,w,1.82195811330619e-15,9.28993631705841e-16,-9.51972923045834e-14,2.50051393616667e-13,5.88506731899378e-29,-5.44020843650005e-28,5.47194736872141e-28,4.7837143819686e-28
B75_V080,THIRTEEN_STATE_ANGLE_COMMAND,3,4,p,0.00520795744686647,-0.0126557854987038,-4.53313769114593,-5.83935396131455,0.0502932229891288,0.0877815252029496,0.101168198785934,0.0884437906505697
B75_V080,THIRTEEN_STATE_ANGLE_COMMAND,3,5,q,2.81520621369854e-17,-3.43507129847626e-17,4.04653628637559e-12,8.4005643397407e-13,8.5061803519165e-29,-1.62650727483527e-28,1.83550455103913e-28,1.60464436649478e-28
B75_V080,THIRTEEN_STATE_ANGLE_COMMAND,3,6,r,0.00612914389025668,0.0191240480628497,-2.57155890809344,23.050594673954,0.425059225851988,-0.190459027667477,0.465778903238363,0.407195663279845
B75_V080,THIRTEEN_STATE_ANGLE_COMMAND,3,7,phi,0.00440195090126869,0.00529525189366547,-1.54700895536315,-2.78028163777799,-0.0215321490726988,0.00404686116079348,0.0219091425880535,0.0191535249578912
B75_V080,THIRTEEN_STATE_ANGLE_COMMAND,3,8,theta,1.38501012610834e-17,2.22994765115141e-17,9.12723984167547e-12,-1.51748478790578e-11,-2.11977967803448e-28,4.13705850210884e-28,4.64851792868211e-28,4.06385160014277e-28
B75_V080,THIRTEEN_STATE_ANGLE_COMMAND,3,9,psi,-0.0119883888394216,-0.000216572628916997,0,0,0,0,0,0
B75_V080,THIRTEEN_STATE_ANGLE_COMMAND,3,10,betaSym,0,0,-3.67929865722843e-12,1.59393180295378e-11,-0,0,0,0
B75_V080,THIRTEEN_STATE_ANGLE_COMMAND,3,11,betaDiff,0,0,4.67338019425157,46.510304505507,0,0,0,0
B75_V080,THIRTEEN_STATE_ANGLE_COMMAND,3,12,betaSymDot,0,0,3.35821124299929e-14,2.69710851268291e-12,0,0,0,0
B75_V080,THIRTEEN_STATE_ANGLE_COMMAND,3,13,betaDiffDot,0,0,2.76433787402453,7.1880165669111,0,0,0,0
B75_V080,THIRTEEN_STATE_ANGLE_COMMAND,4,1,u,-7.49592810651463e-15,0,6.84448397922666e-14,1.68866713722863e-28,-5.13057598344742e-28,1.26581274564997e-42,5.13057598344742e-28,4.27163518069383e-28
B75_V080,THIRTEEN_STATE_ANGLE_COMMAND,4,2,v,0.987619054154443,0,-0.0696688076614425,4.87556133860199e-18,-0.0688062419266617,-4.81519727770207e-18,0.0688062419266617,0.0572869721866524
B75_V080,THIRTEEN_STATE_ANGLE_COMMAND,4,3,w,-1.77361790120601e-15,0,-2.21743305159622e-13,-1.7524421523053e-28,3.93287895503693e-28,-3.10816277215666e-43,3.93287895503693e-28,3.27445186660265e-28
B75_V080,THIRTEEN_STATE_ANGLE_COMMAND,4,4,p,0.130781193124075,0,7.40212743156561,-9.57641092594004e-17,0.968059057156598,1.25241444674087e-17,0.968059057156598,0.805990426587705
B75_V080,THIRTEEN_STATE_ANGLE_COMMAND,4,5,q,1.19196068719269e-17,0,-2.55772310911313e-12,1.43428846097908e-27,-3.0487053947871e-29,-1.70961545958116e-44,3.0487053947871e-29,2.53830315776613e-29
B75_V080,THIRTEEN_STATE_ANGLE_COMMAND,4,6,r,0.0276623199875482,0,4.78922193785799,-6.16647163019117e-17,0.132480989736414,1.70578911428486e-18,0.132480989736414,0.110301544769433
B75_V080,THIRTEEN_STATE_ANGLE_COMMAND,4,7,phi,-0.0803847884964762,0,0.394773757073964,-6.17364906866183e-18,-0.0317338049663499,-4.96267474635848e-19,0.0317338049663499,0.0264210564562095
B75_V080,THIRTEEN_STATE_ANGLE_COMMAND,4,8,theta,-7.0209095623552e-18,0,1.86995087049425e-11,1.80805074098808e-26,-1.31287559477875e-28,1.26941607366266e-43,1.31287559477875e-28,1.09307913899424e-28
B75_V080,THIRTEEN_STATE_ANGLE_COMMAND,4,9,psi,-0.0166722892072425,0,0,0,-0,0,0,0
B75_V080,THIRTEEN_STATE_ANGLE_COMMAND,4,10,betaSym,0,0,2.07421869538324e-11,-9.64514764266806e-28,0,0,0,0
B75_V080,THIRTEEN_STATE_ANGLE_COMMAND,4,11,betaDiff,0,0,33.1526249466136,-8.45165087953168e-16,0,0,0,0
B75_V080,THIRTEEN_STATE_ANGLE_COMMAND,4,12,betaSymDot,0,0,4.44993539715889e-12,-1.54427232205583e-27,0,0,0,0
B75_V080,THIRTEEN_STATE_ANGLE_COMMAND,4,13,betaDiffDot,0,0,7.01771063250304,-8.91635479890518e-16,0,0,0,0
B75_V080,THIRTEEN_STATE_ANGLE_COMMAND,5,1,u,-1.70453656966616e-12,0,1.9822832856663e-11,-9.60179411203888e-29,-3.37887435185618e-23,-1.63666091983754e-40,3.37887435185618e-23,2.85282167163297e-23
B75_V080,THIRTEEN_STATE_ANGLE_COMMAND,5,2,v,0.837946851535239,0,-0.0281081771395759,7.74302881582556e-19,-0.0235531585365024,-6.48824661756766e-19,0.0235531585365024,0.0198861970322835
B75_V080,THIRTEEN_STATE_ANGLE_COMMAND,5,3,w,-3.77444753522545e-13,0,-2.11973705404999e-11,-1.95126551294789e-28,8.00083629898505e-24,-7.36494930591661e-41,8.00083629898505e-24,6.75519620088667e-24
B75_V080,THIRTEEN_STATE_ANGLE_COMMAND,5,4,p,-0.0328271225232695,0,2.09112154396707,-3.27018965699694e-17,-0.0686455031348555,-1.07350916544567e-18,0.0686455031348555,0.057958171453071
B75_V080,THIRTEEN_STATE_ANGLE_COMMAND,5,5,q,-3.69686756007669e-15,0,1.50845380144004e-10,-1.69247753903553e-27,-5.57655392441807e-25,-6.25686531021888e-42,5.57655392441807e-25,4.70834728727637e-25
B75_V080,THIRTEEN_STATE_ANGLE_COMMAND,5,6,r,0.0354607127474041,0,0.490699628164816,-1.87458685455213e-17,0.0174005585596105,6.64741859693327e-19,0.0174005585596105,0.0146914875748799
B75_V080,THIRTEEN_STATE_ANGLE_COMMAND,5,7,phi,0.333203705616087,0,3.2256487097719,-1.0456782502105e-17,1.07479810311175,3.48423867852286e-18,1.07479810311175,0.907464143939766
B75_V080,THIRTEEN_STATE_ANGLE_COMMAND,5,8,theta,4.43188744191483e-14,0,2.06124108508366e-09,-1.17405695827359e-26,9.13518847974117e-23,5.20328828946547e-40,9.13518847974117e-23,7.7129425233409e-23
B75_V080,THIRTEEN_STATE_ANGLE_COMMAND,5,9,psi,-0.429517499578511,0,0,0,-0,0,0,0
B75_V080,THIRTEEN_STATE_ANGLE_COMMAND,5,10,betaSym,0,0,-8.38616899951184e-11,-2.51295951573668e-27,-0,0,0,0
B75_V080,THIRTEEN_STATE_ANGLE_COMMAND,5,11,betaDiff,0,0,4.67996861997357,2.16513927795781e-16,0,0,0,0
B75_V080,THIRTEEN_STATE_ANGLE_COMMAND,5,12,betaSymDot,0,0,-1.58799411416911e-11,3.72482759057841e-27,0,0,0,0
B75_V080,THIRTEEN_STATE_ANGLE_COMMAND,5,13,betaDiffDot,0,0,0.740898727449637,-9.19315533454931e-17,0,0,0,0
B75_V080,THIRTEEN_STATE_ANGLE_COMMAND,6,1,u,-0.135539818353175,-0.0198657987617461,-0.111980920393793,-0.0348354742597627,0.0158699081306104,-0.00249700342371673,0.0160651489309022,0.0159429704191872
B75_V080,THIRTEEN_STATE_ANGLE_COMMAND,6,2,v,1.50453449544509e-14,-8.75710256747386e-14,-1.39016212696483e-16,-3.2737237889456e-16,2.65767881230959e-29,1.70992227002765e-29,3.16023588343272e-29,3.13620168875659e-29
B75_V080,THIRTEEN_STATE_ANGLE_COMMAND,6,3,w,0.989742011402492,0,0.491048355150605,0.0428501222218854,0.486011186722645,-0.0424105661567315,0.487858104105372,0.484147850478463
B75_V080,THIRTEEN_STATE_ANGLE_COMMAND,6,4,p,1.29035613581542e-15,1.89109489232764e-14,4.83218520457625e-15,-4.55793689847948e-15,-7.99596720545409e-29,9.7262569435166e-29,1.25910907264622e-28,1.24953330878343e-28
B75_V080,THIRTEEN_STATE_ANGLE_COMMAND,6,5,q,-0.00372229436347836,0.0385519303192168,-0.0660934069458716,12.9580071612091,0.499802208270982,0.0456854885989439,0.5018858548127,0.498068917474889
B75_V080,THIRTEEN_STATE_ANGLE_COMMAND,6,6,r,-2.31434947907898e-15,9.04380868241432e-16,-1.33624626524286e-14,2.04780875615799e-14,4.94453990877262e-29,3.53086957052292e-29,6.0758139235406e-29,6.02960620359798e-29
B75_V080,THIRTEEN_STATE_ANGLE_COMMAND,6,7,phi,5.52303410720622e-15,-2.40511242949849e-15,1.1639764052343e-15,-1.7440817894616e-16,6.84815266508195e-30,-1.83623179897663e-30,7.09005938930288e-30,7.03613813977807e-30
B75_V080,THIRTEEN_STATE_ANGLE_COMMAND,6,8,theta,0.0117449857232071,-0.00264708311003356,-0.122186563849364,0.0937725284551096,-0.00168330312423718,-0.000777919018495605,0.00185436442141339,0.00184026162746108
B75_V080,THIRTEEN_STATE_ANGLE_COMMAND,6,9,psi,4.94185511660279e-16,5.97498438584304e-16,0,0,0,0,0,0
B75_V080,THIRTEEN_STATE_ANGLE_COMMAND,6,10,betaSym,0,0,-0.862196781360319,1.05011822939692,0,0,0,0
B75_V080,THIRTEEN_STATE_ANGLE_COMMAND,6,11,betaDiff,0,0,-1.52143450295235e-12,1.2068098069113e-12,0,0,0,0
B75_V080,THIRTEEN_STATE_ANGLE_COMMAND,6,12,betaSymDot,0,0,-0.0911416071254657,-0.118902556204829,-0,0,0,0
B75_V080,THIRTEEN_STATE_ANGLE_COMMAND,6,13,betaDiffDot,0,0,-3.09467674390443e-13,4.8410096852995e-14,0,0,0,0
B75_V080,THIRTEEN_STATE_ANGLE_COMMAND,7,1,u,-0.135539818353175,0.0198657987617461,-0.111980920393793,0.0348354742597627,0.0158699081306104,0.00249700342371673,0.0160651489309022,0.0159429704191872
B75_V080,THIRTEEN_STATE_ANGLE_COMMAND,7,2,v,1.50453449544509e-14,8.75710256747386e-14,-1.39016212696484e-16,3.2737237889456e-16,2.65767881230958e-29,-1.70992227002766e-29,3.16023588343272e-29,3.1362016887566e-29
B75_V080,THIRTEEN_STATE_ANGLE_COMMAND,7,3,w,0.989742011402492,0,0.491048355150605,-0.0428501222218854,0.486011186722645,0.0424105661567315,0.487858104105372,0.484147850478463
B75_V080,THIRTEEN_STATE_ANGLE_COMMAND,7,4,p,1.29035613581542e-15,-1.89109489232764e-14,4.83218520457636e-15,4.55793689847948e-15,-7.99596720545408e-29,-9.7262569435168e-29,1.25910907264623e-28,1.24953330878345e-28
B75_V080,THIRTEEN_STATE_ANGLE_COMMAND,7,5,q,-0.00372229436347836,-0.0385519303192168,-0.0660934069458719,-12.9580071612091,0.499802208270982,-0.0456854885989438,0.5018858548127,0.498068917474889
B75_V080,THIRTEEN_STATE_ANGLE_COMMAND,7,6,r,-2.31434947907898e-15,-9.04380868241432e-16,-1.33624626524286e-14,-2.04780875615799e-14,4.94453990877262e-29,-3.53086957052292e-29,6.0758139235406e-29,6.02960620359797e-29
B75_V080,THIRTEEN_STATE_ANGLE_COMMAND,7,7,phi,5.52303410720622e-15,2.40511242949849e-15,1.16397640523446e-15,1.74408178946159e-16,6.84815266508279e-30,1.83623179897699e-30,7.09005938930379e-30,7.03613813977898e-30
B75_V080,THIRTEEN_STATE_ANGLE_COMMAND,7,8,theta,0.0117449857232071,0.00264708311003356,-0.122186563849366,-0.0937725284551096,-0.0016833031242372,0.0007779190184956,0.00185436442141341,0.0018402616274611
B75_V080,THIRTEEN_STATE_ANGLE_COMMAND,7,9,psi,4.94185511660279e-16,-5.97498438584304e-16,-0,0,0,0,0,0
B75_V080,THIRTEEN_STATE_ANGLE_COMMAND,7,10,betaSym,0,0,-0.862196781360319,-1.05011822939692,0,0,0,0
B75_V080,THIRTEEN_STATE_ANGLE_COMMAND,7,11,betaDiff,0,0,-1.52143450295235e-12,-1.2068098069113e-12,0,0,0,0
B75_V080,THIRTEEN_STATE_ANGLE_COMMAND,7,12,betaSymDot,0,0,-0.091141607125466,0.118902556204829,-0,0,0,0
B75_V080,THIRTEEN_STATE_ANGLE_COMMAND,7,13,betaDiffDot,0,0,-3.09467674390442e-13,-4.84100968529949e-14,0,0,0,0
B75_V080,THIRTEEN_STATE_ANGLE_COMMAND,8,1,u,0.975269940461249,0,1.47218995208833,-1.35376018907522e-18,1.43578260692084,1.3202816189982e-18,1.43578260692084,0.760484829325441
B75_V080,THIRTEEN_STATE_ANGLE_COMMAND,8,2,v,9.31177706662267e-14,0,-1.44772699568734e-14,-2.17276662431923e-31,-1.34809110371719e-27,2.0232318423459e-44,1.34809110371719e-27,7.14037646078018e-28
B75_V080,THIRTEEN_STATE_ANGLE_COMMAND,8,3,w,0.220893644859575,0,-0.381585365297982,-7.4036362429967e-18,-0.0842897821657439,1.63541619492999e-18,0.0842897821657439,0.0446454082221158
B75_V080,THIRTEEN_STATE_ANGLE_COMMAND,8,4,p,2.7238069745788e-14,0,4.9339559879337e-13,1.30259131706982e-29,1.34391437321986e-26,-3.54800731446057e-43,1.34391437321986e-26,7.118253751088e-27
B75_V080,THIRTEEN_STATE_ANGLE_COMMAND,8,5,q,0.00194295322594888,0,4.2250166413425,-4.34319152876105e-17,0.00820900971298412,8.43861799172014e-20,0.00820900971298412,0.00434803104621661
B75_V080,THIRTEEN_STATE_ANGLE_COMMAND,8,6,r,-7.73918137461581e-15,0,5.26583837469312e-14,-1.63970594953973e-31,-4.07532782711622e-28,-1.26899817445246e-45,4.07532782711622e-28,2.1585614508148e-28
B75_V080,THIRTEEN_STATE_ANGLE_COMMAND,8,7,phi,-9.53313370351146e-14,0,5.10329904569145e-13,2.38735432964579e-29,-4.8650432131579e-26,2.27589680221703e-42,4.8650432131579e-26,2.57684661994466e-26
B75_V080,THIRTEEN_STATE_ANGLE_COMMAND,8,8,theta,-0.00712501411404428,0,50.4843679901012,-2.76280029619015e-16,-0.359701834468077,-1.96849911046405e-18,0.359701834468077,0.190521731406227
B75_V080,THIRTEEN_STATE_ANGLE_COMMAND,8,9,psi,2.86664827312674e-14,0,0,0,0,0,0,0
B75_V080,THIRTEEN_STATE_ANGLE_COMMAND,8,10,betaSym,0,0,-5.75903080836941,-7.99219782148395e-17,-0,0,0,0
B75_V080,THIRTEEN_STATE_ANGLE_COMMAND,8,11,betaDiff,0,0,-3.33830110782388e-13,-2.67887404119981e-28,-0,0,0,0
B75_V080,THIRTEEN_STATE_ANGLE_COMMAND,8,12,betaSymDot,0,0,-1.0150874227393,2.95859501466006e-16,0,0,0,0
B75_V080,THIRTEEN_STATE_ANGLE_COMMAND,8,13,betaDiffDot,0,0,-5.44823689504361e-14,6.65496702807758e-29,0,0,0,0
B75_V080,THIRTEEN_STATE_ANGLE_COMMAND,9,1,u,-0.975988203545035,0,0.479024665957947,-2.20894082020947e-18,-0.467522423182057,-2.15590018285353e-18,0.467522423182057,0.239672530980957
B75_V080,THIRTEEN_STATE_ANGLE_COMMAND,9,2,v,-3.50376404957203e-11,0,4.19529852810566e-14,-1.56545188717901e-30,-1.46993361599991e-24,-5.48497404363251e-41,1.46993361599991e-24,7.53552541336607e-25
B75_V080,THIRTEEN_STATE_ANGLE_COMMAND,9,3,w,-0.216132840376563,0,-0.519437067152096,-4.85949012442573e-18,0.112267408720454,-1.05029540337399e-18,0.112267408720454,0.0575532052806521
B75_V080,THIRTEEN_STATE_ANGLE_COMMAND,9,4,p,1.25524800845105e-12,0,-3.29068934606556e-12,6.95615772303713e-29,-4.1306312480799e-24,-8.73170312831378e-41,4.1306312480799e-24,2.11754302400769e-24
B75_V080,THIRTEEN_STATE_ANGLE_COMMAND,9,5,q,-0.00210448152936541,0,3.71275591917599,-4.09890844357853e-17,-0.00781342625494798,-8.62607711007095e-20,0.00781342625494798,0.0040055055186673
B75_V080,THIRTEEN_STATE_ANGLE_COMMAND,9,6,r,-1.44127761841496e-12,0,-8.1000167575296e-13,3.23822832398469e-29,1.16743728614135e-24,4.66718600667653e-41,1.16743728614135e-24,5.98479634894604e-25
B75_V080,THIRTEEN_STATE_ANGLE_COMMAND,9,7,phi,-1.34796165443594e-11,0,-5.1541198069689e-12,4.12354949107212e-29,6.94755586216287e-23,5.55838659413407e-40,6.94755586216287e-23,3.56162232023626e-23
B75_V080,THIRTEEN_STATE_ANGLE_COMMAND,9,8,theta,0.0270035740076617,0,50.4773346050344,-2.76247596359347e-16,1.36306844071655,7.45967241272829e-18,1.36306844071655,0.698768758219724
B75_V080,THIRTEEN_STATE_ANGLE_COMMAND,9,9,psi,1.867958603998e-11,0,0,0,0,0,0,0
B75_V080,THIRTEEN_STATE_ANGLE_COMMAND,9,10,betaSym,0,0,-2.1146324109885,-5.98191232486994e-17,-0,0,0,0
B75_V080,THIRTEEN_STATE_ANGLE_COMMAND,9,11,betaDiff,0,0,-7.55807421067824e-12,-3.32479688880825e-28,-0,0,0,0
B75_V080,THIRTEEN_STATE_ANGLE_COMMAND,9,12,betaSymDot,0,0,-0.398523546252753,9.68791860882925e-17,0,0,0,0
B75_V080,THIRTEEN_STATE_ANGLE_COMMAND,9,13,betaDiffDot,0,0,-1.19550690332406e-12,1.65821040912134e-28,0,0,0,0
B75_V080,THIRTEEN_STATE_ANGLE_COMMAND,10,1,u,0.0819570421332666,0.410890736037418,0,0,0,0,0,0
B75_V080,THIRTEEN_STATE_ANGLE_COMMAND,10,2,v,1.46843696728414e-12,-1.98107922102837e-12,0,0,0,0,0,0
B75_V080,THIRTEEN_STATE_ANGLE_COMMAND,10,3,w,0.151484996176473,0.308318724376214,0,0,0,0,0,0
B75_V080,THIRTEEN_STATE_ANGLE_COMMAND,10,4,p,4.29517459789169e-14,-2.75099814118971e-13,0,0,0,0,0,0
B75_V080,THIRTEEN_STATE_ANGLE_COMMAND,10,5,q,-0.0209902078518883,-0.00986009317172123,0,0,0,0,0,0
B75_V080,THIRTEEN_STATE_ANGLE_COMMAND,10,6,r,-5.34200918703179e-15,-1.54387125266947e-13,0,0,0,0,0,0
B75_V080,THIRTEEN_STATE_ANGLE_COMMAND,10,7,phi,-5.28208451862697e-14,5.31952619022195e-14,0,0,-0,0,0,0
B75_V080,THIRTEEN_STATE_ANGLE_COMMAND,10,8,theta,0.00271902759461999,0.00512054981212756,0,0,0,0,0,0
B75_V080,THIRTEEN_STATE_ANGLE_COMMAND,10,9,psi,-2.23118168340013e-14,3.19955060234244e-14,0,0,-0,0,0,0
B75_V080,THIRTEEN_STATE_ANGLE_COMMAND,10,10,betaSym,0.163015383815252,0.12226153786142,0,4.08959357739092,0.5,-0.666666666666769,0.833333333333415,0.5
B75_V080,THIRTEEN_STATE_ANGLE_COMMAND,10,11,betaDiff,0,0,0,0,0,0,0,0
B75_V080,THIRTEEN_STATE_ANGLE_COMMAND,10,12,betaSymDot,-0.815076919076169,0,-0.613439036608611,0.817918715478273,0.5,0.666666666666769,0.833333333333415,0.5
B75_V080,THIRTEEN_STATE_ANGLE_COMMAND,10,13,betaDiffDot,0,0,0,0,0,0,0,0
B75_V080,THIRTEEN_STATE_ANGLE_COMMAND,11,1,u,0.0819570421332666,-0.410890736037418,0,0,0,0,0,0
B75_V080,THIRTEEN_STATE_ANGLE_COMMAND,11,2,v,1.46843696728414e-12,1.98107922102837e-12,0,0,0,0,0,0
B75_V080,THIRTEEN_STATE_ANGLE_COMMAND,11,3,w,0.151484996176473,-0.308318724376214,0,0,0,0,0,0
B75_V080,THIRTEEN_STATE_ANGLE_COMMAND,11,4,p,4.29517459789169e-14,2.75099814118971e-13,0,0,0,0,0,0
B75_V080,THIRTEEN_STATE_ANGLE_COMMAND,11,5,q,-0.0209902078518883,0.00986009317172123,0,0,-0,0,0,0
B75_V080,THIRTEEN_STATE_ANGLE_COMMAND,11,6,r,-5.34200918703179e-15,1.54387125266947e-13,0,0,-0,0,0,0
B75_V080,THIRTEEN_STATE_ANGLE_COMMAND,11,7,phi,-5.28208451862697e-14,-5.31952619022195e-14,0,0,0,0,0,0
B75_V080,THIRTEEN_STATE_ANGLE_COMMAND,11,8,theta,0.00271902759461999,-0.00512054981212756,0,0,0,0,0,0
B75_V080,THIRTEEN_STATE_ANGLE_COMMAND,11,9,psi,-2.23118168340013e-14,-3.19955060234244e-14,0,0,0,0,0,0
B75_V080,THIRTEEN_STATE_ANGLE_COMMAND,11,10,betaSym,0.163015383815252,-0.12226153786142,0,-4.08959357739092,0.5,0.666666666666769,0.833333333333415,0.5
B75_V080,THIRTEEN_STATE_ANGLE_COMMAND,11,11,betaDiff,0,0,0,0,0,0,0,0
B75_V080,THIRTEEN_STATE_ANGLE_COMMAND,11,12,betaSymDot,-0.815076919076169,0,-0.613439036608611,-0.817918715478273,0.5,-0.666666666666769,0.833333333333415,0.5
B75_V080,THIRTEEN_STATE_ANGLE_COMMAND,11,13,betaDiffDot,0,0,0,0,0,0,0,0
B75_V080,THIRTEEN_STATE_ANGLE_COMMAND,12,1,u,-6.65999271257024e-15,1.22735287954721e-14,-0,0,0,0,0,0
B75_V080,THIRTEEN_STATE_ANGLE_COMMAND,12,2,v,0.988131729913524,0,-0,0,-0,0,0,0
B75_V080,THIRTEEN_STATE_ANGLE_COMMAND,12,3,w,-5.18224418757687e-14,2.90876397419589e-14,-0,0,0,0,0,0
B75_V080,THIRTEEN_STATE_ANGLE_COMMAND,12,4,p,0.0577757870057982,-0.013898707866343,-0,0,0,0,0,0
B75_V080,THIRTEEN_STATE_ANGLE_COMMAND,12,5,q,7.42295733787899e-16,-2.49406501122785e-15,-0,0,0,0,0,0
B75_V080,THIRTEEN_STATE_ANGLE_COMMAND,12,6,r,0.0443182484546721,-0.0327200932058002,-0,0,0,0,0,0
B75_V080,THIRTEEN_STATE_ANGLE_COMMAND,12,7,phi,-0.0155978635394196,-0.00590137202326555,-0,0,0,0,0,0
B75_V080,THIRTEEN_STATE_ANGLE_COMMAND,12,8,theta,-5.2253068676884e-16,3.87421188279744e-16,-0,0,0,0,0,0
B75_V080,THIRTEEN_STATE_ANGLE_COMMAND,12,9,psi,-0.0139101435124178,-0.000104761561233007,-0,0,0,0,0,0
B75_V080,THIRTEEN_STATE_ANGLE_COMMAND,12,10,betaSym,0,0,-0,0,-0,0,0,0
B75_V080,THIRTEEN_STATE_ANGLE_COMMAND,12,11,betaDiff,-0.00409726908871355,0.0309389769442878,-23.2797074640027,13.0778976610004,0.5,-0.666666666666769,0.833333333333415,0.5
B75_V080,THIRTEEN_STATE_ANGLE_COMMAND,12,12,betaSymDot,0,0,-0,0,-0,0,0,0
B75_V080,THIRTEEN_STATE_ANGLE_COMMAND,12,13,betaDiffDot,-0.0611422835823961,-0.108838172034632,-6.61762614195103,-0.876376587399884,0.5,0.666666666666769,0.833333333333415,0.5
B75_V080,THIRTEEN_STATE_ANGLE_COMMAND,13,1,u,-6.65999271257024e-15,-1.22735287954721e-14,-0,0,0,0,0,0
B75_V080,THIRTEEN_STATE_ANGLE_COMMAND,13,2,v,0.988131729913524,0,-0,0,-0,0,0,0
B75_V080,THIRTEEN_STATE_ANGLE_COMMAND,13,3,w,-5.18224418757687e-14,-2.90876397419589e-14,-0,0,0,0,0,0
B75_V080,THIRTEEN_STATE_ANGLE_COMMAND,13,4,p,0.0577757870057982,0.013898707866343,-0,0,-0,0,0,0
B75_V080,THIRTEEN_STATE_ANGLE_COMMAND,13,5,q,7.42295733787899e-16,2.49406501122785e-15,-0,0,-0,0,0,0
B75_V080,THIRTEEN_STATE_ANGLE_COMMAND,13,6,r,0.0443182484546721,0.0327200932058002,-0,0,-0,0,0,0
B75_V080,THIRTEEN_STATE_ANGLE_COMMAND,13,7,phi,-0.0155978635394196,0.00590137202326555,-0,0,0,0,0,0
B75_V080,THIRTEEN_STATE_ANGLE_COMMAND,13,8,theta,-5.2253068676884e-16,-3.87421188279744e-16,-0,0,0,0,0,0
B75_V080,THIRTEEN_STATE_ANGLE_COMMAND,13,9,psi,-0.0139101435124178,0.000104761561233007,-0,0,0,0,0,0
B75_V080,THIRTEEN_STATE_ANGLE_COMMAND,13,10,betaSym,0,0,-0,0,-0,0,0,0
B75_V080,THIRTEEN_STATE_ANGLE_COMMAND,13,11,betaDiff,-0.00409726908871355,-0.0309389769442878,-23.2797074640027,-13.0778976610004,0.5,0.666666666666769,0.833333333333415,0.5
B75_V080,THIRTEEN_STATE_ANGLE_COMMAND,13,12,betaSymDot,0,0,-0,0,-0,0,0,0
B75_V080,THIRTEEN_STATE_ANGLE_COMMAND,13,13,betaDiffDot,-0.0611422835823961,0.108838172034632,-6.61762614195103,0.876376587399885,0.5,-0.666666666666769,0.833333333333415,0.5
