
 ===================================================
  XFOIL Version 6.99
  Copyright (C) 2000   Mark Drela, Harold Youngren

  This software comes with ABSOLUTELY NO WARRANTY,
    subject to the GNU General Public License.

  Caveat computor
 ===================================================

 File  xfoil.def  not found

   QUIT    Exit program

  .OPER    Direct operating point(s)
  .MDES    Complex mapping design routine
  .QDES    Surface speed design routine
  .GDES    Geometry design routine

   SAVE f  Write airfoil to labeled coordinate file
   PSAV f  Write airfoil to plain coordinate file
   ISAV f  Write airfoil to ISES coordinate file
   MSAV f  Write airfoil to MSES coordinate file
   REVE    Reverse written-airfoil node ordering

   LOAD f  Read buffer airfoil from coordinate file
   NACA i  Set NACA 4,5-digit airfoil and buffer airfoil
   INTE    Set buffer airfoil by interpolating two airfoils
   NORM    Buffer airfoil normalization toggle
   XYCM rr Change CM reference location, currently  0.25000 0.00000

   BEND    Display structural properties of current airfoil

   PCOP    Set current-airfoil panel nodes directly from buffer airfoil points
   PANE    Set current-airfoil panel nodes ( 160 ) based on curvature
  .PPAR    Show/change paneling

  .PLOP    Plotting options

   WDEF f  Write  current-settings file
   RDEF f  Reread current-settings file
   NAME s  Specify new airfoil name
   NINC    Increment name version number

   Z       Zoom    | (available in all menus)
   U       Unzoom  | 

 XFOIL   c>  
 Labeled airfoil file.  Name:  NACA 64A223 STANDARD - PDAS/NASA TM-X-3069 6A ge

 Number of input coordinate points: 801
 Counterclockwise ordering
 Max thickness =     0.230026  at x =   0.378
 Max camber    =     0.011962  at x =   0.571

  LE  x,y  =  -0.00023   0.00291  |   Chord =   1.00024
  TE  x,y  =   1.00000   0.00000  |
 Maximum number of panel nodes  :          495
 Number of buffer airfoil points:          801
 Current airfoil cannot be set.
 Try executing PANE at Top Level instead.

 XFOIL   c>  
 Sharp trailing edge

 Paneling parameters used...
   Number of panel nodes       160
   Panel bunching parameter    1.000
   TE/LE panel density ratio   0.150
   Refined-area/LE panel density ratio    0.200
   Top    side refined area x/c limits  1.000 1.000
   Bottom side refined area x/c limits  1.000 1.000

 XFOIL   c>  
.OPERi   c>  
 M  =    0.0000
 Re =   1000000

.OPERv   c>  
.OPERv   c>  
.OPERv   c>  
 Polar  1 newly created for accumulation
 Airfoil archived with polar: NACA 64A223 STANDARD - PDAS/NASA TM-X-3069 6A ge

Enter  polar save filename  OR  <return> for no file   s>  
 New polar save file available

Enter  polar dump filename  OR  <return> for no file   s>  
 Polar dump file will NOT be written

 Polar accumulation enabled

.OPERva   c>   Calculating unit vorticity distributions ...
 Calculating wake trajectory ...
 Calculating source influence matrix ...

 Solving BL system ...

 Initializing BL ...
    side            1  ...
 MRCHUE: Inverse mode at  48     Hk =   4.581
 MRCHUE: Inverse mode at  49     Hk =   6.009
 MRCHUE: Inverse mode at  50     Hk =   7.413
 MRCHUE: Inverse mode at  51     Hk =   8.814
 MRCHUE: Inverse mode at  52     Hk =   6.468
 MRCHUE: Inverse mode at  53     Hk =   2.500
 MRCHUE: Convergence failed at  81  side 1    Res =  0.1231E+02
    side            2  ...
 MRCHUE: Inverse mode at  48     Hk =   4.502
 MRCHUE: Inverse mode at  49     Hk =   5.868
 MRCHUE: Inverse mode at  50     Hk =   7.217
 MRCHUE: Inverse mode at  51     Hk =   8.554
 MRCHUE: Inverse mode at  52     Hk =   8.481
 MRCHUE: Inverse mode at  53     Hk =   2.768
 MRCHUE: Convergence failed at  81  side 2    Res =  0.9156E+01

 MRCHDU: Convergence failed at  81  side 1    Res =  0.1953E+03
 MRCHDU: Convergence failed at  81  side 2    Res =  0.2945E+01
 Side 1  free  transition at x/c =  0.5274   52
 Side 2  free  transition at x/c =  0.5256   52

   1   rms: 0.6610E+00   max: 0.3030E+01   D at   83  2   RLX: 0.495
       a =  0.000      CL =  0.1820
      Cm = -0.0391     CD =  0.00157   =>   CDf =  0.00615    CDp = -0.00458

 Side 1  free  transition at x/c =  0.5392   53
 Side 2  free  transition at x/c =  0.5368   53

   2   rms: 0.4537E+00   max: 0.2279E+01   D at   84  2   RLX: 0.658
       a =  0.000      CL =  0.1464
      Cm = -0.0313     CD =  0.00397   =>   CDf =  0.00593    CDp = -0.00197

 Side 1  free  transition at x/c =  0.5557   54
 Side 2  free  transition at x/c =  0.5474   54
 idif Ue xi dudx           1  0.12144953      2.58731842E-03   46.940311    
 Uenew xinew           2  9.31128021E-03  1.98364258E-04

   3   rms: 0.1422E+00   max: 0.7081E+00   D at   86  2
       a =  0.000      CL =  0.0838
      Cm = -0.0177     CD =  0.00734   =>   CDf =  0.00580    CDp =  0.00154

 Side 1  free  transition at x/c =  0.5720   53
 Side 2  free  transition at x/c =  0.5643   55

   4   rms: 0.3667E-01   max: -.3255E+00   C at   55  2
       a =  0.000      CL =  0.0610
      Cm = -0.0127     CD =  0.00806   =>   CDf =  0.00556    CDp =  0.00250

 Side 1  free  transition at x/c =  0.5677   53
 Side 2  free  transition at x/c =  0.5573   55

   5   rms: 0.2679E-02   max: -.2679E-01   D at   85  2
       a =  0.000      CL =  0.0608
      Cm = -0.0126     CD =  0.00813   =>   CDf =  0.00553    CDp =  0.00259

 Side 1  free  transition at x/c =  0.5674   53
 Side 2  free  transition at x/c =  0.5573   55

   6   rms: 0.9443E-04   max: 0.7228E-03   D at   82  2
       a =  0.000      CL =  0.0609
      Cm = -0.0127     CD =  0.00813   =>   CDf =  0.00553    CDp =  0.00259
 plradd ia,ip,cpol            1           0  0.37224060    

 Point added to stored polar  1
 Point written to save file  polar.txt                                       
 Dump file unspecified or not available
 Calculating wake trajectory ...
 Calculating source influence matrix ...

 Solving BL system ...

 Side 1  free  transition at x/c =  0.5674   53
 Side 2  free  transition at x/c =  0.5573   55
 idif Ue xi dudx           1  0.19432381      3.40521336E-03   57.066559    
 Uenew xinew           2  5.60351908E-02  9.81926918E-04

   1   rms: 0.1289E+00   max: 0.2332E+00   T at   55  2
       a = -1.000      CL = -0.0385
      Cm = -0.0146     CD =  0.00810   =>   CDf =  0.00554    CDp =  0.00256

 Side 1  free  transition at x/c =  0.5786   53
 Side 2  free  transition at x/c =  0.5473   56

   2   rms: 0.9518E-02   max: -.9109E-01   D at    3  2
       a = -1.000      CL = -0.0384
      Cm = -0.0146     CD =  0.00816   =>   CDf =  0.00556    CDp =  0.00259

 Side 1  free  transition at x/c =  0.5801   53
 Side 2  free  transition at x/c =  0.5456   55

   3   rms: 0.4910E-02   max: -.6067E-01   D at   55  2
       a = -1.000      CL = -0.0358
      Cm = -0.0151     CD =  0.00812   =>   CDf =  0.00555    CDp =  0.00257

 Side 1  free  transition at x/c =  0.5799   53
 Side 2  free  transition at x/c =  0.5462   55

   4   rms: 0.8551E-04   max: -.6235E-03   D at   56  2
       a = -1.000      CL = -0.0359
      Cm = -0.0151     CD =  0.00812   =>   CDf =  0.00554    CDp =  0.00258
 plradd ia,ip,cpol            2           0  0.38938251    

 Point added to stored polar  1
 Point written to save file  polar.txt                                       
 Dump file unspecified or not available
 Calculating wake trajectory ...
 Calculating source influence matrix ...

 Solving BL system ...

 Side 1  free  transition at x/c =  0.5799   53
 Side 2  free  transition at x/c =  0.5462   55
 idif Ue xi dudx           1  0.19623588      4.50706482E-03   43.539619    
 Uenew xinew           2  8.81421342E-02  2.02441216E-03

   1   rms: 0.1272E+00   max: -.2722E+00   C at   55  2
       a = -2.000      CL = -0.1261
      Cm = -0.0191     CD =  0.00795   =>   CDf =  0.00553    CDp =  0.00242

 Side 1  free  transition at x/c =  0.5911   52
 Side 2  free  transition at x/c =  0.5371   56

   2   rms: 0.1262E-01   max: -.1418E+00   D at   52  1
       a = -2.000      CL = -0.1281
      Cm = -0.0187     CD =  0.00811   =>   CDf =  0.00552    CDp =  0.00259

 Side 1  free  transition at x/c =  0.5925   53
 Side 2  free  transition at x/c =  0.5373   56

   3   rms: 0.4267E-02   max: -.6010E-01   D at   52  1
       a = -2.000      CL = -0.1284
      Cm = -0.0187     CD =  0.00808   =>   CDf =  0.00548    CDp =  0.00260

 Side 1  free  transition at x/c =  0.5936   53
 Side 2  free  transition at x/c =  0.5372   56

   4   rms: 0.6805E-03   max: -.7811E-02   D at   53  1
       a = -2.000      CL = -0.1276
      Cm = -0.0188     CD =  0.00809   =>   CDf =  0.00546    CDp =  0.00263

 Side 1  free  transition at x/c =  0.5934   53
 Side 2  free  transition at x/c =  0.5373   56

   5   rms: 0.8776E-05   max: -.1580E-03   D at   53  1
       a = -2.000      CL = -0.1276
      Cm = -0.0188     CD =  0.00809   =>   CDf =  0.00546    CDp =  0.00262
 plradd ia,ip,cpol            3           0  0.36553767    

 Point added to stored polar  1
 Point written to save file  polar.txt                                       
 Dump file unspecified or not available
 Calculating wake trajectory ...
 Calculating source influence matrix ...

 Solving BL system ...

 Side 1  free  transition at x/c =  0.5934   53
 Side 2  free  transition at x/c =  0.5373   56
 idif Ue xi dudx           2  0.24430646      6.04641438E-03   40.405178    
 Uenew xinew           3  0.14124893      3.49581242E-03

   1   rms: 0.1307E+00   max: -.2730E+00   D at   56  2
       a = -3.000      CL = -0.2200
      Cm = -0.0223     CD =  0.00789   =>   CDf =  0.00541    CDp =  0.00248

 Side 1  free  transition at x/c =  0.6162   52
 Side 2  free  transition at x/c =  0.5216   57

   2   rms: 0.2762E-01   max: -.2662E+00   D at   57  2
       a = -3.000      CL = -0.2122
      Cm = -0.0241     CD =  0.00812   =>   CDf =  0.00539    CDp =  0.00273

 Side 1  free  transition at x/c =  0.6105   51
 Side 2  free  transition at x/c =  0.5241   57

   3   rms: 0.3937E-02   max: -.4388E-01   D at   52  1
       a = -3.000      CL = -0.2127
      Cm = -0.0240     CD =  0.00811   =>   CDf =  0.00539    CDp =  0.00272

 Side 1  free  transition at x/c =  0.6102   51
 Side 2  free  transition at x/c =  0.5237   57

   4   rms: 0.1884E-03   max: -.1087E-02   D at   76  1
       a = -3.000      CL = -0.2124
      Cm = -0.0240     CD =  0.00811   =>   CDf =  0.00539    CDp =  0.00272

 Side 1  free  transition at x/c =  0.6102   51
 Side 2  free  transition at x/c =  0.5237   57

   5   rms: 0.1743E-05   max: 0.8284E-05   D at   85  2
       a = -3.000      CL = -0.2124
      Cm = -0.0240     CD =  0.00811   =>   CDf =  0.00539    CDp =  0.00272
 plradd ia,ip,cpol            4           0  0.22444899    

 Point added to stored polar  1
 Point written to save file  polar.txt                                       
 Dump file unspecified or not available
 Calculating wake trajectory ...
 Calculating source influence matrix ...

 Solving BL system ...

 Side 1  free  transition at x/c =  0.6102   51
 Side 2  free  transition at x/c =  0.5237   57
 idif Ue xi dudx           1  0.15929441      3.88395786E-03   41.013424    
 Uenew xinew           2  4.71219271E-02  1.14893913E-03

   1   rms: 0.1231E+00   max: 0.3324E+00   T at   57  2
       a = -4.000      CL = -0.2970
      Cm = -0.0295     CD =  0.00813   =>   CDf =  0.00535    CDp =  0.00278

 Side 1  free  transition at x/c =  0.6268   51
 Side 2  free  transition at x/c =  0.5029   57

   2   rms: 0.2554E-01   max: -.2762E+00   D at   51  1
       a = -4.000      CL = -0.2919
      Cm = -0.0304     CD =  0.00813   =>   CDf =  0.00539    CDp =  0.00274

 Side 1  free  transition at x/c =  0.6293   51
 Side 2  free  transition at x/c =  0.5065   57

   3   rms: 0.2587E-02   max: 0.3650E-01   C at   51  1
       a = -4.000      CL = -0.2903
      Cm = -0.0308     CD =  0.00813   =>   CDf =  0.00530    CDp =  0.00284

 Side 1  free  transition at x/c =  0.6284   51
 Side 2  free  transition at x/c =  0.5062   57

   4   rms: 0.8714E-04   max: -.5156E-03   C at   51  1
       a = -4.000      CL = -0.2902
      Cm = -0.0308     CD =  0.00813   =>   CDf =  0.00530    CDp =  0.00283
 plradd ia,ip,cpol            5           0  5.06032631E-02

 Point added to stored polar  1
 Point written to save file  polar.txt                                       
 Dump file unspecified or not available
 Calculating wake trajectory ...
 Calculating source influence matrix ...

 Solving BL system ...

 Side 1  free  transition at x/c =  0.6284   51
 Side 2  free  transition at x/c =  0.5062   57
 idif Ue xi dudx           1  0.17358623      5.26201725E-03   32.988533    
 Uenew xinew           2  7.92288780E-02  2.40170956E-03

   1   rms: 0.1238E+00   max: -.3765E+00   C at   57  2
       a = -5.000      CL = -0.3731
      Cm = -0.0366     CD =  0.00813   =>   CDf =  0.00525    CDp =  0.00288

 Side 1  free  transition at x/c =  0.6483   51
 Side 2  free  transition at x/c =  0.4870   57

   2   rms: 0.2128E-01   max: 0.2317E+00   C at   51  1
       a = -5.000      CL = -0.3625
      Cm = -0.0387     CD =  0.00820   =>   CDf =  0.00520    CDp =  0.00300

 Side 1  free  transition at x/c =  0.6476   51
 Side 2  free  transition at x/c =  0.4889   57

   3   rms: 0.1307E-02   max: 0.1300E-01   C at   51  1
       a = -5.000      CL = -0.3623
      Cm = -0.0388     CD =  0.00820   =>   CDf =  0.00520    CDp =  0.00300

 Side 1  free  transition at x/c =  0.6472   51
 Side 2  free  transition at x/c =  0.4889   57

   4   rms: 0.1063E-04   max: -.8907E-04   D at   52  1
       a = -5.000      CL = -0.3623
      Cm = -0.0388     CD =  0.00820   =>   CDf =  0.00520    CDp =  0.00300
 plradd ia,ip,cpol            6           0  5.06032631E-02

 Point added to stored polar  1
 Point written to save file  polar.txt                                       
 Dump file unspecified or not available
 Calculating wake trajectory ...
 Calculating source influence matrix ...

 Solving BL system ...

 Side 1  free  transition at x/c =  0.6472   51
 Side 2  free  transition at x/c =  0.4889   57
 idif Ue xi dudx           2  0.15187182      6.37423992E-03   23.825871    
 Uenew xinew           3  8.01409185E-02  3.36360931E-03

   1   rms: 0.1268E+00   max: -.3236E+00   C at   57  2
       a = -6.000      CL = -0.4455
      Cm = -0.0444     CD =  0.00822   =>   CDf =  0.00505    CDp =  0.00317

 Side 1  free  transition at x/c =  0.6680   50
 Side 2  free  transition at x/c =  0.4672   58

   2   rms: 0.2135E-01   max: 0.2227E+00   D at    4  2
       a = -6.000      CL = -0.4425
      Cm = -0.0448     CD =  0.00832   =>   CDf =  0.00509    CDp =  0.00323

 Side 1  free  transition at x/c =  0.6677   50
 Side 2  free  transition at x/c =  0.4710   58

   3   rms: 0.9170E-03   max: 0.1090E-01   C at   50  1
       a = -6.000      CL = -0.4424
      Cm = -0.0448     CD =  0.00832   =>   CDf =  0.00507    CDp =  0.00325

 Side 1  free  transition at x/c =  0.6673   50
 Side 2  free  transition at x/c =  0.4708   58

   4   rms: 0.1025E-04   max: -.6337E-04   D at   90  2
       a = -6.000      CL = -0.4424
      Cm = -0.0448     CD =  0.00832   =>   CDf =  0.00507    CDp =  0.00325
 plradd ia,ip,cpol            7           0  2.98684426E-02

 Point added to stored polar  1
 Point written to save file  polar.txt                                       
 Dump file unspecified or not available
 Calculating wake trajectory ...
 Calculating source influence matrix ...

 Solving BL system ...

 Side 1  free  transition at x/c =  0.6673   50
 Side 2  free  transition at x/c =  0.4708   58
 idif Ue xi dudx           1  0.10705285      3.94070148E-03   27.165937    
 Uenew xinew           2  1.51720541E-02  5.58495522E-04

   1   rms: 0.1357E+00   max: -.5953E+00   C at   58  2   RLX: 0.840
       a = -7.000      CL = -0.5224
      Cm = -0.0473     CD =  0.00832   =>   CDf =  0.00499    CDp =  0.00333

 Side 1  free  transition at x/c =  0.6853   50
 Side 2  free  transition at x/c =  0.4442   58

   2   rms: 0.2120E-01   max: -.1984E+00   D at   58  2
       a = -7.000      CL = -0.5308
      Cm = -0.0489     CD =  0.00849   =>   CDf =  0.00496    CDp =  0.00352

 Side 1  free  transition at x/c =  0.6884   50
 Side 2  free  transition at x/c =  0.4425   58

   3   rms: 0.8427E-03   max: 0.9179E-02   D at   51  1
       a = -7.000      CL = -0.5303
      Cm = -0.0490     CD =  0.00851   =>   CDf =  0.00493    CDp =  0.00358

 Side 1  free  transition at x/c =  0.6886   50
 Side 2  free  transition at x/c =  0.4422   58

   4   rms: 0.9530E-05   max: 0.4942E-04   D at   91  2
       a = -7.000      CL = -0.5303
      Cm = -0.0490     CD =  0.00851   =>   CDf =  0.00494    CDp =  0.00357
 plradd ia,ip,cpol            8           0  1.91027932E-02

 Point added to stored polar  1
 Point written to save file  polar.txt                                       
 Dump file unspecified or not available
 Calculating wake trajectory ...
 Calculating source influence matrix ...

 Solving BL system ...

 Side 1  free  transition at x/c =  0.6886   50
 Side 2  free  transition at x/c =  0.4422   58
 idif Ue xi dudx           1  0.11209855      3.97586823E-03   28.194735    
 Uenew xinew           2  1.05302455E-02  3.73482704E-04

   1   rms: 0.1364E+00   max: -.6853E+00   D at   58  2   RLX: 0.730
       a = -8.000      CL = -0.5902
      Cm = -0.0528     CD =  0.00882   =>   CDf =  0.00484    CDp =  0.00398

 Side 1  free  transition at x/c =  0.7061   50
 Side 2  free  transition at x/c =  0.3597   54

   2   rms: 0.5643E-01   max: 0.5943E+00   C at   54  2
       a = -8.000      CL = -0.5895
      Cm = -0.0579     CD =  0.00953   =>   CDf =  0.00515    CDp =  0.00438

 Side 1  free  transition at x/c =  0.7109   50
 Side 2  free  transition at x/c =  0.3275   52

   3   rms: 0.1813E-01   max: -.3824E+00   C at   52  2
       a = -8.000      CL = -0.5794
      Cm = -0.0598     CD =  0.00973   =>   CDf =  0.00529    CDp =  0.00444

 Side 1  free  transition at x/c =  0.7115   50
 Side 2  free  transition at x/c =  0.3374   53

   4   rms: 0.2936E-02   max: 0.4835E-01   C at   53  2
       a = -8.000      CL = -0.5814
      Cm = -0.0594     CD =  0.00969   =>   CDf =  0.00523    CDp =  0.00446

 Side 1  free  transition at x/c =  0.7114   50
 Side 2  free  transition at x/c =  0.3359   53

   5   rms: 0.1279E-03   max: -.2507E-02   C at   53  2
       a = -8.000      CL = -0.5814
      Cm = -0.0595     CD =  0.00969   =>   CDf =  0.00524    CDp =  0.00445

 Side 1  free  transition at x/c =  0.7114   50
 Side 2  free  transition at x/c =  0.3359   53

   6   rms: 0.2339E-05   max: 0.4727E-04   C at   53  2
       a = -8.000      CL = -0.5814
      Cm = -0.0595     CD =  0.00969   =>   CDf =  0.00524    CDp =  0.00445
 plradd ia,ip,cpol            9           0  8.91487300E-03

 Point added to stored polar  1
 Point written to save file  polar.txt                                       
 Dump file unspecified or not available
 Calculating wake trajectory ...
 Calculating source influence matrix ...

 Solving BL system ...

 Side 1  free  transition at x/c =  0.7114   50
 Side 2  free  transition at x/c =  0.3359   53

   1   rms: 0.3029E+00   max: 0.5334E+01   C at   53  2   RLX: 0.281
       a = -9.000      CL = -0.5839
      Cm = -0.0642     CD =  0.01041   =>   CDf =  0.00523    CDp =  0.00517

 Side 1  free  transition at x/c =  0.7182   51
 Side 2  free  transition at x/c =  0.2986   51

   2   rms: 0.1847E+00   max: 0.2486E+01   C at   51  2   RLX: 0.400
       a = -9.000      CL = -0.5895
      Cm = -0.0681     CD =  0.01108   =>   CDf =  0.00536    CDp =  0.00571

 Side 1  free  transition at x/c =  0.7254   51
 Side 2  free  transition at x/c =  0.2636   49
 idif Ue xi dudx           1  8.34279358E-02  4.65834141E-03   17.909365    
 Uenew xinew           2  1.45006664E-02  8.09669495E-04

   3   rms: 0.1039E+00   max: 0.1242E+01   C at   49  2   RLX: 0.686
       a = -9.000      CL = -0.5968
      Cm = -0.0715     CD =  0.01186   =>   CDf =  0.00538    CDp =  0.00648

 Side 1  free  transition at x/c =  0.7318   50
 Side 2  free  transition at x/c =  0.2345   48

   4   rms: 0.3219E-01   max: 0.4750E+00   C at   48  2
       a = -9.000      CL = -0.6063
      Cm = -0.0720     CD =  0.01212   =>   CDf =  0.00561    CDp =  0.00651

 Side 1  free  transition at x/c =  0.7373   51
 Side 2  free  transition at x/c =  0.2197   47

   5   rms: 0.4992E-02   max: -.6420E-01   C at   47  2
       a = -9.000      CL = -0.6059
      Cm = -0.0720     CD =  0.01211   =>   CDf =  0.00563    CDp =  0.00648

 Side 1  free  transition at x/c =  0.7388   51
 Side 2  free  transition at x/c =  0.2210   47

   6   rms: 0.2805E-03   max: -.3578E-02   C at   47  2
       a = -9.000      CL = -0.6057
      Cm = -0.0720     CD =  0.01212   =>   CDf =  0.00560    CDp =  0.00651

 Side 1  free  transition at x/c =  0.7387   51
 Side 2  free  transition at x/c =  0.2211   47

   7   rms: 0.2123E-05   max: -.1524E-04   C at   47  2
       a = -9.000      CL = -0.6057
      Cm = -0.0720     CD =  0.01212   =>   CDf =  0.00560    CDp =  0.00651
 plradd ia,ip,cpol           10           0  8.91487300E-03

 Point added to stored polar  1
 Point written to save file  polar.txt                                       
 Dump file unspecified or not available
 Calculating wake trajectory ...
 Calculating source influence matrix ...

 Solving BL system ...

 Side 1  free  transition at x/c =  0.7387   51
 Side 2  free  transition at x/c =  0.2211   47

   1   rms: 0.1952E+00   max: 0.3141E+01   C at   47  2   RLX: 0.478
       a =-10.000      CL = -0.6314
      Cm = -0.0752     CD =  0.01297   =>   CDf =  0.00560    CDp =  0.00737

 Side 1  free  transition at x/c =  0.7494   51
 Side 2  free  transition at x/c =  0.1744   44
 idif Ue xi dudx           1  0.12279691      4.39262390E-03   27.955252    
 Uenew xinew           2  7.59815844E-03  2.71797180E-04

   2   rms: 0.8126E-01   max: 0.3978E+00   C at   44  2
       a =-10.000      CL = -0.6477
      Cm = -0.0796     CD =  0.01464   =>   CDf =  0.00571    CDp =  0.00893

 Side 1  free  transition at x/c =  0.7666   51
 Side 2  free  transition at x/c =  0.1450   44

   3   rms: 0.3447E-01   max: -.3667E+00   D at    2  2
       a =-10.000      CL = -0.6373
      Cm = -0.0802     CD =  0.01525   =>   CDf =  0.00602    CDp =  0.00924

 Side 1  free  transition at x/c =  0.7705   52
 Side 2  free  transition at x/c =  0.1519   43

   4   rms: 0.8339E-02   max: -.1486E+00   C at   52  1
       a =-10.000      CL = -0.6377
      Cm = -0.0802     CD =  0.01521   =>   CDf =  0.00577    CDp =  0.00944

 Side 1  free  transition at x/c =  0.7707   52
 Side 2  free  transition at x/c =  0.1501   43

   5   rms: 0.1015E-02   max: 0.1243E-01   D at    4  1
       a =-10.000      CL = -0.6375
      Cm = -0.0802     CD =  0.01522   =>   CDf =  0.00577    CDp =  0.00945

 Side 1  free  transition at x/c =  0.7705   52
 Side 2  free  transition at x/c =  0.1502   43

   6   rms: 0.4771E-05   max: -.3246E-04   D at  101  2
       a =-10.000      CL = -0.6375
      Cm = -0.0802     CD =  0.01522   =>   CDf =  0.00577    CDp =  0.00945
 plradd ia,ip,cpol           11           0  8.91487300E-03

 Point added to stored polar  1
 Point written to save file  polar.txt                                       
 Dump file unspecified or not available
 Calculating wake trajectory ...
 Calculating source influence matrix ...

 Solving BL system ...

 Side 1  free  transition at x/c =  0.7705   52
 Side 2  free  transition at x/c =  0.1502   43
 idif Ue xi dudx           1  0.14311849      6.14321232E-03   23.297010    
 Uenew xinew           2  4.71155383E-02  2.02238560E-03

   1   rms: 0.1889E+00   max: 0.1845E+01   C at   43  2   RLX: 0.436
       a =-11.000      CL = -0.6542
      Cm = -0.0827     CD =  0.01673   =>   CDf =  0.00565    CDp =  0.01108

 Side 1  free  transition at x/c =  0.7868   52
 Side 2  free  transition at x/c =  0.1308   43

   2   rms: 0.9692E-01   max: -.6757E+00   C at   52  1   RLX: 0.740
       a =-11.000      CL = -0.6720
      Cm = -0.0847     CD =  0.01819   =>   CDf =  0.00576    CDp =  0.01242

 Side 1  free  transition at x/c =  0.8000   53
 Side 2  free  transition at x/c =  0.1143   41

   3   rms: 0.2894E-01   max: -.3468E+00   C at   53  1
       a =-11.000      CL = -0.6806
      Cm = -0.0849     CD =  0.01863   =>   CDf =  0.00577    CDp =  0.01286

 Side 1  free  transition at x/c =  0.8084   54
 Side 2  free  transition at x/c =  0.1100   41

   4   rms: 0.1001E-01   max: -.1664E+00   C at   54  1
       a =-11.000      CL = -0.6793
      Cm = -0.0850     CD =  0.01867   =>   CDf =  0.00574    CDp =  0.01293

 Side 1  free  transition at x/c =  0.8123   54
 Side 2  free  transition at x/c =  0.1103   41

   5   rms: 0.8877E-03   max: 0.1342E-01   C at   54  1
       a =-11.000      CL = -0.6789
      Cm = -0.0851     CD =  0.01868   =>   CDf =  0.00569    CDp =  0.01298

 Side 1  free  transition at x/c =  0.8120   54
 Side 2  free  transition at x/c =  0.1104   41

   6   rms: 0.7443E-05   max: -.6928E-04   D at   55  1
       a =-11.000      CL = -0.6789
      Cm = -0.0851     CD =  0.01868   =>   CDf =  0.00570    CDp =  0.01298
 plradd ia,ip,cpol           12           0  5.29714068E-03

 Point added to stored polar  1
 Point written to save file  polar.txt                                       
 Dump file unspecified or not available
 Calculating wake trajectory ...
 Calculating source influence matrix ...

 Solving BL system ...

 Side 1  free  transition at x/c =  0.8120   54
 Side 2  free  transition at x/c =  0.1104   41
 idif Ue xi dudx           1  0.10208532      6.34777546E-03   16.082062    
 Uenew xinew           2  3.10306847E-02  1.92952156E-03

   1   rms: 0.1815E+00   max: 0.1468E+01   C at   41  2   RLX: 0.351
       a =-12.000      CL = -0.6930
      Cm = -0.0865     CD =  0.02004   =>   CDf =  0.00556    CDp =  0.01449

 Side 1  free  transition at x/c =  0.8263   54
 Side 2  free  transition at x/c =  0.0991   41

   2   rms: 0.1148E+00   max: -.9459E+00   C at   54  1   RLX: 0.529
       a =-12.000      CL = -0.7074
      Cm = -0.0875     CD =  0.02142   =>   CDf =  0.00569    CDp =  0.01573

 Side 1  free  transition at x/c =  0.8440   55
 Side 2  free  transition at x/c =  0.0907   40
 idif Ue xi dudx           1  7.49989823E-02  5.27262688E-03   14.224216    
 Uenew xinew           2  7.41341943E-03  5.21183014E-04

   3   rms: 0.4781E-01   max: -.4314E+00   C at   55  1
       a =-12.000      CL = -0.7222
      Cm = -0.0888     CD =  0.02244   =>   CDf =  0.00548    CDp =  0.01697

 Side 1  free  transition at x/c =  0.8731   57
 Side 2  free  transition at x/c =  0.0834   41

   4   rms: 0.1380E-01   max: -.1978E+00   C at   57  1
       a =-12.000      CL = -0.7176
      Cm = -0.0892     CD =  0.02261   =>   CDf =  0.00555    CDp =  0.01706

 Side 1  free  transition at x/c =  0.8785   57
 Side 2  free  transition at x/c =  0.0842   41

   5   rms: 0.1849E-02   max: 0.3207E-01   C at   57  1
       a =-12.000      CL = -0.7170
      Cm = -0.0893     CD =  0.02262   =>   CDf =  0.00548    CDp =  0.01714

 Side 1  free  transition at x/c =  0.8775   57
 Side 2  free  transition at x/c =  0.0842   41

   6   rms: 0.3525E-04   max: -.4604E-03   C at   57  1
       a =-12.000      CL = -0.7170
      Cm = -0.0893     CD =  0.02262   =>   CDf =  0.00548    CDp =  0.01714
 plradd ia,ip,cpol           13           0  3.83087946E-03

 Point added to stored polar  1
 Point written to save file  polar.txt                                       
 Dump file unspecified or not available
 Calculating wake trajectory ...
 Calculating source influence matrix ...

 Solving BL system ...

 Side 1  free  transition at x/c =  0.8775   57
 Side 2  free  transition at x/c =  0.0842   41

   1   rms: 0.1767E+00   max: -.2033E+01   C at   57  1   RLX: 0.246
       a =-13.000      CL = -0.7257
      Cm = -0.0903     CD =  0.02373   =>   CDf =  0.00548    CDp =  0.01825

 Side 1  free  transition at x/c =  0.8876   58
 Side 2  free  transition at x/c =  0.0797   40

   2   rms: 0.1228E+00   max: -.9067E+00   C at   58  1   RLX: 0.551
       a =-13.000      CL = -0.7540
      Cm = -0.0899     CD =  0.02508   =>   CDf =  0.00548    CDp =  0.01961

 Side 1  free  transition at x/c =  0.9096   59
 Side 2  free  transition at x/c =  0.0727   39

   3   rms: 0.5711E-01   max: -.7258E+00   C at   59  1   RLX: 0.689
       a =-13.000      CL = -0.7639
      Cm = -0.0906     CD =  0.02609   =>   CDf =  0.00539    CDp =  0.02070

 Side 1  free  transition at x/c =  0.9261   60
 Side 2  free  transition at x/c =  0.0690   39

   4   rms: 0.2500E-01   max: -.3951E+00   C at   60  1
       a =-13.000      CL = -0.7668
      Cm = -0.0911     CD =  0.02663   =>   CDf =  0.00532    CDp =  0.02131

 Side 1  free  transition at x/c =  0.9401   61
 Side 2  free  transition at x/c =  0.0673   39

   5   rms: 0.5227E-02   max: -.9101E-01   C at   61  1
       a =-13.000      CL = -0.7698
      Cm = -0.0903     CD =  0.02673   =>   CDf =  0.00528    CDp =  0.02145

 Side 1  free  transition at x/c =  0.9415   61
 Side 2  free  transition at x/c =  0.0671   39

   6   rms: 0.2959E-03   max: 0.5821E-02   C at   61  1
       a =-13.000      CL = -0.7699
      Cm = -0.0903     CD =  0.02673   =>   CDf =  0.00527    CDp =  0.02146

 Side 1  free  transition at x/c =  0.9414   61
 Side 2  free  transition at x/c =  0.0671   39

   7   rms: 0.6095E-05   max: 0.3119E-04   D at   71  2
       a =-13.000      CL = -0.7698
      Cm = -0.0903     CD =  0.02673   =>   CDf =  0.00527    CDp =  0.02146
 plradd ia,ip,cpol           14           0  3.83087946E-03

 Point added to stored polar  1
 Point written to save file  polar.txt                                       
 Dump file unspecified or not available
 Calculating wake trajectory ...
 Calculating source influence matrix ...

 Solving BL system ...

 Side 1  free  transition at x/c =  0.9414   61
 Side 2  free  transition at x/c =  0.0671   39
 idif Ue xi dudx           1  0.10267722      5.46878576E-03   18.775141    
 Uenew xinew           2  5.96808363E-03  3.17871571E-04

   1   rms: 0.1726E+00   max: -.1539E+01   C at   61  1   RLX: 0.325
       a =-14.000      CL = -0.7941
      Cm = -0.0884     CD =  0.02856   =>   CDf =  0.00509    CDp =  0.02347

 Side 1  free  transition at x/c =  0.9536   61
 Side 2  free  transition at x/c =  0.0628   39

   2   rms: 0.2463E+00   max: 0.3652E+01   T at    2  2   RLX: 0.255
       a =-14.000      CL = -0.8149
      Cm = -0.0862     CD =  0.02938   =>   CDf =  0.00522    CDp =  0.02416

 Side 1  free  transition at x/c =  0.9584   61
 Side 2  free  transition at x/c =  0.0595   39

   3   rms: 0.8921E-01   max: -.5195E+00   D at   39  2   RLX: 0.963
       a =-14.000      CL = -0.8681
      Cm = -0.0798     CD =  0.03239   =>   CDf =  0.00522    CDp =  0.02717

 Side 1  free  transition at x/c =  0.9656   62
 Side 2  free  transition at x/c =  0.0520   38

   4   rms: 0.1731E-01   max: -.1872E+00   C at   62  1
       a =-14.000      CL = -0.8695
      Cm = -0.0798     CD =  0.03235   =>   CDf =  0.00521    CDp =  0.02714

 Side 1  free  transition at x/c =  0.9679   62
 Side 2  free  transition at x/c =  0.0518   38

   5   rms: 0.9783E-03   max: -.1019E-01   D at   64  1
       a =-14.000      CL = -0.8693
      Cm = -0.0799     CD =  0.03233   =>   CDf =  0.00520    CDp =  0.02713

 Side 1  free  transition at x/c =  0.9681   62
 Side 2  free  transition at x/c =  0.0517   38

   6   rms: 0.2590E-04   max: 0.1646E-03   D at   71  2
       a =-14.000      CL = -0.8693
      Cm = -0.0799     CD =  0.03233   =>   CDf =  0.00520    CDp =  0.02712
 plradd ia,ip,cpol           15           0  3.83087946E-03

 Point added to stored polar  1
 Point written to save file  polar.txt                                       
 Dump file unspecified or not available
 Calculating wake trajectory ...
 Calculating source influence matrix ...

 Solving BL system ...

 Side 1  free  transition at x/c =  0.9681   62
 Side 2  free  transition at x/c =  0.0517   38
 idif Ue xi dudx           1  0.11827350      9.87142324E-03   11.981403    
 Uenew xinew           2  5.07972986E-02  4.23967838E-03

   1   rms: 0.1522E+00   max: -.5394E+00   D at   38  2   RLX: 0.668
       a =-15.000      CL = -0.9297
      Cm = -0.0737     CD =  0.03674   =>   CDf =  0.00502    CDp =  0.03172

 Side 1  free  transition at x/c =  0.9748   62
 Side 2  free  transition at x/c =  0.0471   38

   2   rms: 0.4802E-01   max: -.3766E+00   D at   38  2
       a =-15.000      CL = -0.9412
      Cm = -0.0745     CD =  0.03851   =>   CDf =  0.00511    CDp =  0.03339

 Side 1  free  transition at x/c =  0.9906   63
 Side 2  free  transition at x/c =  0.0427   37

   3   rms: 0.1507E-01   max: 0.1807E+00   D at   62  1
       a =-15.000      CL = -0.9363
      Cm = -0.0749     CD =  0.03864   =>   CDf =  0.00512    CDp =  0.03353

 Side 1  free  transition at x/c =  0.9934   63
 Side 2  free  transition at x/c =  0.0426   37

   4   rms: 0.3284E-02   max: 0.4050E-01   D at   63  1
       a =-15.000      CL = -0.9367
      Cm = -0.0748     CD =  0.03861   =>   CDf =  0.00512    CDp =  0.03349

 Side 1  free  transition at x/c =  0.9922   63
 Side 2  free  transition at x/c =  0.0425   37

   5   rms: 0.1505E-03   max: 0.1639E-02   T at   63  1
       a =-15.000      CL = -0.9367
      Cm = -0.0748     CD =  0.03861   =>   CDf =  0.00512    CDp =  0.03349

 Side 1  free  transition at x/c =  0.9921   63
 Side 2  free  transition at x/c =  0.0425   37

   6   rms: 0.7638E-05   max: -.2981E-04   D at  109  2
       a =-15.000      CL = -0.9367
      Cm = -0.0748     CD =  0.03861   =>   CDf =  0.00512    CDp =  0.03349
 plradd ia,ip,cpol           16           0  3.83087946E-03

 Point added to stored polar  1
 Point written to save file  polar.txt                                       
 Dump file unspecified or not available
 Calculating wake trajectory ...
 Calculating source influence matrix ...

 Solving BL system ...

 Side 1  free  transition at x/c =  0.9921   63
 Side 2  free  transition at x/c =  0.0425   37
 idif Ue xi dudx           1  0.11642485      9.23168659E-03   12.611439    
 Uenew xinew           2  3.83961014E-02  3.04454565E-03

   1   rms: 0.1472E+00   max: -.7285E+00   D at   37  2   RLX: 0.607
       a =-16.000      CL = -0.9813
      Cm = -0.0708     CD =  0.04303   =>   CDf =  0.00491    CDp =  0.03812

 Side 1  free  transition at x/c =  0.9989   63
 Side 2  free  transition at x/c =  0.0356   37

   2   rms: 0.6905E-01   max: -.7353E+00   D at   37  2   RLX: 0.680
       a =-16.000      CL = -1.0015
      Cm = -0.0674     CD =  0.04512   =>   CDf =  0.00511    CDp =  0.04001

 Side 1 forced transition at x/c =  1.0000   63
 Side 2  free  transition at x/c =  0.0331   36

   3   rms: 0.2256E-01   max: -.2945E+00   D at   37  2
       a =-16.000      CL = -1.0021
      Cm = -0.0688     CD =  0.04581   =>   CDf =  0.00510    CDp =  0.04071

 Side 1 forced transition at x/c =  1.0000   63
 Side 2  free  transition at x/c =  0.0314   36

   4   rms: 0.5522E-02   max: 0.2933E-01   D at   70  2
       a =-16.000      CL = -0.9976
      Cm = -0.0689     CD =  0.04613   =>   CDf =  0.00513    CDp =  0.04100

 Side 1 forced transition at x/c =  1.0000   63
 Side 2  free  transition at x/c =  0.0314   36

   5   rms: 0.4884E-03   max: 0.3432E-02   D at   70  2
       a =-16.000      CL = -0.9973
      Cm = -0.0689     CD =  0.04610   =>   CDf =  0.00512    CDp =  0.04097

 Side 1 forced transition at x/c =  1.0000   63
 Side 2  free  transition at x/c =  0.0314   36

   6   rms: 0.2334E-04   max: 0.1573E-03   D at  111  2
       a =-16.000      CL = -0.9973
      Cm = -0.0689     CD =  0.04609   =>   CDf =  0.00512    CDp =  0.04097
 plradd ia,ip,cpol           17           0  3.83087946E-03

 Point added to stored polar  1
 Point written to save file  polar.txt                                       
 Dump file unspecified or not available
 Calculating wake trajectory ...
 Calculating source influence matrix ...

 Solving BL system ...

 Side 1 forced transition at x/c =  1.0000   63
 Side 2  free  transition at x/c =  0.0314   36

   1   rms: 0.1330E+00   max: -.6234E+00   D at   60  1   RLX: 0.519
       a =-17.000      CL = -0.9962
      Cm = -0.0718     CD =  0.05019   =>   CDf =  0.00513    CDp =  0.04506

 Side 1 forced transition at x/c =  1.0000   63
 Side 2  free  transition at x/c =  0.0289   35
 idif Ue xi dudx           1  0.11490122      9.33438540E-03   12.309458    
 Uenew xinew           2  3.11169866E-02  2.52789259E-03

   2   rms: 0.5406E-01   max: -.2973E+00   D at   35  2
       a =-17.000      CL = -1.0148
      Cm = -0.0723     CD =  0.05271   =>   CDf =  0.00484    CDp =  0.04787

 Side 1 forced transition at x/c =  1.0000   62
 Side 2  free  transition at x/c =  0.0262   35

   3   rms: 0.1738E-01   max: 0.1122E+00   D at   70  2
       a =-17.000      CL = -1.0013
      Cm = -0.0724     CD =  0.05368   =>   CDf =  0.00509    CDp =  0.04859

 Side 1 forced transition at x/c =  1.0000   62
 Side 2  free  transition at x/c =  0.0262   35

   4   rms: 0.7082E-02   max: -.1079E+00   C at   35  2
       a =-17.000      CL = -1.0014
      Cm = -0.0725     CD =  0.05338   =>   CDf =  0.00507    CDp =  0.04832

 Side 1 forced transition at x/c =  1.0000   62
 Side 2  free  transition at x/c =  0.0262   35

   5   rms: 0.6777E-02   max: -.1076E+00   C at   35  2
       a =-17.000      CL = -1.0014
      Cm = -0.0725     CD =  0.05338   =>   CDf =  0.00507    CDp =  0.04832

 Side 1 forced transition at x/c =  1.0000   62
 Side 2  free  transition at x/c =  0.0262   35

   6   rms: 0.6780E-02   max: -.1076E+00   C at   35  2
       a =-17.000      CL = -1.0014
      Cm = -0.0725     CD =  0.05338   =>   CDf =  0.00507    CDp =  0.04832

 Side 1 forced transition at x/c =  1.0000   62
 Side 2  free  transition at x/c =  0.0262   35

   7   rms: 0.6780E-02   max: -.1076E+00   C at   35  2
       a =-17.000      CL = -1.0014
      Cm = -0.0725     CD =  0.05338   =>   CDf =  0.00507    CDp =  0.04832

 Side 1 forced transition at x/c =  1.0000   62
 Side 2  free  transition at x/c =  0.0262   35

   8   rms: 0.6781E-02   max: -.1076E+00   C at   35  2
       a =-17.000      CL = -1.0014
      Cm = -0.0725     CD =  0.05338   =>   CDf =  0.00507    CDp =  0.04832

 Side 1 forced transition at x/c =  1.0000   62
 Side 2  free  transition at x/c =  0.0262   35

   9   rms: 0.6781E-02   max: -.1076E+00   C at   35  2
       a =-17.000      CL = -1.0014
      Cm = -0.0725     CD =  0.05338   =>   CDf =  0.00507    CDp =  0.04832

 Side 1 forced transition at x/c =  1.0000   62
 Side 2  free  transition at x/c =  0.0262   35

  10   rms: 0.6781E-02   max: -.1076E+00   C at   35  2
       a =-17.000      CL = -1.0014
      Cm = -0.0725     CD =  0.05338   =>   CDf =  0.00507    CDp =  0.04832

 Side 1 forced transition at x/c =  1.0000   62
 Side 2  free  transition at x/c =  0.0262   35

  11   rms: 0.6780E-02   max: -.1076E+00   C at   35  2
       a =-17.000      CL = -1.0014
      Cm = -0.0725     CD =  0.05338   =>   CDf =  0.00507    CDp =  0.04832

 Side 1 forced transition at x/c =  1.0000   62
 Side 2  free  transition at x/c =  0.0262   35

  12   rms: 0.6780E-02   max: -.1076E+00   C at   35  2
       a =-17.000      CL = -1.0014
      Cm = -0.0725     CD =  0.05338   =>   CDf =  0.00507    CDp =  0.04832

 Side 1 forced transition at x/c =  1.0000   62
 Side 2  free  transition at x/c =  0.0262   35

  13   rms: 0.6780E-02   max: -.1076E+00   C at   35  2
       a =-17.000      CL = -1.0014
      Cm = -0.0725     CD =  0.05338   =>   CDf =  0.00507    CDp =  0.04832

 Side 1 forced transition at x/c =  1.0000   62
 Side 2  free  transition at x/c =  0.0262   35

  14   rms: 0.6781E-02   max: -.1076E+00   C at   35  2
       a =-17.000      CL = -1.0014
      Cm = -0.0725     CD =  0.05338   =>   CDf =  0.00507    CDp =  0.04832

 Side 1 forced transition at x/c =  1.0000   62
 Side 2  free  transition at x/c =  0.0262   35

  15   rms: 0.6781E-02   max: -.1076E+00   C at   35  2
       a =-17.000      CL = -1.0014
      Cm = -0.0725     CD =  0.05338   =>   CDf =  0.00507    CDp =  0.04832

 Side 1 forced transition at x/c =  1.0000   62
 Side 2  free  transition at x/c =  0.0262   35

  16   rms: 0.6781E-02   max: -.1076E+00   C at   35  2
       a =-17.000      CL = -1.0014
      Cm = -0.0725     CD =  0.05338   =>   CDf =  0.00507    CDp =  0.04832

 Side 1 forced transition at x/c =  1.0000   62
 Side 2  free  transition at x/c =  0.0262   35

  17   rms: 0.6781E-02   max: -.1076E+00   C at   35  2
       a =-17.000      CL = -1.0014
      Cm = -0.0725     CD =  0.05338   =>   CDf =  0.00507    CDp =  0.04832

 Side 1 forced transition at x/c =  1.0000   62
 Side 2  free  transition at x/c =  0.0262   35

  18   rms: 0.6780E-02   max: -.1076E+00   C at   35  2
       a =-17.000      CL = -1.0014
      Cm = -0.0725     CD =  0.05338   =>   CDf =  0.00507    CDp =  0.04832

 Side 1 forced transition at x/c =  1.0000   62
 Side 2  free  transition at x/c =  0.0262   35

  19   rms: 0.6780E-02   max: -.1076E+00   C at   35  2
       a =-17.000      CL = -1.0014
      Cm = -0.0725     CD =  0.05338   =>   CDf =  0.00507    CDp =  0.04832

 Side 1 forced transition at x/c =  1.0000   62
 Side 2  free  transition at x/c =  0.0262   35

  20   rms: 0.6780E-02   max: -.1076E+00   C at   35  2
       a =-17.000      CL = -1.0014
      Cm = -0.0725     CD =  0.05338   =>   CDf =  0.00507    CDp =  0.04832

 Side 1 forced transition at x/c =  1.0000   62
 Side 2  free  transition at x/c =  0.0262   35

  21   rms: 0.6780E-02   max: -.1076E+00   C at   35  2
       a =-17.000      CL = -1.0014
      Cm = -0.0725     CD =  0.05338   =>   CDf =  0.00507    CDp =  0.04832

 Side 1 forced transition at x/c =  1.0000   62
 Side 2  free  transition at x/c =  0.0262   35

  22   rms: 0.6780E-02   max: -.1076E+00   C at   35  2
       a =-17.000      CL = -1.0014
      Cm = -0.0725     CD =  0.05338   =>   CDf =  0.00507    CDp =  0.04832

 Side 1 forced transition at x/c =  1.0000   62
 Side 2  free  transition at x/c =  0.0262   35

  23   rms: 0.6780E-02   max: -.1076E+00   C at   35  2
       a =-17.000      CL = -1.0014
      Cm = -0.0725     CD =  0.05338   =>   CDf =  0.00507    CDp =  0.04832

 Side 1 forced transition at x/c =  1.0000   62
 Side 2  free  transition at x/c =  0.0262   35

  24   rms: 0.6780E-02   max: -.1076E+00   C at   35  2
       a =-17.000      CL = -1.0014
      Cm = -0.0725     CD =  0.05338   =>   CDf =  0.00507    CDp =  0.04832

 Side 1 forced transition at x/c =  1.0000   62
 Side 2  free  transition at x/c =  0.0262   35

  25   rms: 0.6781E-02   max: -.1076E+00   C at   35  2
       a =-17.000      CL = -1.0014
      Cm = -0.0725     CD =  0.05338   =>   CDf =  0.00507    CDp =  0.04832

 Side 1 forced transition at x/c =  1.0000   62
 Side 2  free  transition at x/c =  0.0262   35

  26   rms: 0.6780E-02   max: -.1076E+00   C at   35  2
       a =-17.000      CL = -1.0014
      Cm = -0.0725     CD =  0.05338   =>   CDf =  0.00507    CDp =  0.04832

 Side 1 forced transition at x/c =  1.0000   62
 Side 2  free  transition at x/c =  0.0262   35

  27   rms: 0.6781E-02   max: -.1076E+00   C at   35  2
       a =-17.000      CL = -1.0014
      Cm = -0.0725     CD =  0.05338   =>   CDf =  0.00507    CDp =  0.04832

 Side 1 forced transition at x/c =  1.0000   62
 Side 2  free  transition at x/c =  0.0262   35

  28   rms: 0.6781E-02   max: -.1076E+00   C at   35  2
       a =-17.000      CL = -1.0014
      Cm = -0.0725     CD =  0.05338   =>   CDf =  0.00507    CDp =  0.04832

 Side 1 forced transition at x/c =  1.0000   62
 Side 2  free  transition at x/c =  0.0262   35

  29   rms: 0.6781E-02   max: -.1076E+00   C at   35  2
       a =-17.000      CL = -1.0014
      Cm = -0.0725     CD =  0.05338   =>   CDf =  0.00507    CDp =  0.04832

 Side 1 forced transition at x/c =  1.0000   62
 Side 2  free  transition at x/c =  0.0262   35

  30   rms: 0.6780E-02   max: -.1076E+00   C at   35  2
       a =-17.000      CL = -1.0014
      Cm = -0.0725     CD =  0.05338   =>   CDf =  0.00507    CDp =  0.04832

 Side 1 forced transition at x/c =  1.0000   62
 Side 2  free  transition at x/c =  0.0262   35

  31   rms: 0.6781E-02   max: -.1076E+00   C at   35  2
       a =-17.000      CL = -1.0014
      Cm = -0.0725     CD =  0.05338   =>   CDf =  0.00507    CDp =  0.04832

 Side 1 forced transition at x/c =  1.0000   62
 Side 2  free  transition at x/c =  0.0262   35

  32   rms: 0.6780E-02   max: -.1076E+00   C at   35  2
       a =-17.000      CL = -1.0014
      Cm = -0.0725     CD =  0.05338   =>   CDf =  0.00507    CDp =  0.04832

 Side 1 forced transition at x/c =  1.0000   62
 Side 2  free  transition at x/c =  0.0262   35

  33   rms: 0.6780E-02   max: -.1076E+00   C at   35  2
       a =-17.000      CL = -1.0014
      Cm = -0.0725     CD =  0.05338   =>   CDf =  0.00507    CDp =  0.04832

 Side 1 forced transition at x/c =  1.0000   62
 Side 2  free  transition at x/c =  0.0262   35

  34   rms: 0.6781E-02   max: -.1076E+00   C at   35  2
       a =-17.000      CL = -1.0014
      Cm = -0.0725     CD =  0.05338   =>   CDf =  0.00507    CDp =  0.04832

 Side 1 forced transition at x/c =  1.0000   62
 Side 2  free  transition at x/c =  0.0262   35

  35   rms: 0.6780E-02   max: -.1076E+00   C at   35  2
       a =-17.000      CL = -1.0014
      Cm = -0.0725     CD =  0.05338   =>   CDf =  0.00507    CDp =  0.04832

 Side 1 forced transition at x/c =  1.0000   62
 Side 2  free  transition at x/c =  0.0262   35

  36   rms: 0.6781E-02   max: -.1076E+00   C at   35  2
       a =-17.000      CL = -1.0014
      Cm = -0.0725     CD =  0.05338   =>   CDf =  0.00507    CDp =  0.04832

 Side 1 forced transition at x/c =  1.0000   62
 Side 2  free  transition at x/c =  0.0262   35

  37   rms: 0.6780E-02   max: -.1076E+00   C at   35  2
       a =-17.000      CL = -1.0014
      Cm = -0.0725     CD =  0.05338   =>   CDf =  0.00507    CDp =  0.04832

 Side 1 forced transition at x/c =  1.0000   62
 Side 2  free  transition at x/c =  0.0262   35

  38   rms: 0.6781E-02   max: -.1076E+00   C at   35  2
       a =-17.000      CL = -1.0014
      Cm = -0.0725     CD =  0.05338   =>   CDf =  0.00507    CDp =  0.04832

 Side 1 forced transition at x/c =  1.0000   62
 Side 2  free  transition at x/c =  0.0262   35

  39   rms: 0.6781E-02   max: -.1076E+00   C at   35  2
       a =-17.000      CL = -1.0014
      Cm = -0.0725     CD =  0.05338   =>   CDf =  0.00507    CDp =  0.04832

 Side 1 forced transition at x/c =  1.0000   62
 Side 2  free  transition at x/c =  0.0262   35

  40   rms: 0.6780E-02   max: -.1076E+00   C at   35  2
       a =-17.000      CL = -1.0014
      Cm = -0.0725     CD =  0.05338   =>   CDf =  0.00507    CDp =  0.04832

 Side 1 forced transition at x/c =  1.0000   62
 Side 2  free  transition at x/c =  0.0262   35

  41   rms: 0.6780E-02   max: -.1076E+00   C at   35  2
       a =-17.000      CL = -1.0014
      Cm = -0.0725     CD =  0.05338   =>   CDf =  0.00507    CDp =  0.04832

 Side 1 forced transition at x/c =  1.0000   62
 Side 2  free  transition at x/c =  0.0262   35

  42   rms: 0.6780E-02   max: -.1076E+00   C at   35  2
       a =-17.000      CL = -1.0014
      Cm = -0.0725     CD =  0.05338   =>   CDf =  0.00507    CDp =  0.04832

 Side 1 forced transition at x/c =  1.0000   62
 Side 2  free  transition at x/c =  0.0262   35

  43   rms: 0.6780E-02   max: -.1076E+00   C at   35  2
       a =-17.000      CL = -1.0014
      Cm = -0.0725     CD =  0.05338   =>   CDf =  0.00507    CDp =  0.04832

 Side 1 forced transition at x/c =  1.0000   62
 Side 2  free  transition at x/c =  0.0262   35

  44   rms: 0.6781E-02   max: -.1076E+00   C at   35  2
       a =-17.000      CL = -1.0014
      Cm = -0.0725     CD =  0.05338   =>   CDf =  0.00507    CDp =  0.04832

 Side 1 forced transition at x/c =  1.0000   62
 Side 2  free  transition at x/c =  0.0262   35

  45   rms: 0.6781E-02   max: -.1076E+00   C at   35  2
       a =-17.000      CL = -1.0014
      Cm = -0.0725     CD =  0.05338   =>   CDf =  0.00507    CDp =  0.04832

 Side 1 forced transition at x/c =  1.0000   62
 Side 2  free  transition at x/c =  0.0262   35

  46   rms: 0.6780E-02   max: -.1076E+00   C at   35  2
       a =-17.000      CL = -1.0014
      Cm = -0.0725     CD =  0.05338   =>   CDf =  0.00507    CDp =  0.04832

 Side 1 forced transition at x/c =  1.0000   62
 Side 2  free  transition at x/c =  0.0262   35

  47   rms: 0.6781E-02   max: -.1076E+00   C at   35  2
       a =-17.000      CL = -1.0014
      Cm = -0.0725     CD =  0.05338   =>   CDf =  0.00507    CDp =  0.04832

 Side 1 forced transition at x/c =  1.0000   62
 Side 2  free  transition at x/c =  0.0262   35

  48   rms: 0.6780E-02   max: -.1076E+00   C at   35  2
       a =-17.000      CL = -1.0014
      Cm = -0.0725     CD =  0.05338   =>   CDf =  0.00507    CDp =  0.04832

 Side 1 forced transition at x/c =  1.0000   62
 Side 2  free  transition at x/c =  0.0262   35

  49   rms: 0.6780E-02   max: -.1076E+00   C at   35  2
       a =-17.000      CL = -1.0014
      Cm = -0.0725     CD =  0.05338   =>   CDf =  0.00507    CDp =  0.04832

 Side 1 forced transition at x/c =  1.0000   62
 Side 2  free  transition at x/c =  0.0262   35

  50   rms: 0.6780E-02   max: -.1076E+00   C at   35  2
       a =-17.000      CL = -1.0014
      Cm = -0.0725     CD =  0.05338   =>   CDf =  0.00507    CDp =  0.04832

 Side 1 forced transition at x/c =  1.0000   62
 Side 2  free  transition at x/c =  0.0262   35

  51   rms: 0.6780E-02   max: -.1076E+00   C at   35  2
       a =-17.000      CL = -1.0014
      Cm = -0.0725     CD =  0.05338   =>   CDf =  0.00507    CDp =  0.04832

 Side 1 forced transition at x/c =  1.0000   62
 Side 2  free  transition at x/c =  0.0262   35

  52   rms: 0.6780E-02   max: -.1076E+00   C at   35  2
       a =-17.000      CL = -1.0014
      Cm = -0.0725     CD =  0.05338   =>   CDf =  0.00507    CDp =  0.04832

 Side 1 forced transition at x/c =  1.0000   62
 Side 2  free  transition at x/c =  0.0262   35

  53   rms: 0.6780E-02   max: -.1076E+00   C at   35  2
       a =-17.000      CL = -1.0014
      Cm = -0.0725     CD =  0.05338   =>   CDf =  0.00507    CDp =  0.04832

 Side 1 forced transition at x/c =  1.0000   62
 Side 2  free  transition at x/c =  0.0262   35

  54   rms: 0.6780E-02   max: -.1076E+00   C at   35  2
       a =-17.000      CL = -1.0014
      Cm = -0.0725     CD =  0.05338   =>   CDf =  0.00507    CDp =  0.04832

 Side 1 forced transition at x/c =  1.0000   62
 Side 2  free  transition at x/c =  0.0262   35

  55   rms: 0.6781E-02   max: -.1076E+00   C at   35  2
       a =-17.000      CL = -1.0014
      Cm = -0.0725     CD =  0.05338   =>   CDf =  0.00507    CDp =  0.04832

 Side 1 forced transition at x/c =  1.0000   62
 Side 2  free  transition at x/c =  0.0262   35

  56   rms: 0.6781E-02   max: -.1076E+00   C at   35  2
       a =-17.000      CL = -1.0014
      Cm = -0.0725     CD =  0.05338   =>   CDf =  0.00507    CDp =  0.04832

 Side 1 forced transition at x/c =  1.0000   62
 Side 2  free  transition at x/c =  0.0262   35

  57   rms: 0.6781E-02   max: -.1076E+00   C at   35  2
       a =-17.000      CL = -1.0014
      Cm = -0.0725     CD =  0.05338   =>   CDf =  0.00507    CDp =  0.04832

 Side 1 forced transition at x/c =  1.0000   62
 Side 2  free  transition at x/c =  0.0262   35

  58   rms: 0.6781E-02   max: -.1076E+00   C at   35  2
       a =-17.000      CL = -1.0014
      Cm = -0.0725     CD =  0.05338   =>   CDf =  0.00507    CDp =  0.04832

 Side 1 forced transition at x/c =  1.0000   62
 Side 2  free  transition at x/c =  0.0262   35

  59   rms: 0.6780E-02   max: -.1076E+00   C at   35  2
       a =-17.000      CL = -1.0014
      Cm = -0.0725     CD =  0.05338   =>   CDf =  0.00507    CDp =  0.04832

 Side 1 forced transition at x/c =  1.0000   62
 Side 2  free  transition at x/c =  0.0262   35

  60   rms: 0.6781E-02   max: -.1076E+00   C at   35  2
       a =-17.000      CL = -1.0014
      Cm = -0.0725     CD =  0.05338   =>   CDf =  0.00507    CDp =  0.04832

 Side 1 forced transition at x/c =  1.0000   62
 Side 2  free  transition at x/c =  0.0262   35

  61   rms: 0.6781E-02   max: -.1076E+00   C at   35  2
       a =-17.000      CL = -1.0014
      Cm = -0.0725     CD =  0.05338   =>   CDf =  0.00507    CDp =  0.04832

 Side 1 forced transition at x/c =  1.0000   62
 Side 2  free  transition at x/c =  0.0262   35

  62   rms: 0.6781E-02   max: -.1076E+00   C at   35  2
       a =-17.000      CL = -1.0014
      Cm = -0.0725     CD =  0.05338   =>   CDf =  0.00507    CDp =  0.04832

 Side 1 forced transition at x/c =  1.0000   62
 Side 2  free  transition at x/c =  0.0262   35

  63   rms: 0.6781E-02   max: -.1076E+00   C at   35  2
       a =-17.000      CL = -1.0014
      Cm = -0.0725     CD =  0.05338   =>   CDf =  0.00507    CDp =  0.04832

 Side 1 forced transition at x/c =  1.0000   62
 Side 2  free  transition at x/c =  0.0262   35

  64   rms: 0.6781E-02   max: -.1076E+00   C at   35  2
       a =-17.000      CL = -1.0014
      Cm = -0.0725     CD =  0.05338   =>   CDf =  0.00507    CDp =  0.04832

 Side 1 forced transition at x/c =  1.0000   62
 Side 2  free  transition at x/c =  0.0262   35

  65   rms: 0.6780E-02   max: -.1076E+00   C at   35  2
       a =-17.000      CL = -1.0014
      Cm = -0.0725     CD =  0.05338   =>   CDf =  0.00507    CDp =  0.04832

 Side 1 forced transition at x/c =  1.0000   62
 Side 2  free  transition at x/c =  0.0262   35

  66   rms: 0.6780E-02   max: -.1076E+00   C at   35  2
       a =-17.000      CL = -1.0014
      Cm = -0.0725     CD =  0.05338   =>   CDf =  0.00507    CDp =  0.04832

 Side 1 forced transition at x/c =  1.0000   62
 Side 2  free  transition at x/c =  0.0262   35

  67   rms: 0.6781E-02   max: -.1076E+00   C at   35  2
       a =-17.000      CL = -1.0014
      Cm = -0.0725     CD =  0.05338   =>   CDf =  0.00507    CDp =  0.04832

 Side 1 forced transition at x/c =  1.0000   62
 Side 2  free  transition at x/c =  0.0262   35

  68   rms: 0.6781E-02   max: -.1076E+00   C at   35  2
       a =-17.000      CL = -1.0014
      Cm = -0.0725     CD =  0.05338   =>   CDf =  0.00507    CDp =  0.04832

 Side 1 forced transition at x/c =  1.0000   62
 Side 2  free  transition at x/c =  0.0262   35

  69   rms: 0.6781E-02   max: -.1076E+00   C at   35  2
       a =-17.000      CL = -1.0014
      Cm = -0.0725     CD =  0.05338   =>   CDf =  0.00507    CDp =  0.04832

 Side 1 forced transition at x/c =  1.0000   62
 Side 2  free  transition at x/c =  0.0262   35

  70   rms: 0.6781E-02   max: -.1076E+00   C at   35  2
       a =-17.000      CL = -1.0014
      Cm = -0.0725     CD =  0.05338   =>   CDf =  0.00507    CDp =  0.04832

 Side 1 forced transition at x/c =  1.0000   62
 Side 2  free  transition at x/c =  0.0262   35

  71   rms: 0.6781E-02   max: -.1076E+00   C at   35  2
       a =-17.000      CL = -1.0014
      Cm = -0.0725     CD =  0.05338   =>   CDf =  0.00507    CDp =  0.04832

 Side 1 forced transition at x/c =  1.0000   62
 Side 2  free  transition at x/c =  0.0262   35

  72   rms: 0.6781E-02   max: -.1076E+00   C at   35  2
       a =-17.000      CL = -1.0014
      Cm = -0.0725     CD =  0.05338   =>   CDf =  0.00507    CDp =  0.04832

 Side 1 forced transition at x/c =  1.0000   62
 Side 2  free  transition at x/c =  0.0262   35

  73   rms: 0.6780E-02   max: -.1076E+00   C at   35  2
       a =-17.000      CL = -1.0014
      Cm = -0.0725     CD =  0.05338   =>   CDf =  0.00507    CDp =  0.04832

 Side 1 forced transition at x/c =  1.0000   62
 Side 2  free  transition at x/c =  0.0262   35

  74   rms: 0.6781E-02   max: -.1076E+00   C at   35  2
       a =-17.000      CL = -1.0014
      Cm = -0.0725     CD =  0.05338   =>   CDf =  0.00507    CDp =  0.04832

 Side 1 forced transition at x/c =  1.0000   62
 Side 2  free  transition at x/c =  0.0262   35

  75   rms: 0.6781E-02   max: -.1076E+00   C at   35  2
       a =-17.000      CL = -1.0014
      Cm = -0.0725     CD =  0.05338   =>   CDf =  0.00507    CDp =  0.04832

 Side 1 forced transition at x/c =  1.0000   62
 Side 2  free  transition at x/c =  0.0262   35

  76   rms: 0.6781E-02   max: -.1076E+00   C at   35  2
       a =-17.000      CL = -1.0014
      Cm = -0.0725     CD =  0.05338   =>   CDf =  0.00507    CDp =  0.04832

 Side 1 forced transition at x/c =  1.0000   62
 Side 2  free  transition at x/c =  0.0262   35

  77   rms: 0.6780E-02   max: -.1076E+00   C at   35  2
       a =-17.000      CL = -1.0014
      Cm = -0.0725     CD =  0.05338   =>   CDf =  0.00507    CDp =  0.04832

 Side 1 forced transition at x/c =  1.0000   62
 Side 2  free  transition at x/c =  0.0262   35

  78   rms: 0.6780E-02   max: -.1076E+00   C at   35  2
       a =-17.000      CL = -1.0014
      Cm = -0.0725     CD =  0.05338   =>   CDf =  0.00507    CDp =  0.04832

 Side 1 forced transition at x/c =  1.0000   62
 Side 2  free  transition at x/c =  0.0262   35

  79   rms: 0.6780E-02   max: -.1076E+00   C at   35  2
       a =-17.000      CL = -1.0014
      Cm = -0.0725     CD =  0.05338   =>   CDf =  0.00507    CDp =  0.04832

 Side 1 forced transition at x/c =  1.0000   62
 Side 2  free  transition at x/c =  0.0262   35

  80   rms: 0.6781E-02   max: -.1076E+00   C at   35  2
       a =-17.000      CL = -1.0014
      Cm = -0.0725     CD =  0.05338   =>   CDf =  0.00507    CDp =  0.04832

 Side 1 forced transition at x/c =  1.0000   62
 Side 2  free  transition at x/c =  0.0262   35

  81   rms: 0.6780E-02   max: -.1076E+00   C at   35  2
       a =-17.000      CL = -1.0014
      Cm = -0.0725     CD =  0.05338   =>   CDf =  0.00507    CDp =  0.04832

 Side 1 forced transition at x/c =  1.0000   62
 Side 2  free  transition at x/c =  0.0262   35

  82   rms: 0.6781E-02   max: -.1076E+00   C at   35  2
       a =-17.000      CL = -1.0014
      Cm = -0.0725     CD =  0.05338   =>   CDf =  0.00507    CDp =  0.04832

 Side 1 forced transition at x/c =  1.0000   62
 Side 2  free  transition at x/c =  0.0262   35

  83   rms: 0.6780E-02   max: -.1076E+00   C at   35  2
       a =-17.000      CL = -1.0014
      Cm = -0.0725     CD =  0.05338   =>   CDf =  0.00507    CDp =  0.04832

 Side 1 forced transition at x/c =  1.0000   62
 Side 2  free  transition at x/c =  0.0262   35

  84   rms: 0.6781E-02   max: -.1076E+00   C at   35  2
       a =-17.000      CL = -1.0014
      Cm = -0.0725     CD =  0.05338   =>   CDf =  0.00507    CDp =  0.04832

 Side 1 forced transition at x/c =  1.0000   62
 Side 2  free  transition at x/c =  0.0262   35

  85   rms: 0.6780E-02   max: -.1076E+00   C at   35  2
       a =-17.000      CL = -1.0014
      Cm = -0.0725     CD =  0.05338   =>   CDf =  0.00507    CDp =  0.04832

 Side 1 forced transition at x/c =  1.0000   62
 Side 2  free  transition at x/c =  0.0262   35

  86   rms: 0.6780E-02   max: -.1076E+00   C at   35  2
       a =-17.000      CL = -1.0014
      Cm = -0.0725     CD =  0.05338   =>   CDf =  0.00507    CDp =  0.04832

 Side 1 forced transition at x/c =  1.0000   62
 Side 2  free  transition at x/c =  0.0262   35

  87   rms: 0.6781E-02   max: -.1076E+00   C at   35  2
       a =-17.000      CL = -1.0014
      Cm = -0.0725     CD =  0.05338   =>   CDf =  0.00507    CDp =  0.04832

 Side 1 forced transition at x/c =  1.0000   62
 Side 2  free  transition at x/c =  0.0262   35

  88   rms: 0.6780E-02   max: -.1076E+00   C at   35  2
       a =-17.000      CL = -1.0014
      Cm = -0.0725     CD =  0.05338   =>   CDf =  0.00507    CDp =  0.04832

 Side 1 forced transition at x/c =  1.0000   62
 Side 2  free  transition at x/c =  0.0262   35

  89   rms: 0.6781E-02   max: -.1076E+00   C at   35  2
       a =-17.000      CL = -1.0014
      Cm = -0.0725     CD =  0.05338   =>   CDf =  0.00507    CDp =  0.04832

 Side 1 forced transition at x/c =  1.0000   62
 Side 2  free  transition at x/c =  0.0262   35

  90   rms: 0.6780E-02   max: -.1076E+00   C at   35  2
       a =-17.000      CL = -1.0014
      Cm = -0.0725     CD =  0.05338   =>   CDf =  0.00507    CDp =  0.04832

 Side 1 forced transition at x/c =  1.0000   62
 Side 2  free  transition at x/c =  0.0262   35

  91   rms: 0.6781E-02   max: -.1076E+00   C at   35  2
       a =-17.000      CL = -1.0014
      Cm = -0.0725     CD =  0.05338   =>   CDf =  0.00507    CDp =  0.04832

 Side 1 forced transition at x/c =  1.0000   62
 Side 2  free  transition at x/c =  0.0262   35

  92   rms: 0.6781E-02   max: -.1076E+00   C at   35  2
       a =-17.000      CL = -1.0014
      Cm = -0.0725     CD =  0.05338   =>   CDf =  0.00507    CDp =  0.04832

 Side 1 forced transition at x/c =  1.0000   62
 Side 2  free  transition at x/c =  0.0262   35

  93   rms: 0.6781E-02   max: -.1076E+00   C at   35  2
       a =-17.000      CL = -1.0014
      Cm = -0.0725     CD =  0.05338   =>   CDf =  0.00507    CDp =  0.04832

 Side 1 forced transition at x/c =  1.0000   62
 Side 2  free  transition at x/c =  0.0262   35

  94   rms: 0.6781E-02   max: -.1076E+00   C at   35  2
       a =-17.000      CL = -1.0014
      Cm = -0.0725     CD =  0.05338   =>   CDf =  0.00507    CDp =  0.04832

 Side 1 forced transition at x/c =  1.0000   62
 Side 2  free  transition at x/c =  0.0262   35

  95   rms: 0.6781E-02   max: -.1076E+00   C at   35  2
       a =-17.000      CL = -1.0014
      Cm = -0.0725     CD =  0.05338   =>   CDf =  0.00507    CDp =  0.04832

 Side 1 forced transition at x/c =  1.0000   62
 Side 2  free  transition at x/c =  0.0262   35

  96   rms: 0.6781E-02   max: -.1076E+00   C at   35  2
       a =-17.000      CL = -1.0014
      Cm = -0.0725     CD =  0.05338   =>   CDf =  0.00507    CDp =  0.04832

 Side 1 forced transition at x/c =  1.0000   62
 Side 2  free  transition at x/c =  0.0262   35

  97   rms: 0.6781E-02   max: -.1076E+00   C at   35  2
       a =-17.000      CL = -1.0014
      Cm = -0.0725     CD =  0.05338   =>   CDf =  0.00507    CDp =  0.04832

 Side 1 forced transition at x/c =  1.0000   62
 Side 2  free  transition at x/c =  0.0262   35

  98   rms: 0.6780E-02   max: -.1076E+00   C at   35  2
       a =-17.000      CL = -1.0014
      Cm = -0.0725     CD =  0.05338   =>   CDf =  0.00507    CDp =  0.04832

 Side 1 forced transition at x/c =  1.0000   62
 Side 2  free  transition at x/c =  0.0262   35

  99   rms: 0.6780E-02   max: -.1076E+00   C at   35  2
       a =-17.000      CL = -1.0014
      Cm = -0.0725     CD =  0.05338   =>   CDf =  0.00507    CDp =  0.04832

 Side 1 forced transition at x/c =  1.0000   62
 Side 2  free  transition at x/c =  0.0262   35

 100   rms: 0.6781E-02   max: -.1076E+00   C at   35  2
       a =-17.000      CL = -1.0014
      Cm = -0.0725     CD =  0.05338   =>   CDf =  0.00507    CDp =  0.04832

 Side 1 forced transition at x/c =  1.0000   62
 Side 2  free  transition at x/c =  0.0262   35

 101   rms: 0.6781E-02   max: -.1076E+00   C at   35  2
       a =-17.000      CL = -1.0014
      Cm = -0.0725     CD =  0.05338   =>   CDf =  0.00507    CDp =  0.04832

 Side 1 forced transition at x/c =  1.0000   62
 Side 2  free  transition at x/c =  0.0262   35

 102   rms: 0.6781E-02   max: -.1076E+00   C at   35  2
       a =-17.000      CL = -1.0014
      Cm = -0.0725     CD =  0.05338   =>   CDf =  0.00507    CDp =  0.04832

 Side 1 forced transition at x/c =  1.0000   62
 Side 2  free  transition at x/c =  0.0262   35

 103   rms: 0.6781E-02   max: -.1076E+00   C at   35  2
       a =-17.000      CL = -1.0014
      Cm = -0.0725     CD =  0.05338   =>   CDf =  0.00507    CDp =  0.04832

 Side 1 forced transition at x/c =  1.0000   62
 Side 2  free  transition at x/c =  0.0262   35

 104   rms: 0.6781E-02   max: -.1076E+00   C at   35  2
       a =-17.000      CL = -1.0014
      Cm = -0.0725     CD =  0.05338   =>   CDf =  0.00507    CDp =  0.04832

 Side 1 forced transition at x/c =  1.0000   62
 Side 2  free  transition at x/c =  0.0262   35

 105   rms: 0.6781E-02   max: -.1076E+00   C at   35  2
       a =-17.000      CL = -1.0014
      Cm = -0.0725     CD =  0.05338   =>   CDf =  0.00507    CDp =  0.04832

 Side 1 forced transition at x/c =  1.0000   62
 Side 2  free  transition at x/c =  0.0262   35

 106   rms: 0.6780E-02   max: -.1076E+00   C at   35  2
       a =-17.000      CL = -1.0014
      Cm = -0.0725     CD =  0.05338   =>   CDf =  0.00507    CDp =  0.04832

 Side 1 forced transition at x/c =  1.0000   62
 Side 2  free  transition at x/c =  0.0262   35

 107   rms: 0.6781E-02   max: -.1076E+00   C at   35  2
       a =-17.000      CL = -1.0014
      Cm = -0.0725     CD =  0.05338   =>   CDf =  0.00507    CDp =  0.04832

 Side 1 forced transition at x/c =  1.0000   62
 Side 2  free  transition at x/c =  0.0262   35

 108   rms: 0.6781E-02   max: -.1076E+00   C at   35  2
       a =-17.000      CL = -1.0014
      Cm = -0.0725     CD =  0.05338   =>   CDf =  0.00507    CDp =  0.04832

 Side 1 forced transition at x/c =  1.0000   62
 Side 2  free  transition at x/c =  0.0262   35

 109   rms: 0.6780E-02   max: -.1076E+00   C at   35  2
       a =-17.000      CL = -1.0014
      Cm = -0.0725     CD =  0.05338   =>   CDf =  0.00507    CDp =  0.04832

 Side 1 forced transition at x/c =  1.0000   62
 Side 2  free  transition at x/c =  0.0262   35

 110   rms: 0.6781E-02   max: -.1076E+00   C at   35  2
       a =-17.000      CL = -1.0014
      Cm = -0.0725     CD =  0.05338   =>   CDf =  0.00507    CDp =  0.04832

 Side 1 forced transition at x/c =  1.0000   62
 Side 2  free  transition at x/c =  0.0262   35

 111   rms: 0.6780E-02   max: -.1076E+00   C at   35  2
       a =-17.000      CL = -1.0014
      Cm = -0.0725     CD =  0.05338   =>   CDf =  0.00507    CDp =  0.04832

 Side 1 forced transition at x/c =  1.0000   62
 Side 2  free  transition at x/c =  0.0262   35

 112   rms: 0.6780E-02   max: -.1076E+00   C at   35  2
       a =-17.000      CL = -1.0014
      Cm = -0.0725     CD =  0.05338   =>   CDf =  0.00507    CDp =  0.04832

 Side 1 forced transition at x/c =  1.0000   62
 Side 2  free  transition at x/c =  0.0262   35

 113   rms: 0.6781E-02   max: -.1076E+00   C at   35  2
       a =-17.000      CL = -1.0014
      Cm = -0.0725     CD =  0.05338   =>   CDf =  0.00507    CDp =  0.04832

 Side 1 forced transition at x/c =  1.0000   62
 Side 2  free  transition at x/c =  0.0262   35

 114   rms: 0.6781E-02   max: -.1076E+00   C at   35  2
       a =-17.000      CL = -1.0014
      Cm = -0.0725     CD =  0.05338   =>   CDf =  0.00507    CDp =  0.04832

 Side 1 forced transition at x/c =  1.0000   62
 Side 2  free  transition at x/c =  0.0262   35

 115   rms: 0.6781E-02   max: -.1076E+00   C at   35  2
       a =-17.000      CL = -1.0014
      Cm = -0.0725     CD =  0.05338   =>   CDf =  0.00507    CDp =  0.04832

 Side 1 forced transition at x/c =  1.0000   62
 Side 2  free  transition at x/c =  0.0262   35

 116   rms: 0.6781E-02   max: -.1076E+00   C at   35  2
       a =-17.000      CL = -1.0014
      Cm = -0.0725     CD =  0.05338   =>   CDf =  0.00507    CDp =  0.04832

 Side 1 forced transition at x/c =  1.0000   62
 Side 2  free  transition at x/c =  0.0262   35

 117   rms: 0.6781E-02   max: -.1076E+00   C at   35  2
       a =-17.000      CL = -1.0014
      Cm = -0.0725     CD =  0.05338   =>   CDf =  0.00507    CDp =  0.04832

 Side 1 forced transition at x/c =  1.0000   62
 Side 2  free  transition at x/c =  0.0262   35

 118   rms: 0.6781E-02   max: -.1076E+00   C at   35  2
       a =-17.000      CL = -1.0014
      Cm = -0.0725     CD =  0.05338   =>   CDf =  0.00507    CDp =  0.04832

 Side 1 forced transition at x/c =  1.0000   62
 Side 2  free  transition at x/c =  0.0262   35

 119   rms: 0.6781E-02   max: -.1076E+00   C at   35  2
       a =-17.000      CL = -1.0014
      Cm = -0.0725     CD =  0.05338   =>   CDf =  0.00507    CDp =  0.04832

 Side 1 forced transition at x/c =  1.0000   62
 Side 2  free  transition at x/c =  0.0262   35

 120   rms: 0.6781E-02   max: -.1076E+00   C at   35  2
       a =-17.000      CL = -1.0014
      Cm = -0.0725     CD =  0.05338   =>   CDf =  0.00507    CDp =  0.04832

 Side 1 forced transition at x/c =  1.0000   62
 Side 2  free  transition at x/c =  0.0262   35

 121   rms: 0.6780E-02   max: -.1076E+00   C at   35  2
       a =-17.000      CL = -1.0014
      Cm = -0.0725     CD =  0.05338   =>   CDf =  0.00507    CDp =  0.04832

 Side 1 forced transition at x/c =  1.0000   62
 Side 2  free  transition at x/c =  0.0262   35

 122   rms: 0.6781E-02   max: -.1076E+00   C at   35  2
       a =-17.000      CL = -1.0014
      Cm = -0.0725     CD =  0.05338   =>   CDf =  0.00507    CDp =  0.04832

 Side 1 forced transition at x/c =  1.0000   62
 Side 2  free  transition at x/c =  0.0262   35

 123   rms: 0.6780E-02   max: -.1076E+00   C at   35  2
       a =-17.000      CL = -1.0014
      Cm = -0.0725     CD =  0.05338   =>   CDf =  0.00507    CDp =  0.04832

 Side 1 forced transition at x/c =  1.0000   62
 Side 2  free  transition at x/c =  0.0262   35

 124   rms: 0.6780E-02   max: -.1076E+00   C at   35  2
       a =-17.000      CL = -1.0014
      Cm = -0.0725     CD =  0.05338   =>   CDf =  0.00507    CDp =  0.04832

 Side 1 forced transition at x/c =  1.0000   62
 Side 2  free  transition at x/c =  0.0262   35

 125   rms: 0.6780E-02   max: -.1076E+00   C at   35  2
       a =-17.000      CL = -1.0014
      Cm = -0.0725     CD =  0.05338   =>   CDf =  0.00507    CDp =  0.04832

 Side 1 forced transition at x/c =  1.0000   62
 Side 2  free  transition at x/c =  0.0262   35

 126   rms: 0.6780E-02   max: -.1076E+00   C at   35  2
       a =-17.000      CL = -1.0014
      Cm = -0.0725     CD =  0.05338   =>   CDf =  0.00507    CDp =  0.04832

 Side 1 forced transition at x/c =  1.0000   62
 Side 2  free  transition at x/c =  0.0262   35

 127   rms: 0.6780E-02   max: -.1076E+00   C at   35  2
       a =-17.000      CL = -1.0014
      Cm = -0.0725     CD =  0.05338   =>   CDf =  0.00507    CDp =  0.04832

 Side 1 forced transition at x/c =  1.0000   62
 Side 2  free  transition at x/c =  0.0262   35

 128   rms: 0.6781E-02   max: -.1076E+00   C at   35  2
       a =-17.000      CL = -1.0014
      Cm = -0.0725     CD =  0.05338   =>   CDf =  0.00507    CDp =  0.04832

 Side 1 forced transition at x/c =  1.0000   62
 Side 2  free  transition at x/c =  0.0262   35

 129   rms: 0.6780E-02   max: -.1076E+00   C at   35  2
       a =-17.000      CL = -1.0014
      Cm = -0.0725     CD =  0.05338   =>   CDf =  0.00507    CDp =  0.04832

 Side 1 forced transition at x/c =  1.0000   62
 Side 2  free  transition at x/c =  0.0262   35

 130   rms: 0.6781E-02   max: -.1076E+00   C at   35  2
       a =-17.000      CL = -1.0014
      Cm = -0.0725     CD =  0.05338   =>   CDf =  0.00507    CDp =  0.04832

 Side 1 forced transition at x/c =  1.0000   62
 Side 2  free  transition at x/c =  0.0262   35

 131   rms: 0.6781E-02   max: -.1076E+00   C at   35  2
       a =-17.000      CL = -1.0014
      Cm = -0.0725     CD =  0.05338   =>   CDf =  0.00507    CDp =  0.04832

 Side 1 forced transition at x/c =  1.0000   62
 Side 2  free  transition at x/c =  0.0262   35

 132   rms: 0.6781E-02   max: -.1076E+00   C at   35  2
       a =-17.000      CL = -1.0014
      Cm = -0.0725     CD =  0.05338   =>   CDf =  0.00507    CDp =  0.04832

 Side 1 forced transition at x/c =  1.0000   62
 Side 2  free  transition at x/c =  0.0262   35

 133   rms: 0.6780E-02   max: -.1076E+00   C at   35  2
       a =-17.000      CL = -1.0014
      Cm = -0.0725     CD =  0.05338   =>   CDf =  0.00507    CDp =  0.04832

 Side 1 forced transition at x/c =  1.0000   62
 Side 2  free  transition at x/c =  0.0262   35

 134   rms: 0.6781E-02   max: -.1076E+00   C at   35  2
       a =-17.000      CL = -1.0014
      Cm = -0.0725     CD =  0.05338   =>   CDf =  0.00507    CDp =  0.04832

 Side 1 forced transition at x/c =  1.0000   62
 Side 2  free  transition at x/c =  0.0262   35

 135   rms: 0.6781E-02   max: -.1076E+00   C at   35  2
       a =-17.000      CL = -1.0014
      Cm = -0.0725     CD =  0.05338   =>   CDf =  0.00507    CDp =  0.04832

 Side 1 forced transition at x/c =  1.0000   62
 Side 2  free  transition at x/c =  0.0262   35

 136   rms: 0.6781E-02   max: -.1076E+00   C at   35  2
       a =-17.000      CL = -1.0014
      Cm = -0.0725     CD =  0.05338   =>   CDf =  0.00507    CDp =  0.04832

 Side 1 forced transition at x/c =  1.0000   62
 Side 2  free  transition at x/c =  0.0262   35

 137   rms: 0.6781E-02   max: -.1076E+00   C at   35  2
       a =-17.000      CL = -1.0014
      Cm = -0.0725     CD =  0.05338   =>   CDf =  0.00507    CDp =  0.04832

 Side 1 forced transition at x/c =  1.0000   62
 Side 2  free  transition at x/c =  0.0262   35

 138   rms: 0.6781E-02   max: -.1076E+00   C at   35  2
       a =-17.000      CL = -1.0014
      Cm = -0.0725     CD =  0.05338   =>   CDf =  0.00507    CDp =  0.04832

 Side 1 forced transition at x/c =  1.0000   62
 Side 2  free  transition at x/c =  0.0262   35

 139   rms: 0.6781E-02   max: -.1076E+00   C at   35  2
       a =-17.000      CL = -1.0014
      Cm = -0.0725     CD =  0.05338   =>   CDf =  0.00507    CDp =  0.04832

 Side 1 forced transition at x/c =  1.0000   62
 Side 2  free  transition at x/c =  0.0262   35

 140   rms: 0.6781E-02   max: -.1076E+00   C at   35  2
       a =-17.000      CL = -1.0014
      Cm = -0.0725     CD =  0.05338   =>   CDf =  0.00507    CDp =  0.04832

 Side 1 forced transition at x/c =  1.0000   62
 Side 2  free  transition at x/c =  0.0262   35

 141   rms: 0.6780E-02   max: -.1076E+00   C at   35  2
       a =-17.000      CL = -1.0014
      Cm = -0.0725     CD =  0.05338   =>   CDf =  0.00507    CDp =  0.04832

 Side 1 forced transition at x/c =  1.0000   62
 Side 2  free  transition at x/c =  0.0262   35

 142   rms: 0.6780E-02   max: -.1076E+00   C at   35  2
       a =-17.000      CL = -1.0014
      Cm = -0.0725     CD =  0.05338   =>   CDf =  0.00507    CDp =  0.04832

 Side 1 forced transition at x/c =  1.0000   62
 Side 2  free  transition at x/c =  0.0262   35

 143   rms: 0.6780E-02   max: -.1076E+00   C at   35  2
       a =-17.000      CL = -1.0014
      Cm = -0.0725     CD =  0.05338   =>   CDf =  0.00507    CDp =  0.04832

 Side 1 forced transition at x/c =  1.0000   62
 Side 2  free  transition at x/c =  0.0262   35

 144   rms: 0.6781E-02   max: -.1076E+00   C at   35  2
       a =-17.000      CL = -1.0014
      Cm = -0.0725     CD =  0.05338   =>   CDf =  0.00507    CDp =  0.04832

 Side 1 forced transition at x/c =  1.0000   62
 Side 2  free  transition at x/c =  0.0262   35

 145   rms: 0.6780E-02   max: -.1076E+00   C at   35  2
       a =-17.000      CL = -1.0014
      Cm = -0.0725     CD =  0.05338   =>   CDf =  0.00507    CDp =  0.04832

 Side 1 forced transition at x/c =  1.0000   62
 Side 2  free  transition at x/c =  0.0262   35

 146   rms: 0.6780E-02   max: -.1076E+00   C at   35  2
       a =-17.000      CL = -1.0014
      Cm = -0.0725     CD =  0.05338   =>   CDf =  0.00507    CDp =  0.04832

 Side 1 forced transition at x/c =  1.0000   62
 Side 2  free  transition at x/c =  0.0262   35

 147   rms: 0.6780E-02   max: -.1076E+00   C at   35  2
       a =-17.000      CL = -1.0014
      Cm = -0.0725     CD =  0.05338   =>   CDf =  0.00507    CDp =  0.04832

 Side 1 forced transition at x/c =  1.0000   62
 Side 2  free  transition at x/c =  0.0262   35

 148   rms: 0.6781E-02   max: -.1076E+00   C at   35  2
       a =-17.000      CL = -1.0014
      Cm = -0.0725     CD =  0.05338   =>   CDf =  0.00507    CDp =  0.04832

 Side 1 forced transition at x/c =  1.0000   62
 Side 2  free  transition at x/c =  0.0262   35

 149   rms: 0.6781E-02   max: -.1076E+00   C at   35  2
       a =-17.000      CL = -1.0014
      Cm = -0.0725     CD =  0.05338   =>   CDf =  0.00507    CDp =  0.04832

 Side 1 forced transition at x/c =  1.0000   62
 Side 2  free  transition at x/c =  0.0262   35

 150   rms: 0.6781E-02   max: -.1076E+00   C at   35  2
       a =-17.000      CL = -1.0014
      Cm = -0.0725     CD =  0.05338   =>   CDf =  0.00507    CDp =  0.04832

 Side 1 forced transition at x/c =  1.0000   62
 Side 2  free  transition at x/c =  0.0262   35

 151   rms: 0.6781E-02   max: -.1076E+00   C at   35  2
       a =-17.000      CL = -1.0014
      Cm = -0.0725     CD =  0.05338   =>   CDf =  0.00507    CDp =  0.04832

 Side 1 forced transition at x/c =  1.0000   62
 Side 2  free  transition at x/c =  0.0262   35

 152   rms: 0.6780E-02   max: -.1076E+00   C at   35  2
       a =-17.000      CL = -1.0014
      Cm = -0.0725     CD =  0.05338   =>   CDf =  0.00507    CDp =  0.04832

 Side 1 forced transition at x/c =  1.0000   62
 Side 2  free  transition at x/c =  0.0262   35

 153   rms: 0.6780E-02   max: -.1076E+00   C at   35  2
       a =-17.000      CL = -1.0014
      Cm = -0.0725     CD =  0.05338   =>   CDf =  0.00507    CDp =  0.04832

 Side 1 forced transition at x/c =  1.0000   62
 Side 2  free  transition at x/c =  0.0262   35

 154   rms: 0.6781E-02   max: -.1076E+00   C at   35  2
       a =-17.000      CL = -1.0014
      Cm = -0.0725     CD =  0.05338   =>   CDf =  0.00507    CDp =  0.04832

 Side 1 forced transition at x/c =  1.0000   62
 Side 2  free  transition at x/c =  0.0262   35

 155   rms: 0.6781E-02   max: -.1076E+00   C at   35  2
       a =-17.000      CL = -1.0014
      Cm = -0.0725     CD =  0.05338   =>   CDf =  0.00507    CDp =  0.04832

 Side 1 forced transition at x/c =  1.0000   62
 Side 2  free  transition at x/c =  0.0262   35

 156   rms: 0.6781E-02   max: -.1076E+00   C at   35  2
       a =-17.000      CL = -1.0014
      Cm = -0.0725     CD =  0.05338   =>   CDf =  0.00507    CDp =  0.04832

 Side 1 forced transition at x/c =  1.0000   62
 Side 2  free  transition at x/c =  0.0262   35

 157   rms: 0.6780E-02   max: -.1076E+00   C at   35  2
       a =-17.000      CL = -1.0014
      Cm = -0.0725     CD =  0.05338   =>   CDf =  0.00507    CDp =  0.04832

 Side 1 forced transition at x/c =  1.0000   62
 Side 2  free  transition at x/c =  0.0262   35

 158   rms: 0.6781E-02   max: -.1076E+00   C at   35  2
       a =-17.000      CL = -1.0014
      Cm = -0.0725     CD =  0.05338   =>   CDf =  0.00507    CDp =  0.04832

 Side 1 forced transition at x/c =  1.0000   62
 Side 2  free  transition at x/c =  0.0262   35

 159   rms: 0.6781E-02   max: -.1076E+00   C at   35  2
       a =-17.000      CL = -1.0014
      Cm = -0.0725     CD =  0.05338   =>   CDf =  0.00507    CDp =  0.04832

 Side 1 forced transition at x/c =  1.0000   62
 Side 2  free  transition at x/c =  0.0262   35

 160   rms: 0.6781E-02   max: -.1076E+00   C at   35  2
       a =-17.000      CL = -1.0014
      Cm = -0.0725     CD =  0.05338   =>   CDf =  0.00507    CDp =  0.04832

 Side 1 forced transition at x/c =  1.0000   62
 Side 2  free  transition at x/c =  0.0262   35

 161   rms: 0.6781E-02   max: -.1076E+00   C at   35  2
       a =-17.000      CL = -1.0014
      Cm = -0.0725     CD =  0.05338   =>   CDf =  0.00507    CDp =  0.04832

 Side 1 forced transition at x/c =  1.0000   62
 Side 2  free  transition at x/c =  0.0262   35

 162   rms: 0.6781E-02   max: -.1076E+00   C at   35  2
       a =-17.000      CL = -1.0014
      Cm = -0.0725     CD =  0.05338   =>   CDf =  0.00507    CDp =  0.04832

 Side 1 forced transition at x/c =  1.0000   62
 Side 2  free  transition at x/c =  0.0262   35

 163   rms: 0.6781E-02   max: -.1076E+00   C at   35  2
       a =-17.000      CL = -1.0014
      Cm = -0.0725     CD =  0.05338   =>   CDf =  0.00507    CDp =  0.04832

 Side 1 forced transition at x/c =  1.0000   62
 Side 2  free  transition at x/c =  0.0262   35

 164   rms: 0.6781E-02   max: -.1076E+00   C at   35  2
       a =-17.000      CL = -1.0014
      Cm = -0.0725     CD =  0.05338   =>   CDf =  0.00507    CDp =  0.04832

 Side 1 forced transition at x/c =  1.0000   62
 Side 2  free  transition at x/c =  0.0262   35

 165   rms: 0.6780E-02   max: -.1076E+00   C at   35  2
       a =-17.000      CL = -1.0014
      Cm = -0.0725     CD =  0.05338   =>   CDf =  0.00507    CDp =  0.04832

 Side 1 forced transition at x/c =  1.0000   62
 Side 2  free  transition at x/c =  0.0262   35

 166   rms: 0.6781E-02   max: -.1076E+00   C at   35  2
       a =-17.000      CL = -1.0014
      Cm = -0.0725     CD =  0.05338   =>   CDf =  0.00507    CDp =  0.04832

 Side 1 forced transition at x/c =  1.0000   62
 Side 2  free  transition at x/c =  0.0262   35

 167   rms: 0.6781E-02   max: -.1076E+00   C at   35  2
       a =-17.000      CL = -1.0014
      Cm = -0.0725     CD =  0.05338   =>   CDf =  0.00507    CDp =  0.04832

 Side 1 forced transition at x/c =  1.0000   62
 Side 2  free  transition at x/c =  0.0262   35

 168   rms: 0.6781E-02   max: -.1076E+00   C at   35  2
       a =-17.000      CL = -1.0014
      Cm = -0.0725     CD =  0.05338   =>   CDf =  0.00507    CDp =  0.04832

 Side 1 forced transition at x/c =  1.0000   62
 Side 2  free  transition at x/c =  0.0262   35

 169   rms: 0.6781E-02   max: -.1076E+00   C at   35  2
       a =-17.000      CL = -1.0014
      Cm = -0.0725     CD =  0.05338   =>   CDf =  0.00507    CDp =  0.04832

 Side 1 forced transition at x/c =  1.0000   62
 Side 2  free  transition at x/c =  0.0262   35

 170   rms: 0.6781E-02   max: -.1076E+00   C at   35  2
       a =-17.000      CL = -1.0014
      Cm = -0.0725     CD =  0.05338   =>   CDf =  0.00507    CDp =  0.04832

 Side 1 forced transition at x/c =  1.0000   62
 Side 2  free  transition at x/c =  0.0262   35

 171   rms: 0.6781E-02   max: -.1076E+00   C at   35  2
       a =-17.000      CL = -1.0014
      Cm = -0.0725     CD =  0.05338   =>   CDf =  0.00507    CDp =  0.04832

 Side 1 forced transition at x/c =  1.0000   62
 Side 2  free  transition at x/c =  0.0262   35

 172   rms: 0.6781E-02   max: -.1076E+00   C at   35  2
       a =-17.000      CL = -1.0014
      Cm = -0.0725     CD =  0.05338   =>   CDf =  0.00507    CDp =  0.04832

 Side 1 forced transition at x/c =  1.0000   62
 Side 2  free  transition at x/c =  0.0262   35

 173   rms: 0.6781E-02   max: -.1076E+00   C at   35  2
       a =-17.000      CL = -1.0014
      Cm = -0.0725     CD =  0.05338   =>   CDf =  0.00507    CDp =  0.04832

 Side 1 forced transition at x/c =  1.0000   62
 Side 2  free  transition at x/c =  0.0262   35

 174   rms: 0.6781E-02   max: -.1076E+00   C at   35  2
       a =-17.000      CL = -1.0014
      Cm = -0.0725     CD =  0.05338   =>   CDf =  0.00507    CDp =  0.04832

 Side 1 forced transition at x/c =  1.0000   62
 Side 2  free  transition at x/c =  0.0262   35

 175   rms: 0.6781E-02   max: -.1076E+00   C at   35  2
       a =-17.000      CL = -1.0014
      Cm = -0.0725     CD =  0.05338   =>   CDf =  0.00507    CDp =  0.04832

 Side 1 forced transition at x/c =  1.0000   62
 Side 2  free  transition at x/c =  0.0262   35

 176   rms: 0.6781E-02   max: -.1076E+00   C at   35  2
       a =-17.000      CL = -1.0014
      Cm = -0.0725     CD =  0.05338   =>   CDf =  0.00507    CDp =  0.04832

 Side 1 forced transition at x/c =  1.0000   62
 Side 2  free  transition at x/c =  0.0262   35

 177   rms: 0.6781E-02   max: -.1076E+00   C at   35  2
       a =-17.000      CL = -1.0014
      Cm = -0.0725     CD =  0.05338   =>   CDf =  0.00507    CDp =  0.04832

 Side 1 forced transition at x/c =  1.0000   62
 Side 2  free  transition at x/c =  0.0262   35

 178   rms: 0.6781E-02   max: -.1076E+00   C at   35  2
       a =-17.000      CL = -1.0014
      Cm = -0.0725     CD =  0.05338   =>   CDf =  0.00507    CDp =  0.04832

 Side 1 forced transition at x/c =  1.0000   62
 Side 2  free  transition at x/c =  0.0262   35

 179   rms: 0.6781E-02   max: -.1076E+00   C at   35  2
       a =-17.000      CL = -1.0014
      Cm = -0.0725     CD =  0.05338   =>   CDf =  0.00507    CDp =  0.04832

 Side 1 forced transition at x/c =  1.0000   62
 Side 2  free  transition at x/c =  0.0262   35

 180   rms: 0.6780E-02   max: -.1076E+00   C at   35  2
       a =-17.000      CL = -1.0014
      Cm = -0.0725     CD =  0.05338   =>   CDf =  0.00507    CDp =  0.04832

 Side 1 forced transition at x/c =  1.0000   62
 Side 2  free  transition at x/c =  0.0262   35

 181   rms: 0.6781E-02   max: -.1076E+00   C at   35  2
       a =-17.000      CL = -1.0014
      Cm = -0.0725     CD =  0.05338   =>   CDf =  0.00507    CDp =  0.04832

 Side 1 forced transition at x/c =  1.0000   62
 Side 2  free  transition at x/c =  0.0262   35

 182   rms: 0.6780E-02   max: -.1076E+00   C at   35  2
       a =-17.000      CL = -1.0014
      Cm = -0.0725     CD =  0.05338   =>   CDf =  0.00507    CDp =  0.04832

 Side 1 forced transition at x/c =  1.0000   62
 Side 2  free  transition at x/c =  0.0262   35

 183   rms: 0.6780E-02   max: -.1076E+00   C at   35  2
       a =-17.000      CL = -1.0014
      Cm = -0.0725     CD =  0.05338   =>   CDf =  0.00507    CDp =  0.04832

 Side 1 forced transition at x/c =  1.0000   62
 Side 2  free  transition at x/c =  0.0262   35

 184   rms: 0.6781E-02   max: -.1076E+00   C at   35  2
       a =-17.000      CL = -1.0014
      Cm = -0.0725     CD =  0.05338   =>   CDf =  0.00507    CDp =  0.04832

 Side 1 forced transition at x/c =  1.0000   62
 Side 2  free  transition at x/c =  0.0262   35

 185   rms: 0.6781E-02   max: -.1076E+00   C at   35  2
       a =-17.000      CL = -1.0014
      Cm = -0.0725     CD =  0.05338   =>   CDf =  0.00507    CDp =  0.04832

 Side 1 forced transition at x/c =  1.0000   62
 Side 2  free  transition at x/c =  0.0262   35

 186   rms: 0.6780E-02   max: -.1076E+00   C at   35  2
       a =-17.000      CL = -1.0014
      Cm = -0.0725     CD =  0.05338   =>   CDf =  0.00507    CDp =  0.04832

 Side 1 forced transition at x/c =  1.0000   62
 Side 2  free  transition at x/c =  0.0262   35

 187   rms: 0.6780E-02   max: -.1076E+00   C at   35  2
       a =-17.000      CL = -1.0014
      Cm = -0.0725     CD =  0.05338   =>   CDf =  0.00507    CDp =  0.04832

 Side 1 forced transition at x/c =  1.0000   62
 Side 2  free  transition at x/c =  0.0262   35

 188   rms: 0.6780E-02   max: -.1076E+00   C at   35  2
       a =-17.000      CL = -1.0014
      Cm = -0.0725     CD =  0.05338   =>   CDf =  0.00507    CDp =  0.04832

 Side 1 forced transition at x/c =  1.0000   62
 Side 2  free  transition at x/c =  0.0262   35

 189   rms: 0.6780E-02   max: -.1076E+00   C at   35  2
       a =-17.000      CL = -1.0014
      Cm = -0.0725     CD =  0.05338   =>   CDf =  0.00507    CDp =  0.04832

 Side 1 forced transition at x/c =  1.0000   62
 Side 2  free  transition at x/c =  0.0262   35

 190   rms: 0.6781E-02   max: -.1076E+00   C at   35  2
       a =-17.000      CL = -1.0014
      Cm = -0.0725     CD =  0.05338   =>   CDf =  0.00507    CDp =  0.04832

 Side 1 forced transition at x/c =  1.0000   62
 Side 2  free  transition at x/c =  0.0262   35

 191   rms: 0.6781E-02   max: -.1076E+00   C at   35  2
       a =-17.000      CL = -1.0014
      Cm = -0.0725     CD =  0.05338   =>   CDf =  0.00507    CDp =  0.04832

 Side 1 forced transition at x/c =  1.0000   62
 Side 2  free  transition at x/c =  0.0262   35

 192   rms: 0.6780E-02   max: -.1076E+00   C at   35  2
       a =-17.000      CL = -1.0014
      Cm = -0.0725     CD =  0.05338   =>   CDf =  0.00507    CDp =  0.04832

 Side 1 forced transition at x/c =  1.0000   62
 Side 2  free  transition at x/c =  0.0262   35

 193   rms: 0.6780E-02   max: -.1076E+00   C at   35  2
       a =-17.000      CL = -1.0014
      Cm = -0.0725     CD =  0.05338   =>   CDf =  0.00507    CDp =  0.04832

 Side 1 forced transition at x/c =  1.0000   62
 Side 2  free  transition at x/c =  0.0262   35

 194   rms: 0.6780E-02   max: -.1076E+00   C at   35  2
       a =-17.000      CL = -1.0014
      Cm = -0.0725     CD =  0.05338   =>   CDf =  0.00507    CDp =  0.04832

 Side 1 forced transition at x/c =  1.0000   62
 Side 2  free  transition at x/c =  0.0262   35

 195   rms: 0.6780E-02   max: -.1076E+00   C at   35  2
       a =-17.000      CL = -1.0014
      Cm = -0.0725     CD =  0.05338   =>   CDf =  0.00507    CDp =  0.04832

 Side 1 forced transition at x/c =  1.0000   62
 Side 2  free  transition at x/c =  0.0262   35

 196   rms: 0.6780E-02   max: -.1076E+00   C at   35  2
       a =-17.000      CL = -1.0014
      Cm = -0.0725     CD =  0.05338   =>   CDf =  0.00507    CDp =  0.04832

 Side 1 forced transition at x/c =  1.0000   62
 Side 2  free  transition at x/c =  0.0262   35

 197   rms: 0.6780E-02   max: -.1076E+00   C at   35  2
       a =-17.000      CL = -1.0014
      Cm = -0.0725     CD =  0.05338   =>   CDf =  0.00507    CDp =  0.04832

 Side 1 forced transition at x/c =  1.0000   62
 Side 2  free  transition at x/c =  0.0262   35

 198   rms: 0.6780E-02   max: -.1076E+00   C at   35  2
       a =-17.000      CL = -1.0014
      Cm = -0.0725     CD =  0.05338   =>   CDf =  0.00507    CDp =  0.04832

 Side 1 forced transition at x/c =  1.0000   62
 Side 2  free  transition at x/c =  0.0262   35

 199   rms: 0.6781E-02   max: -.1076E+00   C at   35  2
       a =-17.000      CL = -1.0014
      Cm = -0.0725     CD =  0.05338   =>   CDf =  0.00507    CDp =  0.04832

 Side 1 forced transition at x/c =  1.0000   62
 Side 2  free  transition at x/c =  0.0262   35

 200   rms: 0.6781E-02   max: -.1076E+00   C at   35  2
       a =-17.000      CL = -1.0014
      Cm = -0.0725     CD =  0.05338   =>   CDf =  0.00507    CDp =  0.04832

 Side 1 forced transition at x/c =  1.0000   62
 Side 2  free  transition at x/c =  0.0262   35

 201   rms: 0.6781E-02   max: -.1076E+00   C at   35  2
       a =-17.000      CL = -1.0014
      Cm = -0.0725     CD =  0.05338   =>   CDf =  0.00507    CDp =  0.04832

 Side 1 forced transition at x/c =  1.0000   62
 Side 2  free  transition at x/c =  0.0262   35

 202   rms: 0.6781E-02   max: -.1076E+00   C at   35  2
       a =-17.000      CL = -1.0014
      Cm = -0.0725     CD =  0.05338   =>   CDf =  0.00507    CDp =  0.04832

 Side 1 forced transition at x/c =  1.0000   62
 Side 2  free  transition at x/c =  0.0262   35

 203   rms: 0.6781E-02   max: -.1076E+00   C at   35  2
       a =-17.000      CL = -1.0014
      Cm = -0.0725     CD =  0.05338   =>   CDf =  0.00507    CDp =  0.04832

 Side 1 forced transition at x/c =  1.0000   62
 Side 2  free  transition at x/c =  0.0262   35

 204   rms: 0.6781E-02   max: -.1076E+00   C at   35  2
       a =-17.000      CL = -1.0014
      Cm = -0.0725     CD =  0.05338   =>   CDf =  0.00507    CDp =  0.04832

 Side 1 forced transition at x/c =  1.0000   62
 Side 2  free  transition at x/c =  0.0262   35

 205   rms: 0.6781E-02   max: -.1076E+00   C at   35  2
       a =-17.000      CL = -1.0014
      Cm = -0.0725     CD =  0.05338   =>   CDf =  0.00507    CDp =  0.04832

 Side 1 forced transition at x/c =  1.0000   62
 Side 2  free  transition at x/c =  0.0262   35

 206   rms: 0.6781E-02   max: -.1076E+00   C at   35  2
       a =-17.000      CL = -1.0014
      Cm = -0.0725     CD =  0.05338   =>   CDf =  0.00507    CDp =  0.04832

 Side 1 forced transition at x/c =  1.0000   62
 Side 2  free  transition at x/c =  0.0262   35

 207   rms: 0.6781E-02   max: -.1076E+00   C at   35  2
       a =-17.000      CL = -1.0014
      Cm = -0.0725     CD =  0.05338   =>   CDf =  0.00507    CDp =  0.04832

 Side 1 forced transition at x/c =  1.0000   62
 Side 2  free  transition at x/c =  0.0262   35

 208   rms: 0.6781E-02   max: -.1076E+00   C at   35  2
       a =-17.000      CL = -1.0014
      Cm = -0.0725     CD =  0.05338   =>   CDf =  0.00507    CDp =  0.04832

 Side 1 forced transition at x/c =  1.0000   62
 Side 2  free  transition at x/c =  0.0262   35

 209   rms: 0.6780E-02   max: -.1076E+00   C at   35  2
       a =-17.000      CL = -1.0014
      Cm = -0.0725     CD =  0.05338   =>   CDf =  0.00507    CDp =  0.04832

 Side 1 forced transition at x/c =  1.0000   62
 Side 2  free  transition at x/c =  0.0262   35

 210   rms: 0.6780E-02   max: -.1076E+00   C at   35  2
       a =-17.000      CL = -1.0014
      Cm = -0.0725     CD =  0.05338   =>   CDf =  0.00507    CDp =  0.04832

 Side 1 forced transition at x/c =  1.0000   62
 Side 2  free  transition at x/c =  0.0262   35

 211   rms: 0.6781E-02   max: -.1076E+00   C at   35  2
       a =-17.000      CL = -1.0014
      Cm = -0.0725     CD =  0.05338   =>   CDf =  0.00507    CDp =  0.04832

 Side 1 forced transition at x/c =  1.0000   62
 Side 2  free  transition at x/c =  0.0262   35

 212   rms: 0.6781E-02   max: -.1076E+00   C at   35  2
       a =-17.000      CL = -1.0014
      Cm = -0.0725     CD =  0.05338   =>   CDf =  0.00507    CDp =  0.04832

 Side 1 forced transition at x/c =  1.0000   62
 Side 2  free  transition at x/c =  0.0262   35

 213   rms: 0.6781E-02   max: -.1076E+00   C at   35  2
       a =-17.000      CL = -1.0014
      Cm = -0.0725     CD =  0.05338   =>   CDf =  0.00507    CDp =  0.04832

 Side 1 forced transition at x/c =  1.0000   62
 Side 2  free  transition at x/c =  0.0262   35

 214   rms: 0.6780E-02   max: -.1076E+00   C at   35  2
       a =-17.000      CL = -1.0014
      Cm = -0.0725     CD =  0.05338   =>   CDf =  0.00507    CDp =  0.04832

 Side 1 forced transition at x/c =  1.0000   62
 Side 2  free  transition at x/c =  0.0262   35

 215   rms: 0.6781E-02   max: -.1076E+00   C at   35  2
       a =-17.000      CL = -1.0014
      Cm = -0.0725     CD =  0.05338   =>   CDf =  0.00507    CDp =  0.04832

 Side 1 forced transition at x/c =  1.0000   62
 Side 2  free  transition at x/c =  0.0262   35

 216   rms: 0.6781E-02   max: -.1076E+00   C at   35  2
       a =-17.000      CL = -1.0014
      Cm = -0.0725     CD =  0.05338   =>   CDf =  0.00507    CDp =  0.04832

 Side 1 forced transition at x/c =  1.0000   62
 Side 2  free  transition at x/c =  0.0262   35

 217   rms: 0.6781E-02   max: -.1076E+00   C at   35  2
       a =-17.000      CL = -1.0014
      Cm = -0.0725     CD =  0.05338   =>   CDf =  0.00507    CDp =  0.04832

 Side 1 forced transition at x/c =  1.0000   62
 Side 2  free  transition at x/c =  0.0262   35

 218   rms: 0.6780E-02   max: -.1076E+00   C at   35  2
       a =-17.000      CL = -1.0014
      Cm = -0.0725     CD =  0.05338   =>   CDf =  0.00507    CDp =  0.04832

 Side 1 forced transition at x/c =  1.0000   62
 Side 2  free  transition at x/c =  0.0262   35

 219   rms: 0.6780E-02   max: -.1076E+00   C at   35  2
       a =-17.000      CL = -1.0014
      Cm = -0.0725     CD =  0.05338   =>   CDf =  0.00507    CDp =  0.04832

 Side 1 forced transition at x/c =  1.0000   62
 Side 2  free  transition at x/c =  0.0262   35

 220   rms: 0.6780E-02   max: -.1076E+00   C at   35  2
       a =-17.000      CL = -1.0014
      Cm = -0.0725     CD =  0.05338   =>   CDf =  0.00507    CDp =  0.04832

 Side 1 forced transition at x/c =  1.0000   62
 Side 2  free  transition at x/c =  0.0262   35

 221   rms: 0.6780E-02   max: -.1076E+00   C at   35  2
       a =-17.000      CL = -1.0014
      Cm = -0.0725     CD =  0.05338   =>   CDf =  0.00507    CDp =  0.04832

 Side 1 forced transition at x/c =  1.0000   62
 Side 2  free  transition at x/c =  0.0262   35

 222   rms: 0.6780E-02   max: -.1076E+00   C at   35  2
       a =-17.000      CL = -1.0014
      Cm = -0.0725     CD =  0.05338   =>   CDf =  0.00507    CDp =  0.04832

 Side 1 forced transition at x/c =  1.0000   62
 Side 2  free  transition at x/c =  0.0262   35

 223   rms: 0.6781E-02   max: -.1076E+00   C at   35  2
       a =-17.000      CL = -1.0014
      Cm = -0.0725     CD =  0.05338   =>   CDf =  0.00507    CDp =  0.04832

 Side 1 forced transition at x/c =  1.0000   62
 Side 2  free  transition at x/c =  0.0262   35

 224   rms: 0.6780E-02   max: -.1076E+00   C at   35  2
       a =-17.000      CL = -1.0014
      Cm = -0.0725     CD =  0.05338   =>   CDf =  0.00507    CDp =  0.04832

 Side 1 forced transition at x/c =  1.0000   62
 Side 2  free  transition at x/c =  0.0262   35

 225   rms: 0.6781E-02   max: -.1076E+00   C at   35  2
       a =-17.000      CL = -1.0014
      Cm = -0.0725     CD =  0.05338   =>   CDf =  0.00507    CDp =  0.04832

 Side 1 forced transition at x/c =  1.0000   62
 Side 2  free  transition at x/c =  0.0262   35

 226   rms: 0.6781E-02   max: -.1076E+00   C at   35  2
       a =-17.000      CL = -1.0014
      Cm = -0.0725     CD =  0.05338   =>   CDf =  0.00507    CDp =  0.04832

 Side 1 forced transition at x/c =  1.0000   62
 Side 2  free  transition at x/c =  0.0262   35

 227   rms: 0.6781E-02   max: -.1076E+00   C at   35  2
       a =-17.000      CL = -1.0014
      Cm = -0.0725     CD =  0.05338   =>   CDf =  0.00507    CDp =  0.04832

 Side 1 forced transition at x/c =  1.0000   62
 Side 2  free  transition at x/c =  0.0262   35

 228   rms: 0.6780E-02   max: -.1076E+00   C at   35  2
       a =-17.000      CL = -1.0014
      Cm = -0.0725     CD =  0.05338   =>   CDf =  0.00507    CDp =  0.04832

 Side 1 forced transition at x/c =  1.0000   62
 Side 2  free  transition at x/c =  0.0262   35

 229   rms: 0.6781E-02   max: -.1076E+00   C at   35  2
       a =-17.000      CL = -1.0014
      Cm = -0.0725     CD =  0.05338   =>   CDf =  0.00507    CDp =  0.04832

 Side 1 forced transition at x/c =  1.0000   62
 Side 2  free  transition at x/c =  0.0262   35

 230   rms: 0.6781E-02   max: -.1076E+00   C at   35  2
       a =-17.000      CL = -1.0014
      Cm = -0.0725     CD =  0.05338   =>   CDf =  0.00507    CDp =  0.04832

 Side 1 forced transition at x/c =  1.0000   62
 Side 2  free  transition at x/c =  0.0262   35

 231   rms: 0.6781E-02   max: -.1076E+00   C at   35  2
       a =-17.000      CL = -1.0014
      Cm = -0.0725     CD =  0.05338   =>   CDf =  0.00507    CDp =  0.04832

 Side 1 forced transition at x/c =  1.0000   62
 Side 2  free  transition at x/c =  0.0262   35

 232   rms: 0.6780E-02   max: -.1076E+00   C at   35  2
       a =-17.000      CL = -1.0014
      Cm = -0.0725     CD =  0.05338   =>   CDf =  0.00507    CDp =  0.04832

 Side 1 forced transition at x/c =  1.0000   62
 Side 2  free  transition at x/c =  0.0262   35

 233   rms: 0.6780E-02   max: -.1076E+00   C at   35  2
       a =-17.000      CL = -1.0014
      Cm = -0.0725     CD =  0.05338   =>   CDf =  0.00507    CDp =  0.04832

 Side 1 forced transition at x/c =  1.0000   62
 Side 2  free  transition at x/c =  0.0262   35

 234   rms: 0.6780E-02   max: -.1076E+00   C at   35  2
       a =-17.000      CL = -1.0014
      Cm = -0.0725     CD =  0.05338   =>   CDf =  0.00507    CDp =  0.04832

 Side 1 forced transition at x/c =  1.0000   62
 Side 2  free  transition at x/c =  0.0262   35

 235   rms: 0.6780E-02   max: -.1076E+00   C at   35  2
       a =-17.000      CL = -1.0014
      Cm = -0.0725     CD =  0.05338   =>   CDf =  0.00507    CDp =  0.04832

 Side 1 forced transition at x/c =  1.0000   62
 Side 2  free  transition at x/c =  0.0262   35

 236   rms: 0.6780E-02   max: -.1076E+00   C at   35  2
       a =-17.000      CL = -1.0014
      Cm = -0.0725     CD =  0.05338   =>   CDf =  0.00507    CDp =  0.04832

 Side 1 forced transition at x/c =  1.0000   62
 Side 2  free  transition at x/c =  0.0262   35

 237   rms: 0.6781E-02   max: -.1076E+00   C at   35  2
       a =-17.000      CL = -1.0014
      Cm = -0.0725     CD =  0.05338   =>   CDf =  0.00507    CDp =  0.04832

 Side 1 forced transition at x/c =  1.0000   62
 Side 2  free  transition at x/c =  0.0262   35

 238   rms: 0.6780E-02   max: -.1076E+00   C at   35  2
       a =-17.000      CL = -1.0014
      Cm = -0.0725     CD =  0.05338   =>   CDf =  0.00507    CDp =  0.04832

 Side 1 forced transition at x/c =  1.0000   62
 Side 2  free  transition at x/c =  0.0262   35

 239   rms: 0.6780E-02   max: -.1076E+00   C at   35  2
       a =-17.000      CL = -1.0014
      Cm = -0.0725     CD =  0.05338   =>   CDf =  0.00507    CDp =  0.04832

 Side 1 forced transition at x/c =  1.0000   62
 Side 2  free  transition at x/c =  0.0262   35

 240   rms: 0.6780E-02   max: -.1076E+00   C at   35  2
       a =-17.000      CL = -1.0014
      Cm = -0.0725     CD =  0.05338   =>   CDf =  0.00507    CDp =  0.04832

 Side 1 forced transition at x/c =  1.0000   62
 Side 2  free  transition at x/c =  0.0262   35

 241   rms: 0.6780E-02   max: -.1076E+00   C at   35  2
       a =-17.000      CL = -1.0014
      Cm = -0.0725     CD =  0.05338   =>   CDf =  0.00507    CDp =  0.04832

 Side 1 forced transition at x/c =  1.0000   62
 Side 2  free  transition at x/c =  0.0262   35

 242   rms: 0.6780E-02   max: -.1076E+00   C at   35  2
       a =-17.000      CL = -1.0014
      Cm = -0.0725     CD =  0.05338   =>   CDf =  0.00507    CDp =  0.04832

 Side 1 forced transition at x/c =  1.0000   62
 Side 2  free  transition at x/c =  0.0262   35

 243   rms: 0.6781E-02   max: -.1076E+00   C at   35  2
       a =-17.000      CL = -1.0014
      Cm = -0.0725     CD =  0.05338   =>   CDf =  0.00507    CDp =  0.04832

 Side 1 forced transition at x/c =  1.0000   62
 Side 2  free  transition at x/c =  0.0262   35

 244   rms: 0.6781E-02   max: -.1076E+00   C at   35  2
       a =-17.000      CL = -1.0014
      Cm = -0.0725     CD =  0.05338   =>   CDf =  0.00507    CDp =  0.04832

 Side 1 forced transition at x/c =  1.0000   62
 Side 2  free  transition at x/c =  0.0262   35

 245   rms: 0.6781E-02   max: -.1076E+00   C at   35  2
       a =-17.000      CL = -1.0014
      Cm = -0.0725     CD =  0.05338   =>   CDf =  0.00507    CDp =  0.04832

 Side 1 forced transition at x/c =  1.0000   62
 Side 2  free  transition at x/c =  0.0262   35

 246   rms: 0.6781E-02   max: -.1076E+00   C at   35  2
       a =-17.000      CL = -1.0014
      Cm = -0.0725     CD =  0.05338   =>   CDf =  0.00507    CDp =  0.04832

 Side 1 forced transition at x/c =  1.0000   62
 Side 2  free  transition at x/c =  0.0262   35

 247   rms: 0.6781E-02   max: -.1076E+00   C at   35  2
       a =-17.000      CL = -1.0014
      Cm = -0.0725     CD =  0.05338   =>   CDf =  0.00507    CDp =  0.04832

 Side 1 forced transition at x/c =  1.0000   62
 Side 2  free  transition at x/c =  0.0262   35

 248   rms: 0.6781E-02   max: -.1076E+00   C at   35  2
       a =-17.000      CL = -1.0014
      Cm = -0.0725     CD =  0.05338   =>   CDf =  0.00507    CDp =  0.04832

 Side 1 forced transition at x/c =  1.0000   62
 Side 2  free  transition at x/c =  0.0262   35

 249   rms: 0.6780E-02   max: -.1076E+00   C at   35  2
       a =-17.000      CL = -1.0014
      Cm = -0.0725     CD =  0.05338   =>   CDf =  0.00507    CDp =  0.04832

 Side 1 forced transition at x/c =  1.0000   62
 Side 2  free  transition at x/c =  0.0262   35

 250   rms: 0.6780E-02   max: -.1076E+00   C at   35  2
       a =-17.000      CL = -1.0014
      Cm = -0.0725     CD =  0.05338   =>   CDf =  0.00507    CDp =  0.04832

 Side 1 forced transition at x/c =  1.0000   62
 Side 2  free  transition at x/c =  0.0262   35

 251   rms: 0.6781E-02   max: -.1076E+00   C at   35  2
       a =-17.000      CL = -1.0014
      Cm = -0.0725     CD =  0.05338   =>   CDf =  0.00507    CDp =  0.04832

 Side 1 forced transition at x/c =  1.0000   62
 Side 2  free  transition at x/c =  0.0262   35

 252   rms: 0.6781E-02   max: -.1076E+00   C at   35  2
       a =-17.000      CL = -1.0014
      Cm = -0.0725     CD =  0.05338   =>   CDf =  0.00507    CDp =  0.04832

 Side 1 forced transition at x/c =  1.0000   62
 Side 2  free  transition at x/c =  0.0262   35

 253   rms: 0.6781E-02   max: -.1076E+00   C at   35  2
       a =-17.000      CL = -1.0014
      Cm = -0.0725     CD =  0.05338   =>   CDf =  0.00507    CDp =  0.04832

 Side 1 forced transition at x/c =  1.0000   62
 Side 2  free  transition at x/c =  0.0262   35

 254   rms: 0.6781E-02   max: -.1076E+00   C at   35  2
       a =-17.000      CL = -1.0014
      Cm = -0.0725     CD =  0.05338   =>   CDf =  0.00507    CDp =  0.04832

 Side 1 forced transition at x/c =  1.0000   62
 Side 2  free  transition at x/c =  0.0262   35

 255   rms: 0.6781E-02   max: -.1076E+00   C at   35  2
       a =-17.000      CL = -1.0014
      Cm = -0.0725     CD =  0.05338   =>   CDf =  0.00507    CDp =  0.04832

 Side 1 forced transition at x/c =  1.0000   62
 Side 2  free  transition at x/c =  0.0262   35

 256   rms: 0.6781E-02   max: -.1076E+00   C at   35  2
       a =-17.000      CL = -1.0014
      Cm = -0.0725     CD =  0.05338   =>   CDf =  0.00507    CDp =  0.04832

 Side 1 forced transition at x/c =  1.0000   62
 Side 2  free  transition at x/c =  0.0262   35

 257   rms: 0.6780E-02   max: -.1076E+00   C at   35  2
       a =-17.000      CL = -1.0014
      Cm = -0.0725     CD =  0.05338   =>   CDf =  0.00507    CDp =  0.04832

 Side 1 forced transition at x/c =  1.0000   62
 Side 2  free  transition at x/c =  0.0262   35

 258   rms: 0.6780E-02   max: -.1076E+00   C at   35  2
       a =-17.000      CL = -1.0014
      Cm = -0.0725     CD =  0.05338   =>   CDf =  0.00507    CDp =  0.04832

 Side 1 forced transition at x/c =  1.0000   62
 Side 2  free  transition at x/c =  0.0262   35

 259   rms: 0.6780E-02   max: -.1076E+00   C at   35  2
       a =-17.000      CL = -1.0014
      Cm = -0.0725     CD =  0.05338   =>   CDf =  0.00507    CDp =  0.04832

 Side 1 forced transition at x/c =  1.0000   62
 Side 2  free  transition at x/c =  0.0262   35

 260   rms: 0.6781E-02   max: -.1076E+00   C at   35  2
       a =-17.000      CL = -1.0014
      Cm = -0.0725     CD =  0.05338   =>   CDf =  0.00507    CDp =  0.04832

 Side 1 forced transition at x/c =  1.0000   62
 Side 2  free  transition at x/c =  0.0262   35

 261   rms: 0.6781E-02   max: -.1076E+00   C at   35  2
       a =-17.000      CL = -1.0014
      Cm = -0.0725     CD =  0.05338   =>   CDf =  0.00507    CDp =  0.04832

 Side 1 forced transition at x/c =  1.0000   62
 Side 2  free  transition at x/c =  0.0262   35

 262   rms: 0.6781E-02   max: -.1076E+00   C at   35  2
       a =-17.000      CL = -1.0014
      Cm = -0.0725     CD =  0.05338   =>   CDf =  0.00507    CDp =  0.04832

 Side 1 forced transition at x/c =  1.0000   62
 Side 2  free  transition at x/c =  0.0262   35

 263   rms: 0.6781E-02   max: -.1076E+00   C at   35  2
       a =-17.000      CL = -1.0014
      Cm = -0.0725     CD =  0.05338   =>   CDf =  0.00507    CDp =  0.04832

 Side 1 forced transition at x/c =  1.0000   62
 Side 2  free  transition at x/c =  0.0262   35

 264   rms: 0.6781E-02   max: -.1076E+00   C at   35  2
       a =-17.000      CL = -1.0014
      Cm = -0.0725     CD =  0.05338   =>   CDf =  0.00507    CDp =  0.04832

 Side 1 forced transition at x/c =  1.0000   62
 Side 2  free  transition at x/c =  0.0262   35

 265   rms: 0.6780E-02   max: -.1076E+00   C at   35  2
       a =-17.000      CL = -1.0014
      Cm = -0.0725     CD =  0.05338   =>   CDf =  0.00507    CDp =  0.04832
 VISCAL:  Convergence failed
 Calculating wake trajectory ...
 Calculating source influence matrix ...

 Solving BL system ...

 Side 1 forced transition at x/c =  1.0000   62
 Side 2  free  transition at x/c =  0.0262   35

   1   rms: 0.1034E+00   max: 0.3336E+00   D at   68  2   RLX: 0.474
       a =-18.000      CL = -1.0145
      Cm = -0.0729     CD =  0.05689   =>   CDf =  0.00508    CDp =  0.05181

 Side 1 forced transition at x/c =  1.0000   62
 Side 2  free  transition at x/c =  0.0255   35

   2   rms: 0.5553E-01   max: 0.2380E+00   D at   69  2
       a =-18.000      CL = -1.0223
      Cm = -0.0736     CD =  0.06113   =>   CDf =  0.00500    CDp =  0.05613

 Side 1 forced transition at x/c =  1.0000   62
 Side 2  free  transition at x/c =  0.0253   35

   3   rms: 0.9937E-02   max: 0.9265E-01   D at   68  2
       a =-18.000      CL = -1.0167
      Cm = -0.0737     CD =  0.06112   =>   CDf =  0.00489    CDp =  0.05623

 Side 1 forced transition at x/c =  1.0000   62
 Side 2  free  transition at x/c =  0.0251   35

   4   rms: 0.8413E-03   max: -.8787E-02   D at   68  2
       a =-18.000      CL = -1.0171
      Cm = -0.0738     CD =  0.06091   =>   CDf =  0.00487    CDp =  0.05603

 Side 1 forced transition at x/c =  1.0000   62
 Side 2  free  transition at x/c =  0.0251   35

   5   rms: 0.8195E-04   max: -.4061E-03   D at  115  2
       a =-18.000      CL = -1.0171
      Cm = -0.0738     CD =  0.06092   =>   CDf =  0.00488    CDp =  0.05604
 plradd ia,ip,cpol           18           0  3.83087946E-03

 Point added to stored polar  1
 Point written to save file  polar.txt                                       
 Dump file unspecified or not available
 Calculating wake trajectory ...
 Calculating source influence matrix ...

 Solving BL system ...

 Side 1 forced transition at x/c =  1.0000   62
 Side 2  free  transition at x/c =  0.0251   35
 idif Ue xi dudx           1  9.16281343E-02  8.22013617E-03   11.146791    
 Uenew xinew           2  8.19338672E-03  7.35044479E-04

   1   rms: 0.1065E+00   max: 0.3814E+00   D at   66  2   RLX: 0.428
       a =-19.000      CL = -1.0264
      Cm = -0.0738     CD =  0.06463   =>   CDf =  0.00462    CDp =  0.06001

 Side 1 forced transition at x/c =  1.0000   61
 Side 2  free  transition at x/c =  0.0237   36

   2   rms: 0.6786E-01   max: 0.3358E+00   D at   68  2
       a =-19.000      CL = -1.0246
      Cm = -0.0733     CD =  0.07117   =>   CDf =  0.00485    CDp =  0.06632

 Side 1 forced transition at x/c =  1.0000   61
 Side 2  free  transition at x/c =  0.0225   35

   3   rms: 0.9469E-02   max: 0.9697E-01   D at   67  2
       a =-19.000      CL = -1.0202
      Cm = -0.0735     CD =  0.07051   =>   CDf =  0.00474    CDp =  0.06576

 Side 1 forced transition at x/c =  1.0000   61
 Side 2  free  transition at x/c =  0.0225   35

   4   rms: 0.2767E-02   max: 0.2693E-01   D at   67  2
       a =-19.000      CL = -1.0183
      Cm = -0.0735     CD =  0.07073   =>   CDf =  0.00473    CDp =  0.06599

 Side 1 forced transition at x/c =  1.0000   61
 Side 2  free  transition at x/c =  0.0225   35

   5   rms: 0.1629E-03   max: 0.9844E-03   D at  115  2
       a =-19.000      CL = -1.0182
      Cm = -0.0735     CD =  0.07068   =>   CDf =  0.00473    CDp =  0.06595

 Side 1 forced transition at x/c =  1.0000   61
 Side 2  free  transition at x/c =  0.0225   35

   6   rms: 0.7243E-05   max: -.6600E-04   D at  117  2
       a =-19.000      CL = -1.0182
      Cm = -0.0735     CD =  0.07068   =>   CDf =  0.00473    CDp =  0.06595
 plradd ia,ip,cpol           19           0  1.59942429E-03

 Point added to stored polar  1
 Point written to save file  polar.txt                                       
 Dump file unspecified or not available
 Calculating wake trajectory ...
 Calculating source influence matrix ...

 Solving BL system ...

 Side 1 forced transition at x/c =  1.0000   61
 Side 2  free  transition at x/c =  0.0225   35

   1   rms: 0.9785E-01   max: 0.3941E+00   D at   65  2   RLX: 0.387
       a =-20.000      CL = -1.0260
      Cm = -0.0729     CD =  0.07448   =>   CDf =  0.00474    CDp =  0.06974

 Side 1 forced transition at x/c =  1.0000   61
 Side 2  free  transition at x/c =  0.0219   35

   2   rms: 0.5994E-01   max: 0.2747E+00   D at   66  2
       a =-20.000      CL = -1.0355
      Cm = -0.0719     CD =  0.08052   =>   CDf =  0.00466    CDp =  0.07585

 Side 1 forced transition at x/c =  1.0000   61
 Side 2  free  transition at x/c =  0.0209   35

   3   rms: 0.1021E-01   max: 0.7877E-01   D at   65  2
       a =-20.000      CL = -1.0285
      Cm = -0.0719     CD =  0.08032   =>   CDf =  0.00455    CDp =  0.07577

 Side 1 forced transition at x/c =  1.0000   61
 Side 2  free  transition at x/c =  0.0210   35

   4   rms: 0.2790E-02   max: 0.2785E-01   D at   65  2
       a =-20.000      CL = -1.0266
      Cm = -0.0719     CD =  0.08046   =>   CDf =  0.00453    CDp =  0.07593

 Side 1 forced transition at x/c =  1.0000   61
 Side 2  free  transition at x/c =  0.0211   35

   5   rms: 0.2682E-03   max: 0.1813E-02   D at  116  2
       a =-20.000      CL = -1.0264
      Cm = -0.0719     CD =  0.08043   =>   CDf =  0.00452    CDp =  0.07590

 Side 1 forced transition at x/c =  1.0000   61
 Side 2  free  transition at x/c =  0.0211   35

   6   rms: 0.1419E-04   max: 0.1547E-03   D at  116  2
       a =-20.000      CL = -1.0264
      Cm = -0.0719     CD =  0.08042   =>   CDf =  0.00452    CDp =  0.07590
 plradd ia,ip,cpol           20           0  3.83087946E-03

 Point added to stored polar  1
 Point written to save file  polar.txt                                       
 Dump file unspecified or not available
 Calculating wake trajectory ...
 Calculating source influence matrix ...

 Solving BL system ...

 Side 1 forced transition at x/c =  1.0000   61
 Side 2  free  transition at x/c =  0.0211   35
 idif Ue xi dudx           1  8.17085877E-02  8.48531723E-03   9.6294088    
 Uenew xinew           2  2.69415649E-03  2.79784203E-04

   1   rms: 0.1038E+00   max: 0.5413E+00   D at   64  2   RLX: 0.351
       a =-21.000      CL = -1.0264
      Cm = -0.0707     CD =  0.08525   =>   CDf =  0.00425    CDp =  0.08100

 Side 1 forced transition at x/c =  1.0000   60
 Side 2  free  transition at x/c =  0.0205   36

   2   rms: 0.6463E-01   max: 0.3397E+00   D at   65  2
       a =-21.000      CL = -1.0300
      Cm = -0.0688     CD =  0.09299   =>   CDf =  0.00446    CDp =  0.08853

 Side 1 forced transition at x/c =  1.0000   60
 Side 2  free  transition at x/c =  0.0197   36

   3   rms: 0.1938E-01   max: 0.1570E+00   D at   64  2
       a =-21.000      CL = -1.0167
      Cm = -0.0685     CD =  0.09351   =>   CDf =  0.00436    CDp =  0.08916

 Side 1 forced transition at x/c =  1.0000   60
 Side 2  free  transition at x/c =  0.0197   36

   4   rms: 0.4850E-02   max: 0.5243E-01   D at   64  2
       a =-21.000      CL = -1.0135
      Cm = -0.0684     CD =  0.09355   =>   CDf =  0.00431    CDp =  0.08924

 Side 1 forced transition at x/c =  1.0000   60
 Side 2  free  transition at x/c =  0.0197   36

   5   rms: 0.3284E-03   max: -.3379E-02   D at   64  2
       a =-21.000      CL = -1.0134
      Cm = -0.0685     CD =  0.09341   =>   CDf =  0.00430    CDp =  0.08911

 Side 1 forced transition at x/c =  1.0000   60
 Side 2  free  transition at x/c =  0.0197   36

   6   rms: 0.2609E-04   max: -.1807E-03   D at  104  2
       a =-21.000      CL = -1.0134
      Cm = -0.0685     CD =  0.09341   =>   CDf =  0.00430    CDp =  0.08911
 plradd ia,ip,cpol           21           0 -1.71368287E-04

 Point added to stored polar  1
 Point written to save file  polar.txt                                       
 Dump file unspecified or not available
 Calculating wake trajectory ...
 Calculating source influence matrix ...

 Solving BL system ...

 Side 1 forced transition at x/c =  1.0000   60
 Side 2  free  transition at x/c =  0.0197   36

   1   rms: 0.1125E+00   max: 0.6432E+00   D at   62  2   RLX: 0.318
       a =-22.000      CL = -1.0080
      Cm = -0.0667     CD =  0.09910   =>   CDf =  0.00432    CDp =  0.09478

 Side 1 forced transition at x/c =  1.0000   60
 Side 2  free  transition at x/c =  0.0196   36

   2   rms: 0.9209E-01   max: 0.5904E+00   D at   63  2
       a =-22.000      CL = -0.9828
      Cm = -0.0619     CD =  0.11351   =>   CDf =  0.00424    CDp =  0.10928

 Side 1 forced transition at x/c =  1.0000   60
 Side 2  free  transition at x/c =  0.0191   35

   3   rms: 0.1655E-01   max: 0.1537E+00   D at   61  2
       a =-22.000      CL = -0.9842
      Cm = -0.0628     CD =  0.10958   =>   CDf =  0.00402    CDp =  0.10557

 Side 1 forced transition at x/c =  1.0000   60
 Side 2  free  transition at x/c =  0.0192   35

   4   rms: 0.1714E-02   max: 0.3453E-01   D at   61  2
       a =-22.000      CL = -0.9841
      Cm = -0.0627     CD =  0.10946   =>   CDf =  0.00401    CDp =  0.10546

 Side 1 forced transition at x/c =  1.0000   60
 Side 2  free  transition at x/c =  0.0192   35

   5   rms: 0.1175E-03   max: -.1326E-02   D at   61  2
       a =-22.000      CL = -0.9840
      Cm = -0.0628     CD =  0.10943   =>   CDf =  0.00400    CDp =  0.10542

 Side 1 forced transition at x/c =  1.0000   60
 Side 2  free  transition at x/c =  0.0192   35

   6   rms: 0.8965E-05   max: -.6001E-04   D at  104  2
       a =-22.000      CL = -0.9840
      Cm = -0.0628     CD =  0.10942   =>   CDf =  0.00400    CDp =  0.10542
 plradd ia,ip,cpol           22           0 -1.71368287E-04

 Point added to stored polar  1
 Point written to save file  polar.txt                                       
 Dump file unspecified or not available
 Calculating wake trajectory ...
 Calculating source influence matrix ...

 Solving BL system ...

 Side 1 forced transition at x/c =  1.0000   60
 Side 2  free  transition at x/c =  0.0192   35

   1   rms: 0.9346E-01   max: 0.4856E+00   D at   60  2   RLX: 0.293
       a =-23.000      CL = -0.9847
      Cm = -0.0611     CD =  0.11396   =>   CDf =  0.00402    CDp =  0.10994

 Side 1 forced transition at x/c =  1.0000   60
 Side 2  free  transition at x/c =  0.0190   35

   2   rms: 0.7893E-01   max: 0.5085E+00   D at   60  2
       a =-23.000      CL = -0.9739
      Cm = -0.0556     CD =  0.12775   =>   CDf =  0.00394    CDp =  0.12381

 Side 1 forced transition at x/c =  1.0000   60
 Side 2  free  transition at x/c =  0.0183   35

   3   rms: 0.1894E-01   max: 0.2488E+00   D at   59  2
       a =-23.000      CL = -0.9655
      Cm = -0.0558     CD =  0.12564   =>   CDf =  0.00374    CDp =  0.12190

 Side 1 forced transition at x/c =  1.0000   60
 Side 2  free  transition at x/c =  0.0182   35

   4   rms: 0.5839E-02   max: -.5667E-01   D at   59  2
       a =-23.000      CL = -0.9688
      Cm = -0.0563     CD =  0.12406   =>   CDf =  0.00371    CDp =  0.12034

 Side 1 forced transition at x/c =  1.0000   60
 Side 2  free  transition at x/c =  0.0182   35

   5   rms: 0.5753E-03   max: -.2711E-02   D at  121  2
       a =-23.000      CL = -0.9692
      Cm = -0.0563     CD =  0.12413   =>   CDf =  0.00373    CDp =  0.12040

 Side 1 forced transition at x/c =  1.0000   60
 Side 2  free  transition at x/c =  0.0182   35

   6   rms: 0.4140E-04   max: -.3265E-03   D at  119  2
       a =-23.000      CL = -0.9692
      Cm = -0.0563     CD =  0.12415   =>   CDf =  0.00373    CDp =  0.12042
 plradd ia,ip,cpol           23           0 -1.71368287E-04

 Point added to stored polar  1
 Point written to save file  polar.txt                                       
 Dump file unspecified or not available
 Calculating wake trajectory ...
 Calculating source influence matrix ...

 Solving BL system ...

 Side 1 forced transition at x/c =  1.0000   60
 Side 2  free  transition at x/c =  0.0182   35

   1   rms: 0.1197E+00   max: 0.7604E+00   D at   57  2   RLX: 0.267
       a =-24.000      CL = -0.9612
      Cm = -0.0537     CD =  0.13048   =>   CDf =  0.00374    CDp =  0.12674

 Side 1 forced transition at x/c =  1.0000   60
 Side 2  free  transition at x/c =  0.0182   35
 idif Ue xi dudx           1  9.45203900E-02  1.07781291E-02   8.7696476    
 Uenew xinew           2  1.55459698E-02  1.77270174E-03

   2   rms: 0.7435E-01   max: 0.4605E+00   D at   57  2
       a =-24.000      CL = -0.9540
      Cm = -0.0481     CD =  0.14388   =>   CDf =  0.00339    CDp =  0.14049

 Side 1 forced transition at x/c =  1.0000   59
 Side 2  free  transition at x/c =  0.0174   36

   3   rms: 0.3295E-01   max: -.3281E+00   D at   36  2
       a =-24.000      CL = -0.9418
      Cm = -0.0474     CD =  0.14247   =>   CDf =  0.00352    CDp =  0.13895

 Side 1 forced transition at x/c =  1.0000   59
 Side 2  free  transition at x/c =  0.0179   36

   4   rms: 0.4502E-02   max: -.3579E-01   D at   58  2
       a =-24.000      CL = -0.9439
      Cm = -0.0479     CD =  0.14082   =>   CDf =  0.00345    CDp =  0.13736

 Side 1 forced transition at x/c =  1.0000   59
 Side 2  free  transition at x/c =  0.0179   36

   5   rms: 0.5084E-03   max: -.2243E-02   D at  123  2
       a =-24.000      CL = -0.9442
      Cm = -0.0478     CD =  0.14090   =>   CDf =  0.00346    CDp =  0.13744

 Side 1 forced transition at x/c =  1.0000   59
 Side 2  free  transition at x/c =  0.0179   36

   6   rms: 0.3436E-04   max: -.3207E-03   D at  121  2
       a =-24.000      CL = -0.9442
      Cm = -0.0478     CD =  0.14093   =>   CDf =  0.00346    CDp =  0.13747
 plradd ia,ip,cpol           24           0 -1.71368287E-04

 Point added to stored polar  1
 Point written to save file  polar.txt                                       
 Dump file unspecified or not available
 Calculating wake trajectory ...
 Calculating source influence matrix ...

 Solving BL system ...

 Side 1 forced transition at x/c =  1.0000   59
 Side 2  free  transition at x/c =  0.0179   36

   1   rms: 0.9305E-01   max: 0.5795E+00   D at   56  2   RLX: 0.251
       a =-25.000      CL = -0.9413
      Cm = -0.0456     CD =  0.14601   =>   CDf =  0.00348    CDp =  0.14253

 Side 1 forced transition at x/c =  1.0000   59
 Side 2  free  transition at x/c =  0.0178   36

   2   rms: 0.8675E-01   max: 0.6083E+00   D at   56  2
       a =-25.000      CL = -0.9243
      Cm = -0.0373     CD =  0.16445   =>   CDf =  0.00342    CDp =  0.16102

 Side 1 forced transition at x/c =  1.0000   59
 Side 2  free  transition at x/c =  0.0177   36

   3   rms: 0.1636E-01   max: 0.2483E+00   D at   55  2
       a =-25.000      CL = -0.9232
      Cm = -0.0383     CD =  0.15920   =>   CDf =  0.00323    CDp =  0.15597

 Side 1 forced transition at x/c =  1.0000   59
 Side 2  free  transition at x/c =  0.0176   36

   4   rms: 0.4128E-02   max: -.3252E-01   D at   55  2
       a =-25.000      CL = -0.9251
      Cm = -0.0387     CD =  0.15709   =>   CDf =  0.00323    CDp =  0.15386

 Side 1 forced transition at x/c =  1.0000   59
 Side 2  free  transition at x/c =  0.0176   36

   5   rms: 0.4346E-03   max: -.1425E-02   D at  123  2
       a =-25.000      CL = -0.9254
      Cm = -0.0387     CD =  0.15707   =>   CDf =  0.00324    CDp =  0.15383

 Side 1 forced transition at x/c =  1.0000   59
 Side 2  free  transition at x/c =  0.0176   36

   6   rms: 0.5277E-04   max: -.4162E-03   D at  123  2
       a =-25.000      CL = -0.9254
      Cm = -0.0387     CD =  0.15711   =>   CDf =  0.00324    CDp =  0.15388
 plradd ia,ip,cpol           25           0 -1.71368287E-04

 Point added to stored polar  1
 Point written to save file  polar.txt                                       
 Dump file unspecified or not available

.OPERva   c>  
 Polar accumulation disabled

.OPERv   c>  
 XFOIL   c>  