
 ===================================================
  XFOIL Version 6.99
  Copyright (C) 2000   Mark Drela, Harold Youngren

  This software comes with ABSOLUTELY NO WARRANTY,
    subject to the GNU General Public License.

  Caveat computor
 ===================================================

 File  xfoil.def  not found

   QUIT    Exit program

  .OPER    Direct operating point(s)
  .MDES    Complex mapping design routine
  .QDES    Surface speed design routine
  .GDES    Geometry design routine

   SAVE f  Write airfoil to labeled coordinate file
   PSAV f  Write airfoil to plain coordinate file
   ISAV f  Write airfoil to ISES coordinate file
   MSAV f  Write airfoil to MSES coordinate file
   REVE    Reverse written-airfoil node ordering

   LOAD f  Read buffer airfoil from coordinate file
   NACA i  Set NACA 4,5-digit airfoil and buffer airfoil
   INTE    Set buffer airfoil by interpolating two airfoils
   NORM    Buffer airfoil normalization toggle
   XYCM rr Change CM reference location, currently  0.25000 0.00000

   BEND    Display structural properties of current airfoil

   PCOP    Set current-airfoil panel nodes directly from buffer airfoil points
   PANE    Set current-airfoil panel nodes ( 160 ) based on curvature
  .PPAR    Show/change paneling

  .PLOP    Plotting options

   WDEF f  Write  current-settings file
   RDEF f  Reread current-settings file
   NAME s  Specify new airfoil name
   NINC    Increment name version number

   Z       Zoom    | (available in all menus)
   U       Unzoom  | 

 XFOIL   c>  
 Labeled airfoil file.  Name:  NACA 64A223 STANDARD - PDAS/NASA TM-X-3069 6A ge

 Number of input coordinate points: 801
 Counterclockwise ordering
 Max thickness =     0.230026  at x =   0.378
 Max camber    =     0.011962  at x =   0.571

  LE  x,y  =  -0.00023   0.00291  |   Chord =   1.00024
  TE  x,y  =   1.00000   0.00000  |
 Maximum number of panel nodes  :          495
 Number of buffer airfoil points:          801
 Current airfoil cannot be set.
 Try executing PANE at Top Level instead.

 XFOIL   c>  
 Sharp trailing edge

 Paneling parameters used...
   Number of panel nodes       160
   Panel bunching parameter    1.000
   TE/LE panel density ratio   0.150
   Refined-area/LE panel density ratio    0.200
   Top    side refined area x/c limits  1.000 1.000
   Bottom side refined area x/c limits  1.000 1.000

 XFOIL   c>  
.OPERi   c>  
 M  =    0.0000
 Re =   1400000

.OPERv   c>  
 Sonic Cp =    -66.86      Sonic Q/Qinf =     9.138


.OPERv   c>  
.OPERv   c>  
 Polar  1 newly created for accumulation
 Airfoil archived with polar: NACA 64A223 STANDARD - PDAS/NASA TM-X-3069 6A ge

Enter  polar save filename  OR  <return> for no file   s>  
 New polar save file available

Enter  polar dump filename  OR  <return> for no file   s>  
 Polar dump file will NOT be written

 Polar accumulation enabled

.OPERva   c>   Calculating unit vorticity distributions ...
 Calculating wake trajectory ...
 Calculating source influence matrix ...

 Solving BL system ...

 Initializing BL ...
    side            1  ...
 MRCHUE: Inverse mode at  48     Hk =   4.864
 MRCHUE: Inverse mode at  49     Hk =   6.557
 MRCHUE: Inverse mode at  50     Hk =   8.231
 MRCHUE: Inverse mode at  51     Hk =   7.527
 MRCHUE: Inverse mode at  52     Hk =   2.500
 MRCHUE: Convergence failed at  81  side 1    Res =  0.2398E+02
    side            2  ...
 MRCHUE: Inverse mode at  48     Hk =   4.772
 MRCHUE: Inverse mode at  49     Hk =   6.391
 MRCHUE: Inverse mode at  50     Hk =   7.998
 MRCHUE: Inverse mode at  51     Hk =   9.599
 MRCHUE: Inverse mode at  52     Hk =   2.500
 MRCHUE: Convergence failed at  81  side 2    Res =  0.1493E+02

 MRCHDU: Convergence failed at  81  side 1    Res =  0.1219E+03
 MRCHDU: Convergence failed at  81  side 2    Res =  0.3465E+01
 Side 1  free  transition at x/c =  0.5124   51
 Side 2  free  transition at x/c =  0.5087   51

   1   rms: 0.6635E+00   max: 0.3012E+01   D at   83  2   RLX: 0.498
       a =  0.000      CL =  0.1821
      Cm = -0.0391     CD =  0.00139   =>   CDf =  0.00572    CDp = -0.00433

 MRCHDU: Convergence failed at  81  side 1    Res =  0.3335E+00
 Side 1  free  transition at x/c =  0.5237   52
 Side 2  free  transition at x/c =  0.5198   52

   2   rms: 0.4559E+00   max: 0.2084E+01   D at   84  2   RLX: 0.720
       a =  0.000      CL =  0.2497
      Cm = -0.0546     CD =  0.00324   =>   CDf =  0.00548    CDp = -0.00224

 MRCHDU: Convergence failed at  82  side 1    Res =  0.1526E+01
 Side 1  free  transition at x/c =  0.5396   54
 Side 2  free  transition at x/c =  0.5335   52

   3   rms: 0.1778E+00   max: 0.1092E+01   D at   82  1
       a =  0.000      CL =  0.3036
      Cm = -0.0667     CD =  0.00577   =>   CDf =  0.00534    CDp =  0.00043

 MRCHDU: Convergence failed at  82  side 1    Res =  0.2848E+01
 Side 1  free  transition at x/c =  0.5521   54
 Side 2  free  transition at x/c =  0.5461   52

   4   rms: 0.9354E-01   max: 0.1075E+01   D at   82  1
       a =  0.000      CL =  0.3186
      Cm = -0.0701     CD =  0.00648   =>   CDf =  0.00521    CDp =  0.00127

 MRCHDU: Convergence failed at  82  side 1    Res =  0.5806E+01
 Side 1  free  transition at x/c =  0.5507   54
 Side 2  free  transition at x/c =  0.5443   52

   5   rms: 0.8632E-01   max: 0.1113E+01   D at   82  1
       a =  0.000      CL =  0.3272
      Cm = -0.0720     CD =  0.00650   =>   CDf =  0.00520    CDp =  0.00130

 MRCHDU: Convergence failed at  82  side 1    Res =  0.4116E+01
 Side 1  free  transition at x/c =  0.5505   54
 Side 2  free  transition at x/c =  0.5443   52

   6   rms: 0.8958E-01   max: 0.1132E+01   D at   82  1
       a =  0.000      CL =  0.3356
      Cm = -0.0739     CD =  0.00643   =>   CDf =  0.00520    CDp =  0.00123

 MRCHDU: Convergence failed at  82  side 1    Res =  0.3423E+01
 Side 1  free  transition at x/c =  0.5504   54
 Side 2  free  transition at x/c =  0.5444   52

   7   rms: 0.9146E-01   max: 0.1153E+01   D at   82  1
       a =  0.000      CL =  0.3445
      Cm = -0.0759     CD =  0.00637   =>   CDf =  0.00520    CDp =  0.00117

 MRCHDU: Convergence failed at  82  side 1    Res =  0.2880E+01
 Side 1  free  transition at x/c =  0.5503   54
 Side 2  free  transition at x/c =  0.5445   52

   8   rms: 0.9362E-01   max: 0.1175E+01   D at   82  1
       a =  0.000      CL =  0.3539
      Cm = -0.0780     CD =  0.00630   =>   CDf =  0.00521    CDp =  0.00110

 MRCHDU: Convergence failed at  82  side 1    Res =  0.2552E+01
 Side 1  free  transition at x/c =  0.5503   54
 Side 2  free  transition at x/c =  0.5445   52

   9   rms: 0.9580E-01   max: 0.1199E+01   D at   82  1
       a =  0.000      CL =  0.3639
      Cm = -0.0803     CD =  0.00623   =>   CDf =  0.00521    CDp =  0.00102

 MRCHDU: Convergence failed at  82  side 1    Res =  0.2304E+01
 Side 1  free  transition at x/c =  0.5502   54
 Side 2  free  transition at x/c =  0.5446   52

  10   rms: 0.9809E-01   max: 0.1224E+01   D at   82  1
       a =  0.000      CL =  0.3747
      Cm = -0.0827     CD =  0.00615   =>   CDf =  0.00521    CDp =  0.00094

 MRCHDU: Convergence failed at  82  side 1    Res =  0.2113E+01
 Side 1  free  transition at x/c =  0.5502   54
 Side 2  free  transition at x/c =  0.5446   52

  11   rms: 0.1004E+00   max: 0.1250E+01   D at   82  1
       a =  0.000      CL =  0.3865
      Cm = -0.0853     CD =  0.00606   =>   CDf =  0.00521    CDp =  0.00085

 MRCHDU: Convergence failed at  82  side 1    Res =  0.1961E+01
 Side 1  free  transition at x/c =  0.5501   54
 Side 2  free  transition at x/c =  0.5447   52

  12   rms: 0.1029E+00   max: 0.1279E+01   D at   82  1
       a =  0.000      CL =  0.3995
      Cm = -0.0883     CD =  0.00597   =>   CDf =  0.00522    CDp =  0.00075

 MRCHDU: Convergence failed at  82  side 1    Res =  0.1835E+01
 Side 1  free  transition at x/c =  0.5500   54
 Side 2  free  transition at x/c =  0.5448   52

  13   rms: 0.1056E+00   max: 0.1311E+01   D at   82  1
       a =  0.000      CL =  0.4140
      Cm = -0.0915     CD =  0.00586   =>   CDf =  0.00523    CDp =  0.00064

 MRCHDU: Convergence failed at  83  side 1    Res =  0.1736E+01
 Side 1  free  transition at x/c =  0.5499   55
 Side 2  free  transition at x/c =  0.5449   51

  14   rms: 0.1086E+00   max: 0.1347E+01   D at   83  1
       a =  0.000      CL =  0.4307
      Cm = -0.0953     CD =  0.00575   =>   CDf =  0.00522    CDp =  0.00052

 MRCHDU: Convergence failed at  83  side 1    Res =  0.1655E+01
 Side 1  free  transition at x/c =  0.5498   55
 Side 2  free  transition at x/c =  0.5450   51

  15   rms: 0.1119E+00   max: 0.1387E+01   D at   83  1
       a =  0.000      CL =  0.4501
      Cm = -0.0997     CD =  0.00562   =>   CDf =  0.00523    CDp =  0.00039

 MRCHDU: Convergence failed at  83  side 1    Res =  0.1560E+01
 Side 1  free  transition at x/c =  0.5497   55
 Side 2  free  transition at x/c =  0.5451   51

  16   rms: 0.1157E+00   max: 0.1433E+01   D at   83  1
       a =  0.000      CL =  0.4733
      Cm = -0.1050     CD =  0.00547   =>   CDf =  0.00523    CDp =  0.00023

 MRCHDU: Convergence failed at  83  side 1    Res =  0.1498E+01
 Side 1  free  transition at x/c =  0.5495   55
 Side 2  free  transition at x/c =  0.5452   51

  17   rms: 0.1201E+00   max: 0.1488E+01   D at   83  1
       a =  0.000      CL =  0.5017
      Cm = -0.1114     CD =  0.00529   =>   CDf =  0.00524    CDp =  0.00005

 MRCHDU: Convergence failed at  83  side 1    Res =  0.1768E+01
 Side 1  free  transition at x/c =  0.5493   55
 Side 2  free  transition at x/c =  0.5454   51

  18   rms: 0.1255E+00   max: 0.1552E+01   D at   83  1   RLX: 0.966
       a =  0.000      CL =  0.5363
      Cm = -0.1193     CD =  0.00504   =>   CDf =  0.00525    CDp = -0.00021

 MRCHDU: Convergence failed at  83  side 1    Res =  0.2094E+01
 Side 1  free  transition at x/c =  0.5491   55
 Side 2  free  transition at x/c =  0.5455   51

  19   rms: 0.1322E+00   max: 0.1628E+01   D at   83  1   RLX: 0.921
       a =  0.000      CL =  0.5791
      Cm = -0.1291     CD =  0.00474   =>   CDf =  0.00529    CDp = -0.00054

 MRCHDU: Convergence failed at  84  side 1    Res =  0.2606E+01
 Side 1  free  transition at x/c =  0.5487   56
 Side 2  free  transition at x/c =  0.5457   50

  20   rms: 0.1696E+00   max: 0.4956E+00   D at   80  2   RLX: 0.668
       a =  0.000      CL =  0.6247
      Cm = -0.1397     CD =  0.00420   =>   CDf =  0.00528    CDp = -0.00108

 MRCHDU: Convergence failed at  84  side 1    Res =  0.1674E+01
 Side 1  free  transition at x/c =  0.5484   56
 Side 2  free  transition at x/c =  0.5459   50

  21   rms: 0.1522E+00   max: -.5151E+00   U at   84  1   RLX: 0.728
       a =  0.000      CL =  0.6848
      Cm = -0.1534     CD =  0.00403   =>   CDf =  0.00530    CDp = -0.00127

 MRCHDU: Convergence failed at  84  side 1    Res =  0.3928E+01
 Side 1  free  transition at x/c =  0.5479   56
 Side 2  free  transition at x/c =  0.5462   50

  22   rms: 0.1692E+00   max: -.6017E+00   U at   84  1   RLX: 0.623
       a =  0.000      CL =  0.7544
      Cm = -0.1696     CD =  0.00364   =>   CDf =  0.00537    CDp = -0.00173

 MRCHDU: Convergence failed at  85  side 1    Res =  0.4152E+01
 Side 1  free  transition at x/c =  0.5473   57
 Side 2  free  transition at x/c =  0.5465   49

  23   rms: 0.3180E+00   max: 0.4353E+01   D at    2  1   RLX: 0.228
       a =  0.000      CL =  0.7877
      Cm = -0.1782     CD =  0.00311   =>   CDf =  0.00536    CDp = -0.00225

 Side 1  free  transition at x/c =  0.5470   57
 Side 2  free  transition at x/c =  0.5466   49
 idif Ue xi dudx           1  0.13736016      3.75556946E-03   36.575054    
 Uenew xinew           2  4.20007110E-02  1.14834309E-03

  24   rms: 0.1806E+00   max: -.5156E+00   U at   85  1   RLX: 0.727
       a =  0.000      CL =  0.6705
      Cm = -0.1502     CD =  0.00402   =>   CDf =  0.00529    CDp = -0.00127

 MRCHDU: Convergence failed at  84  side 1    Res =  0.1608E+01
 Side 1  free  transition at x/c =  0.5480   56
 Side 2  free  transition at x/c =  0.5462   50

  25   rms: 0.1632E+00   max: -.5778E+00   U at   84  1   RLX: 0.649
       a =  0.000      CL =  0.7342
      Cm = -0.1649     CD =  0.00374   =>   CDf =  0.00532    CDp = -0.00158

 MRCHDU: Convergence failed at  84  side 1    Res =  0.4212E+01
 Side 1  free  transition at x/c =  0.5475   56
 Side 2  free  transition at x/c =  0.5464   50

  26   rms: 0.1842E+00   max: -.6748E+00   U at   84  1   RLX: 0.556
       a =  0.000      CL =  0.8082
      Cm = -0.1822     CD =  0.00339   =>   CDf =  0.00541    CDp = -0.00202

 MRCHDU: Convergence failed at  85  side 1    Res =  0.4591E+02
 Side 1  free  transition at x/c =  0.5469   57
 Side 2  free  transition at x/c =  0.5466   49

  27   rms: 0.2122E+00   max: -.7884E+00   U at   85  1   RLX: 0.476
       a =  0.000      CL =  0.8905
      Cm = -0.2016     CD =  0.00310   =>   CDf =  0.00546    CDp = -0.00237

 MRCHDU: Convergence failed at  86  side 1    Res =  0.3162E+01
 Side 1  free  transition at x/c =  0.5462   58
 Side 2  free  transition at x/c =  0.5466   48

  28   rms: 0.3802E+00   max: -.5036E+01   T at    2  1   RLX: 0.099
       a =  0.000      CL =  0.9140
      Cm = -0.2085     CD =  0.00275   =>   CDf =  0.00544    CDp = -0.00269

 Side 1  free  transition at x/c =  0.5460   58
 Side 2  free  transition at x/c =  0.5467   48

  29   rms: 0.1729E+00   max: -.8118E+00   U at   86  1   RLX: 0.462
       a =  0.000      CL =  0.9323
      Cm = -0.2115     CD =  0.00304   =>   CDf =  0.00544    CDp = -0.00240

 MRCHDU: Convergence failed at  86  side 1    Res =  0.8600E+00
 Side 1  free  transition at x/c =  0.5458   58
 Side 2  free  transition at x/c =  0.5468   48

  30   rms: 0.2482E+00   max: -.9870E+00   U at   86  1   RLX: 0.380
       a =  0.000      CL =  1.0155
      Cm = -0.2316     CD =  0.00275   =>   CDf =  0.00546    CDp = -0.00271

 MRCHDU: Convergence failed at  86  side 1    Res =  0.1624E+00
 Side 1  free  transition at x/c =  0.5452   58
 Side 2  free  transition at x/c =  0.5471   49

  31   rms: 0.2805E+00   max: -.1120E+01   U at   86  1   RLX: 0.335
       a =  0.000      CL =  1.1024
      Cm = -0.2525     CD =  0.00259   =>   CDf =  0.00565    CDp = -0.00307

 Side 1  free  transition at x/c =  0.5443   59
 Side 2  free  transition at x/c =  0.5480   48
 idif Ue xi dudx           1  8.83596018E-02  2.91991234E-03   30.261045    
 Uenew xinew           2  4.44070669E-03  1.46746635E-04

  32   rms: 0.7184E+00   max: -.9566E+01   T at    2  1   RLX: 0.052
       a =  0.000      CL =  1.0715
      Cm = -0.2451     CD =  0.00279   =>   CDf =  0.00540    CDp = -0.00261

 Side 1  free  transition at x/c =  0.5446   58
 Side 2  free  transition at x/c =  0.5478   49

  33   rms: 0.8865E+00   max: -.1318E+02   T at    2  2   RLX: 0.038
       a =  0.000      CL =  1.0501
      Cm = -0.2399     CD =  0.00284   =>   CDf =  0.00551    CDp = -0.00268

 Side 1  free  transition at x/c =  0.5448   58
 Side 2  free  transition at x/c =  0.5477   49
 idif Ue xi dudx           1  0.16256042      4.09698486E-03   39.678062    
 Uenew xinew           2  5.61592132E-02  1.41537189E-03

  34   rms: 0.4220E+00   max: -.1164E+01   D at   69  2   RLX: 0.430
       a =  0.000      CL =  0.8108
      Cm = -0.1832     CD =  0.00341   =>   CDf =  0.00538    CDp = -0.00197

 MRCHDU: Convergence failed at  85  side 1    Res =  0.5524E+00
 Side 1  free  transition at x/c =  0.5469   57
 Side 2  free  transition at x/c =  0.5465   49

  35   rms: 0.2050E+00   max: -.7849E+00   U at   85  1   RLX: 0.478
       a =  0.000      CL =  0.8880
      Cm = -0.2010     CD =  0.00312   =>   CDf =  0.00539    CDp = -0.00227

 MRCHDU: Convergence failed at  85  side 1    Res =  0.3186E+01
 Side 1  free  transition at x/c =  0.5462   57
 Side 2  free  transition at x/c =  0.5468   49

  36   rms: 0.2313E+00   max: -.9105E+00   U at   85  1   RLX: 0.412
       a =  0.000      CL =  0.9689
      Cm = -0.2203     CD =  0.00288   =>   CDf =  0.00553    CDp = -0.00265

 MRCHDU: Convergence failed at  86  side 1    Res =  0.2290E+00
 Side 1  free  transition at x/c =  0.5456   58
 Side 2  free  transition at x/c =  0.5469   49

  37   rms: 0.2695E+00   max: -.1041E+01   U at   86  1   RLX: 0.360
       a =  0.000      CL =  1.0581
      Cm = -0.2417     CD =  0.00268   =>   CDf =  0.00549    CDp = -0.00281

 Side 1  free  transition at x/c =  0.5449   58
 Side 2  free  transition at x/c =  0.5478   49
 idif Ue xi dudx           1  0.15348105      3.78775597E-03   40.520313    
 Uenew xinew           2  4.48212624E-02  1.10614300E-03

  38   rms: 0.4567E+00   max: -.1342E+01   D at   69  2   RLX: 0.373
       a =  0.000      CL =  0.8315
      Cm = -0.1881     CD =  0.00336   =>   CDf =  0.00538    CDp = -0.00202

 Side 1  free  transition at x/c =  0.5467   57
 Side 2  free  transition at x/c =  0.5467   49
 idif Ue xi dudx           1  0.17984970      4.59408760E-03   39.148079    
 Uenew xinew           2  7.77818039E-02  1.98686123E-03

  39   rms: 0.3793E+00   max: -.1143E+01   D at   72  2   RLX: 0.437
       a =  0.000      CL =  0.6142
      Cm = -0.1377     CD =  0.00416   =>   CDf =  0.00531    CDp = -0.00115

 MRCHDU: Convergence failed at  84  side 1    Res =  0.1252E+01
 Side 1  free  transition at x/c =  0.5486   56
 Side 2  free  transition at x/c =  0.5461   50

  40   rms: 0.1436E+00   max: -.4808E+00   U at   84  1   RLX: 0.780
       a =  0.000      CL =  0.6590
      Cm = -0.1474     CD =  0.00420   =>   CDf =  0.00529    CDp = -0.00109

 MRCHDU: Convergence failed at  84  side 1    Res =  0.3586E+01
 Side 1  free  transition at x/c =  0.5481   56
 Side 2  free  transition at x/c =  0.5461   50

  41   rms: 0.1578E+00   max: -.5591E+00   U at   84  1   RLX: 0.671
       a =  0.000      CL =  0.7187
      Cm = -0.1613     CD =  0.00382   =>   CDf =  0.00531    CDp = -0.00149

 MRCHDU: Convergence failed at  84  side 1    Res =  0.4202E+01
 Side 1  free  transition at x/c =  0.5476   56
 Side 2  free  transition at x/c =  0.5463   50

  42   rms: 0.1803E+00   max: -.6503E+00   U at   84  1   RLX: 0.577
       a =  0.000      CL =  0.7928
      Cm = -0.1786     CD =  0.00346   =>   CDf =  0.00540    CDp = -0.00193

 MRCHDU: Convergence failed at  85  side 1    Res =  0.1362E+01
 Side 1  free  transition at x/c =  0.5470   57
 Side 2  free  transition at x/c =  0.5466   49

  43   rms: 0.2060E+00   max: -.7635E+00   U at   85  1   RLX: 0.491
       a =  0.000      CL =  0.8729
      Cm = -0.1975     CD =  0.00316   =>   CDf =  0.00538    CDp = -0.00222

 MRCHDU: Convergence failed at  85  side 1    Res =  0.6970E+00
 Side 1  free  transition at x/c =  0.5463   57
 Side 2  free  transition at x/c =  0.5468   49

  44   rms: 0.2309E+00   max: -.8895E+00   U at   85  1   RLX: 0.422
       a =  0.000      CL =  0.9564
      Cm = -0.2173     CD =  0.00291   =>   CDf =  0.00552    CDp = -0.00261

 MRCHDU: Convergence failed at  86  side 1    Res =  0.5876E+00
 Side 1  free  transition at x/c =  0.5456   58
 Side 2  free  transition at x/c =  0.5469   49

  45   rms: 0.2609E+00   max: -.1023E+01   U at   86  1   RLX: 0.367
       a =  0.000      CL =  1.0423
      Cm = -0.2380     CD =  0.00270   =>   CDf =  0.00548    CDp = -0.00278

 Side 1  free  transition at x/c =  0.5450   58
 Side 2  free  transition at x/c =  0.5477   49
 idif Ue xi dudx           1  0.16715330      4.16588783E-03   40.124290    
 Uenew xinew           2  5.95554747E-02  1.48427486E-03

  46   rms: 0.4457E+00   max: -.1275E+01   D at   69  2   RLX: 0.392
       a =  0.000      CL =  0.8091
      Cm = -0.1829     CD =  0.00341   =>   CDf =  0.00538    CDp = -0.00197

 MRCHDU: Convergence failed at  85  side 1    Res =  0.3128E+00
 Side 1  free  transition at x/c =  0.5471   57
 Side 2  free  transition at x/c =  0.5465   49

  47   rms: 0.2065E+00   max: -.7830E+00   U at   85  1   RLX: 0.479
       a =  0.000      CL =  0.8876
      Cm = -0.2009     CD =  0.00312   =>   CDf =  0.00539    CDp = -0.00227

 MRCHDU: Convergence failed at  85  side 1    Res =  0.3322E+01
 Side 1  free  transition at x/c =  0.5463   57
 Side 2  free  transition at x/c =  0.5468   49

  48   rms: 0.2300E+00   max: -.9104E+00   U at   85  1   RLX: 0.412
       a =  0.000      CL =  0.9674
      Cm = -0.2200     CD =  0.00287   =>   CDf =  0.00553    CDp = -0.00265

 MRCHDU: Convergence failed at  86  side 1    Res =  0.3749E+00
 Side 1  free  transition at x/c =  0.5456   58
 Side 2  free  transition at x/c =  0.5469   49

  49   rms: 0.2700E+00   max: -.1040E+01   U at   86  1   RLX: 0.361
       a =  0.000      CL =  1.0570
      Cm = -0.2415     CD =  0.00268   =>   CDf =  0.00549    CDp = -0.00281

 Side 1  free  transition at x/c =  0.5449   58
 Side 2  free  transition at x/c =  0.5478   49
 idif Ue xi dudx           1  0.15428741      3.80337238E-03   40.565948    
 Uenew xinew           2  4.55052331E-02  1.12175941E-03

  50   rms: 0.4571E+00   max: -.1344E+01   D at   69  2   RLX: 0.372
       a =  0.000      CL =  0.8307
      Cm = -0.1879     CD =  0.00336   =>   CDf =  0.00538    CDp = -0.00202

 Side 1  free  transition at x/c =  0.5468   57
 Side 2  free  transition at x/c =  0.5467   49
 idif Ue xi dudx           1  0.18061033      4.61173058E-03   39.163242    
 Uenew xinew           2  7.85028860E-02  2.00450420E-03

  51   rms: 0.3772E+00   max: -.1130E+01   D at   72  2   RLX: 0.443
       a =  0.000      CL =  0.6130
      Cm = -0.1374     CD =  0.00412   =>   CDf =  0.00531    CDp = -0.00119

 Side 1  free  transition at x/c =  0.5486   56
 Side 2  free  transition at x/c =  0.5461   50
 idif Ue xi dudx           1  0.21160352      4.86862659E-03   43.462673    
 Uenew xinew           2  0.10117758      2.32791901E-03

  52   rms: 0.3148E+00   max: -.1035E+01   D at   75  2   RLX: 0.483
       a =  0.000      CL =  0.4143
      Cm = -0.0920     CD =  0.00511   =>   CDf =  0.00525    CDp = -0.00014

 Side 1  free  transition at x/c =  0.5500   55
 Side 2  free  transition at x/c =  0.5451   51
 idif Ue xi dudx           2  0.23406729      5.17761707E-03   45.207531    
 Uenew xinew           3  0.12208598      2.70056725E-03

  53   rms: 0.2376E+00   max: 0.9364E+00   D at   82  1   RLX: 0.609
       a =  0.000      CL =  0.2271
      Cm = -0.0498     CD =  0.00629   =>   CDf =  0.00519    CDp =  0.00109

 Side 1  free  transition at x/c =  0.5510   53
 Side 2  free  transition at x/c =  0.5439   53
 idif Ue xi dudx           1  0.11972623      2.55417824E-03   46.874660    
 Uenew xinew           2  7.74482265E-03  1.65224075E-04

  54   rms: 0.1272E+00   max: -.5595E+00   D at   80  2   RLX: 0.894
       a =  0.000      CL =  0.0865
      Cm = -0.0183     CD =  0.00706   =>   CDf =  0.00519    CDp =  0.00188

 Side 1  free  transition at x/c =  0.5517   52
 Side 2  free  transition at x/c =  0.5428   54

  55   rms: 0.5206E-01   max: -.5782E+00   D at    2  2   RLX: 0.865
       a =  0.000      CL =  0.0520
      Cm = -0.0106     CD =  0.00732   =>   CDf =  0.00517    CDp =  0.00215

 Side 1  free  transition at x/c =  0.5518   52
 Side 2  free  transition at x/c =  0.5425   54

  56   rms: 0.9686E-02   max: 0.6537E-01   D at   82  2
       a =  0.000      CL =  0.0646
      Cm = -0.0134     CD =  0.00741   =>   CDf =  0.00517    CDp =  0.00224

 Side 1  free  transition at x/c =  0.5518   52
 Side 2  free  transition at x/c =  0.5426   54

  57   rms: 0.1569E-02   max: 0.1178E-01   D at   82  2
       a =  0.000      CL =  0.0666
      Cm = -0.0139     CD =  0.00741   =>   CDf =  0.00517    CDp =  0.00224

 Side 1  free  transition at x/c =  0.5518   52
 Side 2  free  transition at x/c =  0.5426   54

  58   rms: 0.6757E-04   max: 0.4903E-03   D at   82  2
       a =  0.000      CL =  0.0667
      Cm = -0.0139     CD =  0.00741   =>   CDf =  0.00517    CDp =  0.00224
 plradd ia,ip,cpol            1           0  0.37224060    

 Point added to stored polar  1
 Point written to save file  polar.txt                                       
 Dump file unspecified or not available
 Calculating wake trajectory ...
 Calculating source influence matrix ...

 Solving BL system ...

 Side 1  free  transition at x/c =  0.5518   52
 Side 2  free  transition at x/c =  0.5426   54
 idif Ue xi dudx           1  0.19519395      3.42810154E-03   56.939373    
 Uenew xinew           2  5.72135411E-02  1.00481510E-03

   1   rms: 0.1309E+00   max: 0.1985E+00   T at   54  2
       a = -1.000      CL = -0.0398
      Cm = -0.0145     CD =  0.00738   =>   CDf =  0.00517    CDp =  0.00221

 Side 1  free  transition at x/c =  0.5637   52
 Side 2  free  transition at x/c =  0.5327   55

   2   rms: 0.1106E-01   max: -.8275E-01   D at    3  2
       a = -1.000      CL = -0.0291
      Cm = -0.0168     CD =  0.00732   =>   CDf =  0.00514    CDp =  0.00219

 Side 1  free  transition at x/c =  0.5648   52
 Side 2  free  transition at x/c =  0.5326   55

   3   rms: 0.9217E-03   max: 0.9446E-02   D at    5  2
       a = -1.000      CL = -0.0290
      Cm = -0.0168     CD =  0.00733   =>   CDf =  0.00513    CDp =  0.00220

 Side 1  free  transition at x/c =  0.5647   52
 Side 2  free  transition at x/c =  0.5326   55

   4   rms: 0.1697E-05   max: 0.9418E-05   D at   82  2
       a = -1.000      CL = -0.0290
      Cm = -0.0168     CD =  0.00733   =>   CDf =  0.00513    CDp =  0.00220
 plradd ia,ip,cpol            2           0  0.38938251    

 Point added to stored polar  1
 Point written to save file  polar.txt                                       
 Dump file unspecified or not available
 Calculating wake trajectory ...
 Calculating source influence matrix ...

 Solving BL system ...

 Side 1  free  transition at x/c =  0.5647   52
 Side 2  free  transition at x/c =  0.5326   55
 idif Ue xi dudx           1  0.19566846      4.50599194E-03   43.424057    
 Uenew xinew           2  8.78615975E-02  2.02333927E-03

   1   rms: 0.1311E+00   max: -.3229E+00   D at   55  2
       a = -2.000      CL = -0.1263
      Cm = -0.0194     CD =  0.00737   =>   CDf =  0.00512    CDp =  0.00225

 Side 1  free  transition at x/c =  0.5752   52
 Side 2  free  transition at x/c =  0.5206   55

   2   rms: 0.2786E-01   max: -.3095E+00   D at   55  2
       a = -2.000      CL = -0.1221
      Cm = -0.0204     CD =  0.00729   =>   CDf =  0.00513    CDp =  0.00216

 Side 1  free  transition at x/c =  0.5789   52
 Side 2  free  transition at x/c =  0.5230   55

   3   rms: 0.3488E-02   max: 0.3090E-01   C at   55  2
       a = -2.000      CL = -0.1245
      Cm = -0.0199     CD =  0.00731   =>   CDf =  0.00506    CDp =  0.00225

 Side 1  free  transition at x/c =  0.5781   52
 Side 2  free  transition at x/c =  0.5222   55

   4   rms: 0.6937E-04   max: -.6931E-03   D at   55  2
       a = -2.000      CL = -0.1245
      Cm = -0.0198     CD =  0.00731   =>   CDf =  0.00507    CDp =  0.00223
 plradd ia,ip,cpol            3           0  0.36553767    

 Point added to stored polar  1
 Point written to save file  polar.txt                                       
 Dump file unspecified or not available
 Calculating wake trajectory ...
 Calculating source influence matrix ...

 Solving BL system ...

 Side 1  free  transition at x/c =  0.5780   52
 Side 2  free  transition at x/c =  0.5222   55
 idif Ue xi dudx           2  0.23982778      5.94270229E-03   40.356689    
 Uenew xinew           3  0.13689394      3.39210033E-03

   1   rms: 0.1289E+00   max: -.3008E+00   D at   55  2
       a = -3.000      CL = -0.2145
      Cm = -0.0241     CD =  0.00716   =>   CDf =  0.00503    CDp =  0.00213

 Side 1  free  transition at x/c =  0.5912   50
 Side 2  free  transition at x/c =  0.5048   56

   2   rms: 0.1946E-01   max: -.1884E+00   D at   56  2
       a = -3.000      CL = -0.2143
      Cm = -0.0242     CD =  0.00736   =>   CDf =  0.00510    CDp =  0.00226

 Side 1  free  transition at x/c =  0.5916   50
 Side 2  free  transition at x/c =  0.5070   56

   3   rms: 0.4256E-02   max: -.8372E-01   C at   50  1
       a = -3.000      CL = -0.2145
      Cm = -0.0241     CD =  0.00736   =>   CDf =  0.00506    CDp =  0.00230

 Side 1  free  transition at x/c =  0.5915   50
 Side 2  free  transition at x/c =  0.5068   56

   4   rms: 0.4384E-02   max: -.8551E-01   C at   50  1
       a = -3.000      CL = -0.2146
      Cm = -0.0241     CD =  0.00736   =>   CDf =  0.00506    CDp =  0.00229

 Side 1  free  transition at x/c =  0.5915   50
 Side 2  free  transition at x/c =  0.5068   56

   5   rms: 0.4383E-02   max: -.8547E-01   C at   50  1
       a = -3.000      CL = -0.2146
      Cm = -0.0241     CD =  0.00736   =>   CDf =  0.00506    CDp =  0.00229

 Side 1  free  transition at x/c =  0.5915   50
 Side 2  free  transition at x/c =  0.5068   56

   6   rms: 0.4383E-02   max: -.8548E-01   C at   50  1
       a = -3.000      CL = -0.2146
      Cm = -0.0241     CD =  0.00736   =>   CDf =  0.00506    CDp =  0.00229

 Side 1  free  transition at x/c =  0.5915   50
 Side 2  free  transition at x/c =  0.5068   56

   7   rms: 0.4382E-02   max: -.8547E-01   C at   50  1
       a = -3.000      CL = -0.2146
      Cm = -0.0241     CD =  0.00736   =>   CDf =  0.00506    CDp =  0.00229

 Side 1  free  transition at x/c =  0.5915   50
 Side 2  free  transition at x/c =  0.5068   56

   8   rms: 0.4382E-02   max: -.8547E-01   C at   50  1
       a = -3.000      CL = -0.2146
      Cm = -0.0241     CD =  0.00736   =>   CDf =  0.00506    CDp =  0.00229

 Side 1  free  transition at x/c =  0.5915   50
 Side 2  free  transition at x/c =  0.5068   56

   9   rms: 0.4382E-02   max: -.8547E-01   C at   50  1
       a = -3.000      CL = -0.2146
      Cm = -0.0241     CD =  0.00736   =>   CDf =  0.00506    CDp =  0.00229

 Side 1  free  transition at x/c =  0.5915   50
 Side 2  free  transition at x/c =  0.5068   56

  10   rms: 0.4382E-02   max: -.8547E-01   C at   50  1
       a = -3.000      CL = -0.2146
      Cm = -0.0241     CD =  0.00736   =>   CDf =  0.00506    CDp =  0.00229

 Side 1  free  transition at x/c =  0.5915   50
 Side 2  free  transition at x/c =  0.5068   56

  11   rms: 0.4382E-02   max: -.8547E-01   C at   50  1
       a = -3.000      CL = -0.2146
      Cm = -0.0241     CD =  0.00736   =>   CDf =  0.00506    CDp =  0.00229

 Side 1  free  transition at x/c =  0.5915   50
 Side 2  free  transition at x/c =  0.5068   56

  12   rms: 0.4382E-02   max: -.8547E-01   C at   50  1
       a = -3.000      CL = -0.2146
      Cm = -0.0241     CD =  0.00736   =>   CDf =  0.00506    CDp =  0.00229

 Side 1  free  transition at x/c =  0.5915   50
 Side 2  free  transition at x/c =  0.5068   56

  13   rms: 0.4382E-02   max: -.8547E-01   C at   50  1
       a = -3.000      CL = -0.2146
      Cm = -0.0241     CD =  0.00736   =>   CDf =  0.00506    CDp =  0.00229

 Side 1  free  transition at x/c =  0.5915   50
 Side 2  free  transition at x/c =  0.5068   56

  14   rms: 0.4382E-02   max: -.8547E-01   C at   50  1
       a = -3.000      CL = -0.2146
      Cm = -0.0241     CD =  0.00736   =>   CDf =  0.00506    CDp =  0.00229

 Side 1  free  transition at x/c =  0.5915   50
 Side 2  free  transition at x/c =  0.5068   56

  15   rms: 0.4382E-02   max: -.8547E-01   C at   50  1
       a = -3.000      CL = -0.2146
      Cm = -0.0241     CD =  0.00736   =>   CDf =  0.00506    CDp =  0.00229

 Side 1  free  transition at x/c =  0.5915   50
 Side 2  free  transition at x/c =  0.5068   56

  16   rms: 0.4382E-02   max: -.8547E-01   C at   50  1
       a = -3.000      CL = -0.2146
      Cm = -0.0241     CD =  0.00736   =>   CDf =  0.00506    CDp =  0.00229

 Side 1  free  transition at x/c =  0.5915   50
 Side 2  free  transition at x/c =  0.5068   56

  17   rms: 0.4383E-02   max: -.8548E-01   C at   50  1
       a = -3.000      CL = -0.2146
      Cm = -0.0241     CD =  0.00736   =>   CDf =  0.00506    CDp =  0.00229

 Side 1  free  transition at x/c =  0.5915   50
 Side 2  free  transition at x/c =  0.5068   56

  18   rms: 0.4382E-02   max: -.8547E-01   C at   50  1
       a = -3.000      CL = -0.2146
      Cm = -0.0241     CD =  0.00736   =>   CDf =  0.00506    CDp =  0.00229

 Side 1  free  transition at x/c =  0.5915   50
 Side 2  free  transition at x/c =  0.5068   56

  19   rms: 0.4382E-02   max: -.8548E-01   C at   50  1
       a = -3.000      CL = -0.2146
      Cm = -0.0241     CD =  0.00736   =>   CDf =  0.00506    CDp =  0.00229

 Side 1  free  transition at x/c =  0.5915   50
 Side 2  free  transition at x/c =  0.5068   56

  20   rms: 0.4382E-02   max: -.8547E-01   C at   50  1
       a = -3.000      CL = -0.2146
      Cm = -0.0241     CD =  0.00736   =>   CDf =  0.00506    CDp =  0.00229

 Side 1  free  transition at x/c =  0.5915   50
 Side 2  free  transition at x/c =  0.5068   56

  21   rms: 0.4382E-02   max: -.8547E-01   C at   50  1
       a = -3.000      CL = -0.2146
      Cm = -0.0241     CD =  0.00736   =>   CDf =  0.00506    CDp =  0.00229

 Side 1  free  transition at x/c =  0.5915   50
 Side 2  free  transition at x/c =  0.5068   56

  22   rms: 0.4382E-02   max: -.8548E-01   C at   50  1
       a = -3.000      CL = -0.2146
      Cm = -0.0241     CD =  0.00736   =>   CDf =  0.00506    CDp =  0.00229

 Side 1  free  transition at x/c =  0.5915   50
 Side 2  free  transition at x/c =  0.5068   56

  23   rms: 0.4382E-02   max: -.8547E-01   C at   50  1
       a = -3.000      CL = -0.2146
      Cm = -0.0241     CD =  0.00736   =>   CDf =  0.00506    CDp =  0.00229

 Side 1  free  transition at x/c =  0.5915   50
 Side 2  free  transition at x/c =  0.5068   56

  24   rms: 0.4382E-02   max: -.8547E-01   C at   50  1
       a = -3.000      CL = -0.2146
      Cm = -0.0241     CD =  0.00736   =>   CDf =  0.00506    CDp =  0.00229

 Side 1  free  transition at x/c =  0.5915   50
 Side 2  free  transition at x/c =  0.5068   56

  25   rms: 0.4382E-02   max: -.8548E-01   C at   50  1
       a = -3.000      CL = -0.2146
      Cm = -0.0241     CD =  0.00736   =>   CDf =  0.00506    CDp =  0.00229

 Side 1  free  transition at x/c =  0.5915   50
 Side 2  free  transition at x/c =  0.5068   56

  26   rms: 0.4382E-02   max: -.8547E-01   C at   50  1
       a = -3.000      CL = -0.2146
      Cm = -0.0241     CD =  0.00736   =>   CDf =  0.00506    CDp =  0.00229

 Side 1  free  transition at x/c =  0.5915   50
 Side 2  free  transition at x/c =  0.5068   56

  27   rms: 0.4382E-02   max: -.8547E-01   C at   50  1
       a = -3.000      CL = -0.2146
      Cm = -0.0241     CD =  0.00736   =>   CDf =  0.00506    CDp =  0.00229

 Side 1  free  transition at x/c =  0.5915   50
 Side 2  free  transition at x/c =  0.5068   56

  28   rms: 0.4382E-02   max: -.8547E-01   C at   50  1
       a = -3.000      CL = -0.2146
      Cm = -0.0241     CD =  0.00736   =>   CDf =  0.00506    CDp =  0.00229

 Side 1  free  transition at x/c =  0.5915   50
 Side 2  free  transition at x/c =  0.5068   56

  29   rms: 0.4382E-02   max: -.8547E-01   C at   50  1
       a = -3.000      CL = -0.2146
      Cm = -0.0241     CD =  0.00736   =>   CDf =  0.00506    CDp =  0.00229

 Side 1  free  transition at x/c =  0.5915   50
 Side 2  free  transition at x/c =  0.5068   56

  30   rms: 0.4383E-02   max: -.8547E-01   C at   50  1
       a = -3.000      CL = -0.2146
      Cm = -0.0241     CD =  0.00736   =>   CDf =  0.00506    CDp =  0.00229

 Side 1  free  transition at x/c =  0.5915   50
 Side 2  free  transition at x/c =  0.5068   56

  31   rms: 0.4382E-02   max: -.8547E-01   C at   50  1
       a = -3.000      CL = -0.2146
      Cm = -0.0241     CD =  0.00736   =>   CDf =  0.00506    CDp =  0.00229

 Side 1  free  transition at x/c =  0.5915   50
 Side 2  free  transition at x/c =  0.5068   56

  32   rms: 0.4382E-02   max: -.8547E-01   C at   50  1
       a = -3.000      CL = -0.2146
      Cm = -0.0241     CD =  0.00736   =>   CDf =  0.00506    CDp =  0.00229

 Side 1  free  transition at x/c =  0.5915   50
 Side 2  free  transition at x/c =  0.5068   56

  33   rms: 0.4382E-02   max: -.8547E-01   C at   50  1
       a = -3.000      CL = -0.2146
      Cm = -0.0241     CD =  0.00736   =>   CDf =  0.00506    CDp =  0.00229

 Side 1  free  transition at x/c =  0.5915   50
 Side 2  free  transition at x/c =  0.5068   56

  34   rms: 0.4382E-02   max: -.8547E-01   C at   50  1
       a = -3.000      CL = -0.2146
      Cm = -0.0241     CD =  0.00736   =>   CDf =  0.00506    CDp =  0.00229

 Side 1  free  transition at x/c =  0.5915   50
 Side 2  free  transition at x/c =  0.5068   56

  35   rms: 0.4383E-02   max: -.8547E-01   C at   50  1
       a = -3.000      CL = -0.2146
      Cm = -0.0241     CD =  0.00736   =>   CDf =  0.00506    CDp =  0.00229

 Side 1  free  transition at x/c =  0.5915   50
 Side 2  free  transition at x/c =  0.5068   56

  36   rms: 0.4382E-02   max: -.8547E-01   C at   50  1
       a = -3.000      CL = -0.2146
      Cm = -0.0241     CD =  0.00736   =>   CDf =  0.00506    CDp =  0.00229

 Side 1  free  transition at x/c =  0.5915   50
 Side 2  free  transition at x/c =  0.5068   56

  37   rms: 0.4382E-02   max: -.8547E-01   C at   50  1
       a = -3.000      CL = -0.2146
      Cm = -0.0241     CD =  0.00736   =>   CDf =  0.00506    CDp =  0.00229

 Side 1  free  transition at x/c =  0.5915   50
 Side 2  free  transition at x/c =  0.5068   56

  38   rms: 0.4383E-02   max: -.8548E-01   C at   50  1
       a = -3.000      CL = -0.2146
      Cm = -0.0241     CD =  0.00736   =>   CDf =  0.00506    CDp =  0.00229

 Side 1  free  transition at x/c =  0.5915   50
 Side 2  free  transition at x/c =  0.5068   56

  39   rms: 0.4383E-02   max: -.8547E-01   C at   50  1
       a = -3.000      CL = -0.2146
      Cm = -0.0241     CD =  0.00736   =>   CDf =  0.00506    CDp =  0.00229

 Side 1  free  transition at x/c =  0.5915   50
 Side 2  free  transition at x/c =  0.5068   56

  40   rms: 0.4382E-02   max: -.8547E-01   C at   50  1
       a = -3.000      CL = -0.2146
      Cm = -0.0241     CD =  0.00736   =>   CDf =  0.00506    CDp =  0.00229

 Side 1  free  transition at x/c =  0.5915   50
 Side 2  free  transition at x/c =  0.5068   56

  41   rms: 0.4382E-02   max: -.8547E-01   C at   50  1
       a = -3.000      CL = -0.2146
      Cm = -0.0241     CD =  0.00736   =>   CDf =  0.00506    CDp =  0.00229

 Side 1  free  transition at x/c =  0.5915   50
 Side 2  free  transition at x/c =  0.5068   56

  42   rms: 0.4383E-02   max: -.8548E-01   C at   50  1
       a = -3.000      CL = -0.2146
      Cm = -0.0241     CD =  0.00736   =>   CDf =  0.00506    CDp =  0.00229

 Side 1  free  transition at x/c =  0.5915   50
 Side 2  free  transition at x/c =  0.5068   56

  43   rms: 0.4383E-02   max: -.8548E-01   C at   50  1
       a = -3.000      CL = -0.2146
      Cm = -0.0241     CD =  0.00736   =>   CDf =  0.00506    CDp =  0.00229

 Side 1  free  transition at x/c =  0.5915   50
 Side 2  free  transition at x/c =  0.5068   56

  44   rms: 0.4383E-02   max: -.8547E-01   C at   50  1
       a = -3.000      CL = -0.2146
      Cm = -0.0241     CD =  0.00736   =>   CDf =  0.00506    CDp =  0.00229

 Side 1  free  transition at x/c =  0.5915   50
 Side 2  free  transition at x/c =  0.5068   56

  45   rms: 0.4382E-02   max: -.8547E-01   C at   50  1
       a = -3.000      CL = -0.2146
      Cm = -0.0241     CD =  0.00736   =>   CDf =  0.00506    CDp =  0.00229

 Side 1  free  transition at x/c =  0.5915   50
 Side 2  free  transition at x/c =  0.5068   56

  46   rms: 0.4382E-02   max: -.8547E-01   C at   50  1
       a = -3.000      CL = -0.2146
      Cm = -0.0241     CD =  0.00736   =>   CDf =  0.00506    CDp =  0.00229

 Side 1  free  transition at x/c =  0.5915   50
 Side 2  free  transition at x/c =  0.5068   56

  47   rms: 0.4382E-02   max: -.8547E-01   C at   50  1
       a = -3.000      CL = -0.2146
      Cm = -0.0241     CD =  0.00736   =>   CDf =  0.00506    CDp =  0.00229

 Side 1  free  transition at x/c =  0.5915   50
 Side 2  free  transition at x/c =  0.5068   56

  48   rms: 0.4382E-02   max: -.8547E-01   C at   50  1
       a = -3.000      CL = -0.2146
      Cm = -0.0241     CD =  0.00736   =>   CDf =  0.00506    CDp =  0.00229

 Side 1  free  transition at x/c =  0.5915   50
 Side 2  free  transition at x/c =  0.5068   56

  49   rms: 0.4383E-02   max: -.8547E-01   C at   50  1
       a = -3.000      CL = -0.2146
      Cm = -0.0241     CD =  0.00736   =>   CDf =  0.00506    CDp =  0.00229

 Side 1  free  transition at x/c =  0.5915   50
 Side 2  free  transition at x/c =  0.5068   56

  50   rms: 0.4382E-02   max: -.8548E-01   C at   50  1
       a = -3.000      CL = -0.2146
      Cm = -0.0241     CD =  0.00736   =>   CDf =  0.00506    CDp =  0.00229

 Side 1  free  transition at x/c =  0.5915   50
 Side 2  free  transition at x/c =  0.5068   56

  51   rms: 0.4383E-02   max: -.8547E-01   C at   50  1
       a = -3.000      CL = -0.2146
      Cm = -0.0241     CD =  0.00736   =>   CDf =  0.00506    CDp =  0.00229

 Side 1  free  transition at x/c =  0.5915   50
 Side 2  free  transition at x/c =  0.5068   56

  52   rms: 0.4382E-02   max: -.8547E-01   C at   50  1
       a = -3.000      CL = -0.2146
      Cm = -0.0241     CD =  0.00736   =>   CDf =  0.00506    CDp =  0.00229

 Side 1  free  transition at x/c =  0.5915   50
 Side 2  free  transition at x/c =  0.5068   56

  53   rms: 0.4382E-02   max: -.8547E-01   C at   50  1
       a = -3.000      CL = -0.2146
      Cm = -0.0241     CD =  0.00736   =>   CDf =  0.00506    CDp =  0.00229

 Side 1  free  transition at x/c =  0.5915   50
 Side 2  free  transition at x/c =  0.5068   56

  54   rms: 0.4383E-02   max: -.8547E-01   C at   50  1
       a = -3.000      CL = -0.2146
      Cm = -0.0241     CD =  0.00736   =>   CDf =  0.00506    CDp =  0.00229

 Side 1  free  transition at x/c =  0.5915   50
 Side 2  free  transition at x/c =  0.5068   56

  55   rms: 0.4382E-02   max: -.8547E-01   C at   50  1
       a = -3.000      CL = -0.2146
      Cm = -0.0241     CD =  0.00736   =>   CDf =  0.00506    CDp =  0.00229

 Side 1  free  transition at x/c =  0.5915   50
 Side 2  free  transition at x/c =  0.5068   56

  56   rms: 0.4382E-02   max: -.8547E-01   C at   50  1
       a = -3.000      CL = -0.2146
      Cm = -0.0241     CD =  0.00736   =>   CDf =  0.00506    CDp =  0.00229

 Side 1  free  transition at x/c =  0.5915   50
 Side 2  free  transition at x/c =  0.5068   56

  57   rms: 0.4382E-02   max: -.8547E-01   C at   50  1
       a = -3.000      CL = -0.2146
      Cm = -0.0241     CD =  0.00736   =>   CDf =  0.00506    CDp =  0.00229

 Side 1  free  transition at x/c =  0.5915   50
 Side 2  free  transition at x/c =  0.5068   56

  58   rms: 0.4382E-02   max: -.8547E-01   C at   50  1
       a = -3.000      CL = -0.2146
      Cm = -0.0241     CD =  0.00736   =>   CDf =  0.00506    CDp =  0.00229

 Side 1  free  transition at x/c =  0.5915   50
 Side 2  free  transition at x/c =  0.5068   56

  59   rms: 0.4383E-02   max: -.8547E-01   C at   50  1
       a = -3.000      CL = -0.2146
      Cm = -0.0241     CD =  0.00736   =>   CDf =  0.00506    CDp =  0.00229

 Side 1  free  transition at x/c =  0.5915   50
 Side 2  free  transition at x/c =  0.5068   56

  60   rms: 0.4382E-02   max: -.8547E-01   C at   50  1
       a = -3.000      CL = -0.2146
      Cm = -0.0241     CD =  0.00736   =>   CDf =  0.00506    CDp =  0.00229

 Side 1  free  transition at x/c =  0.5915   50
 Side 2  free  transition at x/c =  0.5068   56

  61   rms: 0.4383E-02   max: -.8547E-01   C at   50  1
       a = -3.000      CL = -0.2146
      Cm = -0.0241     CD =  0.00736   =>   CDf =  0.00506    CDp =  0.00229

 Side 1  free  transition at x/c =  0.5915   50
 Side 2  free  transition at x/c =  0.5068   56

  62   rms: 0.4382E-02   max: -.8548E-01   C at   50  1
       a = -3.000      CL = -0.2146
      Cm = -0.0241     CD =  0.00736   =>   CDf =  0.00506    CDp =  0.00229

 Side 1  free  transition at x/c =  0.5915   50
 Side 2  free  transition at x/c =  0.5068   56

  63   rms: 0.4383E-02   max: -.8547E-01   C at   50  1
       a = -3.000      CL = -0.2146
      Cm = -0.0241     CD =  0.00736   =>   CDf =  0.00506    CDp =  0.00229

 Side 1  free  transition at x/c =  0.5915   50
 Side 2  free  transition at x/c =  0.5068   56

  64   rms: 0.4382E-02   max: -.8547E-01   C at   50  1
       a = -3.000      CL = -0.2146
      Cm = -0.0241     CD =  0.00736   =>   CDf =  0.00506    CDp =  0.00229

 Side 1  free  transition at x/c =  0.5915   50
 Side 2  free  transition at x/c =  0.5068   56

  65   rms: 0.4383E-02   max: -.8548E-01   C at   50  1
       a = -3.000      CL = -0.2146
      Cm = -0.0241     CD =  0.00736   =>   CDf =  0.00506    CDp =  0.00229

 Side 1  free  transition at x/c =  0.5915   50
 Side 2  free  transition at x/c =  0.5068   56

  66   rms: 0.4383E-02   max: -.8548E-01   C at   50  1
       a = -3.000      CL = -0.2146
      Cm = -0.0241     CD =  0.00736   =>   CDf =  0.00506    CDp =  0.00229

 Side 1  free  transition at x/c =  0.5915   50
 Side 2  free  transition at x/c =  0.5068   56

  67   rms: 0.4383E-02   max: -.8547E-01   C at   50  1
       a = -3.000      CL = -0.2146
      Cm = -0.0241     CD =  0.00736   =>   CDf =  0.00506    CDp =  0.00229

 Side 1  free  transition at x/c =  0.5915   50
 Side 2  free  transition at x/c =  0.5068   56

  68   rms: 0.4382E-02   max: -.8547E-01   C at   50  1
       a = -3.000      CL = -0.2146
      Cm = -0.0241     CD =  0.00736   =>   CDf =  0.00506    CDp =  0.00229

 Side 1  free  transition at x/c =  0.5915   50
 Side 2  free  transition at x/c =  0.5068   56

  69   rms: 0.4383E-02   max: -.8548E-01   C at   50  1
       a = -3.000      CL = -0.2146
      Cm = -0.0241     CD =  0.00736   =>   CDf =  0.00506    CDp =  0.00229

 Side 1  free  transition at x/c =  0.5915   50
 Side 2  free  transition at x/c =  0.5068   56

  70   rms: 0.4383E-02   max: -.8547E-01   C at   50  1
       a = -3.000      CL = -0.2146
      Cm = -0.0241     CD =  0.00736   =>   CDf =  0.00506    CDp =  0.00229

 Side 1  free  transition at x/c =  0.5915   50
 Side 2  free  transition at x/c =  0.5068   56

  71   rms: 0.4382E-02   max: -.8547E-01   C at   50  1
       a = -3.000      CL = -0.2146
      Cm = -0.0241     CD =  0.00736   =>   CDf =  0.00506    CDp =  0.00229

 Side 1  free  transition at x/c =  0.5915   50
 Side 2  free  transition at x/c =  0.5068   56

  72   rms: 0.4383E-02   max: -.8547E-01   C at   50  1
       a = -3.000      CL = -0.2146
      Cm = -0.0241     CD =  0.00736   =>   CDf =  0.00506    CDp =  0.00229

 Side 1  free  transition at x/c =  0.5915   50
 Side 2  free  transition at x/c =  0.5068   56

  73   rms: 0.4383E-02   max: -.8548E-01   C at   50  1
       a = -3.000      CL = -0.2146
      Cm = -0.0241     CD =  0.00736   =>   CDf =  0.00506    CDp =  0.00229

 Side 1  free  transition at x/c =  0.5915   50
 Side 2  free  transition at x/c =  0.5068   56

  74   rms: 0.4382E-02   max: -.8547E-01   C at   50  1
       a = -3.000      CL = -0.2146
      Cm = -0.0241     CD =  0.00736   =>   CDf =  0.00506    CDp =  0.00229

 Side 1  free  transition at x/c =  0.5915   50
 Side 2  free  transition at x/c =  0.5068   56

  75   rms: 0.4382E-02   max: -.8547E-01   C at   50  1
       a = -3.000      CL = -0.2146
      Cm = -0.0241     CD =  0.00736   =>   CDf =  0.00506    CDp =  0.00229

 Side 1  free  transition at x/c =  0.5915   50
 Side 2  free  transition at x/c =  0.5068   56

  76   rms: 0.4382E-02   max: -.8547E-01   C at   50  1
       a = -3.000      CL = -0.2146
      Cm = -0.0241     CD =  0.00736   =>   CDf =  0.00506    CDp =  0.00229

 Side 1  free  transition at x/c =  0.5915   50
 Side 2  free  transition at x/c =  0.5068   56

  77   rms: 0.4383E-02   max: -.8548E-01   C at   50  1
       a = -3.000      CL = -0.2146
      Cm = -0.0241     CD =  0.00736   =>   CDf =  0.00506    CDp =  0.00229

 Side 1  free  transition at x/c =  0.5915   50
 Side 2  free  transition at x/c =  0.5068   56

  78   rms: 0.4382E-02   max: -.8547E-01   C at   50  1
       a = -3.000      CL = -0.2146
      Cm = -0.0241     CD =  0.00736   =>   CDf =  0.00506    CDp =  0.00229

 Side 1  free  transition at x/c =  0.5915   50
 Side 2  free  transition at x/c =  0.5068   56

  79   rms: 0.4382E-02   max: -.8547E-01   C at   50  1
       a = -3.000      CL = -0.2146
      Cm = -0.0241     CD =  0.00736   =>   CDf =  0.00506    CDp =  0.00229

 Side 1  free  transition at x/c =  0.5915   50
 Side 2  free  transition at x/c =  0.5068   56

  80   rms: 0.4382E-02   max: -.8547E-01   C at   50  1
       a = -3.000      CL = -0.2146
      Cm = -0.0241     CD =  0.00736   =>   CDf =  0.00506    CDp =  0.00229

 Side 1  free  transition at x/c =  0.5915   50
 Side 2  free  transition at x/c =  0.5068   56

  81   rms: 0.4382E-02   max: -.8547E-01   C at   50  1
       a = -3.000      CL = -0.2146
      Cm = -0.0241     CD =  0.00736   =>   CDf =  0.00506    CDp =  0.00229

 Side 1  free  transition at x/c =  0.5915   50
 Side 2  free  transition at x/c =  0.5068   56

  82   rms: 0.4383E-02   max: -.8548E-01   C at   50  1
       a = -3.000      CL = -0.2146
      Cm = -0.0241     CD =  0.00736   =>   CDf =  0.00506    CDp =  0.00229

 Side 1  free  transition at x/c =  0.5915   50
 Side 2  free  transition at x/c =  0.5068   56

  83   rms: 0.4383E-02   max: -.8548E-01   C at   50  1
       a = -3.000      CL = -0.2146
      Cm = -0.0241     CD =  0.00736   =>   CDf =  0.00506    CDp =  0.00229

 Side 1  free  transition at x/c =  0.5915   50
 Side 2  free  transition at x/c =  0.5068   56

  84   rms: 0.4383E-02   max: -.8547E-01   C at   50  1
       a = -3.000      CL = -0.2146
      Cm = -0.0241     CD =  0.00736   =>   CDf =  0.00506    CDp =  0.00229

 Side 1  free  transition at x/c =  0.5915   50
 Side 2  free  transition at x/c =  0.5068   56

  85   rms: 0.4382E-02   max: -.8547E-01   C at   50  1
       a = -3.000      CL = -0.2146
      Cm = -0.0241     CD =  0.00736   =>   CDf =  0.00506    CDp =  0.00229

 Side 1  free  transition at x/c =  0.5915   50
 Side 2  free  transition at x/c =  0.5068   56

  86   rms: 0.4382E-02   max: -.8547E-01   C at   50  1
       a = -3.000      CL = -0.2146
      Cm = -0.0241     CD =  0.00736   =>   CDf =  0.00506    CDp =  0.00229

 Side 1  free  transition at x/c =  0.5915   50
 Side 2  free  transition at x/c =  0.5068   56

  87   rms: 0.4382E-02   max: -.8547E-01   C at   50  1
       a = -3.000      CL = -0.2146
      Cm = -0.0241     CD =  0.00736   =>   CDf =  0.00506    CDp =  0.00229

 Side 1  free  transition at x/c =  0.5915   50
 Side 2  free  transition at x/c =  0.5068   56

  88   rms: 0.4382E-02   max: -.8547E-01   C at   50  1
       a = -3.000      CL = -0.2146
      Cm = -0.0241     CD =  0.00736   =>   CDf =  0.00506    CDp =  0.00229

 Side 1  free  transition at x/c =  0.5915   50
 Side 2  free  transition at x/c =  0.5068   56

  89   rms: 0.4382E-02   max: -.8547E-01   C at   50  1
       a = -3.000      CL = -0.2146
      Cm = -0.0241     CD =  0.00736   =>   CDf =  0.00506    CDp =  0.00229

 Side 1  free  transition at x/c =  0.5915   50
 Side 2  free  transition at x/c =  0.5068   56

  90   rms: 0.4382E-02   max: -.8547E-01   C at   50  1
       a = -3.000      CL = -0.2146
      Cm = -0.0241     CD =  0.00736   =>   CDf =  0.00506    CDp =  0.00229

 Side 1  free  transition at x/c =  0.5915   50
 Side 2  free  transition at x/c =  0.5068   56

  91   rms: 0.4383E-02   max: -.8547E-01   C at   50  1
       a = -3.000      CL = -0.2146
      Cm = -0.0241     CD =  0.00736   =>   CDf =  0.00506    CDp =  0.00229

 Side 1  free  transition at x/c =  0.5915   50
 Side 2  free  transition at x/c =  0.5068   56

  92   rms: 0.4382E-02   max: -.8547E-01   C at   50  1
       a = -3.000      CL = -0.2146
      Cm = -0.0241     CD =  0.00736   =>   CDf =  0.00506    CDp =  0.00229

 Side 1  free  transition at x/c =  0.5915   50
 Side 2  free  transition at x/c =  0.5068   56

  93   rms: 0.4382E-02   max: -.8547E-01   C at   50  1
       a = -3.000      CL = -0.2146
      Cm = -0.0241     CD =  0.00736   =>   CDf =  0.00506    CDp =  0.00229

 Side 1  free  transition at x/c =  0.5915   50
 Side 2  free  transition at x/c =  0.5068   56

  94   rms: 0.4382E-02   max: -.8547E-01   C at   50  1
       a = -3.000      CL = -0.2146
      Cm = -0.0241     CD =  0.00736   =>   CDf =  0.00506    CDp =  0.00229

 Side 1  free  transition at x/c =  0.5915   50
 Side 2  free  transition at x/c =  0.5068   56

  95   rms: 0.4383E-02   max: -.8547E-01   C at   50  1
       a = -3.000      CL = -0.2146
      Cm = -0.0241     CD =  0.00736   =>   CDf =  0.00506    CDp =  0.00229

 Side 1  free  transition at x/c =  0.5915   50
 Side 2  free  transition at x/c =  0.5068   56

  96   rms: 0.4382E-02   max: -.8547E-01   C at   50  1
       a = -3.000      CL = -0.2146
      Cm = -0.0241     CD =  0.00736   =>   CDf =  0.00506    CDp =  0.00229

 Side 1  free  transition at x/c =  0.5915   50
 Side 2  free  transition at x/c =  0.5068   56

  97   rms: 0.4382E-02   max: -.8547E-01   C at   50  1
       a = -3.000      CL = -0.2146
      Cm = -0.0241     CD =  0.00736   =>   CDf =  0.00506    CDp =  0.00229

 Side 1  free  transition at x/c =  0.5915   50
 Side 2  free  transition at x/c =  0.5068   56

  98   rms: 0.4383E-02   max: -.8548E-01   C at   50  1
       a = -3.000      CL = -0.2146
      Cm = -0.0241     CD =  0.00736   =>   CDf =  0.00506    CDp =  0.00229

 Side 1  free  transition at x/c =  0.5915   50
 Side 2  free  transition at x/c =  0.5068   56

  99   rms: 0.4382E-02   max: -.8547E-01   C at   50  1
       a = -3.000      CL = -0.2146
      Cm = -0.0241     CD =  0.00736   =>   CDf =  0.00506    CDp =  0.00229

 Side 1  free  transition at x/c =  0.5915   50
 Side 2  free  transition at x/c =  0.5068   56

 100   rms: 0.4382E-02   max: -.8547E-01   C at   50  1
       a = -3.000      CL = -0.2146
      Cm = -0.0241     CD =  0.00736   =>   CDf =  0.00506    CDp =  0.00229

 Side 1  free  transition at x/c =  0.5915   50
 Side 2  free  transition at x/c =  0.5068   56

 101   rms: 0.4382E-02   max: -.8548E-01   C at   50  1
       a = -3.000      CL = -0.2146
      Cm = -0.0241     CD =  0.00736   =>   CDf =  0.00506    CDp =  0.00229

 Side 1  free  transition at x/c =  0.5915   50
 Side 2  free  transition at x/c =  0.5068   56

 102   rms: 0.4382E-02   max: -.8547E-01   C at   50  1
       a = -3.000      CL = -0.2146
      Cm = -0.0241     CD =  0.00736   =>   CDf =  0.00506    CDp =  0.00229

 Side 1  free  transition at x/c =  0.5915   50
 Side 2  free  transition at x/c =  0.5068   56

 103   rms: 0.4382E-02   max: -.8547E-01   C at   50  1
       a = -3.000      CL = -0.2146
      Cm = -0.0241     CD =  0.00736   =>   CDf =  0.00506    CDp =  0.00229

 Side 1  free  transition at x/c =  0.5915   50
 Side 2  free  transition at x/c =  0.5068   56

 104   rms: 0.4383E-02   max: -.8548E-01   C at   50  1
       a = -3.000      CL = -0.2146
      Cm = -0.0241     CD =  0.00736   =>   CDf =  0.00506    CDp =  0.00229

 Side 1  free  transition at x/c =  0.5915   50
 Side 2  free  transition at x/c =  0.5068   56

 105   rms: 0.4382E-02   max: -.8547E-01   C at   50  1
       a = -3.000      CL = -0.2146
      Cm = -0.0241     CD =  0.00736   =>   CDf =  0.00506    CDp =  0.00229

 Side 1  free  transition at x/c =  0.5915   50
 Side 2  free  transition at x/c =  0.5068   56

 106   rms: 0.4382E-02   max: -.8547E-01   C at   50  1
       a = -3.000      CL = -0.2146
      Cm = -0.0241     CD =  0.00736   =>   CDf =  0.00506    CDp =  0.00229

 Side 1  free  transition at x/c =  0.5915   50
 Side 2  free  transition at x/c =  0.5068   56

 107   rms: 0.4382E-02   max: -.8547E-01   C at   50  1
       a = -3.000      CL = -0.2146
      Cm = -0.0241     CD =  0.00736   =>   CDf =  0.00506    CDp =  0.00229

 Side 1  free  transition at x/c =  0.5915   50
 Side 2  free  transition at x/c =  0.5068   56

 108   rms: 0.4382E-02   max: -.8547E-01   C at   50  1
       a = -3.000      CL = -0.2146
      Cm = -0.0241     CD =  0.00736   =>   CDf =  0.00506    CDp =  0.00229

 Side 1  free  transition at x/c =  0.5915   50
 Side 2  free  transition at x/c =  0.5068   56

 109   rms: 0.4382E-02   max: -.8547E-01   C at   50  1
       a = -3.000      CL = -0.2146
      Cm = -0.0241     CD =  0.00736   =>   CDf =  0.00506    CDp =  0.00229

 Side 1  free  transition at x/c =  0.5915   50
 Side 2  free  transition at x/c =  0.5068   56

 110   rms: 0.4383E-02   max: -.8548E-01   C at   50  1
       a = -3.000      CL = -0.2146
      Cm = -0.0241     CD =  0.00736   =>   CDf =  0.00506    CDp =  0.00229

 Side 1  free  transition at x/c =  0.5915   50
 Side 2  free  transition at x/c =  0.5068   56

 111   rms: 0.4382E-02   max: -.8547E-01   C at   50  1
       a = -3.000      CL = -0.2146
      Cm = -0.0241     CD =  0.00736   =>   CDf =  0.00506    CDp =  0.00229

 Side 1  free  transition at x/c =  0.5915   50
 Side 2  free  transition at x/c =  0.5068   56

 112   rms: 0.4382E-02   max: -.8547E-01   C at   50  1
       a = -3.000      CL = -0.2146
      Cm = -0.0241     CD =  0.00736   =>   CDf =  0.00506    CDp =  0.00229

 Side 1  free  transition at x/c =  0.5915   50
 Side 2  free  transition at x/c =  0.5068   56

 113   rms: 0.4382E-02   max: -.8547E-01   C at   50  1
       a = -3.000      CL = -0.2146
      Cm = -0.0241     CD =  0.00736   =>   CDf =  0.00506    CDp =  0.00229

 Side 1  free  transition at x/c =  0.5915   50
 Side 2  free  transition at x/c =  0.5068   56

 114   rms: 0.4382E-02   max: -.8547E-01   C at   50  1
       a = -3.000      CL = -0.2146
      Cm = -0.0241     CD =  0.00736   =>   CDf =  0.00506    CDp =  0.00229

 Side 1  free  transition at x/c =  0.5915   50
 Side 2  free  transition at x/c =  0.5068   56

 115   rms: 0.4383E-02   max: -.8547E-01   C at   50  1
       a = -3.000      CL = -0.2146
      Cm = -0.0241     CD =  0.00736   =>   CDf =  0.00506    CDp =  0.00229

 Side 1  free  transition at x/c =  0.5915   50
 Side 2  free  transition at x/c =  0.5068   56

 116   rms: 0.4383E-02   max: -.8548E-01   C at   50  1
       a = -3.000      CL = -0.2146
      Cm = -0.0241     CD =  0.00736   =>   CDf =  0.00506    CDp =  0.00229

 Side 1  free  transition at x/c =  0.5915   50
 Side 2  free  transition at x/c =  0.5068   56

 117   rms: 0.4383E-02   max: -.8548E-01   C at   50  1
       a = -3.000      CL = -0.2146
      Cm = -0.0241     CD =  0.00736   =>   CDf =  0.00506    CDp =  0.00229

 Side 1  free  transition at x/c =  0.5915   50
 Side 2  free  transition at x/c =  0.5068   56

 118   rms: 0.4382E-02   max: -.8547E-01   C at   50  1
       a = -3.000      CL = -0.2146
      Cm = -0.0241     CD =  0.00736   =>   CDf =  0.00506    CDp =  0.00229

 Side 1  free  transition at x/c =  0.5915   50
 Side 2  free  transition at x/c =  0.5068   56

 119   rms: 0.4382E-02   max: -.8548E-01   C at   50  1
       a = -3.000      CL = -0.2146
      Cm = -0.0241     CD =  0.00736   =>   CDf =  0.00506    CDp =  0.00229

 Side 1  free  transition at x/c =  0.5915   50
 Side 2  free  transition at x/c =  0.5068   56

 120   rms: 0.4383E-02   max: -.8548E-01   C at   50  1
       a = -3.000      CL = -0.2146
      Cm = -0.0241     CD =  0.00736   =>   CDf =  0.00506    CDp =  0.00229

 Side 1  free  transition at x/c =  0.5915   50
 Side 2  free  transition at x/c =  0.5068   56

 121   rms: 0.4383E-02   max: -.8547E-01   C at   50  1
       a = -3.000      CL = -0.2146
      Cm = -0.0241     CD =  0.00736   =>   CDf =  0.00506    CDp =  0.00229

 Side 1  free  transition at x/c =  0.5915   50
 Side 2  free  transition at x/c =  0.5068   56

 122   rms: 0.4383E-02   max: -.8548E-01   C at   50  1
       a = -3.000      CL = -0.2146
      Cm = -0.0241     CD =  0.00736   =>   CDf =  0.00506    CDp =  0.00229

 Side 1  free  transition at x/c =  0.5915   50
 Side 2  free  transition at x/c =  0.5068   56

 123   rms: 0.4382E-02   max: -.8547E-01   C at   50  1
       a = -3.000      CL = -0.2146
      Cm = -0.0241     CD =  0.00736   =>   CDf =  0.00506    CDp =  0.00229

 Side 1  free  transition at x/c =  0.5915   50
 Side 2  free  transition at x/c =  0.5068   56

 124   rms: 0.4382E-02   max: -.8548E-01   C at   50  1
       a = -3.000      CL = -0.2146
      Cm = -0.0241     CD =  0.00736   =>   CDf =  0.00506    CDp =  0.00229

 Side 1  free  transition at x/c =  0.5915   50
 Side 2  free  transition at x/c =  0.5068   56

 125   rms: 0.4382E-02   max: -.8547E-01   C at   50  1
       a = -3.000      CL = -0.2146
      Cm = -0.0241     CD =  0.00736   =>   CDf =  0.00506    CDp =  0.00229

 Side 1  free  transition at x/c =  0.5915   50
 Side 2  free  transition at x/c =  0.5068   56

 126   rms: 0.4383E-02   max: -.8548E-01   C at   50  1
       a = -3.000      CL = -0.2146
      Cm = -0.0241     CD =  0.00736   =>   CDf =  0.00506    CDp =  0.00229

 Side 1  free  transition at x/c =  0.5915   50
 Side 2  free  transition at x/c =  0.5068   56

 127   rms: 0.4382E-02   max: -.8547E-01   C at   50  1
       a = -3.000      CL = -0.2146
      Cm = -0.0241     CD =  0.00736   =>   CDf =  0.00506    CDp =  0.00229

 Side 1  free  transition at x/c =  0.5915   50
 Side 2  free  transition at x/c =  0.5068   56

 128   rms: 0.4382E-02   max: -.8547E-01   C at   50  1
       a = -3.000      CL = -0.2146
      Cm = -0.0241     CD =  0.00736   =>   CDf =  0.00506    CDp =  0.00229

 Side 1  free  transition at x/c =  0.5915   50
 Side 2  free  transition at x/c =  0.5068   56

 129   rms: 0.4382E-02   max: -.8547E-01   C at   50  1
       a = -3.000      CL = -0.2146
      Cm = -0.0241     CD =  0.00736   =>   CDf =  0.00506    CDp =  0.00229

 Side 1  free  transition at x/c =  0.5915   50
 Side 2  free  transition at x/c =  0.5068   56

 130   rms: 0.4382E-02   max: -.8547E-01   C at   50  1
       a = -3.000      CL = -0.2146
      Cm = -0.0241     CD =  0.00736   =>   CDf =  0.00506    CDp =  0.00229

 Side 1  free  transition at x/c =  0.5915   50
 Side 2  free  transition at x/c =  0.5068   56

 131   rms: 0.4382E-02   max: -.8547E-01   C at   50  1
       a = -3.000      CL = -0.2146
      Cm = -0.0241     CD =  0.00736   =>   CDf =  0.00506    CDp =  0.00229

 Side 1  free  transition at x/c =  0.5915   50
 Side 2  free  transition at x/c =  0.5068   56

 132   rms: 0.4382E-02   max: -.8547E-01   C at   50  1
       a = -3.000      CL = -0.2146
      Cm = -0.0241     CD =  0.00736   =>   CDf =  0.00506    CDp =  0.00229

 Side 1  free  transition at x/c =  0.5915   50
 Side 2  free  transition at x/c =  0.5068   56

 133   rms: 0.4382E-02   max: -.8547E-01   C at   50  1
       a = -3.000      CL = -0.2146
      Cm = -0.0241     CD =  0.00736   =>   CDf =  0.00506    CDp =  0.00229

 Side 1  free  transition at x/c =  0.5915   50
 Side 2  free  transition at x/c =  0.5068   56

 134   rms: 0.4383E-02   max: -.8547E-01   C at   50  1
       a = -3.000      CL = -0.2146
      Cm = -0.0241     CD =  0.00736   =>   CDf =  0.00506    CDp =  0.00229

 Side 1  free  transition at x/c =  0.5915   50
 Side 2  free  transition at x/c =  0.5068   56

 135   rms: 0.4382E-02   max: -.8547E-01   C at   50  1
       a = -3.000      CL = -0.2146
      Cm = -0.0241     CD =  0.00736   =>   CDf =  0.00506    CDp =  0.00229

 Side 1  free  transition at x/c =  0.5915   50
 Side 2  free  transition at x/c =  0.5068   56

 136   rms: 0.4383E-02   max: -.8548E-01   C at   50  1
       a = -3.000      CL = -0.2146
      Cm = -0.0241     CD =  0.00736   =>   CDf =  0.00506    CDp =  0.00229

 Side 1  free  transition at x/c =  0.5915   50
 Side 2  free  transition at x/c =  0.5068   56

 137   rms: 0.4382E-02   max: -.8547E-01   C at   50  1
       a = -3.000      CL = -0.2146
      Cm = -0.0241     CD =  0.00736   =>   CDf =  0.00506    CDp =  0.00229

 Side 1  free  transition at x/c =  0.5915   50
 Side 2  free  transition at x/c =  0.5068   56

 138   rms: 0.4382E-02   max: -.8547E-01   C at   50  1
       a = -3.000      CL = -0.2146
      Cm = -0.0241     CD =  0.00736   =>   CDf =  0.00506    CDp =  0.00229

 Side 1  free  transition at x/c =  0.5915   50
 Side 2  free  transition at x/c =  0.5068   56

 139   rms: 0.4383E-02   max: -.8548E-01   C at   50  1
       a = -3.000      CL = -0.2146
      Cm = -0.0241     CD =  0.00736   =>   CDf =  0.00506    CDp =  0.00229

 Side 1  free  transition at x/c =  0.5915   50
 Side 2  free  transition at x/c =  0.5068   56

 140   rms: 0.4382E-02   max: -.8547E-01   C at   50  1
       a = -3.000      CL = -0.2146
      Cm = -0.0241     CD =  0.00736   =>   CDf =  0.00506    CDp =  0.00229

 Side 1  free  transition at x/c =  0.5915   50
 Side 2  free  transition at x/c =  0.5068   56

 141   rms: 0.4382E-02   max: -.8547E-01   C at   50  1
       a = -3.000      CL = -0.2146
      Cm = -0.0241     CD =  0.00736   =>   CDf =  0.00506    CDp =  0.00229

 Side 1  free  transition at x/c =  0.5915   50
 Side 2  free  transition at x/c =  0.5068   56

 142   rms: 0.4382E-02   max: -.8547E-01   C at   50  1
       a = -3.000      CL = -0.2146
      Cm = -0.0241     CD =  0.00736   =>   CDf =  0.00506    CDp =  0.00229

 Side 1  free  transition at x/c =  0.5915   50
 Side 2  free  transition at x/c =  0.5068   56

 143   rms: 0.4383E-02   max: -.8548E-01   C at   50  1
       a = -3.000      CL = -0.2146
      Cm = -0.0241     CD =  0.00736   =>   CDf =  0.00506    CDp =  0.00229

 Side 1  free  transition at x/c =  0.5915   50
 Side 2  free  transition at x/c =  0.5068   56

 144   rms: 0.4382E-02   max: -.8547E-01   C at   50  1
       a = -3.000      CL = -0.2146
      Cm = -0.0241     CD =  0.00736   =>   CDf =  0.00506    CDp =  0.00229

 Side 1  free  transition at x/c =  0.5915   50
 Side 2  free  transition at x/c =  0.5068   56

 145   rms: 0.4383E-02   max: -.8547E-01   C at   50  1
       a = -3.000      CL = -0.2146
      Cm = -0.0241     CD =  0.00736   =>   CDf =  0.00506    CDp =  0.00229

 Side 1  free  transition at x/c =  0.5915   50
 Side 2  free  transition at x/c =  0.5068   56

 146   rms: 0.4382E-02   max: -.8547E-01   C at   50  1
       a = -3.000      CL = -0.2146
      Cm = -0.0241     CD =  0.00736   =>   CDf =  0.00506    CDp =  0.00229

 Side 1  free  transition at x/c =  0.5915   50
 Side 2  free  transition at x/c =  0.5068   56

 147   rms: 0.4382E-02   max: -.8547E-01   C at   50  1
       a = -3.000      CL = -0.2146
      Cm = -0.0241     CD =  0.00736   =>   CDf =  0.00506    CDp =  0.00229

 Side 1  free  transition at x/c =  0.5915   50
 Side 2  free  transition at x/c =  0.5068   56

 148   rms: 0.4382E-02   max: -.8547E-01   C at   50  1
       a = -3.000      CL = -0.2146
      Cm = -0.0241     CD =  0.00736   =>   CDf =  0.00506    CDp =  0.00229

 Side 1  free  transition at x/c =  0.5915   50
 Side 2  free  transition at x/c =  0.5068   56

 149   rms: 0.4383E-02   max: -.8548E-01   C at   50  1
       a = -3.000      CL = -0.2146
      Cm = -0.0241     CD =  0.00736   =>   CDf =  0.00506    CDp =  0.00229

 Side 1  free  transition at x/c =  0.5915   50
 Side 2  free  transition at x/c =  0.5068   56

 150   rms: 0.4383E-02   max: -.8548E-01   C at   50  1
       a = -3.000      CL = -0.2146
      Cm = -0.0241     CD =  0.00736   =>   CDf =  0.00506    CDp =  0.00229

 Side 1  free  transition at x/c =  0.5915   50
 Side 2  free  transition at x/c =  0.5068   56

 151   rms: 0.4382E-02   max: -.8547E-01   C at   50  1
       a = -3.000      CL = -0.2146
      Cm = -0.0241     CD =  0.00736   =>   CDf =  0.00506    CDp =  0.00229

 Side 1  free  transition at x/c =  0.5915   50
 Side 2  free  transition at x/c =  0.5068   56

 152   rms: 0.4383E-02   max: -.8548E-01   C at   50  1
       a = -3.000      CL = -0.2146
      Cm = -0.0241     CD =  0.00736   =>   CDf =  0.00506    CDp =  0.00229

 Side 1  free  transition at x/c =  0.5915   50
 Side 2  free  transition at x/c =  0.5068   56

 153   rms: 0.4383E-02   max: -.8548E-01   C at   50  1
       a = -3.000      CL = -0.2146
      Cm = -0.0241     CD =  0.00736   =>   CDf =  0.00506    CDp =  0.00229

 Side 1  free  transition at x/c =  0.5915   50
 Side 2  free  transition at x/c =  0.5068   56

 154   rms: 0.4382E-02   max: -.8547E-01   C at   50  1
       a = -3.000      CL = -0.2146
      Cm = -0.0241     CD =  0.00736   =>   CDf =  0.00506    CDp =  0.00229

 Side 1  free  transition at x/c =  0.5915   50
 Side 2  free  transition at x/c =  0.5068   56

 155   rms: 0.4383E-02   max: -.8548E-01   C at   50  1
       a = -3.000      CL = -0.2146
      Cm = -0.0241     CD =  0.00736   =>   CDf =  0.00506    CDp =  0.00229

 Side 1  free  transition at x/c =  0.5915   50
 Side 2  free  transition at x/c =  0.5068   56

 156   rms: 0.4382E-02   max: -.8547E-01   C at   50  1
       a = -3.000      CL = -0.2146
      Cm = -0.0241     CD =  0.00736   =>   CDf =  0.00506    CDp =  0.00229

 Side 1  free  transition at x/c =  0.5915   50
 Side 2  free  transition at x/c =  0.5068   56

 157   rms: 0.4383E-02   max: -.8547E-01   C at   50  1
       a = -3.000      CL = -0.2146
      Cm = -0.0241     CD =  0.00736   =>   CDf =  0.00506    CDp =  0.00229

 Side 1  free  transition at x/c =  0.5915   50
 Side 2  free  transition at x/c =  0.5068   56

 158   rms: 0.4382E-02   max: -.8548E-01   C at   50  1
       a = -3.000      CL = -0.2146
      Cm = -0.0241     CD =  0.00736   =>   CDf =  0.00506    CDp =  0.00229

 Side 1  free  transition at x/c =  0.5915   50
 Side 2  free  transition at x/c =  0.5068   56

 159   rms: 0.4383E-02   max: -.8548E-01   C at   50  1
       a = -3.000      CL = -0.2146
      Cm = -0.0241     CD =  0.00736   =>   CDf =  0.00506    CDp =  0.00229

 Side 1  free  transition at x/c =  0.5915   50
 Side 2  free  transition at x/c =  0.5068   56

 160   rms: 0.4382E-02   max: -.8547E-01   C at   50  1
       a = -3.000      CL = -0.2146
      Cm = -0.0241     CD =  0.00736   =>   CDf =  0.00506    CDp =  0.00229

 Side 1  free  transition at x/c =  0.5915   50
 Side 2  free  transition at x/c =  0.5068   56

 161   rms: 0.4383E-02   max: -.8548E-01   C at   50  1
       a = -3.000      CL = -0.2146
      Cm = -0.0241     CD =  0.00736   =>   CDf =  0.00506    CDp =  0.00229

 Side 1  free  transition at x/c =  0.5915   50
 Side 2  free  transition at x/c =  0.5068   56

 162   rms: 0.4383E-02   max: -.8547E-01   C at   50  1
       a = -3.000      CL = -0.2146
      Cm = -0.0241     CD =  0.00736   =>   CDf =  0.00506    CDp =  0.00229

 Side 1  free  transition at x/c =  0.5915   50
 Side 2  free  transition at x/c =  0.5068   56

 163   rms: 0.4382E-02   max: -.8547E-01   C at   50  1
       a = -3.000      CL = -0.2146
      Cm = -0.0241     CD =  0.00736   =>   CDf =  0.00506    CDp =  0.00229

 Side 1  free  transition at x/c =  0.5915   50
 Side 2  free  transition at x/c =  0.5068   56

 164   rms: 0.4382E-02   max: -.8547E-01   C at   50  1
       a = -3.000      CL = -0.2146
      Cm = -0.0241     CD =  0.00736   =>   CDf =  0.00506    CDp =  0.00229

 Side 1  free  transition at x/c =  0.5915   50
 Side 2  free  transition at x/c =  0.5068   56

 165   rms: 0.4383E-02   max: -.8548E-01   C at   50  1
       a = -3.000      CL = -0.2146
      Cm = -0.0241     CD =  0.00736   =>   CDf =  0.00506    CDp =  0.00229

 Side 1  free  transition at x/c =  0.5915   50
 Side 2  free  transition at x/c =  0.5068   56

 166   rms: 0.4382E-02   max: -.8547E-01   C at   50  1
       a = -3.000      CL = -0.2146
      Cm = -0.0241     CD =  0.00736   =>   CDf =  0.00506    CDp =  0.00229

 Side 1  free  transition at x/c =  0.5915   50
 Side 2  free  transition at x/c =  0.5068   56

 167   rms: 0.4383E-02   max: -.8548E-01   C at   50  1
       a = -3.000      CL = -0.2146
      Cm = -0.0241     CD =  0.00736   =>   CDf =  0.00506    CDp =  0.00229

 Side 1  free  transition at x/c =  0.5915   50
 Side 2  free  transition at x/c =  0.5068   56

 168   rms: 0.4383E-02   max: -.8548E-01   C at   50  1
       a = -3.000      CL = -0.2146
      Cm = -0.0241     CD =  0.00736   =>   CDf =  0.00506    CDp =  0.00229

 Side 1  free  transition at x/c =  0.5915   50
 Side 2  free  transition at x/c =  0.5068   56

 169   rms: 0.4382E-02   max: -.8547E-01   C at   50  1
       a = -3.000      CL = -0.2146
      Cm = -0.0241     CD =  0.00736   =>   CDf =  0.00506    CDp =  0.00229

 Side 1  free  transition at x/c =  0.5915   50
 Side 2  free  transition at x/c =  0.5068   56

 170   rms: 0.4383E-02   max: -.8548E-01   C at   50  1
       a = -3.000      CL = -0.2146
      Cm = -0.0241     CD =  0.00736   =>   CDf =  0.00506    CDp =  0.00229

 Side 1  free  transition at x/c =  0.5915   50
 Side 2  free  transition at x/c =  0.5068   56

 171   rms: 0.4382E-02   max: -.8547E-01   C at   50  1
       a = -3.000      CL = -0.2146
      Cm = -0.0241     CD =  0.00736   =>   CDf =  0.00506    CDp =  0.00229

 Side 1  free  transition at x/c =  0.5915   50
 Side 2  free  transition at x/c =  0.5068   56

 172   rms: 0.4382E-02   max: -.8547E-01   C at   50  1
       a = -3.000      CL = -0.2146
      Cm = -0.0241     CD =  0.00736   =>   CDf =  0.00506    CDp =  0.00229

 Side 1  free  transition at x/c =  0.5915   50
 Side 2  free  transition at x/c =  0.5068   56

 173   rms: 0.4382E-02   max: -.8547E-01   C at   50  1
       a = -3.000      CL = -0.2146
      Cm = -0.0241     CD =  0.00736   =>   CDf =  0.00506    CDp =  0.00229

 Side 1  free  transition at x/c =  0.5915   50
 Side 2  free  transition at x/c =  0.5068   56

 174   rms: 0.4382E-02   max: -.8548E-01   C at   50  1
       a = -3.000      CL = -0.2146
      Cm = -0.0241     CD =  0.00736   =>   CDf =  0.00506    CDp =  0.00229

 Side 1  free  transition at x/c =  0.5915   50
 Side 2  free  transition at x/c =  0.5068   56

 175   rms: 0.4382E-02   max: -.8547E-01   C at   50  1
       a = -3.000      CL = -0.2146
      Cm = -0.0241     CD =  0.00736   =>   CDf =  0.00506    CDp =  0.00229

 Side 1  free  transition at x/c =  0.5915   50
 Side 2  free  transition at x/c =  0.5068   56

 176   rms: 0.4382E-02   max: -.8548E-01   C at   50  1
       a = -3.000      CL = -0.2146
      Cm = -0.0241     CD =  0.00736   =>   CDf =  0.00506    CDp =  0.00229

 Side 1  free  transition at x/c =  0.5915   50
 Side 2  free  transition at x/c =  0.5068   56

 177   rms: 0.4382E-02   max: -.8547E-01   C at   50  1
       a = -3.000      CL = -0.2146
      Cm = -0.0241     CD =  0.00736   =>   CDf =  0.00506    CDp =  0.00229

 Side 1  free  transition at x/c =  0.5915   50
 Side 2  free  transition at x/c =  0.5068   56

 178   rms: 0.4382E-02   max: -.8547E-01   C at   50  1
       a = -3.000      CL = -0.2146
      Cm = -0.0241     CD =  0.00736   =>   CDf =  0.00506    CDp =  0.00229

 Side 1  free  transition at x/c =  0.5915   50
 Side 2  free  transition at x/c =  0.5068   56

 179   rms: 0.4382E-02   max: -.8547E-01   C at   50  1
       a = -3.000      CL = -0.2146
      Cm = -0.0241     CD =  0.00736   =>   CDf =  0.00506    CDp =  0.00229

 Side 1  free  transition at x/c =  0.5915   50
 Side 2  free  transition at x/c =  0.5068   56

 180   rms: 0.4383E-02   max: -.8547E-01   C at   50  1
       a = -3.000      CL = -0.2146
      Cm = -0.0241     CD =  0.00736   =>   CDf =  0.00506    CDp =  0.00229

 Side 1  free  transition at x/c =  0.5915   50
 Side 2  free  transition at x/c =  0.5068   56

 181   rms: 0.4382E-02   max: -.8547E-01   C at   50  1
       a = -3.000      CL = -0.2146
      Cm = -0.0241     CD =  0.00736   =>   CDf =  0.00506    CDp =  0.00229

 Side 1  free  transition at x/c =  0.5915   50
 Side 2  free  transition at x/c =  0.5068   56

 182   rms: 0.4382E-02   max: -.8547E-01   C at   50  1
       a = -3.000      CL = -0.2146
      Cm = -0.0241     CD =  0.00736   =>   CDf =  0.00506    CDp =  0.00229

 Side 1  free  transition at x/c =  0.5915   50
 Side 2  free  transition at x/c =  0.5068   56

 183   rms: 0.4383E-02   max: -.8548E-01   C at   50  1
       a = -3.000      CL = -0.2146
      Cm = -0.0241     CD =  0.00736   =>   CDf =  0.00506    CDp =  0.00229

 Side 1  free  transition at x/c =  0.5915   50
 Side 2  free  transition at x/c =  0.5068   56

 184   rms: 0.4382E-02   max: -.8547E-01   C at   50  1
       a = -3.000      CL = -0.2146
      Cm = -0.0241     CD =  0.00736   =>   CDf =  0.00506    CDp =  0.00229

 Side 1  free  transition at x/c =  0.5915   50
 Side 2  free  transition at x/c =  0.5068   56

 185   rms: 0.4383E-02   max: -.8548E-01   C at   50  1
       a = -3.000      CL = -0.2146
      Cm = -0.0241     CD =  0.00736   =>   CDf =  0.00506    CDp =  0.00229

 Side 1  free  transition at x/c =  0.5915   50
 Side 2  free  transition at x/c =  0.5068   56

 186   rms: 0.4382E-02   max: -.8547E-01   C at   50  1
       a = -3.000      CL = -0.2146
      Cm = -0.0241     CD =  0.00736   =>   CDf =  0.00506    CDp =  0.00229

 Side 1  free  transition at x/c =  0.5915   50
 Side 2  free  transition at x/c =  0.5068   56

 187   rms: 0.4382E-02   max: -.8547E-01   C at   50  1
       a = -3.000      CL = -0.2146
      Cm = -0.0241     CD =  0.00736   =>   CDf =  0.00506    CDp =  0.00229

 Side 1  free  transition at x/c =  0.5915   50
 Side 2  free  transition at x/c =  0.5068   56

 188   rms: 0.4382E-02   max: -.8547E-01   C at   50  1
       a = -3.000      CL = -0.2146
      Cm = -0.0241     CD =  0.00736   =>   CDf =  0.00506    CDp =  0.00229

 Side 1  free  transition at x/c =  0.5915   50
 Side 2  free  transition at x/c =  0.5068   56

 189   rms: 0.4383E-02   max: -.8548E-01   C at   50  1
       a = -3.000      CL = -0.2146
      Cm = -0.0241     CD =  0.00736   =>   CDf =  0.00506    CDp =  0.00229

 Side 1  free  transition at x/c =  0.5915   50
 Side 2  free  transition at x/c =  0.5068   56

 190   rms: 0.4383E-02   max: -.8548E-01   C at   50  1
       a = -3.000      CL = -0.2146
      Cm = -0.0241     CD =  0.00736   =>   CDf =  0.00506    CDp =  0.00229

 Side 1  free  transition at x/c =  0.5915   50
 Side 2  free  transition at x/c =  0.5068   56

 191   rms: 0.4383E-02   max: -.8548E-01   C at   50  1
       a = -3.000      CL = -0.2146
      Cm = -0.0241     CD =  0.00736   =>   CDf =  0.00506    CDp =  0.00229

 Side 1  free  transition at x/c =  0.5915   50
 Side 2  free  transition at x/c =  0.5068   56

 192   rms: 0.4383E-02   max: -.8547E-01   C at   50  1
       a = -3.000      CL = -0.2146
      Cm = -0.0241     CD =  0.00736   =>   CDf =  0.00506    CDp =  0.00229

 Side 1  free  transition at x/c =  0.5915   50
 Side 2  free  transition at x/c =  0.5068   56

 193   rms: 0.4382E-02   max: -.8547E-01   C at   50  1
       a = -3.000      CL = -0.2146
      Cm = -0.0241     CD =  0.00736   =>   CDf =  0.00506    CDp =  0.00229

 Side 1  free  transition at x/c =  0.5915   50
 Side 2  free  transition at x/c =  0.5068   56

 194   rms: 0.4382E-02   max: -.8547E-01   C at   50  1
       a = -3.000      CL = -0.2146
      Cm = -0.0241     CD =  0.00736   =>   CDf =  0.00506    CDp =  0.00229

 Side 1  free  transition at x/c =  0.5915   50
 Side 2  free  transition at x/c =  0.5068   56

 195   rms: 0.4382E-02   max: -.8547E-01   C at   50  1
       a = -3.000      CL = -0.2146
      Cm = -0.0241     CD =  0.00736   =>   CDf =  0.00506    CDp =  0.00229

 Side 1  free  transition at x/c =  0.5915   50
 Side 2  free  transition at x/c =  0.5068   56

 196   rms: 0.4382E-02   max: -.8547E-01   C at   50  1
       a = -3.000      CL = -0.2146
      Cm = -0.0241     CD =  0.00736   =>   CDf =  0.00506    CDp =  0.00229

 Side 1  free  transition at x/c =  0.5915   50
 Side 2  free  transition at x/c =  0.5068   56

 197   rms: 0.4382E-02   max: -.8547E-01   C at   50  1
       a = -3.000      CL = -0.2146
      Cm = -0.0241     CD =  0.00736   =>   CDf =  0.00506    CDp =  0.00229

 Side 1  free  transition at x/c =  0.5915   50
 Side 2  free  transition at x/c =  0.5068   56

 198   rms: 0.4383E-02   max: -.8547E-01   C at   50  1
       a = -3.000      CL = -0.2146
      Cm = -0.0241     CD =  0.00736   =>   CDf =  0.00506    CDp =  0.00229

 Side 1  free  transition at x/c =  0.5915   50
 Side 2  free  transition at x/c =  0.5068   56

 199   rms: 0.4382E-02   max: -.8548E-01   C at   50  1
       a = -3.000      CL = -0.2146
      Cm = -0.0241     CD =  0.00736   =>   CDf =  0.00506    CDp =  0.00229

 Side 1  free  transition at x/c =  0.5915   50
 Side 2  free  transition at x/c =  0.5068   56

 200   rms: 0.4383E-02   max: -.8547E-01   C at   50  1
       a = -3.000      CL = -0.2146
      Cm = -0.0241     CD =  0.00736   =>   CDf =  0.00506    CDp =  0.00229

 Side 1  free  transition at x/c =  0.5915   50
 Side 2  free  transition at x/c =  0.5068   56

 201   rms: 0.4382E-02   max: -.8547E-01   C at   50  1
       a = -3.000      CL = -0.2146
      Cm = -0.0241     CD =  0.00736   =>   CDf =  0.00506    CDp =  0.00229

 Side 1  free  transition at x/c =  0.5915   50
 Side 2  free  transition at x/c =  0.5068   56

 202   rms: 0.4383E-02   max: -.8547E-01   C at   50  1
       a = -3.000      CL = -0.2146
      Cm = -0.0241     CD =  0.00736   =>   CDf =  0.00506    CDp =  0.00229

 Side 1  free  transition at x/c =  0.5915   50
 Side 2  free  transition at x/c =  0.5068   56

 203   rms: 0.4382E-02   max: -.8547E-01   C at   50  1
       a = -3.000      CL = -0.2146
      Cm = -0.0241     CD =  0.00736   =>   CDf =  0.00506    CDp =  0.00229

 Side 1  free  transition at x/c =  0.5915   50
 Side 2  free  transition at x/c =  0.5068   56

 204   rms: 0.4382E-02   max: -.8547E-01   C at   50  1
       a = -3.000      CL = -0.2146
      Cm = -0.0241     CD =  0.00736   =>   CDf =  0.00506    CDp =  0.00229

 Side 1  free  transition at x/c =  0.5915   50
 Side 2  free  transition at x/c =  0.5068   56

 205   rms: 0.4382E-02   max: -.8547E-01   C at   50  1
       a = -3.000      CL = -0.2146
      Cm = -0.0241     CD =  0.00736   =>   CDf =  0.00506    CDp =  0.00229

 Side 1  free  transition at x/c =  0.5915   50
 Side 2  free  transition at x/c =  0.5068   56

 206   rms: 0.4382E-02   max: -.8547E-01   C at   50  1
       a = -3.000      CL = -0.2146
      Cm = -0.0241     CD =  0.00736   =>   CDf =  0.00506    CDp =  0.00229

 Side 1  free  transition at x/c =  0.5915   50
 Side 2  free  transition at x/c =  0.5068   56

 207   rms: 0.4383E-02   max: -.8548E-01   C at   50  1
       a = -3.000      CL = -0.2146
      Cm = -0.0241     CD =  0.00736   =>   CDf =  0.00506    CDp =  0.00229

 Side 1  free  transition at x/c =  0.5915   50
 Side 2  free  transition at x/c =  0.5068   56

 208   rms: 0.4382E-02   max: -.8547E-01   C at   50  1
       a = -3.000      CL = -0.2146
      Cm = -0.0241     CD =  0.00736   =>   CDf =  0.00506    CDp =  0.00229

 Side 1  free  transition at x/c =  0.5915   50
 Side 2  free  transition at x/c =  0.5068   56

 209   rms: 0.4382E-02   max: -.8547E-01   C at   50  1
       a = -3.000      CL = -0.2146
      Cm = -0.0241     CD =  0.00736   =>   CDf =  0.00506    CDp =  0.00229

 Side 1  free  transition at x/c =  0.5915   50
 Side 2  free  transition at x/c =  0.5068   56

 210   rms: 0.4382E-02   max: -.8547E-01   C at   50  1
       a = -3.000      CL = -0.2146
      Cm = -0.0241     CD =  0.00736   =>   CDf =  0.00506    CDp =  0.00229

 Side 1  free  transition at x/c =  0.5915   50
 Side 2  free  transition at x/c =  0.5068   56

 211   rms: 0.4382E-02   max: -.8547E-01   C at   50  1
       a = -3.000      CL = -0.2146
      Cm = -0.0241     CD =  0.00736   =>   CDf =  0.00506    CDp =  0.00229

 Side 1  free  transition at x/c =  0.5915   50
 Side 2  free  transition at x/c =  0.5068   56

 212   rms: 0.4382E-02   max: -.8547E-01   C at   50  1
       a = -3.000      CL = -0.2146
      Cm = -0.0241     CD =  0.00736   =>   CDf =  0.00506    CDp =  0.00229

 Side 1  free  transition at x/c =  0.5915   50
 Side 2  free  transition at x/c =  0.5068   56

 213   rms: 0.4382E-02   max: -.8547E-01   C at   50  1
       a = -3.000      CL = -0.2146
      Cm = -0.0241     CD =  0.00736   =>   CDf =  0.00506    CDp =  0.00229

 Side 1  free  transition at x/c =  0.5915   50
 Side 2  free  transition at x/c =  0.5068   56

 214   rms: 0.4382E-02   max: -.8547E-01   C at   50  1
       a = -3.000      CL = -0.2146
      Cm = -0.0241     CD =  0.00736   =>   CDf =  0.00506    CDp =  0.00229

 Side 1  free  transition at x/c =  0.5915   50
 Side 2  free  transition at x/c =  0.5068   56

 215   rms: 0.4382E-02   max: -.8548E-01   C at   50  1
       a = -3.000      CL = -0.2146
      Cm = -0.0241     CD =  0.00736   =>   CDf =  0.00506    CDp =  0.00229

 Side 1  free  transition at x/c =  0.5915   50
 Side 2  free  transition at x/c =  0.5068   56

 216   rms: 0.4382E-02   max: -.8547E-01   C at   50  1
       a = -3.000      CL = -0.2146
      Cm = -0.0241     CD =  0.00736   =>   CDf =  0.00506    CDp =  0.00229

 Side 1  free  transition at x/c =  0.5915   50
 Side 2  free  transition at x/c =  0.5068   56

 217   rms: 0.4382E-02   max: -.8547E-01   C at   50  1
       a = -3.000      CL = -0.2146
      Cm = -0.0241     CD =  0.00736   =>   CDf =  0.00506    CDp =  0.00229

 Side 1  free  transition at x/c =  0.5915   50
 Side 2  free  transition at x/c =  0.5068   56

 218   rms: 0.4382E-02   max: -.8547E-01   C at   50  1
       a = -3.000      CL = -0.2146
      Cm = -0.0241     CD =  0.00736   =>   CDf =  0.00506    CDp =  0.00229

 Side 1  free  transition at x/c =  0.5915   50
 Side 2  free  transition at x/c =  0.5068   56

 219   rms: 0.4382E-02   max: -.8547E-01   C at   50  1
       a = -3.000      CL = -0.2146
      Cm = -0.0241     CD =  0.00736   =>   CDf =  0.00506    CDp =  0.00229

 Side 1  free  transition at x/c =  0.5915   50
 Side 2  free  transition at x/c =  0.5068   56

 220   rms: 0.4382E-02   max: -.8547E-01   C at   50  1
       a = -3.000      CL = -0.2146
      Cm = -0.0241     CD =  0.00736   =>   CDf =  0.00506    CDp =  0.00229

 Side 1  free  transition at x/c =  0.5915   50
 Side 2  free  transition at x/c =  0.5068   56

 221   rms: 0.4382E-02   max: -.8547E-01   C at   50  1
       a = -3.000      CL = -0.2146
      Cm = -0.0241     CD =  0.00736   =>   CDf =  0.00506    CDp =  0.00229

 Side 1  free  transition at x/c =  0.5915   50
 Side 2  free  transition at x/c =  0.5068   56

 222   rms: 0.4382E-02   max: -.8547E-01   C at   50  1
       a = -3.000      CL = -0.2146
      Cm = -0.0241     CD =  0.00736   =>   CDf =  0.00506    CDp =  0.00229

 Side 1  free  transition at x/c =  0.5915   50
 Side 2  free  transition at x/c =  0.5068   56

 223   rms: 0.4382E-02   max: -.8547E-01   C at   50  1
       a = -3.000      CL = -0.2146
      Cm = -0.0241     CD =  0.00736   =>   CDf =  0.00506    CDp =  0.00229

 Side 1  free  transition at x/c =  0.5915   50
 Side 2  free  transition at x/c =  0.5068   56

 224   rms: 0.4382E-02   max: -.8548E-01   C at   50  1
       a = -3.000      CL = -0.2146
      Cm = -0.0241     CD =  0.00736   =>   CDf =  0.00506    CDp =  0.00229

 Side 1  free  transition at x/c =  0.5915   50
 Side 2  free  transition at x/c =  0.5068   56

 225   rms: 0.4382E-02   max: -.8547E-01   C at   50  1
       a = -3.000      CL = -0.2146
      Cm = -0.0241     CD =  0.00736   =>   CDf =  0.00506    CDp =  0.00229

 Side 1  free  transition at x/c =  0.5915   50
 Side 2  free  transition at x/c =  0.5068   56

 226   rms: 0.4383E-02   max: -.8548E-01   C at   50  1
       a = -3.000      CL = -0.2146
      Cm = -0.0241     CD =  0.00736   =>   CDf =  0.00506    CDp =  0.00229

 Side 1  free  transition at x/c =  0.5915   50
 Side 2  free  transition at x/c =  0.5068   56

 227   rms: 0.4382E-02   max: -.8547E-01   C at   50  1
       a = -3.000      CL = -0.2146
      Cm = -0.0241     CD =  0.00736   =>   CDf =  0.00506    CDp =  0.00229

 Side 1  free  transition at x/c =  0.5915   50
 Side 2  free  transition at x/c =  0.5068   56

 228   rms: 0.4382E-02   max: -.8547E-01   C at   50  1
       a = -3.000      CL = -0.2146
      Cm = -0.0241     CD =  0.00736   =>   CDf =  0.00506    CDp =  0.00229

 Side 1  free  transition at x/c =  0.5915   50
 Side 2  free  transition at x/c =  0.5068   56

 229   rms: 0.4382E-02   max: -.8547E-01   C at   50  1
       a = -3.000      CL = -0.2146
      Cm = -0.0241     CD =  0.00736   =>   CDf =  0.00506    CDp =  0.00229

 Side 1  free  transition at x/c =  0.5915   50
 Side 2  free  transition at x/c =  0.5068   56

 230   rms: 0.4382E-02   max: -.8547E-01   C at   50  1
       a = -3.000      CL = -0.2146
      Cm = -0.0241     CD =  0.00736   =>   CDf =  0.00506    CDp =  0.00229

 Side 1  free  transition at x/c =  0.5915   50
 Side 2  free  transition at x/c =  0.5068   56

 231   rms: 0.4382E-02   max: -.8547E-01   C at   50  1
       a = -3.000      CL = -0.2146
      Cm = -0.0241     CD =  0.00736   =>   CDf =  0.00506    CDp =  0.00229

 Side 1  free  transition at x/c =  0.5915   50
 Side 2  free  transition at x/c =  0.5068   56

 232   rms: 0.4383E-02   max: -.8547E-01   C at   50  1
       a = -3.000      CL = -0.2146
      Cm = -0.0241     CD =  0.00736   =>   CDf =  0.00506    CDp =  0.00229

 Side 1  free  transition at x/c =  0.5915   50
 Side 2  free  transition at x/c =  0.5068   56

 233   rms: 0.4382E-02   max: -.8547E-01   C at   50  1
       a = -3.000      CL = -0.2146
      Cm = -0.0241     CD =  0.00736   =>   CDf =  0.00506    CDp =  0.00229

 Side 1  free  transition at x/c =  0.5915   50
 Side 2  free  transition at x/c =  0.5068   56

 234   rms: 0.4383E-02   max: -.8548E-01   C at   50  1
       a = -3.000      CL = -0.2146
      Cm = -0.0241     CD =  0.00736   =>   CDf =  0.00506    CDp =  0.00229

 Side 1  free  transition at x/c =  0.5915   50
 Side 2  free  transition at x/c =  0.5068   56

 235   rms: 0.4383E-02   max: -.8547E-01   C at   50  1
       a = -3.000      CL = -0.2146
      Cm = -0.0241     CD =  0.00736   =>   CDf =  0.00506    CDp =  0.00229

 Side 1  free  transition at x/c =  0.5915   50
 Side 2  free  transition at x/c =  0.5068   56

 236   rms: 0.4382E-02   max: -.8547E-01   C at   50  1
       a = -3.000      CL = -0.2146
      Cm = -0.0241     CD =  0.00736   =>   CDf =  0.00506    CDp =  0.00229

 Side 1  free  transition at x/c =  0.5915   50
 Side 2  free  transition at x/c =  0.5068   56

 237   rms: 0.4382E-02   max: -.8547E-01   C at   50  1
       a = -3.000      CL = -0.2146
      Cm = -0.0241     CD =  0.00736   =>   CDf =  0.00506    CDp =  0.00229

 Side 1  free  transition at x/c =  0.5915   50
 Side 2  free  transition at x/c =  0.5068   56

 238   rms: 0.4382E-02   max: -.8547E-01   C at   50  1
       a = -3.000      CL = -0.2146
      Cm = -0.0241     CD =  0.00736   =>   CDf =  0.00506    CDp =  0.00229

 Side 1  free  transition at x/c =  0.5915   50
 Side 2  free  transition at x/c =  0.5068   56

 239   rms: 0.4382E-02   max: -.8547E-01   C at   50  1
       a = -3.000      CL = -0.2146
      Cm = -0.0241     CD =  0.00736   =>   CDf =  0.00506    CDp =  0.00229

 Side 1  free  transition at x/c =  0.5915   50
 Side 2  free  transition at x/c =  0.5068   56

 240   rms: 0.4382E-02   max: -.8547E-01   C at   50  1
       a = -3.000      CL = -0.2146
      Cm = -0.0241     CD =  0.00736   =>   CDf =  0.00506    CDp =  0.00229

 Side 1  free  transition at x/c =  0.5915   50
 Side 2  free  transition at x/c =  0.5068   56

 241   rms: 0.4382E-02   max: -.8547E-01   C at   50  1
       a = -3.000      CL = -0.2146
      Cm = -0.0241     CD =  0.00736   =>   CDf =  0.00506    CDp =  0.00229

 Side 1  free  transition at x/c =  0.5915   50
 Side 2  free  transition at x/c =  0.5068   56

 242   rms: 0.4382E-02   max: -.8547E-01   C at   50  1
       a = -3.000      CL = -0.2146
      Cm = -0.0241     CD =  0.00736   =>   CDf =  0.00506    CDp =  0.00229

 Side 1  free  transition at x/c =  0.5915   50
 Side 2  free  transition at x/c =  0.5068   56

 243   rms: 0.4383E-02   max: -.8548E-01   C at   50  1
       a = -3.000      CL = -0.2146
      Cm = -0.0241     CD =  0.00736   =>   CDf =  0.00506    CDp =  0.00229

 Side 1  free  transition at x/c =  0.5915   50
 Side 2  free  transition at x/c =  0.5068   56

 244   rms: 0.4382E-02   max: -.8547E-01   C at   50  1
       a = -3.000      CL = -0.2146
      Cm = -0.0241     CD =  0.00736   =>   CDf =  0.00506    CDp =  0.00229

 Side 1  free  transition at x/c =  0.5915   50
 Side 2  free  transition at x/c =  0.5068   56

 245   rms: 0.4382E-02   max: -.8547E-01   C at   50  1
       a = -3.000      CL = -0.2146
      Cm = -0.0241     CD =  0.00736   =>   CDf =  0.00506    CDp =  0.00229

 Side 1  free  transition at x/c =  0.5915   50
 Side 2  free  transition at x/c =  0.5068   56

 246   rms: 0.4383E-02   max: -.8547E-01   C at   50  1
       a = -3.000      CL = -0.2146
      Cm = -0.0241     CD =  0.00736   =>   CDf =  0.00506    CDp =  0.00229

 Side 1  free  transition at x/c =  0.5915   50
 Side 2  free  transition at x/c =  0.5068   56

 247   rms: 0.4382E-02   max: -.8547E-01   C at   50  1
       a = -3.000      CL = -0.2146
      Cm = -0.0241     CD =  0.00736   =>   CDf =  0.00506    CDp =  0.00229

 Side 1  free  transition at x/c =  0.5915   50
 Side 2  free  transition at x/c =  0.5068   56

 248   rms: 0.4382E-02   max: -.8547E-01   C at   50  1
       a = -3.000      CL = -0.2146
      Cm = -0.0241     CD =  0.00736   =>   CDf =  0.00506    CDp =  0.00229

 Side 1  free  transition at x/c =  0.5915   50
 Side 2  free  transition at x/c =  0.5068   56

 249   rms: 0.4382E-02   max: -.8547E-01   C at   50  1
       a = -3.000      CL = -0.2146
      Cm = -0.0241     CD =  0.00736   =>   CDf =  0.00506    CDp =  0.00229

 Side 1  free  transition at x/c =  0.5915   50
 Side 2  free  transition at x/c =  0.5068   56

 250   rms: 0.4382E-02   max: -.8548E-01   C at   50  1
       a = -3.000      CL = -0.2146
      Cm = -0.0241     CD =  0.00736   =>   CDf =  0.00506    CDp =  0.00229

 Side 1  free  transition at x/c =  0.5915   50
 Side 2  free  transition at x/c =  0.5068   56

 251   rms: 0.4383E-02   max: -.8548E-01   C at   50  1
       a = -3.000      CL = -0.2146
      Cm = -0.0241     CD =  0.00736   =>   CDf =  0.00506    CDp =  0.00229

 Side 1  free  transition at x/c =  0.5915   50
 Side 2  free  transition at x/c =  0.5068   56

 252   rms: 0.4382E-02   max: -.8547E-01   C at   50  1
       a = -3.000      CL = -0.2146
      Cm = -0.0241     CD =  0.00736   =>   CDf =  0.00506    CDp =  0.00229

 Side 1  free  transition at x/c =  0.5915   50
 Side 2  free  transition at x/c =  0.5068   56

 253   rms: 0.4382E-02   max: -.8547E-01   C at   50  1
       a = -3.000      CL = -0.2146
      Cm = -0.0241     CD =  0.00736   =>   CDf =  0.00506    CDp =  0.00229

 Side 1  free  transition at x/c =  0.5915   50
 Side 2  free  transition at x/c =  0.5068   56

 254   rms: 0.4382E-02   max: -.8547E-01   C at   50  1
       a = -3.000      CL = -0.2146
      Cm = -0.0241     CD =  0.00736   =>   CDf =  0.00506    CDp =  0.00229

 Side 1  free  transition at x/c =  0.5915   50
 Side 2  free  transition at x/c =  0.5068   56

 255   rms: 0.4383E-02   max: -.8548E-01   C at   50  1
       a = -3.000      CL = -0.2146
      Cm = -0.0241     CD =  0.00736   =>   CDf =  0.00506    CDp =  0.00229

 Side 1  free  transition at x/c =  0.5915   50
 Side 2  free  transition at x/c =  0.5068   56

 256   rms: 0.4382E-02   max: -.8547E-01   C at   50  1
       a = -3.000      CL = -0.2146
      Cm = -0.0241     CD =  0.00736   =>   CDf =  0.00506    CDp =  0.00229

 Side 1  free  transition at x/c =  0.5915   50
 Side 2  free  transition at x/c =  0.5068   56

 257   rms: 0.4382E-02   max: -.8548E-01   C at   50  1
       a = -3.000      CL = -0.2146
      Cm = -0.0241     CD =  0.00736   =>   CDf =  0.00506    CDp =  0.00229

 Side 1  free  transition at x/c =  0.5915   50
 Side 2  free  transition at x/c =  0.5068   56

 258   rms: 0.4382E-02   max: -.8547E-01   C at   50  1
       a = -3.000      CL = -0.2146
      Cm = -0.0241     CD =  0.00736   =>   CDf =  0.00506    CDp =  0.00229

 Side 1  free  transition at x/c =  0.5915   50
 Side 2  free  transition at x/c =  0.5068   56

 259   rms: 0.4383E-02   max: -.8548E-01   C at   50  1
       a = -3.000      CL = -0.2146
      Cm = -0.0241     CD =  0.00736   =>   CDf =  0.00506    CDp =  0.00229

 Side 1  free  transition at x/c =  0.5915   50
 Side 2  free  transition at x/c =  0.5068   56

 260   rms: 0.4382E-02   max: -.8547E-01   C at   50  1
       a = -3.000      CL = -0.2146
      Cm = -0.0241     CD =  0.00736   =>   CDf =  0.00506    CDp =  0.00229

 Side 1  free  transition at x/c =  0.5915   50
 Side 2  free  transition at x/c =  0.5068   56

 261   rms: 0.4382E-02   max: -.8547E-01   C at   50  1
       a = -3.000      CL = -0.2146
      Cm = -0.0241     CD =  0.00736   =>   CDf =  0.00506    CDp =  0.00229

 Side 1  free  transition at x/c =  0.5915   50
 Side 2  free  transition at x/c =  0.5068   56

 262   rms: 0.4382E-02   max: -.8547E-01   C at   50  1
       a = -3.000      CL = -0.2146
      Cm = -0.0241     CD =  0.00736   =>   CDf =  0.00506    CDp =  0.00229

 Side 1  free  transition at x/c =  0.5915   50
 Side 2  free  transition at x/c =  0.5068   56

 263   rms: 0.4382E-02   max: -.8547E-01   C at   50  1
       a = -3.000      CL = -0.2146
      Cm = -0.0241     CD =  0.00736   =>   CDf =  0.00506    CDp =  0.00229

 Side 1  free  transition at x/c =  0.5915   50
 Side 2  free  transition at x/c =  0.5068   56

 264   rms: 0.4383E-02   max: -.8548E-01   C at   50  1
       a = -3.000      CL = -0.2146
      Cm = -0.0241     CD =  0.00736   =>   CDf =  0.00506    CDp =  0.00229

 Side 1  free  transition at x/c =  0.5915   50
 Side 2  free  transition at x/c =  0.5068   56

 265   rms: 0.4383E-02   max: -.8547E-01   C at   50  1
       a = -3.000      CL = -0.2146
      Cm = -0.0241     CD =  0.00736   =>   CDf =  0.00506    CDp =  0.00229
 VISCAL:  Convergence failed
 Calculating wake trajectory ...
 Calculating source influence matrix ...

 Solving BL system ...

 Side 1  free  transition at x/c =  0.5915   50
 Side 2  free  transition at x/c =  0.5068   56
 idif Ue xi dudx           1  0.16753840      4.08816338E-03   40.981339    
 Uenew xinew           2  5.54536805E-02  1.35314465E-03

   1   rms: 0.1310E+00   max: -.4987E+00   C at   56  2
       a = -4.000      CL = -0.3115
      Cm = -0.0271     CD =  0.00735   =>   CDf =  0.00503    CDp =  0.00232

 Side 1  free  transition at x/c =  0.6074   50
 Side 2  free  transition at x/c =  0.4853   56

   2   rms: 0.2239E-01   max: -.2613E+00   D at   50  1
       a = -4.000      CL = -0.2983
      Cm = -0.0298     CD =  0.00737   =>   CDf =  0.00503    CDp =  0.00234

 Side 1  free  transition at x/c =  0.6113   50
 Side 2  free  transition at x/c =  0.4883   56

   3   rms: 0.2853E-02   max: 0.2456E-01   C at   50  1
       a = -4.000      CL = -0.2947
      Cm = -0.0306     CD =  0.00737   =>   CDf =  0.00497    CDp =  0.00239

 Side 1  free  transition at x/c =  0.6106   50
 Side 2  free  transition at x/c =  0.4883   56

   4   rms: 0.7780E-04   max: -.6263E-03   C at   50  1
       a = -4.000      CL = -0.2946
      Cm = -0.0306     CD =  0.00737   =>   CDf =  0.00498    CDp =  0.00239
 plradd ia,ip,cpol            4           0  5.06032631E-02

 Point added to stored polar  1
 Point written to save file  polar.txt                                       
 Dump file unspecified or not available
 Calculating wake trajectory ...
 Calculating source influence matrix ...

 Solving BL system ...

 Side 1  free  transition at x/c =  0.6106   50
 Side 2  free  transition at x/c =  0.4883   56
 idif Ue xi dudx           1  0.18092656      5.55825233E-03   32.550980    
 Uenew xinew           2  8.78207386E-02  2.69794464E-03

   1   rms: 0.1294E+00   max: -.4524E+00   C at   56  2
       a = -5.000      CL = -0.3877
      Cm = -0.0344     CD =  0.00737   =>   CDf =  0.00493    CDp =  0.00244

 Side 1  free  transition at x/c =  0.6263   50
 Side 2  free  transition at x/c =  0.4713   56

   2   rms: 0.2506E-01   max: -.2756E+00   D at   50  1
       a = -5.000      CL = -0.3769
      Cm = -0.0365     CD =  0.00745   =>   CDf =  0.00493    CDp =  0.00252

 Side 1  free  transition at x/c =  0.6303   50
 Side 2  free  transition at x/c =  0.4715   56

   3   rms: 0.2458E-02   max: 0.3676E-01   C at   50  1
       a = -5.000      CL = -0.3748
      Cm = -0.0370     CD =  0.00745   =>   CDf =  0.00489    CDp =  0.00256

 Side 1  free  transition at x/c =  0.6293   50
 Side 2  free  transition at x/c =  0.4715   56

   4   rms: 0.4298E-04   max: -.7490E-03   C at   50  1
       a = -5.000      CL = -0.3748
      Cm = -0.0370     CD =  0.00745   =>   CDf =  0.00489    CDp =  0.00256
 plradd ia,ip,cpol            5           0  5.06032631E-02

 Point added to stored polar  1
 Point written to save file  polar.txt                                       
 Dump file unspecified or not available
 Calculating wake trajectory ...
 Calculating source influence matrix ...

 Solving BL system ...

 Side 1  free  transition at x/c =  0.6293   50
 Side 2  free  transition at x/c =  0.4715   56
 idif Ue xi dudx           1  0.14747578      6.03902340E-03   24.420467    
 Uenew xinew           2  7.39547685E-02  3.02839279E-03

   1   rms: 0.1365E+00   max: -.6158E+00   C at   56  2   RLX: 0.812
       a = -6.000      CL = -0.4570
      Cm = -0.0385     CD =  0.00745   =>   CDf =  0.00483    CDp =  0.00262

 Side 1  free  transition at x/c =  0.6454   50
 Side 2  free  transition at x/c =  0.4528   56
 idif Ue xi dudx           1  0.10648490      3.64947319E-03   29.178158    
 Uenew xinew           2  1.35340942E-02  4.63843346E-04

   2   rms: 0.2577E-01   max: 0.2164E+00   D at    3  2
       a = -6.000      CL = -0.4637
      Cm = -0.0413     CD =  0.00755   =>   CDf =  0.00474    CDp =  0.00282

 Side 1  free  transition at x/c =  0.6489   49
 Side 2  free  transition at x/c =  0.4516   57

   3   rms: 0.1304E-02   max: -.1483E-01   D at    3  2
       a = -6.000      CL = -0.4642
      Cm = -0.0412     CD =  0.00757   =>   CDf =  0.00477    CDp =  0.00279

 Side 1  free  transition at x/c =  0.6491   49
 Side 2  free  transition at x/c =  0.4515   57

   4   rms: 0.2874E-03   max: -.4011E-02   D at    4  2
       a = -6.000      CL = -0.4642
      Cm = -0.0412     CD =  0.00757   =>   CDf =  0.00477    CDp =  0.00280

 Side 1  free  transition at x/c =  0.6491   49
 Side 2  free  transition at x/c =  0.4515   57

   5   rms: 0.3620E-06   max: 0.2153E-05   D at    4  2
       a = -6.000      CL = -0.4642
      Cm = -0.0412     CD =  0.00757   =>   CDf =  0.00477    CDp =  0.00280
 plradd ia,ip,cpol            6           0  2.98684426E-02

 Point added to stored polar  1
 Point written to save file  polar.txt                                       
 Dump file unspecified or not available
 Calculating wake trajectory ...
 Calculating source influence matrix ...

 Solving BL system ...

 Side 1  free  transition at x/c =  0.6491   49
 Side 2  free  transition at x/c =  0.4515   57
 idif Ue xi dudx           1  0.13761973      5.09023666E-03   27.036018    
 Uenew xinew           2  4.61783484E-02  1.70803070E-03

   1   rms: 0.1353E+00   max: -.3159E+00   D at   57  2   RLX: 0.987
       a = -7.000      CL = -0.5645
      Cm = -0.0429     CD =  0.00769   =>   CDf =  0.00470    CDp =  0.00299

 Side 1  free  transition at x/c =  0.6671   49
 Side 2  free  transition at x/c =  0.3673   54

   2   rms: 0.3977E-01   max: -.5371E+00   C at   54  2   RLX: 0.931
       a = -7.000      CL = -0.5463
      Cm = -0.0467     CD =  0.00800   =>   CDf =  0.00500    CDp =  0.00300

 Side 1  free  transition at x/c =  0.6700   49
 Side 2  free  transition at x/c =  0.3833   55

   3   rms: 0.1295E-01   max: -.1809E+00   C at   55  2
       a = -7.000      CL = -0.5439
      Cm = -0.0471     CD =  0.00803   =>   CDf =  0.00489    CDp =  0.00314

 Side 1  free  transition at x/c =  0.6695   49
 Side 2  free  transition at x/c =  0.3927   55

   4   rms: 0.1688E-02   max: 0.3819E-01   C at   55  2
       a = -7.000      CL = -0.5440
      Cm = -0.0471     CD =  0.00803   =>   CDf =  0.00483    CDp =  0.00320

 Side 1  free  transition at x/c =  0.6695   49
 Side 2  free  transition at x/c =  0.3918   55

   5   rms: 0.2814E-04   max: -.5552E-03   C at   55  2
       a = -7.000      CL = -0.5439
      Cm = -0.0471     CD =  0.00803   =>   CDf =  0.00483    CDp =  0.00320
 plradd ia,ip,cpol            7           0  1.91027932E-02

 Point added to stored polar  1
 Point written to save file  polar.txt                                       
 Dump file unspecified or not available
 Calculating wake trajectory ...
 Calculating source influence matrix ...

 Solving BL system ...

 Side 1  free  transition at x/c =  0.6695   49
 Side 2  free  transition at x/c =  0.3918   55

   1   rms: 0.3285E+00   max: 0.6741E+01   C at   55  2   RLX: 0.223
       a = -8.000      CL = -0.5529
      Cm = -0.0500     CD =  0.00838   =>   CDf =  0.00483    CDp =  0.00355

 Side 1  free  transition at x/c =  0.6724   50
 Side 2  free  transition at x/c =  0.3442   52

   2   rms: 0.2154E+00   max: 0.4452E+01   C at   52  2   RLX: 0.337
       a = -8.000      CL = -0.5644
      Cm = -0.0529     CD =  0.00882   =>   CDf =  0.00506    CDp =  0.00376

 Side 1  free  transition at x/c =  0.6814   50
 Side 2  free  transition at x/c =  0.3111   50
 idif Ue xi dudx           1  0.12044559      4.30512428E-03   27.977262    
 Uenew xinew           2  1.96607076E-02  7.02738762E-04

   3   rms: 0.9938E-01   max: 0.1776E+01   C at   50  2   RLX: 0.845
       a = -8.000      CL = -0.5847
      Cm = -0.0579     CD =  0.00937   =>   CDf =  0.00505    CDp =  0.00432

 Side 1  free  transition at x/c =  0.6892   49
 Side 2  free  transition at x/c =  0.2586   48

   4   rms: 0.2320E-01   max: -.2222E+00   D at    2  2
       a = -8.000      CL = -0.5740
      Cm = -0.0612     CD =  0.00986   =>   CDf =  0.00536    CDp =  0.00450

 Side 1  free  transition at x/c =  0.6913   49
 Side 2  free  transition at x/c =  0.2602   49

   5   rms: 0.3393E-02   max: -.3320E-01   D at    4  2
       a = -8.000      CL = -0.5744
      Cm = -0.0612     CD =  0.00987   =>   CDf =  0.00534    CDp =  0.00453

 Side 1  free  transition at x/c =  0.6913   49
 Side 2  free  transition at x/c =  0.2610   49

   6   rms: 0.1265E-03   max: -.1875E-02   D at   49  2
       a = -8.000      CL = -0.5744
      Cm = -0.0611     CD =  0.00987   =>   CDf =  0.00533    CDp =  0.00454

 Side 1  free  transition at x/c =  0.6913   49
 Side 2  free  transition at x/c =  0.2609   49

   7   rms: 0.1155E-05   max: 0.4123E-05   D at   84  2
       a = -8.000      CL = -0.5744
      Cm = -0.0611     CD =  0.00987   =>   CDf =  0.00533    CDp =  0.00454
 plradd ia,ip,cpol            8           0  8.91487300E-03

 Point added to stored polar  1
 Point written to save file  polar.txt                                       
 Dump file unspecified or not available
 Calculating wake trajectory ...
 Calculating source influence matrix ...

 Solving BL system ...

 Side 1  free  transition at x/c =  0.6913   49
 Side 2  free  transition at x/c =  0.2609   49

   1   rms: 0.2169E+00   max: -.1963E+01   D at   49  2   RLX: 0.255
       a = -9.000      CL = -0.5812
      Cm = -0.0646     CD =  0.01043   =>   CDf =  0.00532    CDp =  0.00511

 Side 1  free  transition at x/c =  0.6970   50
 Side 2  free  transition at x/c =  0.2351   47
 idif Ue xi dudx           1  6.33878335E-02  3.88026237E-03   16.335966    
 Uenew xinew           2  5.16060740E-04  3.15904617E-05

   2   rms: 0.1779E+00   max: 0.3099E+01   C at   47  2   RLX: 0.484
       a = -9.000      CL = -0.5969
      Cm = -0.0682     CD =  0.01099   =>   CDf =  0.00530    CDp =  0.00569

 Side 1  free  transition at x/c =  0.7057   49
 Side 2  free  transition at x/c =  0.1994   46

   3   rms: 0.2278E+00   max: -.3728E+01   T at    2  2   RLX: 0.134
       a = -9.000      CL = -0.5990
      Cm = -0.0683     CD =  0.01121   =>   CDf =  0.00552    CDp =  0.00569

 Side 1  free  transition at x/c =  0.7070   49
 Side 2  free  transition at x/c =  0.1947   46

   4   rms: 0.7535E-01   max: 0.6670E+00   C at   46  2   RLX: 0.813
       a = -9.000      CL = -0.6016
      Cm = -0.0723     CD =  0.01200   =>   CDf =  0.00554    CDp =  0.00646

 Side 1  free  transition at x/c =  0.7120   50
 Side 2  free  transition at x/c =  0.1741   44

   5   rms: 0.1551E-01   max: 0.1137E+00   C at   44  2
       a = -9.000      CL = -0.6086
      Cm = -0.0721     CD =  0.01204   =>   CDf =  0.00563    CDp =  0.00641

 Side 1  free  transition at x/c =  0.7182   50
 Side 2  free  transition at x/c =  0.1705   44

   6   rms: 0.3252E-02   max: -.4244E-01   D at   50  1
       a = -9.000      CL = -0.6078
      Cm = -0.0722     CD =  0.01206   =>   CDf =  0.00559    CDp =  0.00647

 Side 1  free  transition at x/c =  0.7165   50
 Side 2  free  transition at x/c =  0.1709   44

   7   rms: 0.7250E-04   max: -.8910E-03   D at   50  1
       a = -9.000      CL = -0.6079
      Cm = -0.0722     CD =  0.01206   =>   CDf =  0.00560    CDp =  0.00646
 plradd ia,ip,cpol            9           0  8.91487300E-03

 Point added to stored polar  1
 Point written to save file  polar.txt                                       
 Dump file unspecified or not available
 Calculating wake trajectory ...
 Calculating source influence matrix ...

 Solving BL system ...

 Side 1  free  transition at x/c =  0.7164   50
 Side 2  free  transition at x/c =  0.1709   44

   1   rms: 0.1857E+00   max: 0.2789E+01   C at   44  2   RLX: 0.538
       a =-10.000      CL = -0.6386
      Cm = -0.0756     CD =  0.01298   =>   CDf =  0.00560    CDp =  0.00739

 Side 1  free  transition at x/c =  0.7285   50
 Side 2  free  transition at x/c =  0.1377   42
 idif Ue xi dudx           1  0.12240414      4.34052944E-03   28.200279    
 Uenew xinew           2  6.19567791E-03  2.19702721E-04

   2   rms: 0.8224E-01   max: 0.7039E+00   C at   42  2
       a =-10.000      CL = -0.6523
      Cm = -0.0794     CD =  0.01459   =>   CDf =  0.00559    CDp =  0.00901

 Side 1  free  transition at x/c =  0.7429   50
 Side 2  free  transition at x/c =  0.1163   41

   3   rms: 0.2217E-01   max: -.2634E+00   D at    2  2
       a =-10.000      CL = -0.6477
      Cm = -0.0795     CD =  0.01490   =>   CDf =  0.00574    CDp =  0.00916

 Side 1  free  transition at x/c =  0.7452   50
 Side 2  free  transition at x/c =  0.1178   42

   4   rms: 0.3217E-02   max: -.2747E-01   D at   41  2
       a =-10.000      CL = -0.6488
      Cm = -0.0794     CD =  0.01484   =>   CDf =  0.00569    CDp =  0.00915

 Side 1  free  transition at x/c =  0.7451   50
 Side 2  free  transition at x/c =  0.1187   42

   5   rms: 0.2968E-03   max: -.5615E-02   D at   42  2
       a =-10.000      CL = -0.6488
      Cm = -0.0794     CD =  0.01484   =>   CDf =  0.00569    CDp =  0.00916

 Side 1  free  transition at x/c =  0.7451   50
 Side 2  free  transition at x/c =  0.1186   42

   6   rms: 0.3152E-05   max: -.5328E-04   D at   42  2
       a =-10.000      CL = -0.6488
      Cm = -0.0794     CD =  0.01484   =>   CDf =  0.00569    CDp =  0.00916
 plradd ia,ip,cpol           10           0  8.91487300E-03

 Point added to stored polar  1
 Point written to save file  polar.txt                                       
 Dump file unspecified or not available
 Calculating wake trajectory ...
 Calculating source influence matrix ...

 Solving BL system ...

 Side 1  free  transition at x/c =  0.7451   50
 Side 2  free  transition at x/c =  0.1186   42

   1   rms: 0.1775E+00   max: -.1362E+01   D at   42  2   RLX: 0.367
       a =-11.000      CL = -0.6633
      Cm = -0.0815     CD =  0.01609   =>   CDf =  0.00569    CDp =  0.01041

 Side 1  free  transition at x/c =  0.7530   51
 Side 2  free  transition at x/c =  0.1059   41

   2   rms: 0.1077E+00   max: -.5716E+00   D at   41  2   RLX: 0.875
       a =-11.000      CL = -0.6914
      Cm = -0.0838     CD =  0.01780   =>   CDf =  0.00572    CDp =  0.01208

 Side 1  free  transition at x/c =  0.7761   52
 Side 2  free  transition at x/c =  0.0904   39
 idif Ue xi dudx           1  8.81744325E-02  4.69756126E-03   18.770258    
 Uenew xinew           2  5.24267135E-03  2.79307365E-04

   3   rms: 0.1818E-01   max: -.1308E+00   C at   52  1
       a =-11.000      CL = -0.6971
      Cm = -0.0838     CD =  0.01803   =>   CDf =  0.00552    CDp =  0.01252

 Side 1  free  transition at x/c =  0.7801   51
 Side 2  free  transition at x/c =  0.0892   40

   4   rms: 0.4698E-02   max: -.8232E-01   T at    2  2
       a =-11.000      CL = -0.6969
      Cm = -0.0839     CD =  0.01802   =>   CDf =  0.00563    CDp =  0.01239

 Side 1  free  transition at x/c =  0.7799   51
 Side 2  free  transition at x/c =  0.0892   40

   5   rms: 0.1008E-02   max: -.1134E-01   D at    4  2
       a =-11.000      CL = -0.6969
      Cm = -0.0839     CD =  0.01802   =>   CDf =  0.00563    CDp =  0.01239

 Side 1  free  transition at x/c =  0.7799   51
 Side 2  free  transition at x/c =  0.0892   40

   6   rms: 0.1255E-05   max: -.9824E-05   C at   51  1
       a =-11.000      CL = -0.6969
      Cm = -0.0839     CD =  0.01802   =>   CDf =  0.00563    CDp =  0.01239
 plradd ia,ip,cpol           11           0  5.29714068E-03

 Point added to stored polar  1
 Point written to save file  polar.txt                                       
 Dump file unspecified or not available
 Calculating wake trajectory ...
 Calculating source influence matrix ...

 Solving BL system ...

 Side 1  free  transition at x/c =  0.7799   51
 Side 2  free  transition at x/c =  0.0892   40

   1   rms: 0.1640E+00   max: 0.1276E+01   C at   40  2   RLX: 0.449
       a =-12.000      CL = -0.7199
      Cm = -0.0854     CD =  0.01952   =>   CDf =  0.00563    CDp =  0.01389

 Side 1  free  transition at x/c =  0.7896   52
 Side 2  free  transition at x/c =  0.0788   39
 idif Ue xi dudx           1  8.10949653E-02  5.58888912E-03   14.510033    
 Uenew xinew           2  1.21513577E-02  8.37445259E-04

   2   rms: 0.9156E-01   max: -.5443E+00   C at   52  1   RLX: 0.919
       a =-12.000      CL = -0.7480
      Cm = -0.0864     CD =  0.02124   =>   CDf =  0.00551    CDp =  0.01573

 Side 1  free  transition at x/c =  0.8332   53
 Side 2  free  transition at x/c =  0.0699   39

   3   rms: 0.1986E-01   max: -.3222E+00   C at   53  1
       a =-12.000      CL = -0.7437
      Cm = -0.0875     CD =  0.02159   =>   CDf =  0.00551    CDp =  0.01608

 Side 1  free  transition at x/c =  0.8299   53
 Side 2  free  transition at x/c =  0.0698   39

   4   rms: 0.1545E-02   max: 0.1696E-01   D at   75  2
       a =-12.000      CL = -0.7426
      Cm = -0.0876     CD =  0.02162   =>   CDf =  0.00547    CDp =  0.01615

 Side 1  free  transition at x/c =  0.8297   53
 Side 2  free  transition at x/c =  0.0698   39

   5   rms: 0.2946E-04   max: -.3855E-03   D at   75  2
       a =-12.000      CL = -0.7426
      Cm = -0.0876     CD =  0.02162   =>   CDf =  0.00547    CDp =  0.01615
 plradd ia,ip,cpol           12           0  3.83087946E-03

 Point added to stored polar  1
 Point written to save file  polar.txt                                       
 Dump file unspecified or not available
 Calculating wake trajectory ...
 Calculating source influence matrix ...

 Solving BL system ...

 Side 1  free  transition at x/c =  0.8297   53
 Side 2  free  transition at x/c =  0.0698   39

   1   rms: 0.1535E+00   max: -.1636E+01   C at   53  1   RLX: 0.306
       a =-13.000      CL = -0.7591
      Cm = -0.0884     CD =  0.02268   =>   CDf =  0.00547    CDp =  0.01721

 Side 1  free  transition at x/c =  0.8514   55
 Side 2  free  transition at x/c =  0.0652   38

   2   rms: 0.1287E+00   max: -.2112E+01   C at   55  1   RLX: 0.237
       a =-13.000      CL = -0.7681
      Cm = -0.0887     CD =  0.02316   =>   CDf =  0.00539    CDp =  0.01777

 Side 1  free  transition at x/c =  0.8624   56
 Side 2  free  transition at x/c =  0.0634   38

   3   rms: 0.9809E-01   max: -.1479E+01   C at   56  1   RLX: 0.338
       a =-13.000      CL = -0.7760
      Cm = -0.0892     CD =  0.02386   =>   CDf =  0.00533    CDp =  0.01853

 Side 1  free  transition at x/c =  0.8719   57
 Side 2  free  transition at x/c =  0.0598   38

   4   rms: 0.6845E-01   max: -.7109E+00   C at   57  1   RLX: 0.703
       a =-13.000      CL = -0.7832
      Cm = -0.0902     CD =  0.02505   =>   CDf =  0.00534    CDp =  0.01971

 Side 1  free  transition at x/c =  0.8867   57
 Side 2  free  transition at x/c =  0.0567   37

   5   rms: 0.1962E-01   max: -.2116E+00   C at   57  1
       a =-13.000      CL = -0.7858
      Cm = -0.0910     CD =  0.02557   =>   CDf =  0.00529    CDp =  0.02028

 Side 1  free  transition at x/c =  0.9167   59
 Side 2  free  transition at x/c =  0.0553   37

   6   rms: 0.1598E-01   max: -.2959E+00   C at   59  1
       a =-13.000      CL = -0.7874
      Cm = -0.0908     CD =  0.02544   =>   CDf =  0.00516    CDp =  0.02028

 Side 1  free  transition at x/c =  0.9043   59
 Side 2  free  transition at x/c =  0.0552   37

   7   rms: 0.5411E-02   max: -.7989E-01   C at   59  1
       a =-13.000      CL = -0.7859
      Cm = -0.0910     CD =  0.02546   =>   CDf =  0.00518    CDp =  0.02028

 Side 1  free  transition at x/c =  0.9064   59
 Side 2  free  transition at x/c =  0.0553   37

   8   rms: 0.2594E-03   max: -.5371E-02   D at   60  1
       a =-13.000      CL = -0.7858
      Cm = -0.0911     CD =  0.02546   =>   CDf =  0.00517    CDp =  0.02029

 Side 1  free  transition at x/c =  0.9063   59
 Side 2  free  transition at x/c =  0.0553   37

   9   rms: 0.2847E-05   max: -.1324E-04   D at   60  1
       a =-13.000      CL = -0.7858
      Cm = -0.0911     CD =  0.02546   =>   CDf =  0.00517    CDp =  0.02029
 plradd ia,ip,cpol           13           0  3.83087946E-03

 Point added to stored polar  1
 Point written to save file  polar.txt                                       
 Dump file unspecified or not available
 Calculating wake trajectory ...
 Calculating source influence matrix ...

 Solving BL system ...

 Side 1  free  transition at x/c =  0.9063   59
 Side 2  free  transition at x/c =  0.0553   37
 idif Ue xi dudx           1  0.10146135      5.36334515E-03   18.917551    
 Uenew xinew           2  4.01867321E-03  2.12430954E-04

   1   rms: 0.1590E+00   max: -.1773E+01   C at   59  1   RLX: 0.282
       a =-14.000      CL = -0.8015
      Cm = -0.0915     CD =  0.02654   =>   CDf =  0.00497    CDp =  0.02157

 Side 1  free  transition at x/c =  0.9164   58
 Side 2  free  transition at x/c =  0.0515   38

   2   rms: 0.2371E+00   max: 0.3669E+01   T at    2  2   RLX: 0.259
       a =-14.000      CL = -0.8082
      Cm = -0.0914     CD =  0.02756   =>   CDf =  0.00518    CDp =  0.02238

 Side 1  free  transition at x/c =  0.9316   59
 Side 2  free  transition at x/c =  0.0502   37

   3   rms: 0.6547E-01   max: 0.1958E+00   D at   72  2
       a =-14.000      CL = -0.8320
      Cm = -0.0937     CD =  0.02970   =>   CDf =  0.00510    CDp =  0.02461

 MRCHDU: Convergence failed at  64  side 1    Res =  0.1020E+01
 Side 1 forced transition at x/c =  1.0000   65
 Side 2  free  transition at x/c =  0.0443   36
 idif Ue xi dudx           1  8.23236555E-02  6.61021471E-03   12.454006    
 Uenew xinew           2  1.21858697E-02  9.78469849E-04

   4   rms: 0.8726E-01   max: 0.1125E+01   D at   64  1
       a =-14.000      CL = -0.9147
      Cm = -0.0759     CD =  0.03113   =>   CDf =  0.00479    CDp =  0.02634

 Side 1  free  transition at x/c =  0.9271   58
 Side 2  free  transition at x/c =  0.0406   37

   5   rms: 0.1110E+00   max: -.9636E+00   D at   63  1   RLX: 0.519
       a =-14.000      CL = -0.8503
      Cm = -0.0892     CD =  0.03002   =>   CDf =  0.00534    CDp =  0.02468

 Side 1  free  transition at x/c =  0.9501   61
 Side 2  free  transition at x/c =  0.0436   36

   6   rms: 0.3624E-01   max: -.5221E+00   C at   61  1   RLX: 0.958
       a =-14.000      CL = -0.8493
      Cm = -0.0891     CD =  0.03009   =>   CDf =  0.00503    CDp =  0.02506

 Side 1  free  transition at x/c =  0.9698   62
 Side 2  free  transition at x/c =  0.0441   36

   7   rms: 0.5052E-01   max: 0.9692E+00   C at   62  1
       a =-14.000      CL = -0.8547
      Cm = -0.0880     CD =  0.03020   =>   CDf =  0.00496    CDp =  0.02524

 Side 1  free  transition at x/c =  0.9582   61
 Side 2  free  transition at x/c =  0.0438   36

   8   rms: 0.1375E-02   max: 0.1782E-01   D at   62  1
       a =-14.000      CL = -0.8561
      Cm = -0.0877     CD =  0.03022   =>   CDf =  0.00498    CDp =  0.02524

 Side 1  free  transition at x/c =  0.9580   61
 Side 2  free  transition at x/c =  0.0438   36

   9   rms: 0.9155E-05   max: -.1077E-03   D at   62  1
       a =-14.000      CL = -0.8561
      Cm = -0.0877     CD =  0.03022   =>   CDf =  0.00498    CDp =  0.02524
 plradd ia,ip,cpol           14           0  3.83087946E-03

 Point added to stored polar  1
 Point written to save file  polar.txt                                       
 Dump file unspecified or not available
 Calculating wake trajectory ...
 Calculating source influence matrix ...

 Solving BL system ...

 Side 1  free  transition at x/c =  0.9580   61
 Side 2  free  transition at x/c =  0.0438   36
 idif Ue xi dudx           1  9.42752734E-02  7.90429115E-03   11.927100    
 Uenew xinew           2  2.71048881E-02  2.27254629E-03

   1   rms: 0.1677E+00   max: -.1264E+01   C at   61  1   RLX: 0.396
       a =-15.000      CL = -0.9037
      Cm = -0.0825     CD =  0.03235   =>   CDf =  0.00479    CDp =  0.02756

 Side 1  free  transition at x/c =  0.9639   61
 Side 2  free  transition at x/c =  0.0401   37

   2   rms: 0.9923E-01   max: 0.5086E+00   D at   62  1
       a =-15.000      CL = -0.9669
      Cm = -0.0741     CD =  0.03688   =>   CDf =  0.00496    CDp =  0.03192

 Side 1  free  transition at x/c =  0.9694   61
 Side 2  free  transition at x/c =  0.0358   36

   3   rms: 0.2119E-01   max: -.2316E+00   C at   61  1
       a =-15.000      CL = -0.9497
      Cm = -0.0778     CD =  0.03641   =>   CDf =  0.00489    CDp =  0.03151

 Side 1  free  transition at x/c =  0.9757   62
 Side 2  free  transition at x/c =  0.0354   36

   4   rms: 0.7745E-02   max: -.8341E-01   D at   63  1
       a =-15.000      CL = -0.9476
      Cm = -0.0782     CD =  0.03642   =>   CDf =  0.00489    CDp =  0.03153

 Side 1  free  transition at x/c =  0.9809   62
 Side 2  free  transition at x/c =  0.0354   36

   5   rms: 0.1747E-02   max: -.2237E-01   D at   63  1
       a =-15.000      CL = -0.9464
      Cm = -0.0784     CD =  0.03641   =>   CDf =  0.00489    CDp =  0.03152

 Side 1  free  transition at x/c =  0.9823   62
 Side 2  free  transition at x/c =  0.0355   36

   6   rms: 0.8834E-04   max: 0.4476E-03   C at   62  1
       a =-15.000      CL = -0.9463
      Cm = -0.0784     CD =  0.03641   =>   CDf =  0.00489    CDp =  0.03152
 plradd ia,ip,cpol           15           0  3.83087946E-03

 Point added to stored polar  1
 Point written to save file  polar.txt                                       
 Dump file unspecified or not available
 Calculating wake trajectory ...
 Calculating source influence matrix ...

 Solving BL system ...

 Side 1  free  transition at x/c =  0.9823   62
 Side 2  free  transition at x/c =  0.0355   36
 idif Ue xi dudx           1  0.10275581      8.01885128E-03   12.814281    
 Uenew xinew           2  2.34720521E-02  1.83171034E-03

   1   rms: 0.1581E+00   max: 0.1250E+01   C at   62  1   RLX: 0.561
       a =-16.000      CL = -0.9588
      Cm = -0.0795     CD =  0.04092   =>   CDf =  0.00469    CDp =  0.03623

 Side 1 forced transition at x/c =  1.0000   63
 Side 2  free  transition at x/c =  0.0298   35

   2   rms: 0.7499E-01   max: 0.7800E+00   D at   62  1
       a =-16.000      CL = -0.9875
      Cm = -0.0786     CD =  0.04275   =>   CDf =  0.00491    CDp =  0.03784

 Side 1 forced transition at x/c =  1.0000   63
 Side 2  free  transition at x/c =  0.0267   35

   3   rms: 0.4659E-01   max: 0.6499E+00   D at   62  1
       a =-16.000      CL = -1.0137
      Cm = -0.0709     CD =  0.04432   =>   CDf =  0.00491    CDp =  0.03941

 Side 1 forced transition at x/c =  1.0000   63
 Side 2  free  transition at x/c =  0.0256   34

   4   rms: 0.2653E-01   max: 0.3173E+00   D at   61  1
       a =-16.000      CL = -1.0244
      Cm = -0.0691     CD =  0.04429   =>   CDf =  0.00488    CDp =  0.03941

 Side 1  free  transition at x/c =  0.9853   62
 Side 2  free  transition at x/c =  0.0255   34

   5   rms: 0.1033E+01   max: -.1919E+02   C at   62  1   RLX: 0.026
       a =-16.000      CL = -1.0326
      Cm = -0.0671     CD =  0.04442   =>   CDf =  0.00487    CDp =  0.03954

 Side 1  free  transition at x/c =  0.9721   60
 Side 2  free  transition at x/c =  0.0253   34

   6   rms: 0.7734E-01   max: -.7053E+00   T at   60  1   RLX: 0.709
       a =-16.000      CL = -0.9816
      Cm = -0.0784     CD =  0.04327   =>   CDf =  0.00487    CDp =  0.03841

 Side 1 forced transition at x/c =  1.0000   63
 Side 2  free  transition at x/c =  0.0262   34

   7   rms: 0.4908E-01   max: 0.9329E+00   D at   62  1
       a =-16.000      CL = -0.9929
      Cm = -0.0759     CD =  0.04344   =>   CDf =  0.00490    CDp =  0.03853

 Side 1 forced transition at x/c =  1.0000   63
 Side 2  free  transition at x/c =  0.0261   34

   8   rms: 0.3954E-01   max: 0.5110E+00   D at   62  1
       a =-16.000      CL = -1.0189
      Cm = -0.0702     CD =  0.04414   =>   CDf =  0.00490    CDp =  0.03924

 Side 1  free  transition at x/c =  0.9985   63
 Side 2  free  transition at x/c =  0.0256   34

   9   rms: 0.1214E-01   max: -.2119E+00   D at   63  1
       a =-16.000      CL = -1.0058
      Cm = -0.0735     CD =  0.04369   =>   CDf =  0.00488    CDp =  0.03881

 Side 1  free  transition at x/c =  0.9989   63
 Side 2  free  transition at x/c =  0.0258   34

  10   rms: 0.1447E-02   max: 0.6664E-02   D at   70  2
       a =-16.000      CL = -1.0045
      Cm = -0.0735     CD =  0.04384   =>   CDf =  0.00488    CDp =  0.03896

 Side 1  free  transition at x/c =  0.9989   63
 Side 2  free  transition at x/c =  0.0259   34

  11   rms: 0.8667E-04   max: 0.3806E-03   D at  111  2
       a =-16.000      CL = -1.0044
      Cm = -0.0735     CD =  0.04384   =>   CDf =  0.00488    CDp =  0.03896
 plradd ia,ip,cpol           16           0  3.83087946E-03

 Point added to stored polar  1
 Point written to save file  polar.txt                                       
 Dump file unspecified or not available
 Calculating wake trajectory ...
 Calculating source influence matrix ...

 Solving BL system ...

 Side 1  free  transition at x/c =  0.9989   63
 Side 2  free  transition at x/c =  0.0259   34
 idif Ue xi dudx           1  0.10228386      8.65948200E-03   11.811775    
 Uenew xinew           2  2.18870919E-02  1.85298920E-03

   1   rms: 0.1347E+00   max: 0.3611E+00   T at   34  2   RLX: 0.558
       a =-17.000      CL = -1.0512
      Cm = -0.0687     CD =  0.04769   =>   CDf =  0.00465    CDp =  0.04304

 Side 1 forced transition at x/c =  1.0000   62
 Side 2  free  transition at x/c =  0.0228   35

   2   rms: 0.6557E-01   max: -.3633E+00   D at   59  1
       a =-17.000      CL = -1.0285
      Cm = -0.0732     CD =  0.05218   =>   CDf =  0.00487    CDp =  0.04731

 Side 1 forced transition at x/c =  1.0000   62
 Side 2  free  transition at x/c =  0.0216   34

   3   rms: 0.2238E-01   max: -.2593E+00   D at   34  2
       a =-17.000      CL = -1.0345
      Cm = -0.0726     CD =  0.05116   =>   CDf =  0.00478    CDp =  0.04638

 Side 1 forced transition at x/c =  1.0000   62
 Side 2  free  transition at x/c =  0.0221   34

   4   rms: 0.2961E-02   max: 0.2512E-01   D at   60  1
       a =-17.000      CL = -1.0358
      Cm = -0.0725     CD =  0.05110   =>   CDf =  0.00477    CDp =  0.04633

 Side 1 forced transition at x/c =  1.0000   62
 Side 2  free  transition at x/c =  0.0220   34

   5   rms: 0.2209E-03   max: -.9443E-03   D at   70  2
       a =-17.000      CL = -1.0359
      Cm = -0.0725     CD =  0.05111   =>   CDf =  0.00477    CDp =  0.04634

 Side 1 forced transition at x/c =  1.0000   62
 Side 2  free  transition at x/c =  0.0220   34

   6   rms: 0.1551E-04   max: -.8297E-04   D at  116  2
       a =-17.000      CL = -1.0359
      Cm = -0.0725     CD =  0.05112   =>   CDf =  0.00477    CDp =  0.04634
 plradd ia,ip,cpol           17           0  3.83087946E-03

 Point added to stored polar  1
 Point written to save file  polar.txt                                       
 Dump file unspecified or not available
 Calculating wake trajectory ...
 Calculating source influence matrix ...

 Solving BL system ...

 Side 1 forced transition at x/c =  1.0000   62
 Side 2  free  transition at x/c =  0.0220   34

   1   rms: 0.1059E+00   max: 0.3450E+00   D at   68  2   RLX: 0.478
       a =-18.000      CL = -1.0493
      Cm = -0.0734     CD =  0.05454   =>   CDf =  0.00478    CDp =  0.04975

 Side 1 forced transition at x/c =  1.0000   62
 Side 2  free  transition at x/c =  0.0217   34
 idif Ue xi dudx           1  8.03875849E-02  7.63189793E-03   10.533105    
 Uenew xinew           2  1.54632551E-03  1.46806240E-04

   2   rms: 0.5766E-01   max: 0.2642E+00   D at   69  2
       a =-18.000      CL = -1.0565
      Cm = -0.0741     CD =  0.05882   =>   CDf =  0.00447    CDp =  0.05435

 Side 1 forced transition at x/c =  1.0000   61
 Side 2  free  transition at x/c =  0.0210   35

   3   rms: 0.4918E-02   max: 0.4441E-01   D at  114  2
       a =-18.000      CL = -1.0546
      Cm = -0.0742     CD =  0.05817   =>   CDf =  0.00463    CDp =  0.05354

 Side 1 forced transition at x/c =  1.0000   61
 Side 2  free  transition at x/c =  0.0210   35

   4   rms: 0.1417E-02   max: 0.1435E-01   D at   69  2
       a =-18.000      CL = -1.0537
      Cm = -0.0742     CD =  0.05827   =>   CDf =  0.00463    CDp =  0.05364

 Side 1 forced transition at x/c =  1.0000   61
 Side 2  free  transition at x/c =  0.0210   35

   5   rms: 0.1581E-03   max: 0.8610E-03   D at   69  2
       a =-18.000      CL = -1.0536
      Cm = -0.0742     CD =  0.05826   =>   CDf =  0.00463    CDp =  0.05363

 Side 1 forced transition at x/c =  1.0000   61
 Side 2  free  transition at x/c =  0.0210   35

   6   rms: 0.7911E-05   max: 0.5405E-04   D at  114  2
       a =-18.000      CL = -1.0536
      Cm = -0.0742     CD =  0.05826   =>   CDf =  0.00463    CDp =  0.05363
 plradd ia,ip,cpol           18           0  3.83087946E-03

 Point added to stored polar  1
 Point written to save file  polar.txt                                       
 Dump file unspecified or not available
 Calculating wake trajectory ...
 Calculating source influence matrix ...

 Solving BL system ...

 Side 1 forced transition at x/c =  1.0000   61
 Side 2  free  transition at x/c =  0.0210   35

   1   rms: 0.1116E+00   max: 0.4857E+00   D at   68  2   RLX: 0.425
       a =-19.000      CL = -1.0573
      Cm = -0.0743     CD =  0.06261   =>   CDf =  0.00464    CDp =  0.05797

 Side 1 forced transition at x/c =  1.0000   61
 Side 2  free  transition at x/c =  0.0201   35

   2   rms: 0.6311E-01   max: 0.2873E+00   D at   68  2
       a =-19.000      CL = -1.0628
      Cm = -0.0744     CD =  0.06789   =>   CDf =  0.00458    CDp =  0.06330

 Side 1 forced transition at x/c =  1.0000   61
 Side 2  free  transition at x/c =  0.0190   34

   3   rms: 0.1447E-01   max: -.1282E+00   D at   34  2
       a =-19.000      CL = -1.0585
      Cm = -0.0743     CD =  0.06758   =>   CDf =  0.00448    CDp =  0.06310

 Side 1 forced transition at x/c =  1.0000   61
 Side 2  free  transition at x/c =  0.0191   34

   4   rms: 0.1093E-02   max: -.1301E-01   D at   68  2
       a =-19.000      CL = -1.0588
      Cm = -0.0744     CD =  0.06737   =>   CDf =  0.00447    CDp =  0.06290

 Side 1 forced transition at x/c =  1.0000   61
 Side 2  free  transition at x/c =  0.0191   34

   5   rms: 0.9272E-04   max: -.4188E-03   D at  117  2
       a =-19.000      CL = -1.0588
      Cm = -0.0744     CD =  0.06738   =>   CDf =  0.00448    CDp =  0.06291
 plradd ia,ip,cpol           19           0  1.59942429E-03

 Point added to stored polar  1
 Point written to save file  polar.txt                                       
 Dump file unspecified or not available
 Calculating wake trajectory ...
 Calculating source influence matrix ...

 Solving BL system ...

 Side 1 forced transition at x/c =  1.0000   61
 Side 2  free  transition at x/c =  0.0191   34

   1   rms: 0.9780E-01   max: 0.3690E+00   D at   66  2   RLX: 0.391
       a =-20.000      CL = -1.0690
      Cm = -0.0741     CD =  0.07085   =>   CDf =  0.00449    CDp =  0.06636

 Side 1 forced transition at x/c =  1.0000   61
 Side 2  free  transition at x/c =  0.0186   34
 idif Ue xi dudx           1  7.89118335E-02  8.75210762E-03   9.0163231    
 Uenew xinew           2  4.92809294E-03  5.46574593E-04

   2   rms: 0.6394E-01   max: 0.3297E+00   D at   67  2
       a =-20.000      CL = -1.0728
      Cm = -0.0729     CD =  0.07774   =>   CDf =  0.00416    CDp =  0.07358

 Side 1 forced transition at x/c =  1.0000   60
 Side 2  free  transition at x/c =  0.0178   35

   3   rms: 0.9658E-02   max: 0.1331E+00   D at   67  2
       a =-20.000      CL = -1.0669
      Cm = -0.0731     CD =  0.07713   =>   CDf =  0.00430    CDp =  0.07283

 Side 1 forced transition at x/c =  1.0000   60
 Side 2  free  transition at x/c =  0.0179   35

   4   rms: 0.2199E-02   max: -.1940E-01   D at   67  2
       a =-20.000      CL = -1.0683
      Cm = -0.0732     CD =  0.07674   =>   CDf =  0.00429    CDp =  0.07245

 Side 1 forced transition at x/c =  1.0000   60
 Side 2  free  transition at x/c =  0.0179   35

   5   rms: 0.2275E-03   max: -.1027E-02   D at  119  2
       a =-20.000      CL = -1.0685
      Cm = -0.0732     CD =  0.07677   =>   CDf =  0.00429    CDp =  0.07248

 Side 1 forced transition at x/c =  1.0000   60
 Side 2  free  transition at x/c =  0.0179   35

   6   rms: 0.1096E-04   max: -.9417E-04   D at  117  2
       a =-20.000      CL = -1.0685
      Cm = -0.0732     CD =  0.07677   =>   CDf =  0.00429    CDp =  0.07248
 plradd ia,ip,cpol           20           0 -1.71368287E-04

 Point added to stored polar  1
 Point written to save file  polar.txt                                       
 Dump file unspecified or not available
 Calculating wake trajectory ...
 Calculating source influence matrix ...

 Solving BL system ...

 Side 1 forced transition at x/c =  1.0000   60
 Side 2  free  transition at x/c =  0.0179   35

   1   rms: 0.1001E+00   max: 0.4644E+00   D at   65  2   RLX: 0.355
       a =-21.000      CL = -1.0727
      Cm = -0.0724     CD =  0.08091   =>   CDf =  0.00430    CDp =  0.07661

 Side 1 forced transition at x/c =  1.0000   60
 Side 2  free  transition at x/c =  0.0174   35

   2   rms: 0.7505E-01   max: 0.4526E+00   D at   66  2
       a =-21.000      CL = -1.0632
      Cm = -0.0699     CD =  0.09083   =>   CDf =  0.00425    CDp =  0.08658

 Side 1 forced transition at x/c =  1.0000   60
 Side 2  free  transition at x/c =  0.0167   35

   3   rms: 0.1701E-01   max: 0.2299E+00   D at   65  2
       a =-21.000      CL = -1.0537
      Cm = -0.0700     CD =  0.09018   =>   CDf =  0.00411    CDp =  0.08607

 Side 1 forced transition at x/c =  1.0000   60
 Side 2  free  transition at x/c =  0.0166   35

   4   rms: 0.4599E-02   max: -.4260E-01   D at   65  2
       a =-21.000      CL = -1.0567
      Cm = -0.0703     CD =  0.08922   =>   CDf =  0.00408    CDp =  0.08513

 Side 1 forced transition at x/c =  1.0000   60
 Side 2  free  transition at x/c =  0.0166   35

   5   rms: 0.3803E-03   max: -.1941E-02   D at  120  2
       a =-21.000      CL = -1.0569
      Cm = -0.0703     CD =  0.08929   =>   CDf =  0.00409    CDp =  0.08520

 Side 1 forced transition at x/c =  1.0000   60
 Side 2  free  transition at x/c =  0.0166   35

   6   rms: 0.1645E-04   max: -.1679E-03   D at  117  2
       a =-21.000      CL = -1.0570
      Cm = -0.0703     CD =  0.08930   =>   CDf =  0.00409    CDp =  0.08520
 plradd ia,ip,cpol           21           0 -1.71368287E-04

 Point added to stored polar  1
 Point written to save file  polar.txt                                       
 Dump file unspecified or not available
 Calculating wake trajectory ...
 Calculating source influence matrix ...

 Solving BL system ...

 Side 1 forced transition at x/c =  1.0000   60
 Side 2  free  transition at x/c =  0.0166   35

   1   rms: 0.1178E+00   max: 0.6969E+00   D at   63  2   RLX: 0.317
       a =-22.000      CL = -1.0507
      Cm = -0.0685     CD =  0.09503   =>   CDf =  0.00411    CDp =  0.09092

 Side 1 forced transition at x/c =  1.0000   60
 Side 2  free  transition at x/c =  0.0166   35

   2   rms: 0.7778E-01   max: 0.4799E+00   D at   63  2
       a =-22.000      CL = -1.0404
      Cm = -0.0651     CD =  0.10616   =>   CDf =  0.00401    CDp =  0.10215

 Side 1 forced transition at x/c =  1.0000   60
 Side 2  free  transition at x/c =  0.0163   34

   3   rms: 0.2154E-01   max: 0.2197E+00   D at   62  2
       a =-22.000      CL = -1.0301
      Cm = -0.0649     CD =  0.10528   =>   CDf =  0.00382    CDp =  0.10146

 Side 1 forced transition at x/c =  1.0000   60
 Side 2  free  transition at x/c =  0.0164   34

   4   rms: 0.3545E-02   max: 0.3612E-01   D at   62  2
       a =-22.000      CL = -1.0279
      Cm = -0.0649     CD =  0.10512   =>   CDf =  0.00379    CDp =  0.10134

 Side 1 forced transition at x/c =  1.0000   60
 Side 2  free  transition at x/c =  0.0164   34

   5   rms: 0.7947E-03   max: 0.6420E-02   D at   61  2
       a =-22.000      CL = -1.0273
      Cm = -0.0649     CD =  0.10508   =>   CDf =  0.00378    CDp =  0.10130

 Side 1 forced transition at x/c =  1.0000   60
 Side 2  free  transition at x/c =  0.0164   34

   6   rms: 0.1035E-03   max: 0.5042E-03   D at   61  2
       a =-22.000      CL = -1.0273
      Cm = -0.0649     CD =  0.10507   =>   CDf =  0.00378    CDp =  0.10129

 Side 1 forced transition at x/c =  1.0000   60
 Side 2  free  transition at x/c =  0.0164   34

   7   rms: 0.7767E-05   max: 0.3752E-04   D at  118  2
       a =-22.000      CL = -1.0273
      Cm = -0.0649     CD =  0.10507   =>   CDf =  0.00378    CDp =  0.10129
 plradd ia,ip,cpol           22           0 -1.71368287E-04

 Point added to stored polar  1
 Point written to save file  polar.txt                                       
 Dump file unspecified or not available
 Calculating wake trajectory ...
 Calculating source influence matrix ...

 Solving BL system ...

 Side 1 forced transition at x/c =  1.0000   60
 Side 2  free  transition at x/c =  0.0164   34

   1   rms: 0.1010E+00   max: 0.5642E+00   D at   60  2   RLX: 0.291
       a =-23.000      CL = -1.0264
      Cm = -0.0631     CD =  0.10990   =>   CDf =  0.00379    CDp =  0.10611

 Side 1 forced transition at x/c =  1.0000   60
 Side 2  free  transition at x/c =  0.0163   34
 idif Ue xi dudx           1  8.58002529E-02  9.39041376E-03   9.1370049    
 Uenew xinew           2  3.51762259E-03  3.84986401E-04

   2   rms: 0.6682E-01   max: 0.3556E+00   D at   60  2
       a =-23.000      CL = -1.0323
      Cm = -0.0594     CD =  0.11962   =>   CDf =  0.00345    CDp =  0.11617

 Side 1 forced transition at x/c =  1.0000   59
 Side 2  free  transition at x/c =  0.0156   35

   3   rms: 0.3611E-01   max: -.4800E+00   D at    2  2
       a =-23.000      CL = -1.0185
      Cm = -0.0588     CD =  0.11965   =>   CDf =  0.00384    CDp =  0.11582

 Side 1 forced transition at x/c =  1.0000   60
 Side 2  free  transition at x/c =  0.0155   34

   4   rms: 0.1221E-01   max: -.1759E+00   D at    2  1
       a =-23.000      CL = -1.0153
      Cm = -0.0588     CD =  0.11946   =>   CDf =  0.00353    CDp =  0.11593

 Side 1 forced transition at x/c =  1.0000   60
 Side 2  free  transition at x/c =  0.0155   34

   5   rms: 0.9889E-03   max: -.9490E-02   D at   59  2
       a =-23.000      CL = -1.0156
      Cm = -0.0589     CD =  0.11911   =>   CDf =  0.00352    CDp =  0.11559

 Side 1 forced transition at x/c =  1.0000   60
 Side 2  free  transition at x/c =  0.0155   34

   6   rms: 0.1241E-03   max: -.4980E-03   D at  121  2
       a =-23.000      CL = -1.0157
      Cm = -0.0589     CD =  0.11911   =>   CDf =  0.00352    CDp =  0.11559

 Side 1 forced transition at x/c =  1.0000   60
 Side 2  free  transition at x/c =  0.0155   34

   7   rms: 0.1308E-04   max: -.9018E-04   D at  119  2
       a =-23.000      CL = -1.0157
      Cm = -0.0589     CD =  0.11912   =>   CDf =  0.00352    CDp =  0.11560
 plradd ia,ip,cpol           23           0 -1.71368287E-04

 Point added to stored polar  1
 Point written to save file  polar.txt                                       
 Dump file unspecified or not available
 Calculating wake trajectory ...
 Calculating source influence matrix ...

 Solving BL system ...

 Side 1 forced transition at x/c =  1.0000   60
 Side 2  free  transition at x/c =  0.0155   34
 idif Ue xi dudx           1  8.63699913E-02  9.53650475E-03   9.0567760    
 Uenew xinew           2  4.80984896E-03  5.31077385E-04

   1   rms: 0.1184E+00   max: 0.7673E+00   D at   58  2   RLX: 0.266
       a =-24.000      CL = -1.0080
      Cm = -0.0565     CD =  0.12521   =>   CDf =  0.00327    CDp =  0.12194

 Side 1 forced transition at x/c =  1.0000   59
 Side 2  free  transition at x/c =  0.0156   35

   2   rms: 0.1077E+00   max: 0.7322E+00   D at   59  2
       a =-24.000      CL = -0.9787
      Cm = -0.0489     CD =  0.14403   =>   CDf =  0.00345    CDp =  0.14058

 Side 1 forced transition at x/c =  1.0000   59
 Side 2  free  transition at x/c =  0.0152   35

   3   rms: 0.4175E-01   max: 0.5050E+00   D at   58  2
       a =-24.000      CL = -0.9612
      Cm = -0.0480     CD =  0.14280   =>   CDf =  0.00324    CDp =  0.13956

 Side 1 forced transition at x/c =  1.0000   59
 Side 2  free  transition at x/c =  0.0155   35

   4   rms: 0.2222E-01   max: -.1849E+00   D at   58  2
       a =-24.000      CL = -0.9749
      Cm = -0.0498     CD =  0.13743   =>   CDf =  0.00317    CDp =  0.13426

 Side 1 forced transition at x/c =  1.0000   59
 Side 2  free  transition at x/c =  0.0154   35

   5   rms: 0.1914E-02   max: -.8621E-02   D at   55  2
       a =-24.000      CL = -0.9764
      Cm = -0.0498     CD =  0.13767   =>   CDf =  0.00321    CDp =  0.13446

 Side 1 forced transition at x/c =  1.0000   59
 Side 2  free  transition at x/c =  0.0154   35

   6   rms: 0.9743E-04   max: -.8788E-03   D at  120  2
       a =-24.000      CL = -0.9764
      Cm = -0.0497     CD =  0.13779   =>   CDf =  0.00321    CDp =  0.13457
 plradd ia,ip,cpol           24           0 -1.71368287E-04

 Point added to stored polar  1
 Point written to save file  polar.txt                                       
 Dump file unspecified or not available
 Calculating wake trajectory ...
 Calculating source influence matrix ...

 Solving BL system ...

 Side 1 forced transition at x/c =  1.0000   59
 Side 2  free  transition at x/c =  0.0154   35

   1   rms: 0.1104E+00   max: 0.7499E+00   D at   56  2   RLX: 0.245
       a =-25.000      CL = -0.9699
      Cm = -0.0472     CD =  0.14361   =>   CDf =  0.00323    CDp =  0.14039

 Side 1 forced transition at x/c =  1.0000   59
 Side 2  free  transition at x/c =  0.0154   35

   2   rms: 0.9677E-01   max: 0.7172E+00   D at   56  2
       a =-25.000      CL = -0.9450
      Cm = -0.0385     CD =  0.16379   =>   CDf =  0.00316    CDp =  0.16063

 Side 1 forced transition at x/c =  1.0000   59
 Side 2  free  transition at x/c =  0.0154   35

   3   rms: 0.3151E-01   max: 0.4409E+00   D at   55  2
       a =-25.000      CL = -0.9359
      Cm = -0.0384     CD =  0.16008   =>   CDf =  0.00295    CDp =  0.15712

 Side 1 forced transition at x/c =  1.0000   59
 Side 2  free  transition at x/c =  0.0153   35

   4   rms: 0.6925E-02   max: -.6920E-01   D at   55  2
       a =-25.000      CL = -0.9389
      Cm = -0.0391     CD =  0.15705   =>   CDf =  0.00291    CDp =  0.15414

 Side 1 forced transition at x/c =  1.0000   59
 Side 2  free  transition at x/c =  0.0153   35

   5   rms: 0.5828E-03   max: -.2684E-02   D at   55  2
       a =-25.000      CL = -0.9392
      Cm = -0.0391     CD =  0.15681   =>   CDf =  0.00293    CDp =  0.15388

 Side 1 forced transition at x/c =  1.0000   59
 Side 2  free  transition at x/c =  0.0153   35

   6   rms: 0.6648E-04   max: -.4440E-03   D at  123  2
       a =-25.000      CL = -0.9393
      Cm = -0.0391     CD =  0.15685   =>   CDf =  0.00293    CDp =  0.15392
 plradd ia,ip,cpol           25           0 -1.71368287E-04

 Point added to stored polar  1
 Point written to save file  polar.txt                                       
 Dump file unspecified or not available

.OPERva   c>  
 Polar accumulation disabled

.OPERv   c>  
 XFOIL   c>  