
 ===================================================
  XFOIL Version 6.99
  Copyright (C) 2000   Mark Drela, Harold Youngren

  This software comes with ABSOLUTELY NO WARRANTY,
    subject to the GNU General Public License.

  Caveat computor
 ===================================================

 File  xfoil.def  not found

   QUIT    Exit program

  .OPER    Direct operating point(s)
  .MDES    Complex mapping design routine
  .QDES    Surface speed design routine
  .GDES    Geometry design routine

   SAVE f  Write airfoil to labeled coordinate file
   PSAV f  Write airfoil to plain coordinate file
   ISAV f  Write airfoil to ISES coordinate file
   MSAV f  Write airfoil to MSES coordinate file
   REVE    Reverse written-airfoil node ordering

   LOAD f  Read buffer airfoil from coordinate file
   NACA i  Set NACA 4,5-digit airfoil and buffer airfoil
   INTE    Set buffer airfoil by interpolating two airfoils
   NORM    Buffer airfoil normalization toggle
   XYCM rr Change CM reference location, currently  0.25000 0.00000

   BEND    Display structural properties of current airfoil

   PCOP    Set current-airfoil panel nodes directly from buffer airfoil points
   PANE    Set current-airfoil panel nodes ( 160 ) based on curvature
  .PPAR    Show/change paneling

  .PLOP    Plotting options

   WDEF f  Write  current-settings file
   RDEF f  Reread current-settings file
   NAME s  Specify new airfoil name
   NINC    Increment name version number

   Z       Zoom    | (available in all menus)
   U       Unzoom  | 

 XFOIL   c>  
 Labeled airfoil file.  Name:  NACA 64A223 STANDARD - PDAS/NASA TM-X-3069 6A ge

 Number of input coordinate points: 801
 Counterclockwise ordering
 Max thickness =     0.230026  at x =   0.378
 Max camber    =     0.011962  at x =   0.571

  LE  x,y  =  -0.00023   0.00291  |   Chord =   1.00024
  TE  x,y  =   1.00000   0.00000  |
 Maximum number of panel nodes  :          495
 Number of buffer airfoil points:          801
 Current airfoil cannot be set.
 Try executing PANE at Top Level instead.

 XFOIL   c>  
 Sharp trailing edge

 Paneling parameters used...
   Number of panel nodes       160
   Panel bunching parameter    1.000
   TE/LE panel density ratio   0.150
   Refined-area/LE panel density ratio    0.200
   Top    side refined area x/c limits  1.000 1.000
   Bottom side refined area x/c limits  1.000 1.000

 XFOIL   c>  
.OPERi   c>  
 M  =    0.0000
 Re =    600000

.OPERv   c>  
.OPERv   c>  
.OPERv   c>  
 Polar  1 newly created for accumulation
 Airfoil archived with polar: NACA 64A223 STANDARD - PDAS/NASA TM-X-3069 6A ge

Enter  polar save filename  OR  <return> for no file   s>  
 New polar save file available

Enter  polar dump filename  OR  <return> for no file   s>  
 Polar dump file will NOT be written

 Polar accumulation enabled

.OPERva   c>   Calculating unit vorticity distributions ...
 Calculating wake trajectory ...
 Calculating source influence matrix ...

 Solving BL system ...

 Initializing BL ...
    side            1  ...
 MRCHUE: Inverse mode at  48     Hk =   4.247
 MRCHUE: Inverse mode at  49     Hk =   5.351
 MRCHUE: Inverse mode at  50     Hk =   6.430
 MRCHUE: Inverse mode at  51     Hk =   7.501
 MRCHUE: Inverse mode at  52     Hk =   8.573
 MRCHUE: Inverse mode at  53     Hk =   9.639
 MRCHUE: Inverse mode at  54     Hk =   4.778
 MRCHUE: Inverse mode at  55     Hk =   2.507
 MRCHUE: Convergence failed at  81  side 1    Res =  0.7127E+01
    side            2  ...
 MRCHUE: Inverse mode at  48     Hk =   4.182
 MRCHUE: Inverse mode at  49     Hk =   5.238
 MRCHUE: Inverse mode at  50     Hk =   6.276
 MRCHUE: Inverse mode at  51     Hk =   7.298
 MRCHUE: Inverse mode at  52     Hk =   8.325
 MRCHUE: Inverse mode at  53     Hk =   9.348
 MRCHUE: Inverse mode at  54     Hk =   6.771
 MRCHUE: Inverse mode at  55     Hk =   3.513
 MRCHUE: Convergence failed at  81  side 2    Res =  0.6169E+01

 MRCHDU: Convergence failed at  81  side 1    Res =  0.7469E+01
 MRCHDU: Convergence failed at  81  side 2    Res =  0.1769E+01
 Side 1  free  transition at x/c =  0.5548   54
 Side 2  free  transition at x/c =  0.5557   54

   1   rms: 0.6145E+00   max: 0.2842E+01   D at   83  2   RLX: 0.317
       a =  0.000      CL =  0.1922
      Cm = -0.0410     CD =  0.00163   =>   CDf =  0.00695    CDp = -0.00532

 Side 1  free  transition at x/c =  0.5619   54
 Side 2  free  transition at x/c =  0.5622   54

   2   rms: 0.4915E+00   max: 0.2246E+01   D at   84  2   RLX: 0.608
       a =  0.000      CL =  0.1504
      Cm = -0.0321     CD =  0.00429   =>   CDf =  0.00679    CDp = -0.00250

 MRCHDU: Convergence failed at  81  side 2    Res =  0.1454E+00
 Side 1  free  transition at x/c =  0.5775   55
 Side 2  free  transition at x/c =  0.5739   55
 idif Ue xi dudx           1  0.25026834      4.48548794E-03   55.795120    
 Uenew xinew           2  0.11697635      2.09653378E-03

   3   rms: 0.2951E+00   max: 0.1228E+01   D at   85  2
       a =  0.000      CL = -0.0864
      Cm =  0.0206     CD =  0.00691   =>   CDf =  0.00651    CDp =  0.00040

 MRCHDU: Convergence failed at  82  side 2    Res =  0.1021E+01
 Side 1  free  transition at x/c =  0.5903   54
 Side 2  free  transition at x/c =  0.5812   56
 idif Ue xi dudx           1  0.23090385      4.09710407E-03   56.357819    
 Uenew xinew           2  9.43327099E-02  1.67381763E-03

   4   rms: 0.1224E+00   max: 0.1275E+01   D at   82  2
       a =  0.000      CL = -0.2159
      Cm =  0.0496     CD =  0.00779   =>   CDf =  0.00641    CDp =  0.00138

 MRCHDU: Convergence failed at  83  side 2    Res =  0.1235E+01
 Side 1  free  transition at x/c =  0.5923   54
 Side 2  free  transition at x/c =  0.5799   57
 idif Ue xi dudx           1  0.17102653      3.97801399E-03   42.992943    
 Uenew xinew           2  6.42899871E-02  1.49536133E-03

   5   rms: 0.1653E+00   max: 0.5118E+00   D at   86  2   RLX: 0.870
       a =  0.000      CL = -0.3577
      Cm =  0.0818     CD =  0.00672   =>   CDf =  0.00641    CDp =  0.00031

 MRCHDU: Convergence failed at  84  side 2    Res =  0.1791E+01
 Side 1  free  transition at x/c =  0.5929   53
 Side 2  free  transition at x/c =  0.5789   58
 idif Ue xi dudx           1  0.15926655      3.94892693E-03   40.331600    
 Uenew xinew           2  5.63966818E-02  1.39832497E-03

   6   rms: 0.2181E+00   max: 0.6282E+00   D at   86  2   RLX: 0.614
       a =  0.000      CL = -0.4993
      Cm =  0.1147     CD =  0.00555   =>   CDf =  0.00646    CDp = -0.00091

 MRCHDU: Convergence failed at  85  side 2    Res =  0.2099E+01
 Side 1  free  transition at x/c =  0.5933   52
 Side 2  free  transition at x/c =  0.5779   59
 idif Ue xi dudx           1  0.14811538      3.81040573E-03   38.871288    
 Uenew xinew           2  4.57821302E-02  1.17778778E-03

   7   rms: 0.2875E+00   max: -.8311E+00   U at   85  2   RLX: 0.451
       a =  0.000      CL = -0.6447
      Cm =  0.1490     CD =  0.00478   =>   CDf =  0.00656    CDp = -0.00177

 MRCHDU: Convergence failed at  86  side 2    Res =  0.2185E+01
 Side 1  free  transition at x/c =  0.5934   51
 Side 2  free  transition at x/c =  0.5769   60
 idif Ue xi dudx           1  0.13472521      3.10933590E-03   43.329258    
 Uenew xinew           2  1.62188858E-02  3.74317169E-04

   8   rms: 0.3487E+00   max: -.1066E+01   U at   86  2   RLX: 0.352
       a =  0.000      CL = -0.7861
      Cm =  0.1829     CD =  0.00429   =>   CDf =  0.00668    CDp = -0.00239

 MRCHDU: Convergence failed at  87  side 2    Res =  0.2581E+00
 Side 1  free  transition at x/c =  0.5933   50
 Side 2  free  transition at x/c =  0.5758   61

   9   rms: 0.3989E+00   max: -.1297E+01   U at   87  2   RLX: 0.289
       a =  0.000      CL = -0.9177
      Cm =  0.2151     CD =  0.00398   =>   CDf =  0.00661    CDp = -0.00264

 Side 1  free  transition at x/c =  0.5932   50
 Side 2  free  transition at x/c =  0.5734   61

  10   rms: 0.4453E+00   max: -.8227E+00   U at   87  2   RLX: 0.426
       a =  0.000      CL = -0.6612
      Cm =  0.1532     CD =  0.00469   =>   CDf =  0.00642    CDp = -0.00173

 MRCHDU: Convergence failed at  86  side 2    Res =  0.3209E+00
 Side 1  free  transition at x/c =  0.5941   51
 Side 2  free  transition at x/c =  0.5724   60
 idif Ue xi dudx           1  0.13816975      3.22926044E-03   42.786808    
 Uenew xinew           2  2.11470257E-02  4.94241714E-04

  11   rms: 0.3364E+00   max: -.1094E+01   U at   86  2   RLX: 0.343
       a =  0.000      CL = -0.7875
      Cm =  0.1832     CD =  0.00426   =>   CDf =  0.00674    CDp = -0.00248

 Side 1  free  transition at x/c =  0.5938   50
 Side 2  free  transition at x/c =  0.5730   61

  12   rms: 0.4351E+00   max: -.6473E+00   U at   87  2   RLX: 0.435
       a =  0.000      CL = -0.5307
      Cm =  0.1224     CD =  0.00516   =>   CDf =  0.00624    CDp = -0.00108

 MRCHDU: Convergence failed at  85  side 2    Res =  0.2660E+01
 Side 1  free  transition at x/c =  0.5942   52
 Side 2  free  transition at x/c =  0.5758   59
 idif Ue xi dudx           1  0.16201484      4.22918797E-03   38.308735    
 Uenew xinew           2  6.11625761E-02  1.59657001E-03

  13   rms: 0.3007E+00   max: -.8877E+00   U at   85  2   RLX: 0.422
       a =  0.000      CL = -0.6718
      Cm =  0.1553     CD =  0.00462   =>   CDf =  0.00659    CDp = -0.00197

 MRCHDU: Convergence failed at  86  side 2    Res =  0.7223E+00
 Side 1  free  transition at x/c =  0.5939   51
 Side 2  free  transition at x/c =  0.5757   60
 idif Ue xi dudx           1  0.14868294      3.51202488E-03   42.335388    
 Uenew xinew           2  3.28948572E-02  7.77006149E-04

  14   rms: 0.3575E+00   max: -.1115E+01   U at   86  2   RLX: 0.336
       a =  0.000      CL = -0.8104
      Cm =  0.1887     CD =  0.00421   =>   CDf =  0.00672    CDp = -0.00251

 MRCHDU: Convergence failed at  87  side 2    Res =  0.2744E+00
 Side 1  free  transition at x/c =  0.5936   50
 Side 2  free  transition at x/c =  0.5750   61

  15   rms: 0.4075E+00   max: -.1339E+01   U at   87  2   RLX: 0.280
       a =  0.000      CL = -0.9426
      Cm =  0.2211     CD =  0.00392   =>   CDf =  0.00664    CDp = -0.00272

 Side 1  free  transition at x/c =  0.5933   50
 Side 2  free  transition at x/c =  0.5718   61

  16   rms: 0.4361E+00   max: -.8661E+00   U at   87  2   RLX: 0.433
       a =  0.000      CL = -0.6898
      Cm =  0.1599     CD =  0.00460   =>   CDf =  0.00644    CDp = -0.00184

 MRCHDU: Convergence failed at  86  side 2    Res =  0.4263E+00
 Side 1  free  transition at x/c =  0.5942   51
 Side 2  free  transition at x/c =  0.5706   60
 idif Ue xi dudx           1  0.15190944      3.55887413E-03   42.684692    
 Uenew xinew           2  3.51660140E-02  8.23855400E-04

  17   rms: 0.3387E+00   max: -.1141E+01   U at   86  2   RLX: 0.329
       a =  0.000      CL = -0.8093
      Cm =  0.1884     CD =  0.00420   =>   CDf =  0.00678    CDp = -0.00258

 Side 1  free  transition at x/c =  0.5938   50
 Side 2  free  transition at x/c =  0.5718   61

  18   rms: 0.4289E+00   max: -.6769E+00   U at   87  2   RLX: 0.439
       a =  0.000      CL = -0.5535
      Cm =  0.1277     CD =  0.00509   =>   CDf =  0.00626    CDp = -0.00117

 MRCHDU: Convergence failed at  85  side 2    Res =  0.5462E+00
 Side 1  free  transition at x/c =  0.5943   52
 Side 2  free  transition at x/c =  0.5749   59
 idif Ue xi dudx           1  0.13713881      3.70442867E-03   37.020233    
 Uenew xinew           2  3.96786816E-02  1.07181072E-03

  19   rms: 0.3244E+00   max: -.9250E+00   U at   85  2   RLX: 0.239
       a =  0.000      CL = -0.6346
      Cm =  0.1472     CD =  0.00449   =>   CDf =  0.00662    CDp = -0.00213

 Side 1  free  transition at x/c =  0.5941   51
 Side 2  free  transition at x/c =  0.5751   60

  20   rms: 0.1896E+00   max: -.6567E+00   U at   86  2   RLX: 0.571
       a =  0.000      CL = -0.5333
      Cm =  0.1226     CD =  0.00533   =>   CDf =  0.00634    CDp = -0.00102

 MRCHDU: Convergence failed at  85  side 2    Res =  0.6562E+00
 Side 1  free  transition at x/c =  0.5936   52
 Side 2  free  transition at x/c =  0.5769   59
 idif Ue xi dudx           1  0.16465344      4.23455238E-03   38.883316    
 Uenew xinew           2  6.22885227E-02  1.60193443E-03

  21   rms: 0.3044E+00   max: -.8989E+00   U at   85  2   RLX: 0.417
       a =  0.000      CL = -0.6770
      Cm =  0.1567     CD =  0.00460   =>   CDf =  0.00659    CDp = -0.00199

 MRCHDU: Convergence failed at  86  side 2    Res =  0.1980E+01
 Side 1  free  transition at x/c =  0.5936   51
 Side 2  free  transition at x/c =  0.5762   60
 idif Ue xi dudx           1  0.15071996      3.55386734E-03   42.410126    
 Uenew xinew           2  3.47274728E-02  8.18848610E-04

  22   rms: 0.3617E+00   max: -.1128E+01   U at   86  2   RLX: 0.333
       a =  0.000      CL = -0.8161
      Cm =  0.1903     CD =  0.00419   =>   CDf =  0.00672    CDp = -0.00254

 MRCHDU: Convergence failed at  87  side 2    Res =  0.1965E+00
 Side 1  free  transition at x/c =  0.5934   50
 Side 2  free  transition at x/c =  0.5753   61

  23   rms: 0.4106E+00   max: -.1352E+01   U at   87  2   RLX: 0.277
       a =  0.000      CL = -0.9480
      Cm =  0.2225     CD =  0.00390   =>   CDf =  0.00664    CDp = -0.00274

 Side 1  free  transition at x/c =  0.5932   50
 Side 2  free  transition at x/c =  0.5718   61

  24   rms: 0.4314E+00   max: -.8784E+00   U at   87  2   RLX: 0.427
       a =  0.000      CL = -0.7025
      Cm =  0.1629     CD =  0.00457   =>   CDf =  0.00644    CDp = -0.00187

 MRCHDU: Convergence failed at  86  side 2    Res =  0.5022E+00
 Side 1  free  transition at x/c =  0.5940   51
 Side 2  free  transition at x/c =  0.5707   60
 idif Ue xi dudx           1  0.16203390      3.80289555E-03   42.608032    
 Uenew xinew           2  4.55001295E-02  1.06787682E-03

  25   rms: 0.3521E+00   max: -.1162E+01   U at   86  2   RLX: 0.323
       a =  0.000      CL = -0.8265
      Cm =  0.1926     CD =  0.00417   =>   CDf =  0.00680    CDp = -0.00263

 Side 1  free  transition at x/c =  0.5937   50
 Side 2  free  transition at x/c =  0.5717   61

  26   rms: 0.4320E+00   max: -.6976E+00   U at   87  2   RLX: 0.434
       a =  0.000      CL = -0.5715
      Cm =  0.1319     CD =  0.00503   =>   CDf =  0.00642    CDp = -0.00138

 MRCHDU: Convergence failed at  86  side 2    Res =  0.3951E+01
 Side 1  free  transition at x/c =  0.5943   51
 Side 2  free  transition at x/c =  0.5744   60

  27   rms: 0.3135E+00   max: -.9525E+00   U at   86  2   RLX: 0.394
       a =  0.000      CL = -0.7099
      Cm =  0.1644     CD =  0.00451   =>   CDf =  0.00650    CDp = -0.00199

 MRCHDU: Convergence failed at  86  side 2    Res =  0.3337E+00
 Side 1  free  transition at x/c =  0.5939   51
 Side 2  free  transition at x/c =  0.5747   60
 idif Ue xi dudx           1  0.17287533      4.00507450E-03   43.164074    
 Uenew xinew           2  5.48207797E-02  1.27005577E-03

  28   rms: 0.3632E+00   max: -.1176E+01   U at   86  2   RLX: 0.319
       a =  0.000      CL = -0.8427
      Cm =  0.1966     CD =  0.00413   =>   CDf =  0.00677    CDp = -0.00263

 Side 1  free  transition at x/c =  0.5936   50
 Side 2  free  transition at x/c =  0.5741   61

  29   rms: 0.4591E+00   max: -.7123E+00   U at   87  2   RLX: 0.409
       a =  0.000      CL = -0.5858
      Cm =  0.1355     CD =  0.00493   =>   CDf =  0.00639    CDp = -0.00146

 MRCHDU: Convergence failed at  86  side 2    Res =  0.6779E+00
 Side 1  free  transition at x/c =  0.5943   51
 Side 2  free  transition at x/c =  0.5755   60

  30   rms: 0.3277E+00   max: -.9760E+00   U at   86  2   RLX: 0.384
       a =  0.000      CL = -0.7283
      Cm =  0.1688     CD =  0.00443   =>   CDf =  0.00649    CDp = -0.00207

 MRCHDU: Convergence failed at  86  side 2    Res =  0.4185E+00
 Side 1  free  transition at x/c =  0.5939   51
 Side 2  free  transition at x/c =  0.5752   60
 idif Ue xi dudx           1  0.18534750      4.28462029E-03   43.258793    
 Uenew xinew           2  6.70338944E-02  1.54960155E-03

  31   rms: 0.3745E+00   max: -.1207E+01   U at   86  2   RLX: 0.311
       a =  0.000      CL = -0.8626
      Cm =  0.2014     CD =  0.00408   =>   CDf =  0.00678    CDp = -0.00270

 Side 1  free  transition at x/c =  0.5937   50
 Side 2  free  transition at x/c =  0.5742   61

  32   rms: 0.4620E+00   max: -.7392E+00   U at   87  2   RLX: 0.406
       a =  0.000      CL = -0.6061
      Cm =  0.1402     CD =  0.00484   =>   CDf =  0.00639    CDp = -0.00155

 MRCHDU: Convergence failed at  86  side 2    Res =  0.1346E+00
 Side 1  free  transition at x/c =  0.5944   51
 Side 2  free  transition at x/c =  0.5753   60

  33   rms: 0.3379E+00   max: -.1009E+01   U at   86  2   RLX: 0.372
       a =  0.000      CL = -0.7487
      Cm =  0.1737     CD =  0.00436   =>   CDf =  0.00651    CDp = -0.00214

 MRCHDU: Convergence failed at  86  side 2    Res =  0.2927E+00
 Side 1  free  transition at x/c =  0.5940   51
 Side 2  free  transition at x/c =  0.5750   60
 idif Ue xi dudx           1  0.19825390      4.59361076E-03   43.158619    
 Uenew xinew           2  8.02142620E-02  1.85859203E-03

  34   rms: 0.3849E+00   max: -.1240E+01   U at   86  2   RLX: 0.302
       a =  0.000      CL = -0.8835
      Cm =  0.2065     CD =  0.00403   =>   CDf =  0.00680    CDp = -0.00277

 Side 1  free  transition at x/c =  0.5937   50
 Side 2  free  transition at x/c =  0.5737   61

  35   rms: 0.4584E+00   max: -.7693E+00   U at   87  2   RLX: 0.410
       a =  0.000      CL = -0.6273
      Cm =  0.1452     CD =  0.00478   =>   CDf =  0.00640    CDp = -0.00162

 MRCHDU: Convergence failed at  86  side 2    Res =  0.4180E+00
 Side 1  free  transition at x/c =  0.5944   51
 Side 2  free  transition at x/c =  0.5744   60
 idif Ue xi dudx           1  0.12536681      2.92479992E-03   42.863380    
 Uenew xinew           2  8.13466311E-03  1.89781189E-04

  36   rms: 0.3382E+00   max: -.1043E+01   U at   86  2   RLX: 0.360
       a =  0.000      CL = -0.7640
      Cm =  0.1774     CD =  0.00431   =>   CDf =  0.00668    CDp = -0.00237

 MRCHDU: Convergence failed at  87  side 2    Res =  0.2666E+00
 Side 1  free  transition at x/c =  0.5940   50
 Side 2  free  transition at x/c =  0.5744   61

  37   rms: 0.4020E+00   max: -.1266E+01   U at   87  2   RLX: 0.296
       a =  0.000      CL = -0.8994
      Cm =  0.2104     CD =  0.00400   =>   CDf =  0.00661    CDp = -0.00261

 Side 1  free  transition at x/c =  0.5936   50
 Side 2  free  transition at x/c =  0.5730   61

  38   rms: 0.4528E+00   max: -.7940E+00   U at   87  2   RLX: 0.416
       a =  0.000      CL = -0.6435
      Cm =  0.1489     CD =  0.00473   =>   CDf =  0.00641    CDp = -0.00168

 MRCHDU: Convergence failed at  86  side 2    Res =  0.3556E+00
 Side 1  free  transition at x/c =  0.5944   51
 Side 2  free  transition at x/c =  0.5730   60
 idif Ue xi dudx           1  0.13033687      3.04532051E-03   42.799065    
 Uenew xinew           2  1.32806264E-02  3.10301781E-04

  39   rms: 0.3351E+00   max: -.1068E+01   U at   86  2   RLX: 0.351
       a =  0.000      CL = -0.7735
      Cm =  0.1797     CD =  0.00428   =>   CDf =  0.00671    CDp = -0.00243

 Side 1  free  transition at x/c =  0.5940   50
 Side 2  free  transition at x/c =  0.5735   61

  40   rms: 0.3326E+00   max: -.7094E+00   U at   87  2   RLX: 0.529
       a =  0.000      CL = -0.5502
      Cm =  0.1268     CD =  0.00510   =>   CDf =  0.00624    CDp = -0.00113

 MRCHDU: Convergence failed at  85  side 2    Res =  0.4887E+00
 Side 1  free  transition at x/c =  0.5941   52
 Side 2  free  transition at x/c =  0.5762   59
 idif Ue xi dudx           1  0.12690200      3.51130962E-03   36.140930    
 Uenew xinew           2  3.17567326E-02  8.78691673E-04

  41   rms: 0.3400E+00   max: -.9227E+00   U at   85  2   RLX: 0.199
       a =  0.000      CL = -0.6208
      Cm =  0.1442     CD =  0.00446   =>   CDf =  0.00661    CDp = -0.00214

 Side 1  free  transition at x/c =  0.5939   51
 Side 2  free  transition at x/c =  0.5760   60

  42   rms: 0.1593E+00   max: -.7009E+00   U at   86  2   RLX: 0.535
       a =  0.000      CL = -0.5821
      Cm =  0.1340     CD =  0.00513   =>   CDf =  0.00648    CDp = -0.00135

 MRCHDU: Convergence failed at  86  side 2    Res =  0.1115E+01
 Side 1  free  transition at x/c =  0.5935   51
 Side 2  free  transition at x/c =  0.5768   60

  43   rms: 0.3332E+00   max: -.9783E+00   U at   86  2   RLX: 0.383
       a =  0.000      CL = -0.7308
      Cm =  0.1696     CD =  0.00444   =>   CDf =  0.00649    CDp = -0.00205

 MRCHDU: Convergence failed at  86  side 2    Res =  0.4907E+00
 Side 1  free  transition at x/c =  0.5934   51
 Side 2  free  transition at x/c =  0.5760   60
 idif Ue xi dudx           1  0.18876213      4.35972214E-03   43.296825    
 Uenew xinew           2  7.03445002E-02  1.62470341E-03

  44   rms: 0.3861E+00   max: -.1215E+01   U at   86  2   RLX: 0.309
       a =  0.000      CL = -0.8703
      Cm =  0.2034     CD =  0.00408   =>   CDf =  0.00678    CDp = -0.00270

 Side 1  free  transition at x/c =  0.5933   50
 Side 2  free  transition at x/c =  0.5746   61

  45   rms: 0.4689E+00   max: -.7478E+00   U at   87  2   RLX: 0.398
       a =  0.000      CL = -0.6145
      Cm =  0.1423     CD =  0.00483   =>   CDf =  0.00639    CDp = -0.00156

 MRCHDU: Convergence failed at  86  side 2    Res =  0.2011E+00
 Side 1  free  transition at x/c =  0.5942   51
 Side 2  free  transition at x/c =  0.5754   60
 idif Ue xi dudx           1  0.11971558      2.78759003E-03   42.945908    
 Uenew xinew           2  2.25772196E-03  5.25712967E-05

  46   rms: 0.3390E+00   max: -.1024E+01   U at   86  2   RLX: 0.366
       a =  0.000      CL = -0.7556
      Cm =  0.1754     CD =  0.00434   =>   CDf =  0.00666    CDp = -0.00232

 MRCHDU: Convergence failed at  87  side 2    Res =  0.3024E+00
 Side 1  free  transition at x/c =  0.5938   50
 Side 2  free  transition at x/c =  0.5750   61

  47   rms: 0.5003E+00   max: 0.5313E+01   D at    2  2   RLX: 0.186
       a =  0.000      CL = -0.8426
      Cm =  0.1975     CD =  0.00401   =>   CDf =  0.00660    CDp = -0.00259

 Side 1  free  transition at x/c =  0.5936   50
 Side 2  free  transition at x/c =  0.5744   61

  48   rms: 0.1999E+00   max: -.9680E+00   U at   87  2   RLX: 0.387
       a =  0.000      CL = -0.7962
      Cm =  0.1850     CD =  0.00438   =>   CDf =  0.00661    CDp = -0.00223

 MRCHDU: Convergence failed at  87  side 2    Res =  0.4817E+00
 Side 1  free  transition at x/c =  0.5934   50
 Side 2  free  transition at x/c =  0.5751   61

  49   rms: 0.3969E+00   max: -.1323E+01   U at   87  2   RLX: 0.284
       a =  0.000      CL = -0.9272
      Cm =  0.2175     CD =  0.00394   =>   CDf =  0.00663    CDp = -0.00269

 Side 1  free  transition at x/c =  0.5932   50
 Side 2  free  transition at x/c =  0.5726   61

  50   rms: 0.4292E+00   max: -.8496E+00   U at   87  2   RLX: 0.441
       a =  0.000      CL = -0.6734
      Cm =  0.1560     CD =  0.00465   =>   CDf =  0.00643    CDp = -0.00178

 MRCHDU: Convergence failed at  86  side 2    Res =  0.3434E+00
 Side 1  free  transition at x/c =  0.5941   51
 Side 2  free  transition at x/c =  0.5715   60
 idif Ue xi dudx           1  0.14446980      3.36885452E-03   42.883953    
 Uenew xinew           2  2.71813851E-02  6.33835793E-04

  51   rms: 0.3374E+00   max: -.1117E+01   U at   86  2   RLX: 0.336
       a =  0.000      CL = -0.7966
      Cm =  0.1854     CD =  0.00423   =>   CDf =  0.00676    CDp = -0.00253

 Side 1  free  transition at x/c =  0.5938   50
 Side 2  free  transition at x/c =  0.5725   61

  52   rms: 0.4386E+00   max: -.6559E+00   U at   87  2   RLX: 0.428
       a =  0.000      CL = -0.5410
      Cm =  0.1248     CD =  0.00513   =>   CDf =  0.00625    CDp = -0.00112

 MRCHDU: Convergence failed at  85  side 2    Res =  0.1197E+01
 Side 1  free  transition at x/c =  0.5943   52
 Side 2  free  transition at x/c =  0.5754   59
 idif Ue xi dudx           1  0.16733289      4.34732437E-03   38.491005    
 Uenew xinew           2  6.60007745E-02  1.71470642E-03

  53   rms: 0.3056E+00   max: -.9055E+00   U at   85  2   RLX: 0.414
       a =  0.000      CL = -0.6799
      Cm =  0.1573     CD =  0.00459   =>   CDf =  0.00661    CDp = -0.00201

 MRCHDU: Convergence failed at  86  side 2    Res =  0.1725E+01
 Side 1  free  transition at x/c =  0.5939   51
 Side 2  free  transition at x/c =  0.5755   60
 idif Ue xi dudx           1  0.15223861      3.60429287E-03   42.238136    
 Uenew xinew           2  3.67165208E-02  8.69274139E-04

  54   rms: 0.3578E+00   max: -.1129E+01   U at   86  2   RLX: 0.332
       a =  0.000      CL = -0.8165
      Cm =  0.1902     CD =  0.00418   =>   CDf =  0.00673    CDp = -0.00255

 MRCHDU: Convergence failed at  87  side 2    Res =  0.1823E+00
 Side 1  free  transition at x/c =  0.5936   50
 Side 2  free  transition at x/c =  0.5748   61

  55   rms: 0.4101E+00   max: -.1350E+01   U at   87  2   RLX: 0.278
       a =  0.000      CL = -0.9485
      Cm =  0.2226     CD =  0.00390   =>   CDf =  0.00664    CDp = -0.00274

 Side 1  free  transition at x/c =  0.5934   50
 Side 2  free  transition at x/c =  0.5715   61

  56   rms: 0.4348E+00   max: -.8777E+00   U at   87  2   RLX: 0.427
       a =  0.000      CL = -0.7011
      Cm =  0.1626     CD =  0.00457   =>   CDf =  0.00645    CDp = -0.00188

 MRCHDU: Convergence failed at  86  side 2    Res =  0.3900E+00
 Side 1  free  transition at x/c =  0.5942   51
 Side 2  free  transition at x/c =  0.5704   60
 idif Ue xi dudx           1  0.16025317      3.75974178E-03   42.623451    
 Uenew xinew           2  4.36772332E-02  1.02472305E-03

  57   rms: 0.3479E+00   max: -.1159E+01   U at   86  2   RLX: 0.323
       a =  0.000      CL = -0.8229
      Cm =  0.1916     CD =  0.00417   =>   CDf =  0.00679    CDp = -0.00262

 Side 1  free  transition at x/c =  0.5938   50
 Side 2  free  transition at x/c =  0.5716   61

  58   rms: 0.4279E+00   max: -.6952E+00   U at   87  2   RLX: 0.440
       a =  0.000      CL = -0.5676
      Cm =  0.1310     CD =  0.00504   =>   CDf =  0.00642    CDp = -0.00137

 MRCHDU: Convergence failed at  86  side 2    Res =  0.4977E+00
 Side 1  free  transition at x/c =  0.5943   51
 Side 2  free  transition at x/c =  0.5744   60

  59   rms: 0.3098E+00   max: -.9466E+00   U at   86  2   RLX: 0.396
       a =  0.000      CL = -0.7045
      Cm =  0.1631     CD =  0.00452   =>   CDf =  0.00649    CDp = -0.00198

 MRCHDU: Convergence failed at  86  side 2    Res =  0.2262E+01
 Side 1  free  transition at x/c =  0.5939   51
 Side 2  free  transition at x/c =  0.5747   60
 idif Ue xi dudx           1  0.16939655      3.92401218E-03   43.169220    
 Uenew xinew           2  5.13279215E-02  1.18899345E-03

  60   rms: 0.3605E+00   max: -.1168E+01   U at   86  2   RLX: 0.321
       a =  0.000      CL = -0.8370
      Cm =  0.1952     CD =  0.00414   =>   CDf =  0.00676    CDp = -0.00262

 Side 1  free  transition at x/c =  0.5937   50
 Side 2  free  transition at x/c =  0.5742   61

  61   rms: 0.4581E+00   max: -.7054E+00   U at   87  2   RLX: 0.410
       a =  0.000      CL = -0.5801
      Cm =  0.1341     CD =  0.00494   =>   CDf =  0.00639    CDp = -0.00145

 MRCHDU: Convergence failed at  86  side 2    Res =  0.2165E+00
 Side 1  free  transition at x/c =  0.5944   51
 Side 2  free  transition at x/c =  0.5757   60

  62   rms: 0.3221E+00   max: -.9675E+00   U at   86  2   RLX: 0.388
       a =  0.000      CL = -0.7206
      Cm =  0.1670     CD =  0.00444   =>   CDf =  0.00649    CDp = -0.00205

 MRCHDU: Convergence failed at  86  side 2    Res =  0.3181E+00
 Side 1  free  transition at x/c =  0.5940   51
 Side 2  free  transition at x/c =  0.5754   60
 idif Ue xi dudx           1  0.18083616      4.17983532E-03   43.263943    
 Uenew xinew           2  6.25084639E-02  1.44481659E-03

  63   rms: 0.3722E+00   max: -.1196E+01   U at   86  2   RLX: 0.314
       a =  0.000      CL = -0.8552
      Cm =  0.1997     CD =  0.00408   =>   CDf =  0.00677    CDp = -0.00269

 Side 1  free  transition at x/c =  0.5937   50
 Side 2  free  transition at x/c =  0.5744   61

  64   rms: 0.4627E+00   max: -.7296E+00   U at   87  2   RLX: 0.405
       a =  0.000      CL = -0.5987
      Cm =  0.1385     CD =  0.00486   =>   CDf =  0.00639    CDp = -0.00153

 MRCHDU: Convergence failed at  86  side 2    Res =  0.1974E+02
 Side 1  free  transition at x/c =  0.5944   51
 Side 2  free  transition at x/c =  0.5755   60

  65   rms: 0.3354E+00   max: -.9975E+00   U at   86  2   RLX: 0.376
       a =  0.000      CL = -0.7419
      Cm =  0.1720     CD =  0.00438   =>   CDf =  0.00650    CDp = -0.00212

 MRCHDU: Convergence failed at  86  side 2    Res =  0.3718E+00
 Side 1  free  transition at x/c =  0.5940   51
 Side 2  free  transition at x/c =  0.5751   60
 idif Ue xi dudx           1  0.19398427      4.48477268E-03   43.253979    
 Uenew xinew           2  7.56838173E-02  1.74975395E-03

  66   rms: 0.3816E+00   max: -.1230E+01   U at   86  2   RLX: 0.305
       a =  0.000      CL = -0.8765
      Cm =  0.2048     CD =  0.00404   =>   CDf =  0.00679    CDp = -0.00275

 Side 1  free  transition at x/c =  0.5937   50
 Side 2  free  transition at x/c =  0.5740   61

  67   rms: 0.4602E+00   max: -.7593E+00   U at   87  2   RLX: 0.408
       a =  0.000      CL = -0.6202
      Cm =  0.1435     CD =  0.00479   =>   CDf =  0.00640    CDp = -0.00160

 MRCHDU: Convergence failed at  86  side 2    Res =  0.7627E+00
 Side 1  free  transition at x/c =  0.5944   51
 Side 2  free  transition at x/c =  0.5748   60
 idif Ue xi dudx           1  0.12289486      2.86257267E-03   42.931614    
 Uenew xinew           2  5.47609664E-03  1.27553940E-04

  68   rms: 0.3399E+00   max: -.1032E+01   U at   86  2   RLX: 0.363
       a =  0.000      CL = -0.7600
      Cm =  0.1764     CD =  0.00432   =>   CDf =  0.00667    CDp = -0.00235

 MRCHDU: Convergence failed at  87  side 2    Res =  0.6629E+00
 Side 1  free  transition at x/c =  0.5940   50
 Side 2  free  transition at x/c =  0.5746   61

  69   rms: 0.4096E+00   max: -.1259E+01   U at   87  2   RLX: 0.298
       a =  0.000      CL = -0.8950
      Cm =  0.2093     CD =  0.00401   =>   CDf =  0.00660    CDp = -0.00260

 Side 1  free  transition at x/c =  0.5937   50
 Side 2  free  transition at x/c =  0.5733   61

  70   rms: 0.4543E+00   max: -.7873E+00   U at   87  2   RLX: 0.414
       a =  0.000      CL = -0.6390
      Cm =  0.1479     CD =  0.00474   =>   CDf =  0.00641    CDp = -0.00167

 MRCHDU: Convergence failed at  86  side 2    Res =  0.2957E+00
 Side 1  free  transition at x/c =  0.5944   51
 Side 2  free  transition at x/c =  0.5735   60
 idif Ue xi dudx           1  0.12849812      3.00681591E-03   42.735615    
 Uenew xinew           2  1.16154198E-02  2.71797180E-04

  71   rms: 0.3363E+00   max: -.1061E+01   U at   86  2   RLX: 0.353
       a =  0.000      CL = -0.7711
      Cm =  0.1791     CD =  0.00429   =>   CDf =  0.00670    CDp = -0.00242

 MRCHDU: Convergence failed at  87  side 2    Res =  0.3995E+00
 Side 1  free  transition at x/c =  0.5940   50
 Side 2  free  transition at x/c =  0.5738   61

  72   rms: 0.3993E+00   max: -.1278E+01   U at   87  2   RLX: 0.294
       a =  0.000      CL = -0.9053
      Cm =  0.2118     CD =  0.00399   =>   CDf =  0.00662    CDp = -0.00264

 Side 1  free  transition at x/c =  0.5936   50
 Side 2  free  transition at x/c =  0.5724   61

  73   rms: 0.4455E+00   max: -.8064E+00   U at   87  2   RLX: 0.424
       a =  0.000      CL = -0.6496
      Cm =  0.1504     CD =  0.00472   =>   CDf =  0.00642    CDp = -0.00171

 MRCHDU: Convergence failed at  86  side 2    Res =  0.6467E+00
 Side 1  free  transition at x/c =  0.5944   51
 Side 2  free  transition at x/c =  0.5723   60
 idif Ue xi dudx           1  0.13221444      3.09062004E-03   42.779263    
 Uenew xinew           2  1.52123617E-02  3.55601311E-04

  74   rms: 0.3334E+00   max: -.1078E+01   U at   86  2   RLX: 0.348
       a =  0.000      CL = -0.7767
      Cm =  0.1805     CD =  0.00427   =>   CDf =  0.00673    CDp = -0.00245

 MRCHDU: Convergence failed at  87  side 2    Res =  0.1644E+00
 Side 1  free  transition at x/c =  0.5940   50
 Side 2  free  transition at x/c =  0.5730   61

  75   rms: 0.3945E+00   max: -.1287E+01   U at   87  2   RLX: 0.291
       a =  0.000      CL = -0.9081
      Cm =  0.2125     CD =  0.00398   =>   CDf =  0.00664    CDp = -0.00266

 Side 1  free  transition at x/c =  0.5936   50
 Side 2  free  transition at x/c =  0.5719   61

  76   rms: 0.4343E+00   max: -.8169E+00   U at   87  2   RLX: 0.437
       a =  0.000      CL = -0.6525
      Cm =  0.1510     CD =  0.00471   =>   CDf =  0.00643    CDp = -0.00172

 Side 1  free  transition at x/c =  0.5944   51
 Side 2  free  transition at x/c =  0.5718   60

  77   rms: 0.3783E+00   max: -.4921E+00   U at   86  2   RLX: 0.506
       a =  0.000      CL = -0.3903
      Cm =  0.0897     CD =  0.00590   =>   CDf =  0.00625    CDp = -0.00035

 Side 1  free  transition at x/c =  0.5941   53
 Side 2  free  transition at x/c =  0.5759   58

  78   rms: 0.2797E+00   max: 0.3853E+00   D at   97  2   RLX: 0.523
       a =  0.000      CL = -0.1988
      Cm =  0.0460     CD =  0.00721   =>   CDf =  0.00631    CDp =  0.00090

 Side 1  free  transition at x/c =  0.5931   54
 Side 2  free  transition at x/c =  0.5787   57

  79   rms: 0.1797E+00   max: 0.2677E+00   D at   95  2
       a =  0.000      CL =  0.0419
      Cm = -0.0082     CD =  0.00912   =>   CDf =  0.00628    CDp =  0.00284

 Side 1  free  transition at x/c =  0.5914   54
 Side 2  free  transition at x/c =  0.5818   56

  80   rms: 0.3137E-01   max: 0.2162E+00   D at    3  1
       a =  0.000      CL =  0.0728
      Cm = -0.0153     CD =  0.00980   =>   CDf =  0.00629    CDp =  0.00351

 Side 1  free  transition at x/c =  0.5912   54
 Side 2  free  transition at x/c =  0.5819   56

  81   rms: 0.1884E-02   max: -.1743E-01   D at   77  1
       a =  0.000      CL =  0.0723
      Cm = -0.0152     CD =  0.00981   =>   CDf =  0.00628    CDp =  0.00353

 Side 1  free  transition at x/c =  0.5911   54
 Side 2  free  transition at x/c =  0.5818   56

  82   rms: 0.8991E-04   max: -.4621E-03   D at   77  1
       a =  0.000      CL =  0.0724
      Cm = -0.0152     CD =  0.00981   =>   CDf =  0.00628    CDp =  0.00353
 plradd ia,ip,cpol            1           0  0.37224060    

 Point added to stored polar  1
 Point written to save file  polar.txt                                       
 Dump file unspecified or not available
 Calculating wake trajectory ...
 Calculating source influence matrix ...

 Solving BL system ...

 Side 1  free  transition at x/c =  0.5911   54
 Side 2  free  transition at x/c =  0.5818   56

   1   rms: 0.1173E+00   max: -.2662E+00   T at   56  2
       a =  1.000      CL =  0.1423
      Cm = -0.0069     CD =  0.00974   =>   CDf =  0.00623    CDp =  0.00352

 Side 1  free  transition at x/c =  0.5797   56
 Side 2  free  transition at x/c =  0.5950   55

   2   rms: 0.1968E-01   max: 0.1763E+00   D at   55  2
       a =  1.000      CL =  0.1592
      Cm = -0.0107     CD =  0.00978   =>   CDf =  0.00623    CDp =  0.00356

 Side 1  free  transition at x/c =  0.5797   56
 Side 2  free  transition at x/c =  0.5939   55

   3   rms: 0.1932E-02   max: 0.1133E-01   D at   55  2
       a =  1.000      CL =  0.1612
      Cm = -0.0111     CD =  0.00979   =>   CDf =  0.00622    CDp =  0.00357

 Side 1  free  transition at x/c =  0.5796   56
 Side 2  free  transition at x/c =  0.5938   55

   4   rms: 0.2449E-04   max: 0.1233E-03   D at   80  2
       a =  1.000      CL =  0.1612
      Cm = -0.0111     CD =  0.00979   =>   CDf =  0.00622    CDp =  0.00357
 plradd ia,ip,cpol            2           0  0.37224060    

 Point added to stored polar  1
 Point written to save file  polar.txt                                       
 Dump file unspecified or not available
 Calculating wake trajectory ...
 Calculating source influence matrix ...

 Solving BL system ...

 Side 1  free  transition at x/c =  0.5796   56
 Side 2  free  transition at x/c =  0.5938   55

   1   rms: 0.1364E+00   max: -.3073E+00   T at   55  2
       a =  2.000      CL =  0.2600
      Cm = -0.0092     CD =  0.00992   =>   CDf =  0.00618    CDp =  0.00373

 Side 1  free  transition at x/c =  0.5698   56
 Side 2  free  transition at x/c =  0.6054   55

   2   rms: 0.2615E-01   max: -.1586E+00   D at   54  2
       a =  2.000      CL =  0.2625
      Cm = -0.0098     CD =  0.00994   =>   CDf =  0.00632    CDp =  0.00362

 Side 1  free  transition at x/c =  0.5687   56
 Side 2  free  transition at x/c =  0.6089   55

   3   rms: 0.3785E-02   max: 0.4205E-01   T at   55  2
       a =  2.000      CL =  0.2604
      Cm = -0.0093     CD =  0.01000   =>   CDf =  0.00622    CDp =  0.00377

 Side 1  free  transition at x/c =  0.5686   56
 Side 2  free  transition at x/c =  0.6076   55

   4   rms: 0.2302E-03   max: -.2730E-02   D at   56  2
       a =  2.000      CL =  0.2602
      Cm = -0.0093     CD =  0.01000   =>   CDf =  0.00624    CDp =  0.00376

 Side 1  free  transition at x/c =  0.5686   56
 Side 2  free  transition at x/c =  0.6075   55

   5   rms: 0.1427E-05   max: -.1387E-04   D at   56  2
       a =  2.000      CL =  0.2602
      Cm = -0.0093     CD =  0.01000   =>   CDf =  0.00624    CDp =  0.00376
 plradd ia,ip,cpol            3           0  0.35496014    

 Point added to stored polar  1
 Point written to save file  polar.txt                                       
 Dump file unspecified or not available
 Calculating wake trajectory ...
 Calculating source influence matrix ...

 Solving BL system ...

 Side 1  free  transition at x/c =  0.5686   56
 Side 2  free  transition at x/c =  0.6075   55

   1   rms: 0.1335E+00   max: -.3277E+00   T at   55  2
       a =  3.000      CL =  0.3647
      Cm = -0.0088     CD =  0.00998   =>   CDf =  0.00612    CDp =  0.00386

 Side 1  free  transition at x/c =  0.5578   58
 Side 2  free  transition at x/c =  0.6244   53

   2   rms: 0.2336E-01   max: -.1681E+00   D at   58  1
       a =  3.000      CL =  0.3545
      Cm = -0.0065     CD =  0.01016   =>   CDf =  0.00619    CDp =  0.00397

 Side 1  free  transition at x/c =  0.5586   58
 Side 2  free  transition at x/c =  0.6231   53

   3   rms: 0.2616E-02   max: 0.1635E-01   D at   77  2
       a =  3.000      CL =  0.3578
      Cm = -0.0072     CD =  0.01018   =>   CDf =  0.00616    CDp =  0.00402

 Side 1  free  transition at x/c =  0.5585   58
 Side 2  free  transition at x/c =  0.6230   53

   4   rms: 0.5902E-04   max: 0.6271E-03   D at   77  2
       a =  3.000      CL =  0.3579
      Cm = -0.0072     CD =  0.01018   =>   CDf =  0.00616    CDp =  0.00402
 plradd ia,ip,cpol            4           0  0.35496014    

 Point added to stored polar  1
 Point written to save file  polar.txt                                       
 Dump file unspecified or not available
 Calculating wake trajectory ...
 Calculating source influence matrix ...

 Solving BL system ...

 Side 1  free  transition at x/c =  0.5585   58
 Side 2  free  transition at x/c =  0.6230   53

   1   rms: 0.1343E+00   max: -.3076E+00   T at   53  2
       a =  4.000      CL =  0.4625
      Cm = -0.0067     CD =  0.01051   =>   CDf =  0.00608    CDp =  0.00443

 Side 1  free  transition at x/c =  0.5503   58
 Side 2  free  transition at x/c =  0.6418   53

   2   rms: 0.2371E-01   max: -.2291E+00   D at   53  2
       a =  4.000      CL =  0.4642
      Cm = -0.0072     CD =  0.01044   =>   CDf =  0.00610    CDp =  0.00434

 Side 1  free  transition at x/c =  0.5488   58
 Side 2  free  transition at x/c =  0.6409   53

   3   rms: 0.1919E-02   max: 0.1883E-01   C at   53  2
       a =  4.000      CL =  0.4643
      Cm = -0.0072     CD =  0.01047   =>   CDf =  0.00603    CDp =  0.00444

 Side 1  free  transition at x/c =  0.5487   58
 Side 2  free  transition at x/c =  0.6403   53

   4   rms: 0.2600E-04   max: -.2834E-03   D at   54  2
       a =  4.000      CL =  0.4644
      Cm = -0.0072     CD =  0.01047   =>   CDf =  0.00603    CDp =  0.00443
 plradd ia,ip,cpol            5           0  0.30224156    

 Point added to stored polar  1
 Point written to save file  polar.txt                                       
 Dump file unspecified or not available
 Calculating wake trajectory ...
 Calculating source influence matrix ...

 Solving BL system ...

 Side 1  free  transition at x/c =  0.5487   58
 Side 2  free  transition at x/c =  0.6403   53

   1   rms: 0.1268E+00   max: -.3205E+00   T at   53  2
       a =  5.000      CL =  0.5510
      Cm = -0.0030     CD =  0.01071   =>   CDf =  0.00594    CDp =  0.00477

 Side 1  free  transition at x/c =  0.5338   58
 Side 2  free  transition at x/c =  0.6617   53

   2   rms: 0.2992E-01   max: 0.2920E+00   C at   53  2
       a =  5.000      CL =  0.5743
      Cm = -0.0080     CD =  0.01075   =>   CDf =  0.00596    CDp =  0.00480

 Side 1  free  transition at x/c =  0.5348   59
 Side 2  free  transition at x/c =  0.6603   53

   3   rms: 0.5674E-02   max: -.4179E-01   D at   58  1
       a =  5.000      CL =  0.5687
      Cm = -0.0068     CD =  0.01074   =>   CDf =  0.00598    CDp =  0.00476

 Side 1  free  transition at x/c =  0.5352   59
 Side 2  free  transition at x/c =  0.6594   53

   4   rms: 0.3442E-03   max: -.1837E-02   D at   87  1
       a =  5.000      CL =  0.5691
      Cm = -0.0069     CD =  0.01074   =>   CDf =  0.00596    CDp =  0.00478

 Side 1  free  transition at x/c =  0.5352   59
 Side 2  free  transition at x/c =  0.6594   53

   5   rms: 0.2506E-05   max: 0.1410E-04   D at   74  2
       a =  5.000      CL =  0.5691
      Cm = -0.0069     CD =  0.01074   =>   CDf =  0.00596    CDp =  0.00478
 plradd ia,ip,cpol            6           0  0.21459390    

 Point added to stored polar  1
 Point written to save file  polar.txt                                       
 Dump file unspecified or not available
 Calculating wake trajectory ...
 Calculating source influence matrix ...

 Solving BL system ...

 Side 1  free  transition at x/c =  0.5352   59
 Side 2  free  transition at x/c =  0.6594   53

   1   rms: 0.1592E+00   max: -.3564E+00   T at   53  2
       a =  6.000      CL =  0.7127
      Cm = -0.0149     CD =  0.01151   =>   CDf =  0.00573    CDp =  0.00577

 Side 1  free  transition at x/c =  0.5118   59
 Side 2  free  transition at x/c =  0.6823   52

   2   rms: 0.7918E-01   max: -.7479E+00   D at   60  1   RLX: 0.669
       a =  6.000      CL =  0.7043
      Cm = -0.0127     CD =  0.01154   =>   CDf =  0.00575    CDp =  0.00579

 Side 1  free  transition at x/c =  0.5184   60
 Side 2  free  transition at x/c =  0.6821   52

   3   rms: 0.5907E-01   max: 0.4222E+00   D at   89  1
       a =  6.000      CL =  0.6396
      Cm =  0.0006     CD =  0.01089   =>   CDf =  0.00577    CDp =  0.00512

 Side 1  free  transition at x/c =  0.5212   60
 Side 2  free  transition at x/c =  0.6812   52

   4   rms: 0.1731E-01   max: -.9962E-01   D at   78  2
       a =  6.000      CL =  0.6592
      Cm = -0.0038     CD =  0.01097   =>   CDf =  0.00575    CDp =  0.00523

 Side 1  free  transition at x/c =  0.5200   60
 Side 2  free  transition at x/c =  0.6812   52

   5   rms: 0.6820E-03   max: -.1036E-01   D at   78  2
       a =  6.000      CL =  0.6591
      Cm = -0.0037     CD =  0.01098   =>   CDf =  0.00576    CDp =  0.00522

 Side 1  free  transition at x/c =  0.5200   60
 Side 2  free  transition at x/c =  0.6812   52

   6   rms: 0.5372E-05   max: -.9057E-04   D at   78  2
       a =  6.000      CL =  0.6591
      Cm = -0.0037     CD =  0.01098   =>   CDf =  0.00576    CDp =  0.00522
 plradd ia,ip,cpol            7           0  9.68595818E-02

 Point added to stored polar  1
 Point written to save file  polar.txt                                       
 Dump file unspecified or not available
 Calculating wake trajectory ...
 Calculating source influence matrix ...

 Solving BL system ...

 Side 1  free  transition at x/c =  0.5200   60
 Side 2  free  transition at x/c =  0.6812   52

   1   rms: 0.1397E+00   max: -.6570E+00   D at   60  1   RLX: 0.761
       a =  7.000      CL =  0.7321
      Cm = -0.0023     CD =  0.01128   =>   CDf =  0.00563    CDp =  0.00565

 MRCHDU: Convergence failed at  61  side 1    Res =  0.1301E+01
 MRCHDU: Convergence failed at  62  side 1    Res =  0.1108E+01
 MRCHDU: Convergence failed at  63  side 1    Res =  0.1223E+01
 MRCHDU: Convergence failed at  64  side 1    Res =  0.2027E+01
 MRCHDU: Convergence failed at  65  side 1    Res =  0.2318E+01
 MRCHDU: Convergence failed at  66  side 1    Res =  0.2663E+01
 MRCHDU: Convergence failed at  67  side 1    Res =  0.3162E+01
 MRCHDU: Convergence failed at  68  side 1    Res =  0.3783E+01
 MRCHDU: Convergence failed at  69  side 1    Res =  0.4684E+01
 MRCHDU: Convergence failed at  70  side 1    Res =  0.5946E+01
 MRCHDU: Convergence failed at  71  side 1    Res =  0.8082E+01
 MRCHDU: Convergence failed at  72  side 1    Res =  0.1243E+02
 MRCHDU: Convergence failed at  73  side 1    Res =  0.3256E+02
 MRCHDU: Convergence failed at  74  side 1    Res =  0.6115E+02
 MRCHDU: Convergence failed at  75  side 1    Res =  0.2684E+02
 MRCHDU: Convergence failed at  76  side 1    Res =  0.1825E+02
 MRCHDU: Convergence failed at  77  side 1    Res =  0.3389E+02
 MRCHDU: Convergence failed at  78  side 1    Res =  0.2103E+02
 MRCHDU: Convergence failed at  79  side 1    Res =  0.6004E+02
 MRCHDU: Convergence failed at  80  side 1    Res =  0.2361E+03
 MRCHDU: Convergence failed at  81  side 1    Res =  0.2108E+02
 MRCHDU: Convergence failed at  82  side 1    Res =  0.1659E+02
 MRCHDU: Convergence failed at  83  side 1    Res =  0.4570E+02
 MRCHDU: Convergence failed at  84  side 1    Res =  0.1430E+03
 MRCHDU: Convergence failed at  85  side 1    Res =  0.2615E+02
 MRCHDU: Convergence failed at  86  side 1    Res =  0.1180E+02
 MRCHDU: Convergence failed at  87  side 1    Res =  0.1446E+02
 MRCHDU: Convergence failed at  88  side 1    Res =  0.2666E+02
 MRCHDU: Convergence failed at  89  side 1    Res =  0.1733E+03
 MRCHDU: Convergence failed at  90  side 1    Res =  0.1667E+02
 Side 1  free  transition at x/c =  0.5120   60
 Side 2  free  transition at x/c =  0.7001   52

   2   rms: 0.7897E+00   max: 0.6120E+01   D at   90  1   RLX: 0.245
       a =  7.000      CL =  1.0462
      Cm = -0.1750     CD =  0.00502   =>   CDf =  0.00420    CDp =  0.00082

 Side 1  free  transition at x/c =  0.5034   60
 Side 2  free  transition at x/c =  0.7005   52

   3   rms: 0.2743E+00   max: -.3272E+00   U at   90  1   RLX: 0.917
       a =  7.000      CL =  0.7744
      Cm = -0.0107     CD =  0.00884   =>   CDf =  0.00643    CDp =  0.00241

 Side 1  free  transition at x/c =  0.5049   61
 Side 2  free  transition at x/c =  0.7033   51

   4   rms: 0.2470E+00   max: -.4015E+01   D at    2  1   RLX: 0.125
       a =  7.000      CL =  0.7819
      Cm = -0.0140     CD =  0.01045   =>   CDf =  0.00563    CDp =  0.00482

 Side 1  free  transition at x/c =  0.5046   61
 Side 2  free  transition at x/c =  0.7033   51

   5   rms: 0.6580E-01   max: -.5520E+00   D at   80  1   RLX: 0.906
       a =  7.000      CL =  0.7851
      Cm = -0.0077     CD =  0.01075   =>   CDf =  0.00563    CDp =  0.00513

 Side 1  free  transition at x/c =  0.5029   61
 Side 2  free  transition at x/c =  0.7037   51

   6   rms: 0.4014E-01   max: 0.2184E+00   D at   90  1
       a =  7.000      CL =  0.7630
      Cm = -0.0038     CD =  0.01127   =>   CDf =  0.00559    CDp =  0.00569

 Side 1  free  transition at x/c =  0.5027   61
 Side 2  free  transition at x/c =  0.7038   51

   7   rms: 0.4319E-02   max: 0.4886E-01   D at   88  1
       a =  7.000      CL =  0.7621
      Cm = -0.0038     CD =  0.01133   =>   CDf =  0.00557    CDp =  0.00576

 Side 1  free  transition at x/c =  0.5026   61
 Side 2  free  transition at x/c =  0.7038   51

   8   rms: 0.3439E-03   max: 0.2222E-02   D at   88  1
       a =  7.000      CL =  0.7617
      Cm = -0.0037     CD =  0.01133   =>   CDf =  0.00557    CDp =  0.00576

 Side 1  free  transition at x/c =  0.5026   61
 Side 2  free  transition at x/c =  0.7038   51

   9   rms: 0.7165E-05   max: -.3716E-04   D at   71  2
       a =  7.000      CL =  0.7617
      Cm = -0.0037     CD =  0.01133   =>   CDf =  0.00557    CDp =  0.00576
 plradd ia,ip,cpol            8           0  2.96850856E-02

 Point added to stored polar  1
 Point written to save file  polar.txt                                       
 Dump file unspecified or not available
 Calculating wake trajectory ...
 Calculating source influence matrix ...

 Solving BL system ...

 Side 1  free  transition at x/c =  0.5026   61
 Side 2  free  transition at x/c =  0.7038   51

   1   rms: 0.1591E+00   max: -.1092E+01   T at    3  1   RLX: 0.458
       a =  8.000      CL =  0.8058
      Cm = -0.0031     CD =  0.01156   =>   CDf =  0.00557    CDp =  0.00599

 Side 1  free  transition at x/c =  0.4966   60
 Side 2  free  transition at x/c =  0.7161   52

   2   rms: 0.7920E-01   max: 0.3123E+00   D at   52  2
       a =  8.000      CL =  0.8603
      Cm = -0.0032     CD =  0.01173   =>   CDf =  0.00535    CDp =  0.00638

 Side 1  free  transition at x/c =  0.4803   61
 Side 2  free  transition at x/c =  0.7256   51

   3   rms: 0.2945E-01   max: -.3208E+00   D at   61  1
       a =  8.000      CL =  0.8484
      Cm = -0.0009     CD =  0.01182   =>   CDf =  0.00548    CDp =  0.00635

 Side 1  free  transition at x/c =  0.4851   61
 Side 2  free  transition at x/c =  0.7281   52

   4   rms: 0.1050E-01   max: -.6118E-01   D at   51  2
       a =  8.000      CL =  0.8569
      Cm = -0.0025     CD =  0.01178   =>   CDf =  0.00535    CDp =  0.00644

 Side 1  free  transition at x/c =  0.4843   61
 Side 2  free  transition at x/c =  0.7286   52

   5   rms: 0.5039E-03   max: 0.6117E-02   D at   86  1
       a =  8.000      CL =  0.8570
      Cm = -0.0025     CD =  0.01179   =>   CDf =  0.00534    CDp =  0.00645

 Side 1  free  transition at x/c =  0.4843   61
 Side 2  free  transition at x/c =  0.7284   52

   6   rms: 0.5894E-05   max: -.5146E-04   D at   53  2
       a =  8.000      CL =  0.8570
      Cm = -0.0025     CD =  0.01179   =>   CDf =  0.00534    CDp =  0.00645
 plradd ia,ip,cpol            9           0  2.96850856E-02

 Point added to stored polar  1
 Point written to save file  polar.txt                                       
 Dump file unspecified or not available
 Calculating wake trajectory ...
 Calculating source influence matrix ...

 Solving BL system ...

 Side 1  free  transition at x/c =  0.4843   61
 Side 2  free  transition at x/c =  0.7284   52

   1   rms: 0.1438E+00   max: -.5759E+00   D at   61  1   RLX: 0.868
       a =  9.000      CL =  0.9391
      Cm = -0.0017     CD =  0.01218   =>   CDf =  0.00520    CDp =  0.00698

 Side 1  free  transition at x/c =  0.4594   60
 Side 2  free  transition at x/c =  0.7475   52

   2   rms: 0.4510E-01   max: 0.3609E+00   D at   61  1
       a =  9.000      CL =  0.9451
      Cm = -0.0009     CD =  0.01245   =>   CDf =  0.00531    CDp =  0.00714

 Side 1  free  transition at x/c =  0.4576   60
 Side 2  free  transition at x/c =  0.7644   52

   3   rms: 0.1462E-01   max: -.2087E+00   C at   52  2
       a =  9.000      CL =  0.9377
      Cm =  0.0008     CD =  0.01252   =>   CDf =  0.00512    CDp =  0.00740

 Side 1  free  transition at x/c =  0.4576   60
 Side 2  free  transition at x/c =  0.7568   52

   4   rms: 0.2840E-02   max: 0.2524E-01   D at   53  2
       a =  9.000      CL =  0.9354
      Cm =  0.0013     CD =  0.01255   =>   CDf =  0.00512    CDp =  0.00742

 Side 1  free  transition at x/c =  0.4578   60
 Side 2  free  transition at x/c =  0.7576   52

   5   rms: 0.8870E-04   max: -.7092E-03   D at   53  2
       a =  9.000      CL =  0.9353
      Cm =  0.0014     CD =  0.01255   =>   CDf =  0.00512    CDp =  0.00742
 plradd ia,ip,cpol           10           0  2.19602250E-02

 Point added to stored polar  1
 Point written to save file  polar.txt                                       
 Dump file unspecified or not available
 Calculating wake trajectory ...
 Calculating source influence matrix ...

 Solving BL system ...

 Side 1  free  transition at x/c =  0.4578   60
 Side 2  free  transition at x/c =  0.7576   52

   1   rms: 0.1380E+00   max: -.4386E+00   C at   60  1
       a = 10.000      CL =  1.0156
      Cm =  0.0045     CD =  0.01333   =>   CDf =  0.00497    CDp =  0.00835

 Side 1  free  transition at x/c =  0.3991   58
 Side 2  free  transition at x/c =  0.7859   53

   2   rms: 0.4304E-01   max: -.2867E+00   C at   58  1
       a = 10.000      CL =  0.9947
      Cm =  0.0071     CD =  0.01405   =>   CDf =  0.00512    CDp =  0.00893

 Side 1  free  transition at x/c =  0.4187   59
 Side 2  free  transition at x/c =  0.7973   53

   3   rms: 0.1256E-01   max: 0.1086E+00   D at   58  1
       a = 10.000      CL =  0.9985
      Cm =  0.0068     CD =  0.01389   =>   CDf =  0.00485    CDp =  0.00904

 Side 1  free  transition at x/c =  0.4103   59
 Side 2  free  transition at x/c =  0.7939   53

   4   rms: 0.4740E-02   max: -.5163E-01   C at   59  1
       a = 10.000      CL =  0.9956
      Cm =  0.0073     CD =  0.01400   =>   CDf =  0.00492    CDp =  0.00908

 Side 1  free  transition at x/c =  0.4121   59
 Side 2  free  transition at x/c =  0.7940   53

   5   rms: 0.1317E-03   max: -.1105E-02   D at   68  2
       a = 10.000      CL =  0.9954
      Cm =  0.0073     CD =  0.01400   =>   CDf =  0.00490    CDp =  0.00910

 Side 1  free  transition at x/c =  0.4121   59
 Side 2  free  transition at x/c =  0.7940   53

   6   rms: 0.1588E-05   max: 0.1102E-04   C at   59  1
       a = 10.000      CL =  0.9954
      Cm =  0.0073     CD =  0.01400   =>   CDf =  0.00490    CDp =  0.00910
 plradd ia,ip,cpol           11           0  4.94164089E-03

 Point added to stored polar  1
 Point written to save file  polar.txt                                       
 Dump file unspecified or not available
 Calculating wake trajectory ...
 Calculating source influence matrix ...

 Solving BL system ...

 Side 1  free  transition at x/c =  0.4121   59
 Side 2  free  transition at x/c =  0.7940   53

   1   rms: 0.1784E+00   max: 0.1362E+01   C at   59  1   RLX: 0.563
       a = 11.000      CL =  1.0147
      Cm =  0.0120     CD =  0.01553   =>   CDf =  0.00475    CDp =  0.01078

 Side 1  free  transition at x/c =  0.3374   56
 Side 2  free  transition at x/c =  0.8162   53

   2   rms: 0.1230E+00   max: 0.6622E+00   D at   82  1   RLX: 0.801
       a = 11.000      CL =  0.9900
      Cm =  0.0180     CD =  0.01857   =>   CDf =  0.00522    CDp =  0.01335

 Side 1  free  transition at x/c =  0.3121   54
 Side 2  free  transition at x/c =  0.8410   55

   3   rms: 0.5240E-01   max: -.9121E+00   C at   55  2   RLX: 0.548
       a = 11.000      CL =  0.9892
      Cm =  0.0187     CD =  0.01882   =>   CDf =  0.00512    CDp =  0.01370

 Side 1  free  transition at x/c =  0.3080   54
 Side 2  free  transition at x/c =  0.8476   56

   4   rms: 0.3516E-01   max: -.6816E+00   C at   56  2   RLX: 0.734
       a = 11.000      CL =  0.9885
      Cm =  0.0191     CD =  0.01901   =>   CDf =  0.00510    CDp =  0.01391

 Side 1  free  transition at x/c =  0.3058   54
 Side 2  free  transition at x/c =  0.8559   57

   5   rms: 0.2527E-01   max: -.4971E+00   C at   57  2
       a = 11.000      CL =  0.9876
      Cm =  0.0194     CD =  0.01907   =>   CDf =  0.00508    CDp =  0.01399

 Side 1  free  transition at x/c =  0.3052   54
 Side 2  free  transition at x/c =  0.8711   58

   6   rms: 0.3973E-02   max: 0.7639E-01   C at   58  2
       a = 11.000      CL =  0.9871
      Cm =  0.0195     CD =  0.01906   =>   CDf =  0.00496    CDp =  0.01410

 Side 1  free  transition at x/c =  0.3055   54
 Side 2  free  transition at x/c =  0.8688   57

   7   rms: 0.6773E-04   max: 0.1022E-02   C at   57  2
       a = 11.000      CL =  0.9871
      Cm =  0.0195     CD =  0.01906   =>   CDf =  0.00497    CDp =  0.01409
 plradd ia,ip,cpol           12           0  4.94164089E-03

 Point added to stored polar  1
 Point written to save file  polar.txt                                       
 Dump file unspecified or not available
 Calculating wake trajectory ...
 Calculating source influence matrix ...

 Solving BL system ...

 Side 1  free  transition at x/c =  0.3055   54
 Side 2  free  transition at x/c =  0.8688   57

   1   rms: 0.4182E+00   max: -.6888E+01   C at   57  2   RLX: 0.073
       a = 12.000      CL =  0.9864
      Cm =  0.0201     CD =  0.01959   =>   CDf =  0.00497    CDp =  0.01462

 Side 1  free  transition at x/c =  0.2996   53
 Side 2  free  transition at x/c =  0.8806   58

   2   rms: 0.4165E+00   max: -.7420E+01   C at   58  2   RLX: 0.067
       a = 12.000      CL =  0.9897
      Cm =  0.0202     CD =  0.01987   =>   CDf =  0.00495    CDp =  0.01493

 Side 1  free  transition at x/c =  0.2922   53
 Side 2  free  transition at x/c =  0.8896   59

   3   rms: 0.3946E+00   max: -.6917E+01   C at   59  2   RLX: 0.072
       a = 12.000      CL =  0.9926
      Cm =  0.0197     CD =  0.02034   =>   CDf =  0.00495    CDp =  0.01539

 Side 1  free  transition at x/c =  0.2852   53
 Side 2  free  transition at x/c =  0.9017   60

   4   rms: 0.3944E+00   max: -.6735E+01   C at   60  2   RLX: 0.074
       a = 12.000      CL =  0.9957
      Cm =  0.0190     CD =  0.02092   =>   CDf =  0.00495    CDp =  0.01597

 Side 1  free  transition at x/c =  0.2800   52
 Side 2  free  transition at x/c =  0.9173   60

   5   rms: 0.4239E+00   max: -.6793E+01   C at   60  2   RLX: 0.074
       a = 12.000      CL =  1.0028
      Cm =  0.0182     CD =  0.02126   =>   CDf =  0.00490    CDp =  0.01637

 Side 1  free  transition at x/c =  0.2714   52
 Side 2  free  transition at x/c =  0.9290   61

   6   rms: 0.3813E+00   max: -.5481E+01   C at   61  2   RLX: 0.091
       a = 12.000      CL =  1.0115
      Cm =  0.0161     CD =  0.02199   =>   CDf =  0.00491    CDp =  0.01708

 Side 1  free  transition at x/c =  0.2639   51
 Side 2  free  transition at x/c =  0.9420   62

   7   rms: 0.2722E+00   max: -.3366E+01   C at   62  2   RLX: 0.149
       a = 12.000      CL =  1.0295
      Cm =  0.0131     CD =  0.02273   =>   CDf =  0.00492    CDp =  0.01781

 Side 1  free  transition at x/c =  0.2485   50
 Side 2  free  transition at x/c =  0.9540   63

   8   rms: 0.2035E+00   max: -.2537E+01   C at   63  2   RLX: 0.197
       a = 12.000      CL =  1.0524
      Cm =  0.0088     CD =  0.02354   =>   CDf =  0.00499    CDp =  0.01854

 Side 1  free  transition at x/c =  0.2314   49
 Side 2  free  transition at x/c =  0.9586   63

   9   rms: 0.1523E+00   max: -.1749E+01   C at   63  2   RLX: 0.286
       a = 12.000      CL =  1.0741
      Cm =  0.0046     CD =  0.02474   =>   CDf =  0.00496    CDp =  0.01978

 Side 1  free  transition at x/c =  0.2141   49
 Side 2  free  transition at x/c =  0.9657   63

  10   rms: 0.9924E-01   max: -.1281E+01   C at   63  2   RLX: 0.390
       a = 12.000      CL =  1.0865
      Cm =  0.0021     CD =  0.02610   =>   CDf =  0.00516    CDp =  0.02094

 Side 1  free  transition at x/c =  0.2018   49
 Side 2  free  transition at x/c =  0.9757   64

  11   rms: 0.6519E+00   max: -.1161E+02   C at   64  2   RLX: 0.043
       a = 12.000      CL =  1.0916
      Cm = -0.0001     CD =  0.02648   =>   CDf =  0.00519    CDp =  0.02129

 Side 1  free  transition at x/c =  0.2000   49
 Side 2  free  transition at x/c =  0.9564   62

  12   rms: 0.7190E-01   max: -.1044E+01   C at   62  2   RLX: 0.479
       a = 12.000      CL =  1.0842
      Cm =  0.0019     CD =  0.02787   =>   CDf =  0.00520    CDp =  0.02267

 Side 1  free  transition at x/c =  0.1973   48
 Side 2  free  transition at x/c =  0.9774   64

  13   rms: 0.1968E+00   max: -.3581E+01   C at   64  2   RLX: 0.140
       a = 12.000      CL =  1.0901
      Cm =  0.0005     CD =  0.02806   =>   CDf =  0.00519    CDp =  0.02287

 Side 1  free  transition at x/c =  0.1950   48
 Side 2  free  transition at x/c =  0.9608   62

  14   rms: 0.6443E-01   max: -.1033E+01   C at   62  2   RLX: 0.484
       a = 12.000      CL =  1.0803
      Cm =  0.0030     CD =  0.02849   =>   CDf =  0.00518    CDp =  0.02331

 Side 1  free  transition at x/c =  0.1955   48
 Side 2  free  transition at x/c =  0.9813   64

  15   rms: 0.3279E+00   max: -.5882E+01   C at   64  2   RLX: 0.085
       a = 12.000      CL =  1.0900
      Cm =  0.0005     CD =  0.02891   =>   CDf =  0.00517    CDp =  0.02374

 Side 1  free  transition at x/c =  0.1923   48
 Side 2  free  transition at x/c =  0.9596   62

  16   rms: 0.6543E-01   max: -.1034E+01   C at   62  2   RLX: 0.483
       a = 12.000      CL =  1.0800
      Cm =  0.0031     CD =  0.02883   =>   CDf =  0.00517    CDp =  0.02366

 Side 1  free  transition at x/c =  0.1942   48
 Side 2  free  transition at x/c =  0.9803   64

  17   rms: 0.1839E+00   max: -.3316E+01   C at   64  2   RLX: 0.151
       a = 12.000      CL =  1.0884
      Cm =  0.0009     CD =  0.02920   =>   CDf =  0.00516    CDp =  0.02403

 Side 1  free  transition at x/c =  0.1913   48
 Side 2  free  transition at x/c =  0.9611   63

  18   rms: 0.5699E-01   max: -.8540E+00   C at   63  2   RLX: 0.585
       a = 12.000      CL =  1.0813
      Cm =  0.0030     CD =  0.02893   =>   CDf =  0.00517    CDp =  0.02376

 Side 1  free  transition at x/c =  0.1928   48
 Side 2  free  transition at x/c =  0.9779   64

  19   rms: 0.1048E+00   max: -.1886E+01   C at   64  2   RLX: 0.265
       a = 12.000      CL =  1.0872
      Cm =  0.0013     CD =  0.02927   =>   CDf =  0.00516    CDp =  0.02410

 Side 1  free  transition at x/c =  0.1908   48
 Side 2  free  transition at x/c =  0.9647   63

  20   rms: 0.5806E-01   max: -.8752E+00   C at   63  2   RLX: 0.571
       a = 12.000      CL =  1.0799
      Cm =  0.0034     CD =  0.02894   =>   CDf =  0.00517    CDp =  0.02377

 Side 1  free  transition at x/c =  0.1930   48
 Side 2  free  transition at x/c =  0.9806   64

  21   rms: 0.2169E+00   max: -.3917E+01   C at   64  2   RLX: 0.128
       a = 12.000      CL =  1.0885
      Cm =  0.0009     CD =  0.02955   =>   CDf =  0.00516    CDp =  0.02439

 Side 1  free  transition at x/c =  0.1902   48
 Side 2  free  transition at x/c =  0.9632   63

  22   rms: 0.5952E-01   max: -.8891E+00   C at   63  2   RLX: 0.562
       a = 12.000      CL =  1.0812
      Cm =  0.0030     CD =  0.02902   =>   CDf =  0.00517    CDp =  0.02385

 Side 1  free  transition at x/c =  0.1924   48
 Side 2  free  transition at x/c =  0.9786   64

  23   rms: 0.1115E+00   max: -.2003E+01   C at   64  2   RLX: 0.250
       a = 12.000      CL =  1.0877
      Cm =  0.0012     CD =  0.02941   =>   CDf =  0.00516    CDp =  0.02425

 Side 1  free  transition at x/c =  0.1903   48
 Side 2  free  transition at x/c =  0.9642   63

  24   rms: 0.5842E-01   max: -.8579E+00   C at   63  2   RLX: 0.583
       a = 12.000      CL =  1.0798
      Cm =  0.0034     CD =  0.02896   =>   CDf =  0.00517    CDp =  0.02380

 Side 1  free  transition at x/c =  0.1928   48
 Side 2  free  transition at x/c =  0.9806   64

  25   rms: 0.2122E+00   max: -.3833E+01   C at   64  2   RLX: 0.130
       a = 12.000      CL =  1.0884
      Cm =  0.0009     CD =  0.02958   =>   CDf =  0.00516    CDp =  0.02442

 Side 1  free  transition at x/c =  0.1900   48
 Side 2  free  transition at x/c =  0.9634   63

  26   rms: 0.5977E-01   max: -.8888E+00   C at   63  2   RLX: 0.563
       a = 12.000      CL =  1.0812
      Cm =  0.0030     CD =  0.02902   =>   CDf =  0.00517    CDp =  0.02385

 Side 1  free  transition at x/c =  0.1923   48
 Side 2  free  transition at x/c =  0.9787   64

  27   rms: 0.1143E+00   max: -.2053E+01   C at   64  2   RLX: 0.244
       a = 12.000      CL =  1.0877
      Cm =  0.0012     CD =  0.02943   =>   CDf =  0.00516    CDp =  0.02427

 Side 1  free  transition at x/c =  0.1902   48
 Side 2  free  transition at x/c =  0.9642   63

  28   rms: 0.5857E-01   max: -.8577E+00   C at   63  2   RLX: 0.583
       a = 12.000      CL =  1.0799
      Cm =  0.0034     CD =  0.02896   =>   CDf =  0.00517    CDp =  0.02380

 Side 1  free  transition at x/c =  0.1927   48
 Side 2  free  transition at x/c =  0.9805   64

  29   rms: 0.2057E+00   max: -.3715E+01   C at   64  2   RLX: 0.135
       a = 12.000      CL =  1.0884
      Cm =  0.0009     CD =  0.02958   =>   CDf =  0.00516    CDp =  0.02442

 Side 1  free  transition at x/c =  0.1900   48
 Side 2  free  transition at x/c =  0.9634   63

  30   rms: 0.5978E-01   max: -.8873E+00   C at   63  2   RLX: 0.564
       a = 12.000      CL =  1.0811
      Cm =  0.0030     CD =  0.02902   =>   CDf =  0.00517    CDp =  0.02385

 Side 1  free  transition at x/c =  0.1923   48
 Side 2  free  transition at x/c =  0.9787   64

  31   rms: 0.1158E+00   max: -.2080E+01   C at   64  2   RLX: 0.240
       a = 12.000      CL =  1.0878
      Cm =  0.0012     CD =  0.02944   =>   CDf =  0.00516    CDp =  0.02428

 Side 1  free  transition at x/c =  0.1902   48
 Side 2  free  transition at x/c =  0.9641   63

  32   rms: 0.5863E-01   max: -.8584E+00   C at   63  2   RLX: 0.582
       a = 12.000      CL =  1.0799
      Cm =  0.0033     CD =  0.02897   =>   CDf =  0.00517    CDp =  0.02380

 Side 1  free  transition at x/c =  0.1927   48
 Side 2  free  transition at x/c =  0.9804   64

  33   rms: 0.1992E+00   max: -.3598E+01   C at   64  2   RLX: 0.139
       a = 12.000      CL =  1.0884
      Cm =  0.0009     CD =  0.02958   =>   CDf =  0.00516    CDp =  0.02441

 Side 1  free  transition at x/c =  0.1900   48
 Side 2  free  transition at x/c =  0.9634   63

  34   rms: 0.5975E-01   max: -.8862E+00   C at   63  2   RLX: 0.564
       a = 12.000      CL =  1.0811
      Cm =  0.0030     CD =  0.02901   =>   CDf =  0.00517    CDp =  0.02385

 Side 1  free  transition at x/c =  0.1923   48
 Side 2  free  transition at x/c =  0.9788   64

  35   rms: 0.1170E+00   max: -.2103E+01   C at   64  2   RLX: 0.238
       a = 12.000      CL =  1.0878
      Cm =  0.0012     CD =  0.02944   =>   CDf =  0.00516    CDp =  0.02428

 Side 1  free  transition at x/c =  0.1902   48
 Side 2  free  transition at x/c =  0.9641   63

  36   rms: 0.5867E-01   max: -.8593E+00   C at   63  2   RLX: 0.582
       a = 12.000      CL =  1.0800
      Cm =  0.0033     CD =  0.02897   =>   CDf =  0.00517    CDp =  0.02380

 Side 1  free  transition at x/c =  0.1927   48
 Side 2  free  transition at x/c =  0.9804   64

  37   rms: 0.1937E+00   max: -.3498E+01   C at   64  2   RLX: 0.143
       a = 12.000      CL =  1.0883
      Cm =  0.0009     CD =  0.02957   =>   CDf =  0.00516    CDp =  0.02441

 Side 1  free  transition at x/c =  0.1900   48
 Side 2  free  transition at x/c =  0.9634   63

  38   rms: 0.5972E-01   max: -.8853E+00   C at   63  2   RLX: 0.565
       a = 12.000      CL =  1.0810
      Cm =  0.0031     CD =  0.02901   =>   CDf =  0.00517    CDp =  0.02384

 Side 1  free  transition at x/c =  0.1924   48
 Side 2  free  transition at x/c =  0.9788   64

  39   rms: 0.1182E+00   max: -.2126E+01   C at   64  2   RLX: 0.235
       a = 12.000      CL =  1.0878
      Cm =  0.0012     CD =  0.02945   =>   CDf =  0.00516    CDp =  0.02429

 Side 1  free  transition at x/c =  0.1902   48
 Side 2  free  transition at x/c =  0.9641   63

  40   rms: 0.5871E-01   max: -.8601E+00   C at   63  2   RLX: 0.581
       a = 12.000      CL =  1.0800
      Cm =  0.0033     CD =  0.02897   =>   CDf =  0.00517    CDp =  0.02380

 Side 1  free  transition at x/c =  0.1927   48
 Side 2  free  transition at x/c =  0.9803   64

  41   rms: 0.1890E+00   max: -.3413E+01   C at   64  2   RLX: 0.146
       a = 12.000      CL =  1.0883
      Cm =  0.0009     CD =  0.02957   =>   CDf =  0.00516    CDp =  0.02441

 Side 1  free  transition at x/c =  0.1900   48
 Side 2  free  transition at x/c =  0.9634   63

  42   rms: 0.5968E-01   max: -.8843E+00   C at   63  2   RLX: 0.565
       a = 12.000      CL =  1.0810
      Cm =  0.0031     CD =  0.02901   =>   CDf =  0.00517    CDp =  0.02384

 Side 1  free  transition at x/c =  0.1924   48
 Side 2  free  transition at x/c =  0.9789   64

  43   rms: 0.1193E+00   max: -.2145E+01   C at   64  2   RLX: 0.233
       a = 12.000      CL =  1.0878
      Cm =  0.0011     CD =  0.02945   =>   CDf =  0.00516    CDp =  0.02429

 Side 1  free  transition at x/c =  0.1902   48
 Side 2  free  transition at x/c =  0.9641   63

  44   rms: 0.5874E-01   max: -.8609E+00   C at   63  2   RLX: 0.581
       a = 12.000      CL =  1.0800
      Cm =  0.0033     CD =  0.02897   =>   CDf =  0.00517    CDp =  0.02380

 Side 1  free  transition at x/c =  0.1927   48
 Side 2  free  transition at x/c =  0.9803   64

  45   rms: 0.1848E+00   max: -.3337E+01   C at   64  2   RLX: 0.150
       a = 12.000      CL =  1.0883
      Cm =  0.0009     CD =  0.02956   =>   CDf =  0.00516    CDp =  0.02440

 Side 1  free  transition at x/c =  0.1901   48
 Side 2  free  transition at x/c =  0.9635   63

  46   rms: 0.5966E-01   max: -.8835E+00   C at   63  2   RLX: 0.566
       a = 12.000      CL =  1.0810
      Cm =  0.0031     CD =  0.02901   =>   CDf =  0.00517    CDp =  0.02384

 Side 1  free  transition at x/c =  0.1924   48
 Side 2  free  transition at x/c =  0.9789   64

  47   rms: 0.1204E+00   max: -.2165E+01   C at   64  2   RLX: 0.231
       a = 12.000      CL =  1.0878
      Cm =  0.0011     CD =  0.02945   =>   CDf =  0.00516    CDp =  0.02429

 Side 1  free  transition at x/c =  0.1902   48
 Side 2  free  transition at x/c =  0.9640   63

  48   rms: 0.5877E-01   max: -.8617E+00   C at   63  2   RLX: 0.580
       a = 12.000      CL =  1.0801
      Cm =  0.0033     CD =  0.02897   =>   CDf =  0.00517    CDp =  0.02380

 Side 1  free  transition at x/c =  0.1927   48
 Side 2  free  transition at x/c =  0.9802   64

  49   rms: 0.1817E+00   max: -.3281E+01   C at   64  2   RLX: 0.152
       a = 12.000      CL =  1.0883
      Cm =  0.0009     CD =  0.02956   =>   CDf =  0.00516    CDp =  0.02440

 Side 1  free  transition at x/c =  0.1901   48
 Side 2  free  transition at x/c =  0.9635   63

  50   rms: 0.5963E-01   max: -.8829E+00   C at   63  2   RLX: 0.566
       a = 12.000      CL =  1.0809
      Cm =  0.0031     CD =  0.02901   =>   CDf =  0.00517    CDp =  0.02384

 Side 1  free  transition at x/c =  0.1924   48
 Side 2  free  transition at x/c =  0.9790   64

  51   rms: 0.1214E+00   max: -.2184E+01   C at   64  2   RLX: 0.229
       a = 12.000      CL =  1.0878
      Cm =  0.0011     CD =  0.02946   =>   CDf =  0.00516    CDp =  0.02430

 Side 1  free  transition at x/c =  0.1902   48
 Side 2  free  transition at x/c =  0.9640   63

  52   rms: 0.5880E-01   max: -.8623E+00   C at   63  2   RLX: 0.580
       a = 12.000      CL =  1.0801
      Cm =  0.0033     CD =  0.02897   =>   CDf =  0.00517    CDp =  0.02381

 Side 1  free  transition at x/c =  0.1927   48
 Side 2  free  transition at x/c =  0.9802   64

  53   rms: 0.1790E+00   max: -.3232E+01   C at   64  2   RLX: 0.155
       a = 12.000      CL =  1.0883
      Cm =  0.0009     CD =  0.02956   =>   CDf =  0.00516    CDp =  0.02439

 Side 1  free  transition at x/c =  0.1901   48
 Side 2  free  transition at x/c =  0.9635   63

  54   rms: 0.5961E-01   max: -.8823E+00   C at   63  2   RLX: 0.567
       a = 12.000      CL =  1.0809
      Cm =  0.0031     CD =  0.02901   =>   CDf =  0.00517    CDp =  0.02384

 Side 1  free  transition at x/c =  0.1924   48
 Side 2  free  transition at x/c =  0.9790   64

  55   rms: 0.1224E+00   max: -.2201E+01   C at   64  2   RLX: 0.227
       a = 12.000      CL =  1.0878
      Cm =  0.0011     CD =  0.02946   =>   CDf =  0.00516    CDp =  0.02430

 Side 1  free  transition at x/c =  0.1902   48
 Side 2  free  transition at x/c =  0.9640   63

  56   rms: 0.5882E-01   max: -.8628E+00   C at   63  2   RLX: 0.580
       a = 12.000      CL =  1.0801
      Cm =  0.0033     CD =  0.02897   =>   CDf =  0.00517    CDp =  0.02381

 Side 1  free  transition at x/c =  0.1927   48
 Side 2  free  transition at x/c =  0.9802   64

  57   rms: 0.1765E+00   max: -.3187E+01   C at   64  2   RLX: 0.157
       a = 12.000      CL =  1.0883
      Cm =  0.0009     CD =  0.02955   =>   CDf =  0.00516    CDp =  0.02439

 Side 1  free  transition at x/c =  0.1901   48
 Side 2  free  transition at x/c =  0.9635   63

  58   rms: 0.5959E-01   max: -.8818E+00   C at   63  2   RLX: 0.567
       a = 12.000      CL =  1.0809
      Cm =  0.0031     CD =  0.02901   =>   CDf =  0.00517    CDp =  0.02384

 Side 1  free  transition at x/c =  0.1924   48
 Side 2  free  transition at x/c =  0.9790   64

  59   rms: 0.1232E+00   max: -.2217E+01   C at   64  2   RLX: 0.226
       a = 12.000      CL =  1.0879
      Cm =  0.0011     CD =  0.02946   =>   CDf =  0.00516    CDp =  0.02430

 Side 1  free  transition at x/c =  0.1902   48
 Side 2  free  transition at x/c =  0.9640   63

  60   rms: 0.5884E-01   max: -.8633E+00   C at   63  2   RLX: 0.579
       a = 12.000      CL =  1.0801
      Cm =  0.0033     CD =  0.02898   =>   CDf =  0.00517    CDp =  0.02381

 Side 1  free  transition at x/c =  0.1927   48
 Side 2  free  transition at x/c =  0.9801   64

  61   rms: 0.1743E+00   max: -.3148E+01   C at   64  2   RLX: 0.159
       a = 12.000      CL =  1.0883
      Cm =  0.0009     CD =  0.02955   =>   CDf =  0.00516    CDp =  0.02439

 Side 1  free  transition at x/c =  0.1901   48
 Side 2  free  transition at x/c =  0.9635   63

  62   rms: 0.5958E-01   max: -.8813E+00   C at   63  2   RLX: 0.567
       a = 12.000      CL =  1.0809
      Cm =  0.0031     CD =  0.02901   =>   CDf =  0.00517    CDp =  0.02384

 Side 1  free  transition at x/c =  0.1924   48
 Side 2  free  transition at x/c =  0.9791   64

  63   rms: 0.1240E+00   max: -.2232E+01   C at   64  2   RLX: 0.224
       a = 12.000      CL =  1.0879
      Cm =  0.0011     CD =  0.02946   =>   CDf =  0.00516    CDp =  0.02430

 Side 1  free  transition at x/c =  0.1902   48
 Side 2  free  transition at x/c =  0.9640   63

  64   rms: 0.5886E-01   max: -.8637E+00   C at   63  2   RLX: 0.579
       a = 12.000      CL =  1.0801
      Cm =  0.0033     CD =  0.02898   =>   CDf =  0.00517    CDp =  0.02381

 Side 1  free  transition at x/c =  0.1926   48
 Side 2  free  transition at x/c =  0.9801   64

  65   rms: 0.1722E+00   max: -.3109E+01   C at   64  2   RLX: 0.161
       a = 12.000      CL =  1.0882
      Cm =  0.0010     CD =  0.02955   =>   CDf =  0.00516    CDp =  0.02439

 Side 1  free  transition at x/c =  0.1901   48
 Side 2  free  transition at x/c =  0.9635   63

  66   rms: 0.5956E-01   max: -.8809E+00   C at   63  2   RLX: 0.568
       a = 12.000      CL =  1.0809
      Cm =  0.0031     CD =  0.02900   =>   CDf =  0.00517    CDp =  0.02384

 Side 1  free  transition at x/c =  0.1924   48
 Side 2  free  transition at x/c =  0.9791   64

  67   rms: 0.1249E+00   max: -.2248E+01   C at   64  2   RLX: 0.222
       a = 12.000      CL =  1.0879
      Cm =  0.0011     CD =  0.02947   =>   CDf =  0.00516    CDp =  0.02430

 Side 1  free  transition at x/c =  0.1902   48
 Side 2  free  transition at x/c =  0.9640   63

  68   rms: 0.5889E-01   max: -.8642E+00   C at   63  2   RLX: 0.579
       a = 12.000      CL =  1.0802
      Cm =  0.0033     CD =  0.02898   =>   CDf =  0.00517    CDp =  0.02381

 Side 1  free  transition at x/c =  0.1926   48
 Side 2  free  transition at x/c =  0.9801   64

  69   rms: 0.1703E+00   max: -.3075E+01   C at   64  2   RLX: 0.163
       a = 12.000      CL =  1.0882
      Cm =  0.0010     CD =  0.02955   =>   CDf =  0.00516    CDp =  0.02438

 Side 1  free  transition at x/c =  0.1901   48
 Side 2  free  transition at x/c =  0.9635   63

  70   rms: 0.5954E-01   max: -.8804E+00   C at   63  2   RLX: 0.568
       a = 12.000      CL =  1.0808
      Cm =  0.0031     CD =  0.02900   =>   CDf =  0.00517    CDp =  0.02384

 Side 1  free  transition at x/c =  0.1924   48
 Side 2  free  transition at x/c =  0.9791   64

  71   rms: 0.1256E+00   max: -.2261E+01   C at   64  2   RLX: 0.221
       a = 12.000      CL =  1.0879
      Cm =  0.0011     CD =  0.02947   =>   CDf =  0.00516    CDp =  0.02431

 Side 1  free  transition at x/c =  0.1902   48
 Side 2  free  transition at x/c =  0.9639   63

  72   rms: 0.5890E-01   max: -.8646E+00   C at   63  2   RLX: 0.578
       a = 12.000      CL =  1.0802
      Cm =  0.0033     CD =  0.02898   =>   CDf =  0.00517    CDp =  0.02381

 Side 1  free  transition at x/c =  0.1926   48
 Side 2  free  transition at x/c =  0.9801   64

  73   rms: 0.1687E+00   max: -.3047E+01   C at   64  2   RLX: 0.164
       a = 12.000      CL =  1.0882
      Cm =  0.0010     CD =  0.02954   =>   CDf =  0.00516    CDp =  0.02438

 Side 1  free  transition at x/c =  0.1901   48
 Side 2  free  transition at x/c =  0.9635   63

  74   rms: 0.5953E-01   max: -.8800E+00   C at   63  2   RLX: 0.568
       a = 12.000      CL =  1.0808
      Cm =  0.0031     CD =  0.02900   =>   CDf =  0.00517    CDp =  0.02384

 Side 1  free  transition at x/c =  0.1924   48
 Side 2  free  transition at x/c =  0.9791   64

  75   rms: 0.1263E+00   max: -.2273E+01   C at   64  2   RLX: 0.220
       a = 12.000      CL =  1.0879
      Cm =  0.0011     CD =  0.02947   =>   CDf =  0.00516    CDp =  0.02431

 Side 1  free  transition at x/c =  0.1902   48
 Side 2  free  transition at x/c =  0.9639   63

  76   rms: 0.5892E-01   max: -.8650E+00   C at   63  2   RLX: 0.578
       a = 12.000      CL =  1.0802
      Cm =  0.0033     CD =  0.02898   =>   CDf =  0.00517    CDp =  0.02381

 Side 1  free  transition at x/c =  0.1926   48
 Side 2  free  transition at x/c =  0.9800   64

  77   rms: 0.1674E+00   max: -.3023E+01   C at   64  2   RLX: 0.165
       a = 12.000      CL =  1.0882
      Cm =  0.0010     CD =  0.02954   =>   CDf =  0.00516    CDp =  0.02438

 Side 1  free  transition at x/c =  0.1901   48
 Side 2  free  transition at x/c =  0.9635   63

  78   rms: 0.5951E-01   max: -.8797E+00   C at   63  2   RLX: 0.568
       a = 12.000      CL =  1.0808
      Cm =  0.0031     CD =  0.02900   =>   CDf =  0.00517    CDp =  0.02383

 Side 1  free  transition at x/c =  0.1924   48
 Side 2  free  transition at x/c =  0.9792   64

  79   rms: 0.1268E+00   max: -.2283E+01   C at   64  2   RLX: 0.219
       a = 12.000      CL =  1.0879
      Cm =  0.0011     CD =  0.02947   =>   CDf =  0.00516    CDp =  0.02431

 Side 1  free  transition at x/c =  0.1902   48
 Side 2  free  transition at x/c =  0.9639   63

  80   rms: 0.5893E-01   max: -.8653E+00   C at   63  2   RLX: 0.578
       a = 12.000      CL =  1.0802
      Cm =  0.0033     CD =  0.02898   =>   CDf =  0.00517    CDp =  0.02381

 Side 1  free  transition at x/c =  0.1926   48
 Side 2  free  transition at x/c =  0.9800   64

  81   rms: 0.1662E+00   max: -.3001E+01   C at   64  2   RLX: 0.167
       a = 12.000      CL =  1.0882
      Cm =  0.0010     CD =  0.02954   =>   CDf =  0.00516    CDp =  0.02438

 Side 1  free  transition at x/c =  0.1901   48
 Side 2  free  transition at x/c =  0.9636   63

  82   rms: 0.5950E-01   max: -.8794E+00   C at   63  2   RLX: 0.569
       a = 12.000      CL =  1.0808
      Cm =  0.0031     CD =  0.02900   =>   CDf =  0.00517    CDp =  0.02383

 Side 1  free  transition at x/c =  0.1924   48
 Side 2  free  transition at x/c =  0.9792   64

  83   rms: 0.1276E+00   max: -.2297E+01   C at   64  2   RLX: 0.218
       a = 12.000      CL =  1.0879
      Cm =  0.0011     CD =  0.02947   =>   CDf =  0.00516    CDp =  0.02431

 Side 1  free  transition at x/c =  0.1902   48
 Side 2  free  transition at x/c =  0.9639   63

  84   rms: 0.5894E-01   max: -.8656E+00   C at   63  2   RLX: 0.578
       a = 12.000      CL =  1.0802
      Cm =  0.0033     CD =  0.02898   =>   CDf =  0.00517    CDp =  0.02381

 Side 1  free  transition at x/c =  0.1926   48
 Side 2  free  transition at x/c =  0.9800   64

  85   rms: 0.1648E+00   max: -.2975E+01   C at   64  2   RLX: 0.168
       a = 12.000      CL =  1.0882
      Cm =  0.0010     CD =  0.02954   =>   CDf =  0.00516    CDp =  0.02438

 Side 1  free  transition at x/c =  0.1901   48
 Side 2  free  transition at x/c =  0.9636   63

  86   rms: 0.5949E-01   max: -.8790E+00   C at   63  2   RLX: 0.569
       a = 12.000      CL =  1.0808
      Cm =  0.0031     CD =  0.02900   =>   CDf =  0.00517    CDp =  0.02383

 Side 1  free  transition at x/c =  0.1924   48
 Side 2  free  transition at x/c =  0.9792   64

  87   rms: 0.1281E+00   max: -.2307E+01   C at   64  2   RLX: 0.217
       a = 12.000      CL =  1.0879
      Cm =  0.0011     CD =  0.02947   =>   CDf =  0.00516    CDp =  0.02431

 Side 1  free  transition at x/c =  0.1902   48
 Side 2  free  transition at x/c =  0.9639   63

  88   rms: 0.5896E-01   max: -.8659E+00   C at   63  2   RLX: 0.577
       a = 12.000      CL =  1.0802
      Cm =  0.0033     CD =  0.02898   =>   CDf =  0.00517    CDp =  0.02381

 Side 1  free  transition at x/c =  0.1926   48
 Side 2  free  transition at x/c =  0.9800   64

  89   rms: 0.1638E+00   max: -.2957E+01   C at   64  2   RLX: 0.169
       a = 12.000      CL =  1.0882
      Cm =  0.0010     CD =  0.02954   =>   CDf =  0.00516    CDp =  0.02438

 Side 1  free  transition at x/c =  0.1901   48
 Side 2  free  transition at x/c =  0.9636   63

  90   rms: 0.5948E-01   max: -.8787E+00   C at   63  2   RLX: 0.569
       a = 12.000      CL =  1.0808
      Cm =  0.0031     CD =  0.02900   =>   CDf =  0.00517    CDp =  0.02383

 Side 1  free  transition at x/c =  0.1924   48
 Side 2  free  transition at x/c =  0.9792   64

  91   rms: 0.1287E+00   max: -.2317E+01   C at   64  2   RLX: 0.216
       a = 12.000      CL =  1.0879
      Cm =  0.0011     CD =  0.02948   =>   CDf =  0.00516    CDp =  0.02431

 Side 1  free  transition at x/c =  0.1902   48
 Side 2  free  transition at x/c =  0.9639   63

  92   rms: 0.5897E-01   max: -.8662E+00   C at   63  2   RLX: 0.577
       a = 12.000      CL =  1.0802
      Cm =  0.0033     CD =  0.02898   =>   CDf =  0.00517    CDp =  0.02381

 Side 1  free  transition at x/c =  0.1926   48
 Side 2  free  transition at x/c =  0.9800   64

  93   rms: 0.1627E+00   max: -.2938E+01   C at   64  2   RLX: 0.170
       a = 12.000      CL =  1.0882
      Cm =  0.0010     CD =  0.02954   =>   CDf =  0.00516    CDp =  0.02437

 Side 1  free  transition at x/c =  0.1901   48
 Side 2  free  transition at x/c =  0.9636   63

  94   rms: 0.5947E-01   max: -.8785E+00   C at   63  2   RLX: 0.569
       a = 12.000      CL =  1.0808
      Cm =  0.0031     CD =  0.02900   =>   CDf =  0.00517    CDp =  0.02383

 Side 1  free  transition at x/c =  0.1924   48
 Side 2  free  transition at x/c =  0.9792   64

  95   rms: 0.1293E+00   max: -.2327E+01   C at   64  2   RLX: 0.215
       a = 12.000      CL =  1.0879
      Cm =  0.0011     CD =  0.02948   =>   CDf =  0.00516    CDp =  0.02431

 Side 1  free  transition at x/c =  0.1902   48
 Side 2  free  transition at x/c =  0.9639   63

  96   rms: 0.5898E-01   max: -.8665E+00   C at   63  2   RLX: 0.577
       a = 12.000      CL =  1.0803
      Cm =  0.0033     CD =  0.02898   =>   CDf =  0.00517    CDp =  0.02381

 Side 1  free  transition at x/c =  0.1926   48
 Side 2  free  transition at x/c =  0.9799   64

  97   rms: 0.1616E+00   max: -.2918E+01   C at   64  2   RLX: 0.171
       a = 12.000      CL =  1.0882
      Cm =  0.0010     CD =  0.02953   =>   CDf =  0.00516    CDp =  0.02437

 Side 1  free  transition at x/c =  0.1901   48
 Side 2  free  transition at x/c =  0.9636   63

  98   rms: 0.5946E-01   max: -.8782E+00   C at   63  2   RLX: 0.569
       a = 12.000      CL =  1.0807
      Cm =  0.0031     CD =  0.02900   =>   CDf =  0.00517    CDp =  0.02383

 Side 1  free  transition at x/c =  0.1925   48
 Side 2  free  transition at x/c =  0.9792   64

  99   rms: 0.1299E+00   max: -.2340E+01   C at   64  2   RLX: 0.214
       a = 12.000      CL =  1.0879
      Cm =  0.0011     CD =  0.02948   =>   CDf =  0.00516    CDp =  0.02432

 Side 1  free  transition at x/c =  0.1902   48
 Side 2  free  transition at x/c =  0.9639   63

 100   rms: 0.5899E-01   max: -.8668E+00   C at   63  2   RLX: 0.577
       a = 12.000      CL =  1.0803
      Cm =  0.0033     CD =  0.02898   =>   CDf =  0.00517    CDp =  0.02381

 Side 1  free  transition at x/c =  0.1926   48
 Side 2  free  transition at x/c =  0.9799   64

 101   rms: 0.1606E+00   max: -.2899E+01   C at   64  2   RLX: 0.172
       a = 12.000      CL =  1.0882
      Cm =  0.0010     CD =  0.02953   =>   CDf =  0.00516    CDp =  0.02437

 Side 1  free  transition at x/c =  0.1901   48
 Side 2  free  transition at x/c =  0.9636   63

 102   rms: 0.5945E-01   max: -.8779E+00   C at   63  2   RLX: 0.570
       a = 12.000      CL =  1.0807
      Cm =  0.0031     CD =  0.02900   =>   CDf =  0.00517    CDp =  0.02383

 Side 1  free  transition at x/c =  0.1925   48
 Side 2  free  transition at x/c =  0.9793   64

 103   rms: 0.1303E+00   max: -.2346E+01   C at   64  2   RLX: 0.213
       a = 12.000      CL =  1.0879
      Cm =  0.0011     CD =  0.02948   =>   CDf =  0.00516    CDp =  0.02432

 Side 1  free  transition at x/c =  0.1902   48
 Side 2  free  transition at x/c =  0.9639   63

 104   rms: 0.5900E-01   max: -.8670E+00   C at   63  2   RLX: 0.577
       a = 12.000      CL =  1.0803
      Cm =  0.0033     CD =  0.02898   =>   CDf =  0.00517    CDp =  0.02381

 Side 1  free  transition at x/c =  0.1926   48
 Side 2  free  transition at x/c =  0.9799   64

 105   rms: 0.1602E+00   max: -.2892E+01   C at   64  2   RLX: 0.173
       a = 12.000      CL =  1.0882
      Cm =  0.0010     CD =  0.02953   =>   CDf =  0.00516    CDp =  0.02437

 Side 1  free  transition at x/c =  0.1901   48
 Side 2  free  transition at x/c =  0.9636   63

 106   rms: 0.5944E-01   max: -.8777E+00   C at   63  2   RLX: 0.570
       a = 12.000      CL =  1.0807
      Cm =  0.0031     CD =  0.02900   =>   CDf =  0.00517    CDp =  0.02383

 Side 1  free  transition at x/c =  0.1925   48
 Side 2  free  transition at x/c =  0.9793   64

 107   rms: 0.1306E+00   max: -.2351E+01   C at   64  2   RLX: 0.213
       a = 12.000      CL =  1.0879
      Cm =  0.0011     CD =  0.02948   =>   CDf =  0.00516    CDp =  0.02432

 Side 1  free  transition at x/c =  0.1902   48
 Side 2  free  transition at x/c =  0.9639   63

 108   rms: 0.5901E-01   max: -.8672E+00   C at   63  2   RLX: 0.577
       a = 12.000      CL =  1.0803
      Cm =  0.0033     CD =  0.02898   =>   CDf =  0.00517    CDp =  0.02381

 Side 1  free  transition at x/c =  0.1926   48
 Side 2  free  transition at x/c =  0.9799   64

 109   rms: 0.1596E+00   max: -.2881E+01   C at   64  2   RLX: 0.174
       a = 12.000      CL =  1.0882
      Cm =  0.0010     CD =  0.02953   =>   CDf =  0.00516    CDp =  0.02437

 Side 1  free  transition at x/c =  0.1901   48
 Side 2  free  transition at x/c =  0.9636   63

 110   rms: 0.5943E-01   max: -.8776E+00   C at   63  2   RLX: 0.570
       a = 12.000      CL =  1.0807
      Cm =  0.0031     CD =  0.02900   =>   CDf =  0.00517    CDp =  0.02383

 Side 1  free  transition at x/c =  0.1925   48
 Side 2  free  transition at x/c =  0.9793   64

 111   rms: 0.1309E+00   max: -.2357E+01   C at   64  2   RLX: 0.212
       a = 12.000      CL =  1.0879
      Cm =  0.0011     CD =  0.02948   =>   CDf =  0.00516    CDp =  0.02432

 Side 1  free  transition at x/c =  0.1902   48
 Side 2  free  transition at x/c =  0.9639   63

 112   rms: 0.5901E-01   max: -.8673E+00   C at   63  2   RLX: 0.577
       a = 12.000      CL =  1.0803
      Cm =  0.0033     CD =  0.02898   =>   CDf =  0.00517    CDp =  0.02381

 Side 1  free  transition at x/c =  0.1926   48
 Side 2  free  transition at x/c =  0.9799   64

 113   rms: 0.1590E+00   max: -.2870E+01   C at   64  2   RLX: 0.174
       a = 12.000      CL =  1.0882
      Cm =  0.0010     CD =  0.02953   =>   CDf =  0.00516    CDp =  0.02437

 Side 1  free  transition at x/c =  0.1901   48
 Side 2  free  transition at x/c =  0.9636   63

 114   rms: 0.5943E-01   max: -.8774E+00   C at   63  2   RLX: 0.570
       a = 12.000      CL =  1.0807
      Cm =  0.0031     CD =  0.02900   =>   CDf =  0.00517    CDp =  0.02383

 Side 1  free  transition at x/c =  0.1925   48
 Side 2  free  transition at x/c =  0.9793   64

 115   rms: 0.1314E+00   max: -.2366E+01   C at   64  2   RLX: 0.211
       a = 12.000      CL =  1.0879
      Cm =  0.0011     CD =  0.02948   =>   CDf =  0.00516    CDp =  0.02432

 Side 1  free  transition at x/c =  0.1902   48
 Side 2  free  transition at x/c =  0.9639   63

 116   rms: 0.5902E-01   max: -.8675E+00   C at   63  2   RLX: 0.576
       a = 12.000      CL =  1.0803
      Cm =  0.0032     CD =  0.02898   =>   CDf =  0.00517    CDp =  0.02381

 Side 1  free  transition at x/c =  0.1926   48
 Side 2  free  transition at x/c =  0.9799   64

 117   rms: 0.1581E+00   max: -.2854E+01   C at   64  2   RLX: 0.175
       a = 12.000      CL =  1.0881
      Cm =  0.0010     CD =  0.02953   =>   CDf =  0.00516    CDp =  0.02437

 Side 1  free  transition at x/c =  0.1901   48
 Side 2  free  transition at x/c =  0.9636   63

 118   rms: 0.5942E-01   max: -.8772E+00   C at   63  2   RLX: 0.570
       a = 12.000      CL =  1.0807
      Cm =  0.0031     CD =  0.02900   =>   CDf =  0.00517    CDp =  0.02383

 Side 1  free  transition at x/c =  0.1925   48
 Side 2  free  transition at x/c =  0.9793   64

 119   rms: 0.1318E+00   max: -.2373E+01   C at   64  2   RLX: 0.211
       a = 12.000      CL =  1.0879
      Cm =  0.0011     CD =  0.02948   =>   CDf =  0.00516    CDp =  0.02432

 Side 1  free  transition at x/c =  0.1902   48
 Side 2  free  transition at x/c =  0.9639   63

 120   rms: 0.5903E-01   max: -.8677E+00   C at   63  2   RLX: 0.576
       a = 12.000      CL =  1.0803
      Cm =  0.0032     CD =  0.02898   =>   CDf =  0.00517    CDp =  0.02381

 Side 1  free  transition at x/c =  0.1926   48
 Side 2  free  transition at x/c =  0.9799   64

 121   rms: 0.1576E+00   max: -.2845E+01   C at   64  2   RLX: 0.176
       a = 12.000      CL =  1.0881
      Cm =  0.0010     CD =  0.02953   =>   CDf =  0.00516    CDp =  0.02437

 Side 1  free  transition at x/c =  0.1901   48
 Side 2  free  transition at x/c =  0.9636   63

 122   rms: 0.5941E-01   max: -.8770E+00   C at   63  2   RLX: 0.570
       a = 12.000      CL =  1.0807
      Cm =  0.0031     CD =  0.02900   =>   CDf =  0.00517    CDp =  0.02383

 Side 1  free  transition at x/c =  0.1925   48
 Side 2  free  transition at x/c =  0.9793   64

 123   rms: 0.1321E+00   max: -.2380E+01   C at   64  2   RLX: 0.210
       a = 12.000      CL =  1.0879
      Cm =  0.0011     CD =  0.02948   =>   CDf =  0.00516    CDp =  0.02432

 Side 1  free  transition at x/c =  0.1902   48
 Side 2  free  transition at x/c =  0.9638   63

 124   rms: 0.5904E-01   max: -.8678E+00   C at   63  2   RLX: 0.576
       a = 12.000      CL =  1.0803
      Cm =  0.0032     CD =  0.02898   =>   CDf =  0.00517    CDp =  0.02381

 Side 1  free  transition at x/c =  0.1926   48
 Side 2  free  transition at x/c =  0.9799   64

 125   rms: 0.1570E+00   max: -.2834E+01   C at   64  2   RLX: 0.176
       a = 12.000      CL =  1.0881
      Cm =  0.0010     CD =  0.02953   =>   CDf =  0.00516    CDp =  0.02437

 Side 1  free  transition at x/c =  0.1901   48
 Side 2  free  transition at x/c =  0.9636   63

 126   rms: 0.5941E-01   max: -.8769E+00   C at   63  2   RLX: 0.570
       a = 12.000      CL =  1.0807
      Cm =  0.0031     CD =  0.02900   =>   CDf =  0.00517    CDp =  0.02383

 Side 1  free  transition at x/c =  0.1925   48
 Side 2  free  transition at x/c =  0.9793   64

 127   rms: 0.1325E+00   max: -.2387E+01   C at   64  2   RLX: 0.210
       a = 12.000      CL =  1.0879
      Cm =  0.0011     CD =  0.02948   =>   CDf =  0.00516    CDp =  0.02432

 Side 1  free  transition at x/c =  0.1902   48
 Side 2  free  transition at x/c =  0.9638   63

 128   rms: 0.5904E-01   max: -.8680E+00   C at   63  2   RLX: 0.576
       a = 12.000      CL =  1.0803
      Cm =  0.0032     CD =  0.02898   =>   CDf =  0.00517    CDp =  0.02382

 Side 1  free  transition at x/c =  0.1926   48
 Side 2  free  transition at x/c =  0.9799   64

 129   rms: 0.1564E+00   max: -.2824E+01   C at   64  2   RLX: 0.177
       a = 12.000      CL =  1.0881
      Cm =  0.0010     CD =  0.02953   =>   CDf =  0.00516    CDp =  0.02437

 Side 1  free  transition at x/c =  0.1901   48
 Side 2  free  transition at x/c =  0.9636   63

 130   rms: 0.5940E-01   max: -.8767E+00   C at   63  2   RLX: 0.570
       a = 12.000      CL =  1.0807
      Cm =  0.0031     CD =  0.02900   =>   CDf =  0.00517    CDp =  0.02383

 Side 1  free  transition at x/c =  0.1925   48
 Side 2  free  transition at x/c =  0.9793   64

 131   rms: 0.1328E+00   max: -.2393E+01   C at   64  2   RLX: 0.209
       a = 12.000      CL =  1.0879
      Cm =  0.0011     CD =  0.02948   =>   CDf =  0.00516    CDp =  0.02432

 Side 1  free  transition at x/c =  0.1902   48
 Side 2  free  transition at x/c =  0.9638   63

 132   rms: 0.5905E-01   max: -.8682E+00   C at   63  2   RLX: 0.576
       a = 12.000      CL =  1.0803
      Cm =  0.0032     CD =  0.02898   =>   CDf =  0.00517    CDp =  0.02382

 Side 1  free  transition at x/c =  0.1926   48
 Side 2  free  transition at x/c =  0.9798   64

 133   rms: 0.1559E+00   max: -.2814E+01   C at   64  2   RLX: 0.178
       a = 12.000      CL =  1.0881
      Cm =  0.0010     CD =  0.02953   =>   CDf =  0.00516    CDp =  0.02436

 Side 1  free  transition at x/c =  0.1901   48
 Side 2  free  transition at x/c =  0.9636   63

 134   rms: 0.5939E-01   max: -.8766E+00   C at   63  2   RLX: 0.570
       a = 12.000      CL =  1.0807
      Cm =  0.0032     CD =  0.02900   =>   CDf =  0.00517    CDp =  0.02383

 Side 1  free  transition at x/c =  0.1925   48
 Side 2  free  transition at x/c =  0.9793   64

 135   rms: 0.1332E+00   max: -.2399E+01   C at   64  2   RLX: 0.208
       a = 12.000      CL =  1.0879
      Cm =  0.0011     CD =  0.02949   =>   CDf =  0.00516    CDp =  0.02432

 Side 1  free  transition at x/c =  0.1902   48
 Side 2  free  transition at x/c =  0.9638   63

 136   rms: 0.5906E-01   max: -.8683E+00   C at   63  2   RLX: 0.576
       a = 12.000      CL =  1.0803
      Cm =  0.0032     CD =  0.02898   =>   CDf =  0.00517    CDp =  0.02382

 Side 1  free  transition at x/c =  0.1926   48
 Side 2  free  transition at x/c =  0.9798   64

 137   rms: 0.1555E+00   max: -.2806E+01   C at   64  2   RLX: 0.178
       a = 12.000      CL =  1.0881
      Cm =  0.0010     CD =  0.02953   =>   CDf =  0.00516    CDp =  0.02436

 Side 1  free  transition at x/c =  0.1901   48
 Side 2  free  transition at x/c =  0.9636   63

 138   rms: 0.5939E-01   max: -.8764E+00   C at   63  2   RLX: 0.571
       a = 12.000      CL =  1.0807
      Cm =  0.0032     CD =  0.02900   =>   CDf =  0.00517    CDp =  0.02383

 Side 1  free  transition at x/c =  0.1925   48
 Side 2  free  transition at x/c =  0.9793   64

 139   rms: 0.1335E+00   max: -.2404E+01   C at   64  2   RLX: 0.208
       a = 12.000      CL =  1.0880
      Cm =  0.0011     CD =  0.02949   =>   CDf =  0.00516    CDp =  0.02432

 Side 1  free  transition at x/c =  0.1902   48
 Side 2  free  transition at x/c =  0.9638   63

 140   rms: 0.5906E-01   max: -.8684E+00   C at   63  2   RLX: 0.576
       a = 12.000      CL =  1.0803
      Cm =  0.0032     CD =  0.02898   =>   CDf =  0.00517    CDp =  0.02382

 Side 1  free  transition at x/c =  0.1926   48
 Side 2  free  transition at x/c =  0.9798   64

 141   rms: 0.1550E+00   max: -.2798E+01   C at   64  2   RLX: 0.179
       a = 12.000      CL =  1.0881
      Cm =  0.0010     CD =  0.02953   =>   CDf =  0.00516    CDp =  0.02436

 Side 1  free  transition at x/c =  0.1901   48
 Side 2  free  transition at x/c =  0.9636   63

 142   rms: 0.5938E-01   max: -.8763E+00   C at   63  2   RLX: 0.571
       a = 12.000      CL =  1.0807
      Cm =  0.0032     CD =  0.02900   =>   CDf =  0.00517    CDp =  0.02383

 Side 1  free  transition at x/c =  0.1925   48
 Side 2  free  transition at x/c =  0.9794   64

 143   rms: 0.1338E+00   max: -.2410E+01   C at   64  2   RLX: 0.207
       a = 12.000      CL =  1.0880
      Cm =  0.0011     CD =  0.02949   =>   CDf =  0.00516    CDp =  0.02432

 Side 1  free  transition at x/c =  0.1902   48
 Side 2  free  transition at x/c =  0.9638   63

 144   rms: 0.5907E-01   max: -.8686E+00   C at   63  2   RLX: 0.576
       a = 12.000      CL =  1.0803
      Cm =  0.0032     CD =  0.02898   =>   CDf =  0.00517    CDp =  0.02382

 Side 1  free  transition at x/c =  0.1926   48
 Side 2  free  transition at x/c =  0.9798   64

 145   rms: 0.1546E+00   max: -.2790E+01   C at   64  2   RLX: 0.179
       a = 12.000      CL =  1.0881
      Cm =  0.0010     CD =  0.02952   =>   CDf =  0.00516    CDp =  0.02436

 Side 1  free  transition at x/c =  0.1901   48
 Side 2  free  transition at x/c =  0.9636   63

 146   rms: 0.5938E-01   max: -.8762E+00   C at   63  2   RLX: 0.571
       a = 12.000      CL =  1.0807
      Cm =  0.0032     CD =  0.02900   =>   CDf =  0.00517    CDp =  0.02383

 Side 1  free  transition at x/c =  0.1925   48
 Side 2  free  transition at x/c =  0.9794   64

 147   rms: 0.1341E+00   max: -.2415E+01   C at   64  2   RLX: 0.207
       a = 12.000      CL =  1.0880
      Cm =  0.0011     CD =  0.02949   =>   CDf =  0.00516    CDp =  0.02433

 Side 1  free  transition at x/c =  0.1901   48
 Side 2  free  transition at x/c =  0.9638   63

 148   rms: 0.5907E-01   max: -.8687E+00   C at   63  2   RLX: 0.576
       a = 12.000      CL =  1.0803
      Cm =  0.0032     CD =  0.02898   =>   CDf =  0.00517    CDp =  0.02382

 Side 1  free  transition at x/c =  0.1926   48
 Side 2  free  transition at x/c =  0.9798   64

 149   rms: 0.1542E+00   max: -.2782E+01   C at   64  2   RLX: 0.180
       a = 12.000      CL =  1.0881
      Cm =  0.0010     CD =  0.02952   =>   CDf =  0.00516    CDp =  0.02436

 Side 1  free  transition at x/c =  0.1901   48
 Side 2  free  transition at x/c =  0.9636   63

 150   rms: 0.5937E-01   max: -.8760E+00   C at   63  2   RLX: 0.571
       a = 12.000      CL =  1.0807
      Cm =  0.0032     CD =  0.02900   =>   CDf =  0.00517    CDp =  0.02383

 Side 1  free  transition at x/c =  0.1925   48
 Side 2  free  transition at x/c =  0.9794   64

 151   rms: 0.1343E+00   max: -.2420E+01   C at   64  2   RLX: 0.207
       a = 12.000      CL =  1.0880
      Cm =  0.0011     CD =  0.02949   =>   CDf =  0.00516    CDp =  0.02433

 Side 1  free  transition at x/c =  0.1901   48
 Side 2  free  transition at x/c =  0.9638   63

 152   rms: 0.5908E-01   max: -.8688E+00   C at   63  2   RLX: 0.575
       a = 12.000      CL =  1.0804
      Cm =  0.0032     CD =  0.02898   =>   CDf =  0.00517    CDp =  0.02382

 Side 1  free  transition at x/c =  0.1926   48
 Side 2  free  transition at x/c =  0.9798   64

 153   rms: 0.1538E+00   max: -.2775E+01   C at   64  2   RLX: 0.180
       a = 12.000      CL =  1.0881
      Cm =  0.0010     CD =  0.02952   =>   CDf =  0.00516    CDp =  0.02436

 Side 1  free  transition at x/c =  0.1901   48
 Side 2  free  transition at x/c =  0.9636   63

 154   rms: 0.5937E-01   max: -.8759E+00   C at   63  2   RLX: 0.571
       a = 12.000      CL =  1.0806
      Cm =  0.0032     CD =  0.02900   =>   CDf =  0.00517    CDp =  0.02383

 Side 1  free  transition at x/c =  0.1925   48
 Side 2  free  transition at x/c =  0.9794   64

 155   rms: 0.1346E+00   max: -.2425E+01   C at   64  2   RLX: 0.206
       a = 12.000      CL =  1.0880
      Cm =  0.0011     CD =  0.02949   =>   CDf =  0.00516    CDp =  0.02433

 Side 1  free  transition at x/c =  0.1901   48
 Side 2  free  transition at x/c =  0.9638   63

 156   rms: 0.5908E-01   max: -.8689E+00   C at   63  2   RLX: 0.575
       a = 12.000      CL =  1.0804
      Cm =  0.0032     CD =  0.02898   =>   CDf =  0.00517    CDp =  0.02382

 Side 1  free  transition at x/c =  0.1926   48
 Side 2  free  transition at x/c =  0.9798   64

 157   rms: 0.1534E+00   max: -.2769E+01   C at   64  2   RLX: 0.181
       a = 12.000      CL =  1.0881
      Cm =  0.0010     CD =  0.02952   =>   CDf =  0.00516    CDp =  0.02436

 Side 1  free  transition at x/c =  0.1901   48
 Side 2  free  transition at x/c =  0.9636   63

 158   rms: 0.5936E-01   max: -.8758E+00   C at   63  2   RLX: 0.571
       a = 12.000      CL =  1.0806
      Cm =  0.0032     CD =  0.02900   =>   CDf =  0.00517    CDp =  0.02383

 Side 1  free  transition at x/c =  0.1925   48
 Side 2  free  transition at x/c =  0.9794   64

 159   rms: 0.1349E+00   max: -.2430E+01   C at   64  2   RLX: 0.206
       a = 12.000      CL =  1.0880
      Cm =  0.0011     CD =  0.02949   =>   CDf =  0.00516    CDp =  0.02433

 Side 1  free  transition at x/c =  0.1901   48
 Side 2  free  transition at x/c =  0.9638   63

 160   rms: 0.5909E-01   max: -.8690E+00   C at   63  2   RLX: 0.575
       a = 12.000      CL =  1.0804
      Cm =  0.0032     CD =  0.02898   =>   CDf =  0.00517    CDp =  0.02382

 Side 1  free  transition at x/c =  0.1926   48
 Side 2  free  transition at x/c =  0.9798   64

 161   rms: 0.1529E+00   max: -.2759E+01   C at   64  2   RLX: 0.181
       a = 12.000      CL =  1.0881
      Cm =  0.0010     CD =  0.02952   =>   CDf =  0.00516    CDp =  0.02436

 Side 1  free  transition at x/c =  0.1901   48
 Side 2  free  transition at x/c =  0.9636   63

 162   rms: 0.5936E-01   max: -.8757E+00   C at   63  2   RLX: 0.571
       a = 12.000      CL =  1.0806
      Cm =  0.0032     CD =  0.02900   =>   CDf =  0.00517    CDp =  0.02383

 Side 1  free  transition at x/c =  0.1925   48
 Side 2  free  transition at x/c =  0.9794   64

 163   rms: 0.1352E+00   max: -.2436E+01   C at   64  2   RLX: 0.205
       a = 12.000      CL =  1.0880
      Cm =  0.0011     CD =  0.02949   =>   CDf =  0.00516    CDp =  0.02433

 Side 1  free  transition at x/c =  0.1901   48
 Side 2  free  transition at x/c =  0.9638   63

 164   rms: 0.5909E-01   max: -.8692E+00   C at   63  2   RLX: 0.575
       a = 12.000      CL =  1.0804
      Cm =  0.0032     CD =  0.02899   =>   CDf =  0.00517    CDp =  0.02382

 Side 1  free  transition at x/c =  0.1926   48
 Side 2  free  transition at x/c =  0.9798   64

 165   rms: 0.1525E+00   max: -.2753E+01   C at   64  2   RLX: 0.182
       a = 12.000      CL =  1.0881
      Cm =  0.0010     CD =  0.02952   =>   CDf =  0.00516    CDp =  0.02436

 Side 1  free  transition at x/c =  0.1901   48
 Side 2  free  transition at x/c =  0.9636   63

 166   rms: 0.5935E-01   max: -.8755E+00   C at   63  2   RLX: 0.571
       a = 12.000      CL =  1.0806
      Cm =  0.0032     CD =  0.02900   =>   CDf =  0.00517    CDp =  0.02383

 Side 1  free  transition at x/c =  0.1925   48
 Side 2  free  transition at x/c =  0.9794   64

 167   rms: 0.1355E+00   max: -.2441E+01   C at   64  2   RLX: 0.205
       a = 12.000      CL =  1.0880
      Cm =  0.0011     CD =  0.02949   =>   CDf =  0.00516    CDp =  0.02433

 Side 1  free  transition at x/c =  0.1901   48
 Side 2  free  transition at x/c =  0.9638   63

 168   rms: 0.5910E-01   max: -.8693E+00   C at   63  2   RLX: 0.575
       a = 12.000      CL =  1.0804
      Cm =  0.0032     CD =  0.02899   =>   CDf =  0.00517    CDp =  0.02382

 Side 1  free  transition at x/c =  0.1926   48
 Side 2  free  transition at x/c =  0.9798   64

 169   rms: 0.1521E+00   max: -.2745E+01   C at   64  2   RLX: 0.182
       a = 12.000      CL =  1.0881
      Cm =  0.0010     CD =  0.02952   =>   CDf =  0.00516    CDp =  0.02436

 Side 1  free  transition at x/c =  0.1901   48
 Side 2  free  transition at x/c =  0.9636   63

 170   rms: 0.5935E-01   max: -.8754E+00   C at   63  2   RLX: 0.571
       a = 12.000      CL =  1.0806
      Cm =  0.0032     CD =  0.02900   =>   CDf =  0.00517    CDp =  0.02383

 Side 1  free  transition at x/c =  0.1925   48
 Side 2  free  transition at x/c =  0.9794   64

 171   rms: 0.1358E+00   max: -.2447E+01   C at   64  2   RLX: 0.204
       a = 12.000      CL =  1.0880
      Cm =  0.0011     CD =  0.02949   =>   CDf =  0.00516    CDp =  0.02433

 Side 1  free  transition at x/c =  0.1901   48
 Side 2  free  transition at x/c =  0.9638   63

 172   rms: 0.5910E-01   max: -.8695E+00   C at   63  2   RLX: 0.575
       a = 12.000      CL =  1.0804
      Cm =  0.0032     CD =  0.02899   =>   CDf =  0.00517    CDp =  0.02382

 Side 1  free  transition at x/c =  0.1926   48
 Side 2  free  transition at x/c =  0.9798   64

 173   rms: 0.1518E+00   max: -.2738E+01   C at   64  2   RLX: 0.183
       a = 12.000      CL =  1.0881
      Cm =  0.0010     CD =  0.02952   =>   CDf =  0.00516    CDp =  0.02436

 Side 1  free  transition at x/c =  0.1901   48
 Side 2  free  transition at x/c =  0.9636   63

 174   rms: 0.5934E-01   max: -.8753E+00   C at   63  2   RLX: 0.571
       a = 12.000      CL =  1.0806
      Cm =  0.0032     CD =  0.02900   =>   CDf =  0.00517    CDp =  0.02383

 Side 1  free  transition at x/c =  0.1925   48
 Side 2  free  transition at x/c =  0.9794   64

 175   rms: 0.1360E+00   max: -.2451E+01   C at   64  2   RLX: 0.204
       a = 12.000      CL =  1.0880
      Cm =  0.0011     CD =  0.02949   =>   CDf =  0.00516    CDp =  0.02433

 Side 1  free  transition at x/c =  0.1901   48
 Side 2  free  transition at x/c =  0.9638   63

 176   rms: 0.5911E-01   max: -.8696E+00   C at   63  2   RLX: 0.575
       a = 12.000      CL =  1.0804
      Cm =  0.0032     CD =  0.02899   =>   CDf =  0.00517    CDp =  0.02382

 Side 1  free  transition at x/c =  0.1926   48
 Side 2  free  transition at x/c =  0.9798   64

 177   rms: 0.1515E+00   max: -.2733E+01   C at   64  2   RLX: 0.183
       a = 12.000      CL =  1.0881
      Cm =  0.0010     CD =  0.02952   =>   CDf =  0.00516    CDp =  0.02436

 Side 1  free  transition at x/c =  0.1901   48
 Side 2  free  transition at x/c =  0.9637   63

 178   rms: 0.5934E-01   max: -.8752E+00   C at   63  2   RLX: 0.571
       a = 12.000      CL =  1.0806
      Cm =  0.0032     CD =  0.02900   =>   CDf =  0.00517    CDp =  0.02383

 Side 1  free  transition at x/c =  0.1925   48
 Side 2  free  transition at x/c =  0.9794   64

 179   rms: 0.1363E+00   max: -.2456E+01   C at   64  2   RLX: 0.204
       a = 12.000      CL =  1.0880
      Cm =  0.0011     CD =  0.02949   =>   CDf =  0.00516    CDp =  0.02433

 Side 1  free  transition at x/c =  0.1901   48
 Side 2  free  transition at x/c =  0.9638   63

 180   rms: 0.5911E-01   max: -.8697E+00   C at   63  2   RLX: 0.575
       a = 12.000      CL =  1.0804
      Cm =  0.0032     CD =  0.02899   =>   CDf =  0.00517    CDp =  0.02382

 Side 1  free  transition at x/c =  0.1926   48
 Side 2  free  transition at x/c =  0.9798   64

 181   rms: 0.1511E+00   max: -.2727E+01   C at   64  2   RLX: 0.183
       a = 12.000      CL =  1.0881
      Cm =  0.0010     CD =  0.02952   =>   CDf =  0.00516    CDp =  0.02436

 Side 1  free  transition at x/c =  0.1901   48
 Side 2  free  transition at x/c =  0.9637   63

 182   rms: 0.5933E-01   max: -.8751E+00   C at   63  2   RLX: 0.571
       a = 12.000      CL =  1.0806
      Cm =  0.0032     CD =  0.02900   =>   CDf =  0.00517    CDp =  0.02383

 Side 1  free  transition at x/c =  0.1925   48
 Side 2  free  transition at x/c =  0.9794   64

 183   rms: 0.1365E+00   max: -.2460E+01   C at   64  2   RLX: 0.203
       a = 12.000      CL =  1.0880
      Cm =  0.0011     CD =  0.02949   =>   CDf =  0.00516    CDp =  0.02433

 Side 1  free  transition at x/c =  0.1901   48
 Side 2  free  transition at x/c =  0.9638   63

 184   rms: 0.5912E-01   max: -.8697E+00   C at   63  2   RLX: 0.575
       a = 12.000      CL =  1.0804
      Cm =  0.0032     CD =  0.02899   =>   CDf =  0.00517    CDp =  0.02382

 Side 1  free  transition at x/c =  0.1926   48
 Side 2  free  transition at x/c =  0.9797   64

 185   rms: 0.1508E+00   max: -.2720E+01   C at   64  2   RLX: 0.184
       a = 12.000      CL =  1.0881
      Cm =  0.0010     CD =  0.02952   =>   CDf =  0.00516    CDp =  0.02436

 Side 1  free  transition at x/c =  0.1901   48
 Side 2  free  transition at x/c =  0.9637   63

 186   rms: 0.5933E-01   max: -.8750E+00   C at   63  2   RLX: 0.571
       a = 12.000      CL =  1.0806
      Cm =  0.0032     CD =  0.02900   =>   CDf =  0.00517    CDp =  0.02383

 Side 1  free  transition at x/c =  0.1925   48
 Side 2  free  transition at x/c =  0.9794   64

 187   rms: 0.1368E+00   max: -.2466E+01   C at   64  2   RLX: 0.203
       a = 12.000      CL =  1.0880
      Cm =  0.0011     CD =  0.02949   =>   CDf =  0.00516    CDp =  0.02433

 Side 1  free  transition at x/c =  0.1901   48
 Side 2  free  transition at x/c =  0.9638   63

 188   rms: 0.5912E-01   max: -.8699E+00   C at   63  2   RLX: 0.575
       a = 12.000      CL =  1.0804
      Cm =  0.0032     CD =  0.02899   =>   CDf =  0.00517    CDp =  0.02382

 Side 1  free  transition at x/c =  0.1926   48
 Side 2  free  transition at x/c =  0.9797   64

 189   rms: 0.1504E+00   max: -.2714E+01   C at   64  2   RLX: 0.184
       a = 12.000      CL =  1.0881
      Cm =  0.0010     CD =  0.02952   =>   CDf =  0.00516    CDp =  0.02436

 Side 1  free  transition at x/c =  0.1901   48
 Side 2  free  transition at x/c =  0.9637   63

 190   rms: 0.5932E-01   max: -.8749E+00   C at   63  2   RLX: 0.572
       a = 12.000      CL =  1.0806
      Cm =  0.0032     CD =  0.02899   =>   CDf =  0.00517    CDp =  0.02383

 Side 1  free  transition at x/c =  0.1925   48
 Side 2  free  transition at x/c =  0.9794   64

 191   rms: 0.1370E+00   max: -.2468E+01   C at   64  2   RLX: 0.203
       a = 12.000      CL =  1.0880
      Cm =  0.0011     CD =  0.02949   =>   CDf =  0.00516    CDp =  0.02433

 Side 1  free  transition at x/c =  0.1901   48
 Side 2  free  transition at x/c =  0.9638   63

 192   rms: 0.5912E-01   max: -.8700E+00   C at   63  2   RLX: 0.575
       a = 12.000      CL =  1.0804
      Cm =  0.0032     CD =  0.02899   =>   CDf =  0.00517    CDp =  0.02382

 Side 1  free  transition at x/c =  0.1926   48
 Side 2  free  transition at x/c =  0.9797   64

 193   rms: 0.1504E+00   max: -.2713E+01   C at   64  2   RLX: 0.184
       a = 12.000      CL =  1.0881
      Cm =  0.0010     CD =  0.02952   =>   CDf =  0.00516    CDp =  0.02436

 Side 1  free  transition at x/c =  0.1901   48
 Side 2  free  transition at x/c =  0.9637   63

 194   rms: 0.5932E-01   max: -.8748E+00   C at   63  2   RLX: 0.572
       a = 12.000      CL =  1.0806
      Cm =  0.0032     CD =  0.02899   =>   CDf =  0.00517    CDp =  0.02383

 Side 1  free  transition at x/c =  0.1925   48
 Side 2  free  transition at x/c =  0.9794   64

 195   rms: 0.1371E+00   max: -.2471E+01   C at   64  2   RLX: 0.202
       a = 12.000      CL =  1.0880
      Cm =  0.0011     CD =  0.02949   =>   CDf =  0.00516    CDp =  0.02433

 Side 1  free  transition at x/c =  0.1901   48
 Side 2  free  transition at x/c =  0.9638   63

 196   rms: 0.5913E-01   max: -.8700E+00   C at   63  2   RLX: 0.575
       a = 12.000      CL =  1.0804
      Cm =  0.0032     CD =  0.02899   =>   CDf =  0.00517    CDp =  0.02382

 Side 1  free  transition at x/c =  0.1926   48
 Side 2  free  transition at x/c =  0.9797   64

 197   rms: 0.1501E+00   max: -.2708E+01   C at   64  2   RLX: 0.185
       a = 12.000      CL =  1.0881
      Cm =  0.0010     CD =  0.02952   =>   CDf =  0.00516    CDp =  0.02436

 Side 1  free  transition at x/c =  0.1901   48
 Side 2  free  transition at x/c =  0.9637   63

 198   rms: 0.5932E-01   max: -.8747E+00   C at   63  2   RLX: 0.572
       a = 12.000      CL =  1.0806
      Cm =  0.0032     CD =  0.02899   =>   CDf =  0.00517    CDp =  0.02383

 Side 1  free  transition at x/c =  0.1925   48
 Side 2  free  transition at x/c =  0.9794   64

 199   rms: 0.1372E+00   max: -.2473E+01   C at   64  2   RLX: 0.202
       a = 12.000      CL =  1.0880
      Cm =  0.0011     CD =  0.02949   =>   CDf =  0.00516    CDp =  0.02433

 Side 1  free  transition at x/c =  0.1901   48
 Side 2  free  transition at x/c =  0.9638   63

 200   rms: 0.5913E-01   max: -.8701E+00   C at   63  2   RLX: 0.575
       a = 12.000      CL =  1.0804
      Cm =  0.0032     CD =  0.02899   =>   CDf =  0.00517    CDp =  0.02382

 Side 1  free  transition at x/c =  0.1926   48
 Side 2  free  transition at x/c =  0.9797   64

 201   rms: 0.1500E+00   max: -.2706E+01   C at   64  2   RLX: 0.185
       a = 12.000      CL =  1.0881
      Cm =  0.0010     CD =  0.02952   =>   CDf =  0.00516    CDp =  0.02435

 Side 1  free  transition at x/c =  0.1901   48
 Side 2  free  transition at x/c =  0.9637   63

 202   rms: 0.5932E-01   max: -.8747E+00   C at   63  2   RLX: 0.572
       a = 12.000      CL =  1.0806
      Cm =  0.0032     CD =  0.02899   =>   CDf =  0.00517    CDp =  0.02383

 Side 1  free  transition at x/c =  0.1925   48
 Side 2  free  transition at x/c =  0.9794   64

 203   rms: 0.1374E+00   max: -.2476E+01   C at   64  2   RLX: 0.202
       a = 12.000      CL =  1.0880
      Cm =  0.0011     CD =  0.02949   =>   CDf =  0.00516    CDp =  0.02433

 Side 1  free  transition at x/c =  0.1901   48
 Side 2  free  transition at x/c =  0.9638   63

 204   rms: 0.5913E-01   max: -.8701E+00   C at   63  2   RLX: 0.575
       a = 12.000      CL =  1.0804
      Cm =  0.0032     CD =  0.02899   =>   CDf =  0.00517    CDp =  0.02382

 Side 1  free  transition at x/c =  0.1926   48
 Side 2  free  transition at x/c =  0.9797   64

 205   rms: 0.1498E+00   max: -.2702E+01   C at   64  2   RLX: 0.185
       a = 12.000      CL =  1.0881
      Cm =  0.0010     CD =  0.02952   =>   CDf =  0.00516    CDp =  0.02435

 Side 1  free  transition at x/c =  0.1901   48
 Side 2  free  transition at x/c =  0.9637   63

 206   rms: 0.5932E-01   max: -.8746E+00   C at   63  2   RLX: 0.572
       a = 12.000      CL =  1.0806
      Cm =  0.0032     CD =  0.02899   =>   CDf =  0.00517    CDp =  0.02383

 Side 1  free  transition at x/c =  0.1925   48
 Side 2  free  transition at x/c =  0.9795   64

 207   rms: 0.1376E+00   max: -.2479E+01   C at   64  2   RLX: 0.202
       a = 12.000      CL =  1.0880
      Cm =  0.0011     CD =  0.02949   =>   CDf =  0.00516    CDp =  0.02433

 Side 1  free  transition at x/c =  0.1901   48
 Side 2  free  transition at x/c =  0.9638   63

 208   rms: 0.5913E-01   max: -.8702E+00   C at   63  2   RLX: 0.575
       a = 12.000      CL =  1.0804
      Cm =  0.0032     CD =  0.02899   =>   CDf =  0.00517    CDp =  0.02382

 Side 1  free  transition at x/c =  0.1926   48
 Side 2  free  transition at x/c =  0.9797   64

 209   rms: 0.1495E+00   max: -.2698E+01   C at   64  2   RLX: 0.185
       a = 12.000      CL =  1.0881
      Cm =  0.0010     CD =  0.02952   =>   CDf =  0.00516    CDp =  0.02435

 Side 1  free  transition at x/c =  0.1901   48
 Side 2  free  transition at x/c =  0.9637   63

 210   rms: 0.5931E-01   max: -.8746E+00   C at   63  2   RLX: 0.572
       a = 12.000      CL =  1.0806
      Cm =  0.0032     CD =  0.02899   =>   CDf =  0.00517    CDp =  0.02383

 Side 1  free  transition at x/c =  0.1925   48
 Side 2  free  transition at x/c =  0.9795   64

 211   rms: 0.1377E+00   max: -.2482E+01   C at   64  2   RLX: 0.201
       a = 12.000      CL =  1.0880
      Cm =  0.0011     CD =  0.02949   =>   CDf =  0.00516    CDp =  0.02433

 Side 1  free  transition at x/c =  0.1901   48
 Side 2  free  transition at x/c =  0.9638   63

 212   rms: 0.5914E-01   max: -.8703E+00   C at   63  2   RLX: 0.575
       a = 12.000      CL =  1.0804
      Cm =  0.0032     CD =  0.02899   =>   CDf =  0.00517    CDp =  0.02382

 Side 1  free  transition at x/c =  0.1926   48
 Side 2  free  transition at x/c =  0.9797   64

 213   rms: 0.1492E+00   max: -.2692E+01   C at   64  2   RLX: 0.186
       a = 12.000      CL =  1.0881
      Cm =  0.0010     CD =  0.02952   =>   CDf =  0.00516    CDp =  0.02435

 Side 1  free  transition at x/c =  0.1901   48
 Side 2  free  transition at x/c =  0.9637   63

 214   rms: 0.5931E-01   max: -.8745E+00   C at   63  2   RLX: 0.572
       a = 12.000      CL =  1.0806
      Cm =  0.0032     CD =  0.02899   =>   CDf =  0.00517    CDp =  0.02383

 Side 1  free  transition at x/c =  0.1925   48
 Side 2  free  transition at x/c =  0.9795   64

 215   rms: 0.1380E+00   max: -.2488E+01   C at   64  2   RLX: 0.201
       a = 12.000      CL =  1.0880
      Cm =  0.0011     CD =  0.02950   =>   CDf =  0.00516    CDp =  0.02433

 Side 1  free  transition at x/c =  0.1901   48
 Side 2  free  transition at x/c =  0.9638   63

 216   rms: 0.5914E-01   max: -.8704E+00   C at   63  2   RLX: 0.574
       a = 12.000      CL =  1.0804
      Cm =  0.0032     CD =  0.02899   =>   CDf =  0.00517    CDp =  0.02382

 Side 1  free  transition at x/c =  0.1926   48
 Side 2  free  transition at x/c =  0.9797   64

 217   rms: 0.1489E+00   max: -.2687E+01   C at   64  2   RLX: 0.186
       a = 12.000      CL =  1.0881
      Cm =  0.0010     CD =  0.02952   =>   CDf =  0.00516    CDp =  0.02435

 Side 1  free  transition at x/c =  0.1901   48
 Side 2  free  transition at x/c =  0.9637   63

 218   rms: 0.5930E-01   max: -.8744E+00   C at   63  2   RLX: 0.572
       a = 12.000      CL =  1.0806
      Cm =  0.0032     CD =  0.02899   =>   CDf =  0.00517    CDp =  0.02383

 Side 1  free  transition at x/c =  0.1925   48
 Side 2  free  transition at x/c =  0.9795   64

 219   rms: 0.1382E+00   max: -.2490E+01   C at   64  2   RLX: 0.201
       a = 12.000      CL =  1.0880
      Cm =  0.0011     CD =  0.02950   =>   CDf =  0.00516    CDp =  0.02433

 Side 1  free  transition at x/c =  0.1901   48
 Side 2  free  transition at x/c =  0.9638   63

 220   rms: 0.5914E-01   max: -.8704E+00   C at   63  2   RLX: 0.574
       a = 12.000      CL =  1.0804
      Cm =  0.0032     CD =  0.02899   =>   CDf =  0.00517    CDp =  0.02382

 Side 1  free  transition at x/c =  0.1926   48
 Side 2  free  transition at x/c =  0.9797   64

 221   rms: 0.1488E+00   max: -.2684E+01   C at   64  2   RLX: 0.186
       a = 12.000      CL =  1.0881
      Cm =  0.0010     CD =  0.02952   =>   CDf =  0.00516    CDp =  0.02435

 Side 1  free  transition at x/c =  0.1901   48
 Side 2  free  transition at x/c =  0.9637   63

 222   rms: 0.5930E-01   max: -.8743E+00   C at   63  2   RLX: 0.572
       a = 12.000      CL =  1.0806
      Cm =  0.0032     CD =  0.02899   =>   CDf =  0.00517    CDp =  0.02383

 Side 1  free  transition at x/c =  0.1925   48
 Side 2  free  transition at x/c =  0.9795   64

 223   rms: 0.1383E+00   max: -.2494E+01   C at   64  2   RLX: 0.201
       a = 12.000      CL =  1.0880
      Cm =  0.0011     CD =  0.02950   =>   CDf =  0.00516    CDp =  0.02433

 Side 1  free  transition at x/c =  0.1901   48
 Side 2  free  transition at x/c =  0.9638   63

 224   rms: 0.5915E-01   max: -.8705E+00   C at   63  2   RLX: 0.574
       a = 12.000      CL =  1.0804
      Cm =  0.0032     CD =  0.02899   =>   CDf =  0.00517    CDp =  0.02382

 Side 1  free  transition at x/c =  0.1926   48
 Side 2  free  transition at x/c =  0.9797   64

 225   rms: 0.1486E+00   max: -.2681E+01   C at   64  2   RLX: 0.187
       a = 12.000      CL =  1.0881
      Cm =  0.0010     CD =  0.02951   =>   CDf =  0.00516    CDp =  0.02435

 Side 1  free  transition at x/c =  0.1901   48
 Side 2  free  transition at x/c =  0.9637   63

 226   rms: 0.5930E-01   max: -.8743E+00   C at   63  2   RLX: 0.572
       a = 12.000      CL =  1.0806
      Cm =  0.0032     CD =  0.02899   =>   CDf =  0.00517    CDp =  0.02383

 Side 1  free  transition at x/c =  0.1925   48
 Side 2  free  transition at x/c =  0.9795   64

 227   rms: 0.1384E+00   max: -.2495E+01   C at   64  2   RLX: 0.200
       a = 12.000      CL =  1.0880
      Cm =  0.0011     CD =  0.02950   =>   CDf =  0.00516    CDp =  0.02433

 Side 1  free  transition at x/c =  0.1901   48
 Side 2  free  transition at x/c =  0.9638   63

 228   rms: 0.5915E-01   max: -.8706E+00   C at   63  2   RLX: 0.574
       a = 12.000      CL =  1.0804
      Cm =  0.0032     CD =  0.02899   =>   CDf =  0.00517    CDp =  0.02382

 Side 1  free  transition at x/c =  0.1926   48
 Side 2  free  transition at x/c =  0.9797   64

 229   rms: 0.1486E+00   max: -.2681E+01   C at   64  2   RLX: 0.187
       a = 12.000      CL =  1.0881
      Cm =  0.0010     CD =  0.02951   =>   CDf =  0.00516    CDp =  0.02435

 Side 1  free  transition at x/c =  0.1901   48
 Side 2  free  transition at x/c =  0.9637   63

 230   rms: 0.5930E-01   max: -.8742E+00   C at   63  2   RLX: 0.572
       a = 12.000      CL =  1.0806
      Cm =  0.0032     CD =  0.02899   =>   CDf =  0.00517    CDp =  0.02383

 Side 1  free  transition at x/c =  0.1925   48
 Side 2  free  transition at x/c =  0.9795   64

 231   rms: 0.1386E+00   max: -.2497E+01   C at   64  2   RLX: 0.200
       a = 12.000      CL =  1.0880
      Cm =  0.0011     CD =  0.02950   =>   CDf =  0.00516    CDp =  0.02433

 Side 1  free  transition at x/c =  0.1901   48
 Side 2  free  transition at x/c =  0.9638   63

 232   rms: 0.5915E-01   max: -.8706E+00   C at   63  2   RLX: 0.574
       a = 12.000      CL =  1.0804
      Cm =  0.0032     CD =  0.02899   =>   CDf =  0.00517    CDp =  0.02382

 Side 1  free  transition at x/c =  0.1926   48
 Side 2  free  transition at x/c =  0.9797   64

 233   rms: 0.1483E+00   max: -.2675E+01   C at   64  2   RLX: 0.187
       a = 12.000      CL =  1.0881
      Cm =  0.0010     CD =  0.02951   =>   CDf =  0.00516    CDp =  0.02435

 Side 1  free  transition at x/c =  0.1901   48
 Side 2  free  transition at x/c =  0.9637   63

 234   rms: 0.5930E-01   max: -.8742E+00   C at   63  2   RLX: 0.572
       a = 12.000      CL =  1.0806
      Cm =  0.0032     CD =  0.02899   =>   CDf =  0.00517    CDp =  0.02383

 Side 1  free  transition at x/c =  0.1925   48
 Side 2  free  transition at x/c =  0.9795   64

 235   rms: 0.1387E+00   max: -.2499E+01   C at   64  2   RLX: 0.200
       a = 12.000      CL =  1.0880
      Cm =  0.0011     CD =  0.02950   =>   CDf =  0.00516    CDp =  0.02433

 Side 1  free  transition at x/c =  0.1901   48
 Side 2  free  transition at x/c =  0.9638   63

 236   rms: 0.5915E-01   max: -.8707E+00   C at   63  2   RLX: 0.574
       a = 12.000      CL =  1.0804
      Cm =  0.0032     CD =  0.02899   =>   CDf =  0.00517    CDp =  0.02382

 Side 1  free  transition at x/c =  0.1926   48
 Side 2  free  transition at x/c =  0.9797   64

 237   rms: 0.1482E+00   max: -.2674E+01   C at   64  2   RLX: 0.187
       a = 12.000      CL =  1.0881
      Cm =  0.0010     CD =  0.02951   =>   CDf =  0.00516    CDp =  0.02435

 Side 1  free  transition at x/c =  0.1901   48
 Side 2  free  transition at x/c =  0.9637   63

 238   rms: 0.5930E-01   max: -.8741E+00   C at   63  2   RLX: 0.572
       a = 12.000      CL =  1.0806
      Cm =  0.0032     CD =  0.02899   =>   CDf =  0.00517    CDp =  0.02383

 Side 1  free  transition at x/c =  0.1925   48
 Side 2  free  transition at x/c =  0.9795   64

 239   rms: 0.1387E+00   max: -.2500E+01   C at   64  2   RLX: 0.200
       a = 12.000      CL =  1.0880
      Cm =  0.0011     CD =  0.02950   =>   CDf =  0.00516    CDp =  0.02433

 Side 1  free  transition at x/c =  0.1901   48
 Side 2  free  transition at x/c =  0.9638   63

 240   rms: 0.5915E-01   max: -.8707E+00   C at   63  2   RLX: 0.574
       a = 12.000      CL =  1.0804
      Cm =  0.0032     CD =  0.02899   =>   CDf =  0.00517    CDp =  0.02382

 Side 1  free  transition at x/c =  0.1926   48
 Side 2  free  transition at x/c =  0.9797   64

 241   rms: 0.1482E+00   max: -.2674E+01   C at   64  2   RLX: 0.187
       a = 12.000      CL =  1.0881
      Cm =  0.0010     CD =  0.02951   =>   CDf =  0.00516    CDp =  0.02435

 Side 1  free  transition at x/c =  0.1901   48
 Side 2  free  transition at x/c =  0.9637   63

 242   rms: 0.5929E-01   max: -.8741E+00   C at   63  2   RLX: 0.572
       a = 12.000      CL =  1.0806
      Cm =  0.0032     CD =  0.02899   =>   CDf =  0.00517    CDp =  0.02383

 Side 1  free  transition at x/c =  0.1925   48
 Side 2  free  transition at x/c =  0.9795   64

 243   rms: 0.1387E+00   max: -.2500E+01   C at   64  2   RLX: 0.200
       a = 12.000      CL =  1.0880
      Cm =  0.0011     CD =  0.02950   =>   CDf =  0.00516    CDp =  0.02433

 Side 1  free  transition at x/c =  0.1901   48
 Side 2  free  transition at x/c =  0.9638   63

 244   rms: 0.5915E-01   max: -.8707E+00   C at   63  2   RLX: 0.574
       a = 12.000      CL =  1.0804
      Cm =  0.0032     CD =  0.02899   =>   CDf =  0.00517    CDp =  0.02382

 Side 1  free  transition at x/c =  0.1926   48
 Side 2  free  transition at x/c =  0.9797   64

 245   rms: 0.1483E+00   max: -.2675E+01   C at   64  2   RLX: 0.187
       a = 12.000      CL =  1.0881
      Cm =  0.0010     CD =  0.02951   =>   CDf =  0.00516    CDp =  0.02435

 Side 1  free  transition at x/c =  0.1901   48
 Side 2  free  transition at x/c =  0.9637   63

 246   rms: 0.5929E-01   max: -.8741E+00   C at   63  2   RLX: 0.572
       a = 12.000      CL =  1.0806
      Cm =  0.0032     CD =  0.02899   =>   CDf =  0.00517    CDp =  0.02383

 Side 1  free  transition at x/c =  0.1925   48
 Side 2  free  transition at x/c =  0.9795   64

 247   rms: 0.1388E+00   max: -.2501E+01   C at   64  2   RLX: 0.200
       a = 12.000      CL =  1.0880
      Cm =  0.0011     CD =  0.02950   =>   CDf =  0.00516    CDp =  0.02433

 Side 1  free  transition at x/c =  0.1901   48
 Side 2  free  transition at x/c =  0.9638   63

 248   rms: 0.5915E-01   max: -.8707E+00   C at   63  2   RLX: 0.574
       a = 12.000      CL =  1.0804
      Cm =  0.0032     CD =  0.02899   =>   CDf =  0.00517    CDp =  0.02382

 Side 1  free  transition at x/c =  0.1926   48
 Side 2  free  transition at x/c =  0.9797   64

 249   rms: 0.1482E+00   max: -.2673E+01   C at   64  2   RLX: 0.187
       a = 12.000      CL =  1.0881
      Cm =  0.0010     CD =  0.02951   =>   CDf =  0.00516    CDp =  0.02435

 Side 1  free  transition at x/c =  0.1901   48
 Side 2  free  transition at x/c =  0.9637   63

 250   rms: 0.5929E-01   max: -.8741E+00   C at   63  2   RLX: 0.572
       a = 12.000      CL =  1.0806
      Cm =  0.0032     CD =  0.02899   =>   CDf =  0.00517    CDp =  0.02383

 Side 1  free  transition at x/c =  0.1925   48
 Side 2  free  transition at x/c =  0.9795   64

 251   rms: 0.1389E+00   max: -.2503E+01   C at   64  2   RLX: 0.200
       a = 12.000      CL =  1.0880
      Cm =  0.0011     CD =  0.02950   =>   CDf =  0.00516    CDp =  0.02433

 Side 1  free  transition at x/c =  0.1901   48
 Side 2  free  transition at x/c =  0.9638   63

 252   rms: 0.5916E-01   max: -.8707E+00   C at   63  2   RLX: 0.574
       a = 12.000      CL =  1.0804
      Cm =  0.0032     CD =  0.02899   =>   CDf =  0.00517    CDp =  0.02382

 Side 1  free  transition at x/c =  0.1926   48
 Side 2  free  transition at x/c =  0.9797   64

 253   rms: 0.1480E+00   max: -.2670E+01   C at   64  2   RLX: 0.187
       a = 12.000      CL =  1.0881
      Cm =  0.0010     CD =  0.02951   =>   CDf =  0.00516    CDp =  0.02435

 Side 1  free  transition at x/c =  0.1901   48
 Side 2  free  transition at x/c =  0.9637   63

 254   rms: 0.5929E-01   max: -.8741E+00   C at   63  2   RLX: 0.572
       a = 12.000      CL =  1.0806
      Cm =  0.0032     CD =  0.02899   =>   CDf =  0.00517    CDp =  0.02383

 Side 1  free  transition at x/c =  0.1925   48
 Side 2  free  transition at x/c =  0.9795   64

 255   rms: 0.1389E+00   max: -.2503E+01   C at   64  2   RLX: 0.200
       a = 12.000      CL =  1.0880
      Cm =  0.0011     CD =  0.02950   =>   CDf =  0.00516    CDp =  0.02433

 Side 1  free  transition at x/c =  0.1901   48
 Side 2  free  transition at x/c =  0.9638   63

 256   rms: 0.5916E-01   max: -.8708E+00   C at   63  2   RLX: 0.574
       a = 12.000      CL =  1.0804
      Cm =  0.0032     CD =  0.02899   =>   CDf =  0.00517    CDp =  0.02382

 Side 1  free  transition at x/c =  0.1926   48
 Side 2  free  transition at x/c =  0.9797   64

 257   rms: 0.1480E+00   max: -.2670E+01   C at   64  2   RLX: 0.187
       a = 12.000      CL =  1.0881
      Cm =  0.0010     CD =  0.02951   =>   CDf =  0.00516    CDp =  0.02435

 Side 1  free  transition at x/c =  0.1901   48
 Side 2  free  transition at x/c =  0.9637   63

 258   rms: 0.5929E-01   max: -.8740E+00   C at   63  2   RLX: 0.572
       a = 12.000      CL =  1.0806
      Cm =  0.0032     CD =  0.02899   =>   CDf =  0.00517    CDp =  0.02383

 Side 1  free  transition at x/c =  0.1925   48
 Side 2  free  transition at x/c =  0.9795   64

 259   rms: 0.1390E+00   max: -.2505E+01   C at   64  2   RLX: 0.200
       a = 12.000      CL =  1.0880
      Cm =  0.0011     CD =  0.02950   =>   CDf =  0.00516    CDp =  0.02434

 Side 1  free  transition at x/c =  0.1901   48
 Side 2  free  transition at x/c =  0.9638   63

 260   rms: 0.5916E-01   max: -.8707E+00   C at   63  2   RLX: 0.574
       a = 12.000      CL =  1.0804
      Cm =  0.0032     CD =  0.02899   =>   CDf =  0.00517    CDp =  0.02382

 Side 1  free  transition at x/c =  0.1926   48
 Side 2  free  transition at x/c =  0.9797   64

 261   rms: 0.1478E+00   max: -.2666E+01   C at   64  2   RLX: 0.188
       a = 12.000      CL =  1.0881
      Cm =  0.0010     CD =  0.02951   =>   CDf =  0.00516    CDp =  0.02435

 Side 1  free  transition at x/c =  0.1901   48
 Side 2  free  transition at x/c =  0.9637   63

 262   rms: 0.5929E-01   max: -.8740E+00   C at   63  2   RLX: 0.572
       a = 12.000      CL =  1.0806
      Cm =  0.0032     CD =  0.02899   =>   CDf =  0.00517    CDp =  0.02383

 Side 1  free  transition at x/c =  0.1925   48
 Side 2  free  transition at x/c =  0.9795   64

 263   rms: 0.1392E+00   max: -.2509E+01   C at   64  2   RLX: 0.199
       a = 12.000      CL =  1.0880
      Cm =  0.0011     CD =  0.02950   =>   CDf =  0.00516    CDp =  0.02434

 Side 1  free  transition at x/c =  0.1901   48
 Side 2  free  transition at x/c =  0.9638   63

 264   rms: 0.5916E-01   max: -.8708E+00   C at   63  2   RLX: 0.574
       a = 12.000      CL =  1.0804
      Cm =  0.0032     CD =  0.02899   =>   CDf =  0.00517    CDp =  0.02382

 Side 1  free  transition at x/c =  0.1926   48
 Side 2  free  transition at x/c =  0.9797   64

 265   rms: 0.1476E+00   max: -.2663E+01   C at   64  2   RLX: 0.188
       a = 12.000      CL =  1.0881
      Cm =  0.0010     CD =  0.02951   =>   CDf =  0.00516    CDp =  0.02435
 VISCAL:  Convergence failed
 Calculating wake trajectory ...
 Calculating source influence matrix ...

 Solving BL system ...

 Side 1  free  transition at x/c =  0.1901   48
 Side 2  free  transition at x/c =  0.9637   63

   1   rms: 0.2338E+00   max: 0.3002E+01   C at   48  1   RLX: 0.409
       a = 13.000      CL =  1.1115
      Cm = -0.0016     CD =  0.03347   =>   CDf =  0.00517    CDp =  0.02829

 Side 1  free  transition at x/c =  0.1584   46
 Side 2  free  transition at x/c =  0.9814   64

   2   rms: 0.1088E+01   max: 0.1942E+02   C at   64  2   RLX: 0.076
       a = 13.000      CL =  1.0921
      Cm =  0.0025     CD =  0.03573   =>   CDf =  0.00533    CDp =  0.03040

 Side 1  free  transition at x/c =  0.1613   46
 Side 2 forced transition at x/c =  1.0000   66

   3   rms: 0.9278E-01   max: -.7116E+00   D at   63  2   RLX: 0.703
       a = 13.000      CL =  1.0582
      Cm =  0.0146     CD =  0.03498   =>   CDf =  0.00536    CDp =  0.02962

 Side 1  free  transition at x/c =  0.1524   46
 Side 2 forced transition at x/c =  1.0000   66

   4   rms: 0.2874E-01   max: -.2643E+00   D at   63  2
       a = 13.000      CL =  1.0307
      Cm =  0.0219     CD =  0.03574   =>   CDf =  0.00545    CDp =  0.03029

 Side 1  free  transition at x/c =  0.1523   46
 Side 2 forced transition at x/c =  1.0000   66

   5   rms: 0.3065E-02   max: 0.3802E-01   D at   72  1
       a = 13.000      CL =  1.0293
      Cm =  0.0220     CD =  0.03568   =>   CDf =  0.00542    CDp =  0.03026

 Side 1  free  transition at x/c =  0.1527   46
 Side 2 forced transition at x/c =  1.0000   66

   6   rms: 0.1385E-03   max: -.1594E-02   D at   72  1
       a = 13.000      CL =  1.0293
      Cm =  0.0220     CD =  0.03565   =>   CDf =  0.00541    CDp =  0.03025

 Side 1  free  transition at x/c =  0.1526   46
 Side 2 forced transition at x/c =  1.0000   66

   7   rms: 0.5168E-05   max: -.2790E-04   D at   76  2
       a = 13.000      CL =  1.0293
      Cm =  0.0220     CD =  0.03565   =>   CDf =  0.00541    CDp =  0.03025
 plradd ia,ip,cpol           13           0  4.94164089E-03

 Point added to stored polar  1
 Point written to save file  polar.txt                                       
 Dump file unspecified or not available
 Calculating wake trajectory ...
 Calculating source influence matrix ...

 Solving BL system ...

 Side 1  free  transition at x/c =  0.1526   46
 Side 2 forced transition at x/c =  1.0000   66

   1   rms: 0.1538E+00   max: 0.1098E+01   C at   46  1   RLX: 0.516
       a = 14.000      CL =  1.0284
      Cm =  0.0248     CD =  0.04023   =>   CDf =  0.00528    CDp =  0.03495

 Side 1  free  transition at x/c =  0.1347   45
 Side 2 forced transition at x/c =  1.0000   65

   2   rms: 0.6014E-01   max: 0.2359E+00   D at   72  1
       a = 14.000      CL =  1.0525
      Cm =  0.0256     CD =  0.04240   =>   CDf =  0.00547    CDp =  0.03692

 Side 1  free  transition at x/c =  0.1151   44
 Side 2 forced transition at x/c =  1.0000   65

   3   rms: 0.1550E-01   max: -.1479E+00   C at   44  1
       a = 14.000      CL =  1.0408
      Cm =  0.0261     CD =  0.04310   =>   CDf =  0.00555    CDp =  0.03754

 Side 1  free  transition at x/c =  0.1178   44
 Side 2 forced transition at x/c =  1.0000   65

   4   rms: 0.7507E-03   max: -.8963E-02   D at   71  1
       a = 14.000      CL =  1.0409
      Cm =  0.0262     CD =  0.04295   =>   CDf =  0.00550    CDp =  0.03745

 Side 1  free  transition at x/c =  0.1179   44
 Side 2 forced transition at x/c =  1.0000   65

   5   rms: 0.6010E-04   max: -.2785E-03   D at   79  2
       a = 14.000      CL =  1.0409
      Cm =  0.0262     CD =  0.04295   =>   CDf =  0.00550    CDp =  0.03745
 plradd ia,ip,cpol           14           0  4.94164089E-03

 Point added to stored polar  1
 Point written to save file  polar.txt                                       
 Dump file unspecified or not available
 Calculating wake trajectory ...
 Calculating source influence matrix ...

 Solving BL system ...

 Side 1  free  transition at x/c =  0.1179   44
 Side 2 forced transition at x/c =  1.0000   65

   1   rms: 0.1315E+00   max: 0.1334E+01   C at   44  1   RLX: 0.474
       a = 15.000      CL =  1.0534
      Cm =  0.0273     CD =  0.04645   =>   CDf =  0.00551    CDp =  0.04095

 Side 1  free  transition at x/c =  0.1027   43
 Side 2 forced transition at x/c =  1.0000   65

   2   rms: 0.6691E-01   max: -.3498E+00   D at   43  1
       a = 15.000      CL =  1.0601
      Cm =  0.0285     CD =  0.05092   =>   CDf =  0.00540    CDp =  0.04552

 Side 1  free  transition at x/c =  0.0904   43
 Side 2 forced transition at x/c =  1.0000   64

   3   rms: 0.9294E-02   max: 0.9360E-01   D at   70  1
       a = 15.000      CL =  1.0552
      Cm =  0.0289     CD =  0.05077   =>   CDf =  0.00559    CDp =  0.04518

 Side 1  free  transition at x/c =  0.0911   43
 Side 2 forced transition at x/c =  1.0000   64

   4   rms: 0.1099E-02   max: -.9376E-02   D at    4  1
       a = 15.000      CL =  1.0555
      Cm =  0.0289     CD =  0.05062   =>   CDf =  0.00557    CDp =  0.04505

 Side 1  free  transition at x/c =  0.0911   43
 Side 2 forced transition at x/c =  1.0000   64

   5   rms: 0.6050E-04   max: -.2869E-03   D at   76  2
       a = 15.000      CL =  1.0556
      Cm =  0.0289     CD =  0.05062   =>   CDf =  0.00557    CDp =  0.04506
 plradd ia,ip,cpol           15           0  1.29907194E-03

 Point added to stored polar  1
 Point written to save file  polar.txt                                       
 Dump file unspecified or not available
 Calculating wake trajectory ...
 Calculating source influence matrix ...

 Solving BL system ...

 Side 1  free  transition at x/c =  0.0911   43
 Side 2 forced transition at x/c =  1.0000   64

   1   rms: 0.1245E+00   max: 0.8824E+00   C at   43  1   RLX: 0.429
       a = 16.000      CL =  1.0655
      Cm =  0.0295     CD =  0.05428   =>   CDf =  0.00558    CDp =  0.04870

 Side 1  free  transition at x/c =  0.0837   42
 Side 2 forced transition at x/c =  1.0000   64

   2   rms: 0.6485E-01   max: -.2819E+00   D at   42  1
       a = 16.000      CL =  1.0830
      Cm =  0.0300     CD =  0.05844   =>   CDf =  0.00557    CDp =  0.05286

 Side 1  free  transition at x/c =  0.0742   41
 Side 2 forced transition at x/c =  1.0000   64

   3   rms: 0.1168E-01   max: -.1030E+00   C at   41  1
       a = 16.000      CL =  1.0742
      Cm =  0.0304     CD =  0.05853   =>   CDf =  0.00557    CDp =  0.05296

 Side 1  free  transition at x/c =  0.0751   41
 Side 2 forced transition at x/c =  1.0000   64

   4   rms: 0.1735E-02   max: 0.1820E-01   D at   68  1
       a = 16.000      CL =  1.0730
      Cm =  0.0304     CD =  0.05861   =>   CDf =  0.00554    CDp =  0.05307

 Side 1  free  transition at x/c =  0.0751   41
 Side 2 forced transition at x/c =  1.0000   64

   5   rms: 0.1096E-03   max: 0.6514E-03   D at   77  2
       a = 16.000      CL =  1.0729
      Cm =  0.0304     CD =  0.05859   =>   CDf =  0.00554    CDp =  0.05305

 Side 1  free  transition at x/c =  0.0751   41
 Side 2 forced transition at x/c =  1.0000   64

   6   rms: 0.2735E-05   max: 0.1926E-04   D at   77  2
       a = 16.000      CL =  1.0729
      Cm =  0.0304     CD =  0.05858   =>   CDf =  0.00554    CDp =  0.05304
 plradd ia,ip,cpol           16           0  1.29907194E-03

 Point added to stored polar  1
 Point written to save file  polar.txt                                       
 Dump file unspecified or not available
 Calculating wake trajectory ...
 Calculating source influence matrix ...

 Solving BL system ...

 Side 1  free  transition at x/c =  0.0751   41
 Side 2 forced transition at x/c =  1.0000   64

   1   rms: 0.1167E+00   max: -.4876E+00   D at    3  2   RLX: 0.399
       a = 17.000      CL =  1.0892
      Cm =  0.0304     CD =  0.06145   =>   CDf =  0.00534    CDp =  0.05611

 Side 1  free  transition at x/c =  0.0696   42
 Side 2 forced transition at x/c =  1.0000   63

   2   rms: 0.7012E-01   max: -.3586E+00   D at   42  1
       a = 17.000      CL =  1.0986
      Cm =  0.0307     CD =  0.06706   =>   CDf =  0.00552    CDp =  0.06154

 Side 1  free  transition at x/c =  0.0638   41
 Side 2 forced transition at x/c =  1.0000   63

   3   rms: 0.1222E-01   max: -.1385E+00   D at   41  1
       a = 17.000      CL =  1.0967
      Cm =  0.0309     CD =  0.06646   =>   CDf =  0.00544    CDp =  0.06102

 Side 1  free  transition at x/c =  0.0636   41
 Side 2 forced transition at x/c =  1.0000   63

   4   rms: 0.7347E-03   max: 0.8133E-02   C at   41  1
       a = 17.000      CL =  1.0963
      Cm =  0.0309     CD =  0.06638   =>   CDf =  0.00544    CDp =  0.06094

 Side 1  free  transition at x/c =  0.0635   41
 Side 2 forced transition at x/c =  1.0000   63

   5   rms: 0.2544E-04   max: -.1646E-03   D at   79  2
       a = 17.000      CL =  1.0963
      Cm =  0.0309     CD =  0.06638   =>   CDf =  0.00544    CDp =  0.06094
 plradd ia,ip,cpol           17           0  5.51594887E-04

 Point added to stored polar  1
 Point written to save file  polar.txt                                       
 Dump file unspecified or not available
 Calculating wake trajectory ...
 Calculating source influence matrix ...

 Solving BL system ...

 Side 1  free  transition at x/c =  0.0635   41
 Side 2 forced transition at x/c =  1.0000   63

   1   rms: 0.1111E+00   max: -.4448E+00   D at   41  1   RLX: 0.367
       a = 18.000      CL =  1.1069
      Cm =  0.0307     CD =  0.06969   =>   CDf =  0.00522    CDp =  0.06447

 Side 1  free  transition at x/c =  0.0586   41
 Side 2 forced transition at x/c =  1.0000   62

   2   rms: 0.7511E-01   max: -.5617E+00   C at   41  1   RLX: 0.890
       a = 18.000      CL =  1.1278
      Cm =  0.0301     CD =  0.07394   =>   CDf =  0.00547    CDp =  0.06847

 Side 1  free  transition at x/c =  0.0506   40
 Side 2 forced transition at x/c =  1.0000   62

   3   rms: 0.1771E-01   max: -.1261E+00   C at   40  1
       a = 18.000      CL =  1.1151
      Cm =  0.0305     CD =  0.07541   =>   CDf =  0.00546    CDp =  0.06995

 Side 1  free  transition at x/c =  0.0507   40
 Side 2 forced transition at x/c =  1.0000   62

   4   rms: 0.3249E-02   max: 0.2810E-01   D at   67  1
       a = 18.000      CL =  1.1126
      Cm =  0.0306     CD =  0.07539   =>   CDf =  0.00540    CDp =  0.06999

 Side 1  free  transition at x/c =  0.0508   40
 Side 2 forced transition at x/c =  1.0000   62

   5   rms: 0.2810E-03   max: 0.1620E-02   D at   77  2
       a = 18.000      CL =  1.1124
      Cm =  0.0306     CD =  0.07533   =>   CDf =  0.00540    CDp =  0.06994

 Side 1  free  transition at x/c =  0.0508   40
 Side 2 forced transition at x/c =  1.0000   62

   6   rms: 0.1552E-04   max: 0.1188E-03   D at   77  2
       a = 18.000      CL =  1.1124
      Cm =  0.0306     CD =  0.07533   =>   CDf =  0.00539    CDp =  0.06993
 plradd ia,ip,cpol           18           0  1.29907194E-03

 Point added to stored polar  1
 Point written to save file  polar.txt                                       
 Dump file unspecified or not available
 Calculating wake trajectory ...
 Calculating source influence matrix ...

 Solving BL system ...

 Side 1  free  transition at x/c =  0.0508   40
 Side 2 forced transition at x/c =  1.0000   62

   1   rms: 0.1049E+00   max: 0.3754E+00   D at   66  1   RLX: 0.340
       a = 19.000      CL =  1.1215
      Cm =  0.0301     CD =  0.07874   =>   CDf =  0.00541    CDp =  0.07333

 Side 1  free  transition at x/c =  0.0474   40
 Side 2 forced transition at x/c =  1.0000   62

   2   rms: 0.7239E-01   max: -.3384E+00   D at   40  1
       a = 19.000      CL =  1.1303
      Cm =  0.0292     CD =  0.08611   =>   CDf =  0.00536    CDp =  0.08075

 Side 1  free  transition at x/c =  0.0420   39
 Side 2 forced transition at x/c =  1.0000   62

   3   rms: 0.2102E-01   max: -.2676E+00   D at   39  1
       a = 19.000      CL =  1.1247
      Cm =  0.0295     CD =  0.08529   =>   CDf =  0.00526    CDp =  0.08003

 Side 1  free  transition at x/c =  0.0424   39
 Side 2 forced transition at x/c =  1.0000   62

   4   rms: 0.2792E-02   max: 0.3959E-01   C at   39  1
       a = 19.000      CL =  1.1240
      Cm =  0.0296     CD =  0.08514   =>   CDf =  0.00523    CDp =  0.07991

 Side 1  free  transition at x/c =  0.0421   39
 Side 2 forced transition at x/c =  1.0000   62

   5   rms: 0.6849E-04   max: -.8338E-03   D at   40  1
       a = 19.000      CL =  1.1240
      Cm =  0.0296     CD =  0.08515   =>   CDf =  0.00524    CDp =  0.07991
 plradd ia,ip,cpol           19           0  5.51594887E-04

 Point added to stored polar  1
 Point written to save file  polar.txt                                       
 Dump file unspecified or not available
 Calculating wake trajectory ...
 Calculating source influence matrix ...

 Solving BL system ...

 Side 1  free  transition at x/c =  0.0421   39
 Side 2 forced transition at x/c =  1.0000   62

   1   rms: 0.1149E+00   max: -.6352E+00   D at   39  1   RLX: 0.315
       a = 20.000      CL =  1.1293
      Cm =  0.0288     CD =  0.08893   =>   CDf =  0.00497    CDp =  0.08395

 Side 1  free  transition at x/c =  0.0388   39
 Side 2 forced transition at x/c =  1.0000   61

   2   rms: 0.5879E+00   max: 0.1008E+02   D at    2  1   RLX: 0.104
       a = 20.000      CL =  1.1334
      Cm =  0.0274     CD =  0.08864   =>   CDf =  0.00525    CDp =  0.08339

 Side 1  free  transition at x/c =  0.0380   39
 Side 2 forced transition at x/c =  1.0000   61

   3   rms: 0.6768E-01   max: -.3563E+00   D at   39  1
       a = 20.000      CL =  1.1391
      Cm =  0.0270     CD =  0.09700   =>   CDf =  0.00523    CDp =  0.09177

 Side 1  free  transition at x/c =  0.0319   38
 Side 2 forced transition at x/c =  1.0000   61

   4   rms: 0.2272E-01   max: -.2810E+00   D at   38  1
       a = 20.000      CL =  1.1295
      Cm =  0.0274     CD =  0.09628   =>   CDf =  0.00517    CDp =  0.09110

 Side 1  free  transition at x/c =  0.0321   38
 Side 2 forced transition at x/c =  1.0000   61

   5   rms: 0.4597E-02   max: 0.3964E-01   C at   38  1
       a = 20.000      CL =  1.1266
      Cm =  0.0273     CD =  0.09663   =>   CDf =  0.00514    CDp =  0.09149

 Side 1  free  transition at x/c =  0.0319   38
 Side 2 forced transition at x/c =  1.0000   61

   6   rms: 0.3115E-03   max: 0.1568E-02   D at   77  2
       a = 20.000      CL =  1.1264
      Cm =  0.0273     CD =  0.09656   =>   CDf =  0.00514    CDp =  0.09142

 Side 1  free  transition at x/c =  0.0319   38
 Side 2 forced transition at x/c =  1.0000   61

   7   rms: 0.2036E-04   max: 0.1838E-03   D at   77  2
       a = 20.000      CL =  1.1264
      Cm =  0.0273     CD =  0.09655   =>   CDf =  0.00514    CDp =  0.09141
 plradd ia,ip,cpol           20           0  5.51594887E-04

 Point added to stored polar  1
 Point written to save file  polar.txt                                       
 Dump file unspecified or not available
 Calculating wake trajectory ...
 Calculating source influence matrix ...

 Solving BL system ...

 Side 1  free  transition at x/c =  0.0319   38
 Side 2 forced transition at x/c =  1.0000   61

   1   rms: 0.1067E+00   max: 0.4959E+00   D at   63  1   RLX: 0.291
       a = 21.000      CL =  1.1279
      Cm =  0.0262     CD =  0.10084   =>   CDf =  0.00515    CDp =  0.09569

 Side 1  free  transition at x/c =  0.0306   38
 Side 2 forced transition at x/c =  1.0000   61

   2   rms: 0.7847E-01   max: 0.3971E+00   D at   64  1
       a = 21.000      CL =  1.1255
      Cm =  0.0234     CD =  0.11201   =>   CDf =  0.00480    CDp =  0.10722

 Side 1  free  transition at x/c =  0.0270   38
 Side 2 forced transition at x/c =  1.0000   60

   3   rms: 0.3611E-01   max: -.4263E+00   D at   38  1
       a = 21.000      CL =  1.1189
      Cm =  0.0236     CD =  0.11001   =>   CDf =  0.00498    CDp =  0.10503

 Side 1  free  transition at x/c =  0.0280   38
 Side 2 forced transition at x/c =  1.0000   60

   4   rms: 0.5925E-02   max: 0.7156E-01   C at   38  1
       a = 21.000      CL =  1.1202
      Cm =  0.0238     CD =  0.10948   =>   CDf =  0.00491    CDp =  0.10457

 Side 1  free  transition at x/c =  0.0276   38
 Side 2 forced transition at x/c =  1.0000   60

   5   rms: 0.3706E-03   max: -.3508E-02   D at   39  1
       a = 21.000      CL =  1.1201
      Cm =  0.0238     CD =  0.10958   =>   CDf =  0.00494    CDp =  0.10464

 Side 1  free  transition at x/c =  0.0276   38
 Side 2 forced transition at x/c =  1.0000   60

   6   rms: 0.1036E-04   max: 0.4269E-04   D at   63  2
       a = 21.000      CL =  1.1201
      Cm =  0.0238     CD =  0.10958   =>   CDf =  0.00494    CDp =  0.10465
 plradd ia,ip,cpol           21           0  3.53916839E-05

 Point added to stored polar  1
 Point written to save file  polar.txt                                       
 Dump file unspecified or not available
 Calculating wake trajectory ...
 Calculating source influence matrix ...

 Solving BL system ...

 Side 1  free  transition at x/c =  0.0276   38
 Side 2 forced transition at x/c =  1.0000   60

   1   rms: 0.1064E+00   max: 0.5570E+00   D at   62  1   RLX: 0.270
       a = 22.000      CL =  1.1189
      Cm =  0.0223     CD =  0.11429   =>   CDf =  0.00495    CDp =  0.10934

 Side 1  free  transition at x/c =  0.0264   38
 Side 2 forced transition at x/c =  1.0000   60

   2   rms: 0.8511E-01   max: 0.5004E+00   D at   63  1
       a = 22.000      CL =  1.1044
      Cm =  0.0178     CD =  0.12895   =>   CDf =  0.00492    CDp =  0.12403

 Side 1  free  transition at x/c =  0.0243   37
 Side 2 forced transition at x/c =  1.0000   60

   3   rms: 0.2557E-01   max: -.2628E+00   D at   37  1
       a = 22.000      CL =  1.1029
      Cm =  0.0183     CD =  0.12520   =>   CDf =  0.00472    CDp =  0.12048

 Side 1  free  transition at x/c =  0.0243   37
 Side 2 forced transition at x/c =  1.0000   60

   4   rms: 0.6298E-02   max: -.4572E-01   D at   62  1
       a = 22.000      CL =  1.1063
      Cm =  0.0187     CD =  0.12389   =>   CDf =  0.00468    CDp =  0.11921

 Side 1  free  transition at x/c =  0.0241   37
 Side 2 forced transition at x/c =  1.0000   60

   5   rms: 0.5220E-03   max: 0.4661E-02   D at   61  1
       a = 22.000      CL =  1.1065
      Cm =  0.0187     CD =  0.12407   =>   CDf =  0.00470    CDp =  0.11937

 Side 1  free  transition at x/c =  0.0241   37
 Side 2 forced transition at x/c =  1.0000   60

   6   rms: 0.2973E-04   max: -.3504E-03   D at   77  2
       a = 22.000      CL =  1.1065
      Cm =  0.0187     CD =  0.12410   =>   CDf =  0.00470    CDp =  0.11940
 plradd ia,ip,cpol           22           0  3.53916839E-05

 Point added to stored polar  1
 Point written to save file  polar.txt                                       
 Dump file unspecified or not available
 Calculating wake trajectory ...
 Calculating source influence matrix ...

 Solving BL system ...

 Side 1  free  transition at x/c =  0.0241   37
 Side 2 forced transition at x/c =  1.0000   60

   1   rms: 0.9703E-01   max: 0.4925E+00   D at   60  1   RLX: 0.253
       a = 23.000      CL =  1.1069
      Cm =  0.0171     CD =  0.12844   =>   CDf =  0.00472    CDp =  0.12372

 Side 1  free  transition at x/c =  0.0233   37
 Side 2 forced transition at x/c =  1.0000   60

   2   rms: 0.8225E-01   max: 0.5014E+00   D at   61  1
       a = 23.000      CL =  1.0960
      Cm =  0.0111     CD =  0.14424   =>   CDf =  0.00467    CDp =  0.13958

 Side 1  free  transition at x/c =  0.0219   36
 Side 2 forced transition at x/c =  1.0000   60

   3   rms: 0.1777E-01   max: 0.2046E+00   D at   60  1
       a = 23.000      CL =  1.0873
      Cm =  0.0115     CD =  0.14122   =>   CDf =  0.00451    CDp =  0.13671

 Side 1  free  transition at x/c =  0.0219   36
 Side 2 forced transition at x/c =  1.0000   60

   4   rms: 0.3316E-02   max: -.3410E-01   D at   60  1
       a = 23.000      CL =  1.0886
      Cm =  0.0119     CD =  0.13965   =>   CDf =  0.00448    CDp =  0.13518

 Side 1  free  transition at x/c =  0.0219   36
 Side 2 forced transition at x/c =  1.0000   60

   5   rms: 0.2601E-03   max: -.1000E-02   D at   80  2
       a = 23.000      CL =  1.0888
      Cm =  0.0119     CD =  0.13965   =>   CDf =  0.00448    CDp =  0.13517

 Side 1  free  transition at x/c =  0.0219   36
 Side 2 forced transition at x/c =  1.0000   60

   6   rms: 0.3590E-04   max: -.2682E-03   D at   78  2
       a = 23.000      CL =  1.0888
      Cm =  0.0119     CD =  0.13967   =>   CDf =  0.00448    CDp =  0.13519
 plradd ia,ip,cpol           23           0  3.53916839E-05

 Point added to stored polar  1
 Point written to save file  polar.txt                                       
 Dump file unspecified or not available
 Calculating wake trajectory ...
 Calculating source influence matrix ...

 Solving BL system ...

 Side 1  free  transition at x/c =  0.0219   36
 Side 2 forced transition at x/c =  1.0000   60

   1   rms: 0.9411E-01   max: 0.5035E+00   D at   58  1   RLX: 0.237
       a = 24.000      CL =  1.0890
      Cm =  0.0100     CD =  0.14400   =>   CDf =  0.00450    CDp =  0.13950

 Side 1  free  transition at x/c =  0.0215   36
 Side 2 forced transition at x/c =  1.0000   60

   2   rms: 0.6867E-01   max: 0.3586E+00   D at   58  1
       a = 24.000      CL =  1.0964
      Cm =  0.0045     CD =  0.15672   =>   CDf =  0.00409    CDp =  0.15263

 Side 1  free  transition at x/c =  0.0203   37
 Side 2 forced transition at x/c =  1.0000   59

   3   rms: 0.2034E-01   max: 0.1587E+00   D at   59  1
       a = 24.000      CL =  1.0852
      Cm =  0.0043     CD =  0.15486   =>   CDf =  0.00425    CDp =  0.15061

 Side 1  free  transition at x/c =  0.0205   37
 Side 2 forced transition at x/c =  1.0000   59

   4   rms: 0.2929E-02   max: -.2889E-01   D at   59  1
       a = 24.000      CL =  1.0859
      Cm =  0.0046     CD =  0.15335   =>   CDf =  0.00420    CDp =  0.14915

 Side 1  free  transition at x/c =  0.0205   37
 Side 2 forced transition at x/c =  1.0000   59

   5   rms: 0.2073E-03   max: -.6641E-03   D at   96  1
       a = 24.000      CL =  1.0860
      Cm =  0.0046     CD =  0.15329   =>   CDf =  0.00421    CDp =  0.14908

 Side 1  free  transition at x/c =  0.0205   37
 Side 2 forced transition at x/c =  1.0000   59

   6   rms: 0.3361E-04   max: -.2496E-03   D at   77  2
       a = 24.000      CL =  1.0860
      Cm =  0.0046     CD =  0.15332   =>   CDf =  0.00421    CDp =  0.14910
 plradd ia,ip,cpol           24           0  3.53916839E-05

 Point added to stored polar  1
 Point written to save file  polar.txt                                       
 Dump file unspecified or not available
 Calculating wake trajectory ...
 Calculating source influence matrix ...

 Solving BL system ...

 Side 1  free  transition at x/c =  0.0205   37
 Side 2 forced transition at x/c =  1.0000   59

   1   rms: 0.9352E-01   max: 0.5399E+00   D at   57  1   RLX: 0.224
       a = 25.000      CL =  1.0845
      Cm =  0.0026     CD =  0.15792   =>   CDf =  0.00423    CDp =  0.15369

 Side 1  free  transition at x/c =  0.0203   37
 Side 2 forced transition at x/c =  1.0000   59

   2   rms: 0.7082E-01   max: 0.3980E+00   D at   57  1
       a = 25.000      CL =  1.0877
      Cm = -0.0042     CD =  0.17276   =>   CDf =  0.00418    CDp =  0.16858

 Side 1  free  transition at x/c =  0.0194   37
 Side 2 forced transition at x/c =  1.0000   59

   3   rms: 0.1658E-01   max: 0.1511E+00   D at   57  1
       a = 25.000      CL =  1.0789
      Cm = -0.0041     CD =  0.16957   =>   CDf =  0.00405    CDp =  0.16552

 Side 1  free  transition at x/c =  0.0193   37
 Side 2 forced transition at x/c =  1.0000   59

   4   rms: 0.3203E-02   max: -.2788E-01   D at   57  1
       a = 25.000      CL =  1.0797
      Cm = -0.0037     CD =  0.16754   =>   CDf =  0.00403    CDp =  0.16351

 Side 1  free  transition at x/c =  0.0193   37
 Side 2 forced transition at x/c =  1.0000   59

   5   rms: 0.2849E-03   max: 0.8925E-03   D at   78  2
       a = 25.000      CL =  1.0799
      Cm = -0.0037     CD =  0.16749   =>   CDf =  0.00404    CDp =  0.16346

 Side 1  free  transition at x/c =  0.0193   37
 Side 2 forced transition at x/c =  1.0000   59

   6   rms: 0.4491E-04   max: -.3243E-03   D at   77  2
       a = 25.000      CL =  1.0799
      Cm = -0.0037     CD =  0.16753   =>   CDf =  0.00404    CDp =  0.16349
 plradd ia,ip,cpol           25           0  3.53916839E-05

 Point added to stored polar  1
 Point written to save file  polar.txt                                       
 Dump file unspecified or not available

.OPERva   c>  
 Polar accumulation disabled

.OPERv   c>  
 XFOIL   c>  