
 ===================================================
  XFOIL Version 6.99
  Copyright (C) 2000   Mark Drela, Harold Youngren

  This software comes with ABSOLUTELY NO WARRANTY,
    subject to the GNU General Public License.

  Caveat computor
 ===================================================

 File  xfoil.def  not found

   QUIT    Exit program

  .OPER    Direct operating point(s)
  .MDES    Complex mapping design routine
  .QDES    Surface speed design routine
  .GDES    Geometry design routine

   SAVE f  Write airfoil to labeled coordinate file
   PSAV f  Write airfoil to plain coordinate file
   ISAV f  Write airfoil to ISES coordinate file
   MSAV f  Write airfoil to MSES coordinate file
   REVE    Reverse written-airfoil node ordering

   LOAD f  Read buffer airfoil from coordinate file
   NACA i  Set NACA 4,5-digit airfoil and buffer airfoil
   INTE    Set buffer airfoil by interpolating two airfoils
   NORM    Buffer airfoil normalization toggle
   XYCM rr Change CM reference location, currently  0.25000 0.00000

   BEND    Display structural properties of current airfoil

   PCOP    Set current-airfoil panel nodes directly from buffer airfoil points
   PANE    Set current-airfoil panel nodes ( 160 ) based on curvature
  .PPAR    Show/change paneling

  .PLOP    Plotting options

   WDEF f  Write  current-settings file
   RDEF f  Reread current-settings file
   NAME s  Specify new airfoil name
   NINC    Increment name version number

   Z       Zoom    | (available in all menus)
   U       Unzoom  | 

 XFOIL   c>  
 Labeled airfoil file.  Name:  NACA 64A223 SURROGATE - 23 pct thickness, 2 pct 

 Number of input coordinate points: 321
 Counterclockwise ordering
 Max thickness =     0.230159  at x =   0.295
 Max camber    =     0.016567  at x =   0.460

  LE  x,y  =  -0.00028   0.00600  |   Chord =   1.00030
  TE  x,y  =   1.00000   0.00000  |

 Current airfoil nodes set from buffer airfoil nodes ( 321 )

 XFOIL   c>  
 Blunt trailing edge.  Gap =  0.00483

 Paneling parameters used...
   Number of panel nodes       160
   Panel bunching parameter    1.000
   TE/LE panel density ratio   0.150
   Refined-area/LE panel density ratio    0.200
   Top    side refined area x/c limits  1.000 1.000
   Bottom side refined area x/c limits  1.000 1.000

 XFOIL   c>  
.OPERi   c>  
 M  =    0.0000
 Re =   1400000

.OPERv   c>  
.OPERv   c>  
.OPERv   c>  
 Polar  1 newly created for accumulation
 Airfoil archived with polar: NACA 64A223 SURROGATE - 23 pct thickness, 2 pct 

Enter  polar save filename  OR  <return> for no file   s>  
 New polar save file available

Enter  polar dump filename  OR  <return> for no file   s>  
 Polar dump file will NOT be written

 Polar accumulation enabled

.OPERva   c>   Calculating unit vorticity distributions ...
 Calculating wake trajectory ...
 Calculating source influence matrix ...

 Solving BL system ...

 Initializing BL ...
    side            1  ...
 MRCHUE: Inverse mode at  43     Hk =   4.365
 MRCHUE: Inverse mode at  44     Hk =   5.469
 MRCHUE: Inverse mode at  45     Hk =   6.465
 MRCHUE: Inverse mode at  46     Hk =   7.362
 MRCHUE: Inverse mode at  47     Hk =   7.908
    side            2  ...
 MRCHUE: Inverse mode at  53     Hk =   4.687
 MRCHUE: Inverse mode at  54     Hk =   6.169
 MRCHUE: Inverse mode at  55     Hk =   7.653
 MRCHUE: Inverse mode at  56     Hk =   9.159
 MRCHUE: Inverse mode at  57     Hk =   2.841
 MRCHUE: Inverse mode at  89     Hk =   2.500
 MRCHUE: Inverse mode at  90     Hk =   2.500
 MRCHUE: Inverse mode at  91     Hk =   2.500
 MRCHUE: Inverse mode at  92     Hk =   2.500
 MRCHUE: Inverse mode at  93     Hk =   2.500
 MRCHUE: Inverse mode at  94     Hk =   2.500
 MRCHUE: Inverse mode at  95     Hk =   2.500
 MRCHUE: Inverse mode at  96     Hk =   2.500
 MRCHUE: Inverse mode at  97     Hk =   2.500
 MRCHUE: Inverse mode at  98     Hk =   2.500
 MRCHUE: Inverse mode at  99     Hk =   2.500
 MRCHUE: Inverse mode at 100     Hk =   2.500
 MRCHUE: Inverse mode at 101     Hk =   2.500
 MRCHUE: Inverse mode at 102     Hk =   2.500
 MRCHUE: Inverse mode at 103     Hk =   2.500
 MRCHUE: Inverse mode at 104     Hk =   2.500
 MRCHUE: Inverse mode at 105     Hk =   2.500
 MRCHUE: Convergence failed at 106  side 2    Res =  0.5498E+01
 MRCHUE: Inverse mode at 107     Hk =   2.500
 MRCHUE: Inverse mode at 108     Hk =   2.500
 MRCHUE: Inverse mode at 109     Hk =   2.500
 MRCHUE: Inverse mode at 110     Hk =   2.500
 MRCHUE: Convergence failed at 110  side 2    Res =  0.2383E-01
 MRCHUE: Convergence failed at 111  side 2    Res =  0.6707E+01
 MRCHUE: Inverse mode at 112     Hk =   2.500
 MRCHUE: Convergence failed at 113  side 2    Res =  0.4315E+01
 MRCHUE: Inverse mode at 114     Hk =   2.500
 MRCHUE: Convergence failed at 115  side 2    Res =  0.5668E+01

 MRCHDU: Convergence failed at 106  side 2    Res =  0.1272E+01
 MRCHDU: Convergence failed at 107  side 2    Res =  0.1387E+01
 MRCHDU: Convergence failed at 108  side 2    Res =  0.1572E+01
 MRCHDU: Convergence failed at 109  side 2    Res =  0.1684E+01
 MRCHDU: Convergence failed at 110  side 2    Res =  0.1804E+01
 MRCHDU: Convergence failed at 111  side 2    Res =  0.4291E+01
 MRCHDU: Convergence failed at 112  side 2    Res =  0.3780E+01
 MRCHDU: Convergence failed at 113  side 2    Res =  0.1050E+02
 MRCHDU: Convergence failed at 114  side 2    Res =  0.1148E+02
 MRCHDU: Convergence failed at 115  side 2    Res =  0.1076E+02
 Side 1 forced transition at x/c =  1.0001   47
 Side 2  free  transition at x/c =  0.0318   57

   1   rms: 0.1119E+01   max: -.7439E+01   D at   47  1   RLX: 0.067
       a =-25.000      CL = -3.0847
      Cm =  0.1508     CD =  0.00438   =>   CDf =  0.00607    CDp = -0.00169

 Side 1 forced transition at x/c =  1.0001   47
 Side 2  free  transition at x/c =  0.0323   57

   2   rms: 0.9059E+00   max: -.9398E+01   C at   47  1   RLX: 0.053
       a =-25.000      CL = -3.0519
      Cm =  0.1400     CD =  0.00497   =>   CDf =  0.00646    CDp = -0.00149

 Side 1 forced transition at x/c =  1.0001   48
 Side 2  free  transition at x/c =  0.0326   56

   3   rms: 0.8551E+00   max: -.6890E+01   C at   48  1   RLX: 0.073
       a =-25.000      CL = -3.0202
      Cm =  0.1315     CD =  0.00592   =>   CDf =  0.00605    CDp = -0.00014

 Side 1 forced transition at x/c =  1.0001   48
 Side 2  free  transition at x/c =  0.0329   56

   4   rms: 0.8413E+00   max: -.5428E+01   C at   48  1   RLX: 0.092
       a =-25.000      CL = -2.9816
      Cm =  0.1231     CD =  0.00741   =>   CDf =  0.00597    CDp =  0.00144

 Side 1 forced transition at x/c =  1.0001   48
 Side 2  free  transition at x/c =  0.0332   56

   5   rms: 0.9788E+00   max: -.5094E+01   C at   48  1   RLX: 0.098
       a =-25.000      CL = -2.9381
      Cm =  0.1196     CD =  0.00970   =>   CDf =  0.00586    CDp =  0.00384

 Side 1 forced transition at x/c =  1.0001   48
 Side 2  free  transition at x/c =  0.0335   56

   6   rms: 0.2265E+01   max: 0.8249E+01   D at  120  2   RLX: 0.066
       a =-25.000      CL = -2.9108
      Cm =  0.1375     CD =  0.01378   =>   CDf =  0.00571    CDp =  0.00807

 Side 1 forced transition at x/c =  1.0001   48
 Side 2  free  transition at x/c =  0.0337   56

   7   rms: 0.1818E+01   max: 0.6812E+01   D at  122  2   RLX: 0.097
       a =-25.000      CL = -2.8036
      Cm =  0.1413     CD =  0.01996   =>   CDf =  0.00547    CDp =  0.01449

 Side 1 forced transition at x/c =  1.0001   48
 Side 2  free  transition at x/c =  0.0341   56

   8   rms: 0.2194E+01   max: 0.7208E+01   D at  124  2   RLX: 0.089
       a =-25.000      CL = -2.6166
      Cm =  0.1362     CD =  0.02838   =>   CDf =  0.00556    CDp =  0.02282

 Side 1 forced transition at x/c =  1.0001   49
 Side 2  free  transition at x/c =  0.0347   55

   9   rms: 0.1691E+01   max: 0.4900E+01   D at  125  2   RLX: 0.289
       a =-25.000      CL = -2.0812
      Cm =  0.1053     CD =  0.05925   =>   CDf =  0.00560    CDp =  0.05365

 MRCHDU: Convergence failed at  77  side 2    Res =  0.1652E+01
 MRCHDU: Convergence failed at  78  side 2    Res =  0.1052E+01
 MRCHDU: Convergence failed at 122  side 2    Res =  0.1958E+01
 MRCHDU: Convergence failed at 123  side 2    Res =  0.2379E+01
 MRCHDU: Convergence failed at 124  side 2    Res =  0.1104E+01
 MRCHDU: Convergence failed at 125  side 2    Res =  0.1918E+01
 Side 1 forced transition at x/c =  1.0001   51
 Side 2  free  transition at x/c =  0.0368   54

  10   rms: 0.5211E+00   max: 0.1613E+01   D at  120  2   RLX: 0.647
       a =-25.000      CL = -1.5817
      Cm =  0.0009     CD =  0.09089   =>   CDf =  0.00501    CDp =  0.08588

 Side 1 forced transition at x/c =  1.0001   54
 Side 2  free  transition at x/c =  0.0418   52

  11   rms: 0.7263E+00   max: -.3999E+01   D at    2  1   RLX: 0.125
       a =-25.000      CL = -1.5199
      Cm =  0.0047     CD =  0.10781   =>   CDf =  0.00388    CDp =  0.10392

 Side 1 forced transition at x/c =  1.0001   54
 Side 2  free  transition at x/c =  0.0423   52

  12   rms: 0.5131E+00   max: 0.2193E+01   D at   73  2   RLX: 0.684
       a =-25.000      CL = -1.1495
      Cm = -0.0180     CD =  0.16298   =>   CDf =  0.00412    CDp =  0.15886

 MRCHDU: Convergence failed at  67  side 2    Res =  0.2629E+01
 MRCHDU: Convergence failed at  68  side 2    Res =  0.2452E+01
 MRCHDU: Convergence failed at  69  side 2    Res =  0.4540E+02
 Side 1 forced transition at x/c =  1.0001   56
 Side 2  free  transition at x/c =  0.0449   51

  13   rms: 0.1062E+00   max: 0.7416E+00   D at   69  2
       a =-25.000      CL = -1.1806
      Cm = -0.0404     CD =  0.13973   =>   CDf =  0.00324    CDp =  0.13649

 Side 1 forced transition at x/c =  1.0001   56
 Side 2  free  transition at x/c =  0.0466   51

  14   rms: 0.9076E-01   max: 0.7365E+00   D at   69  2
       a =-25.000      CL = -1.1230
      Cm = -0.0344     CD =  0.15123   =>   CDf =  0.00336    CDp =  0.14786

 Side 1 forced transition at x/c =  1.0001   56
 Side 2  free  transition at x/c =  0.0465   51

  15   rms: 0.4870E-01   max: 0.5210E+00   D at   68  2
       a =-25.000      CL = -1.0994
      Cm = -0.0321     CD =  0.15488   =>   CDf =  0.00320    CDp =  0.15168

 Side 1 forced transition at x/c =  1.0001   56
 Side 2  free  transition at x/c =  0.0464   51

  16   rms: 0.7527E-02   max: -.8686E-01   D at   68  2
       a =-25.000      CL = -1.1015
      Cm = -0.0328     CD =  0.15219   =>   CDf =  0.00312    CDp =  0.14906

 Side 1 forced transition at x/c =  1.0001   56
 Side 2  free  transition at x/c =  0.0465   51

  17   rms: 0.6409E-03   max: 0.4882E-02   D at   67  2
       a =-25.000      CL = -1.1011
      Cm = -0.0328     CD =  0.15188   =>   CDf =  0.00313    CDp =  0.14875

 Side 1 forced transition at x/c =  1.0001   56
 Side 2  free  transition at x/c =  0.0465   51

  18   rms: 0.4761E-04   max: 0.2577E-03   D at  124  2
       a =-25.000      CL = -1.1010
      Cm = -0.0328     CD =  0.15187   =>   CDf =  0.00313    CDp =  0.14874
 plradd ia,ip,cpol            1           0  9.07668099E-03

 Point added to stored polar  1
 Point written to save file  polar.txt                                       
 Dump file unspecified or not available
 Calculating wake trajectory ...
 Calculating source influence matrix ...

 Solving BL system ...

 Side 1 forced transition at x/c =  1.0001   56
 Side 2  free  transition at x/c =  0.0465   51

   1   rms: 0.9408E-01   max: -.6349E+00   D at   66  2   RLX: 0.296
       a =-24.000      CL = -1.1029
      Cm = -0.0360     CD =  0.14599   =>   CDf =  0.00312    CDp =  0.14287

 Side 1 forced transition at x/c =  1.0001   56
 Side 2  free  transition at x/c =  0.0472   51

   2   rms: 0.5824E-01   max: -.3323E+00   D at   66  2
       a =-24.000      CL = -1.0939
      Cm = -0.0421     CD =  0.13605   =>   CDf =  0.00334    CDp =  0.13271

 Side 1 forced transition at x/c =  1.0001   57
 Side 2  free  transition at x/c =  0.0490   51

   3   rms: 0.2661E-01   max: -.1583E+00   D at   66  2
       a =-24.000      CL = -1.1151
      Cm = -0.0431     CD =  0.13503   =>   CDf =  0.00327    CDp =  0.13176

 Side 1 forced transition at x/c =  1.0001   57
 Side 2  free  transition at x/c =  0.0492   51

   4   rms: 0.2296E-02   max: -.1473E-01   D at   66  2
       a =-24.000      CL = -1.1170
      Cm = -0.0429     CD =  0.13588   =>   CDf =  0.00330    CDp =  0.13258

 Side 1 forced transition at x/c =  1.0001   57
 Side 2  free  transition at x/c =  0.0491   51

   5   rms: 0.1069E-03   max: -.1195E-02   D at  122  2
       a =-24.000      CL = -1.1170
      Cm = -0.0429     CD =  0.13598   =>   CDf =  0.00330    CDp =  0.13267

 Side 1 forced transition at x/c =  1.0001   57
 Side 2  free  transition at x/c =  0.0491   51

   6   rms: 0.7969E-05   max: 0.3200E-04   D at  124  2
       a =-24.000      CL = -1.1170
      Cm = -0.0429     CD =  0.13597   =>   CDf =  0.00330    CDp =  0.13267
 plradd ia,ip,cpol            2           0  1.10394033E-02

 Point added to stored polar  1
 Point written to save file  polar.txt                                       
 Dump file unspecified or not available
 Calculating wake trajectory ...
 Calculating source influence matrix ...

 Solving BL system ...

 Side 1 forced transition at x/c =  1.0001   57
 Side 2  free  transition at x/c =  0.0491   51

   1   rms: 0.1004E+00   max: -.6709E+00   D at   67  2   RLX: 0.325
       a =-23.000      CL = -1.1218
      Cm = -0.0463     CD =  0.12924   =>   CDf =  0.00329    CDp =  0.12596

 Side 1 forced transition at x/c =  1.0001   57
 Side 2  free  transition at x/c =  0.0501   51

   2   rms: 0.6993E-01   max: -.4760E+00   D at   68  2
       a =-23.000      CL = -1.1340
      Cm = -0.0531     CD =  0.11676   =>   CDf =  0.00333    CDp =  0.11343

 Side 1 forced transition at x/c =  1.0001   57
 Side 2  free  transition at x/c =  0.0517   51

   3   rms: 0.1287E-01   max: -.1494E+00   D at   68  2
       a =-23.000      CL = -1.1435
      Cm = -0.0525     CD =  0.11852   =>   CDf =  0.00350    CDp =  0.11502

 Side 1 forced transition at x/c =  1.0001   57
 Side 2  free  transition at x/c =  0.0518   51

   4   rms: 0.1740E-02   max: 0.1556E-01   D at   70  2
       a =-23.000      CL = -1.1429
      Cm = -0.0523     CD =  0.11910   =>   CDf =  0.00350    CDp =  0.11559

 Side 1 forced transition at x/c =  1.0001   57
 Side 2  free  transition at x/c =  0.0518   51

   5   rms: 0.1678E-03   max: 0.6405E-03   D at   69  2
       a =-23.000      CL = -1.1427
      Cm = -0.0523     CD =  0.11910   =>   CDf =  0.00350    CDp =  0.11560

 Side 1 forced transition at x/c =  1.0001   57
 Side 2  free  transition at x/c =  0.0518   51

   6   rms: 0.1532E-04   max: 0.9172E-04   D at  121  2
       a =-23.000      CL = -1.1427
      Cm = -0.0523     CD =  0.11909   =>   CDf =  0.00350    CDp =  0.11559
 plradd ia,ip,cpol            3           0  1.10394033E-02

 Point added to stored polar  1
 Point written to save file  polar.txt                                       
 Dump file unspecified or not available
 Calculating wake trajectory ...
 Calculating source influence matrix ...

 Solving BL system ...

 Side 1 forced transition at x/c =  1.0001   57
 Side 2  free  transition at x/c =  0.0518   51

   1   rms: 0.8963E-01   max: -.5444E+00   D at   69  2   RLX: 0.356
       a =-22.000      CL = -1.1433
      Cm = -0.0552     CD =  0.11294   =>   CDf =  0.00348    CDp =  0.10946

 Side 1 forced transition at x/c =  1.0001   57
 Side 2  free  transition at x/c =  0.0524   51

   2   rms: 0.6767E-01   max: -.4542E+00   D at   70  2
       a =-22.000      CL = -1.1551
      Cm = -0.0608     CD =  0.10139   =>   CDf =  0.00375    CDp =  0.09764

 Side 1 forced transition at x/c =  1.0001   58
 Side 2  free  transition at x/c =  0.0544   51
 idif Ue xi dudx           1  6.71117827E-02  6.99883699E-03   9.5889902    
 Uenew xinew           2  6.55623106E-03  6.83724880E-04

   3   rms: 0.3803E-01   max: -.2533E+00   D at   69  2
       a =-22.000      CL = -1.1882
      Cm = -0.0618     CD =  0.09893   =>   CDf =  0.00352    CDp =  0.09541

 Side 1 forced transition at x/c =  1.0001   57
 Side 2  free  transition at x/c =  0.0545   52

   4   rms: 0.6825E-02   max: -.6075E-01   D at   70  2
       a =-22.000      CL = -1.1937
      Cm = -0.0618     CD =  0.09914   =>   CDf =  0.00374    CDp =  0.09540

 Side 1 forced transition at x/c =  1.0001   57
 Side 2  free  transition at x/c =  0.0544   52

   5   rms: 0.7795E-03   max: 0.9890E-02   D at   72  2
       a =-22.000      CL = -1.1934
      Cm = -0.0617     CD =  0.09938   =>   CDf =  0.00376    CDp =  0.09562

 Side 1 forced transition at x/c =  1.0001   57
 Side 2  free  transition at x/c =  0.0544   52

   6   rms: 0.8974E-04   max: 0.3952E-03   D at   72  2
       a =-22.000      CL = -1.1934
      Cm = -0.0617     CD =  0.09938   =>   CDf =  0.00375    CDp =  0.09563
 plradd ia,ip,cpol            4           0  1.10394033E-02

 Point added to stored polar  1
 Point written to save file  polar.txt                                       
 Dump file unspecified or not available
 Calculating wake trajectory ...
 Calculating source influence matrix ...

 Solving BL system ...

 Side 1 forced transition at x/c =  1.0001   57
 Side 2  free  transition at x/c =  0.0544   52

   1   rms: 0.1132E+00   max: -.7261E+00   D at   72  2   RLX: 0.417
       a =-21.000      CL = -1.2058
      Cm = -0.0654     CD =  0.09081   =>   CDf =  0.00392    CDp =  0.08689

 Side 1 forced transition at x/c =  1.0001   58
 Side 2  free  transition at x/c =  0.0556   51

   2   rms: 0.6934E-01   max: -.4360E+00   D at   71  2
       a =-21.000      CL = -1.2247
      Cm = -0.0696     CD =  0.08066   =>   CDf =  0.00384    CDp =  0.07682

 Side 1 forced transition at x/c =  1.0001   58
 Side 2  free  transition at x/c =  0.0571   51

   3   rms: 0.1617E-01   max: -.1487E+00   D at   72  2
       a =-21.000      CL = -1.2371
      Cm = -0.0694     CD =  0.08094   =>   CDf =  0.00401    CDp =  0.07692

 Side 1 forced transition at x/c =  1.0001   58
 Side 2  free  transition at x/c =  0.0570   51

   4   rms: 0.1485E-02   max: -.1652E-01   D at   72  2
       a =-21.000      CL = -1.2383
      Cm = -0.0693     CD =  0.08117   =>   CDf =  0.00403    CDp =  0.07714

 Side 1 forced transition at x/c =  1.0001   58
 Side 2  free  transition at x/c =  0.0570   51

   5   rms: 0.6136E-04   max: -.6807E-03   D at  118  2
       a =-21.000      CL = -1.2384
      Cm = -0.0693     CD =  0.08120   =>   CDf =  0.00403    CDp =  0.07716
 plradd ia,ip,cpol            5           0  1.32038509E-02

 Point added to stored polar  1
 Point written to save file  polar.txt                                       
 Dump file unspecified or not available
 Calculating wake trajectory ...
 Calculating source influence matrix ...

 Solving BL system ...

 Side 1 forced transition at x/c =  1.0001   58
 Side 2  free  transition at x/c =  0.0570   51

   1   rms: 0.1350E+00   max: -.8672E+00   D at   74  2   RLX: 0.492
       a =-20.000      CL = -1.2587
      Cm = -0.0735     CD =  0.07061   =>   CDf =  0.00402    CDp =  0.06659

 Side 1 forced transition at x/c =  1.0001   58
 Side 2  free  transition at x/c =  0.0580   52

   2   rms: 0.9060E-01   max: -.5819E+00   D at   74  2   RLX: 0.859
       a =-20.000      CL = -1.2946
      Cm = -0.0766     CD =  0.06136   =>   CDf =  0.00421    CDp =  0.05715

 Side 1 forced transition at x/c =  1.0001   58
 Side 2  free  transition at x/c =  0.0601   52

   3   rms: 0.1351E-01   max: -.9981E-01   D at   74  2
       a =-20.000      CL = -1.2904
      Cm = -0.0758     CD =  0.06293   =>   CDf =  0.00434    CDp =  0.05859

 Side 1 forced transition at x/c =  1.0001   58
 Side 2  free  transition at x/c =  0.0597   52

   4   rms: 0.1924E-02   max: 0.1492E-01   D at   77  2
       a =-20.000      CL = -1.2891
      Cm = -0.0757     CD =  0.06320   =>   CDf =  0.00434    CDp =  0.05886

 Side 1 forced transition at x/c =  1.0001   58
 Side 2  free  transition at x/c =  0.0597   52

   5   rms: 0.1375E-03   max: 0.6592E-03   D at  117  2
       a =-20.000      CL = -1.2890
      Cm = -0.0757     CD =  0.06319   =>   CDf =  0.00434    CDp =  0.05885

 Side 1 forced transition at x/c =  1.0001   58
 Side 2  free  transition at x/c =  0.0597   52

   6   rms: 0.4762E-05   max: 0.2338E-04   D at  117  2
       a =-20.000      CL = -1.2890
      Cm = -0.0757     CD =  0.06319   =>   CDf =  0.00433    CDp =  0.05885
 plradd ia,ip,cpol            6           0  1.32038509E-02

 Point added to stored polar  1
 Point written to save file  polar.txt                                       
 Dump file unspecified or not available
 Calculating wake trajectory ...
 Calculating source influence matrix ...

 Solving BL system ...

 Side 1 forced transition at x/c =  1.0001   58
 Side 2  free  transition at x/c =  0.0597   52

   1   rms: 0.1270E+00   max: -.7276E+00   D at   77  2   RLX: 0.581
       a =-19.000      CL = -1.3020
      Cm = -0.0789     CD =  0.05361   =>   CDf =  0.00432    CDp =  0.04929

 Side 1 forced transition at x/c =  1.0001   58
 Side 2  free  transition at x/c =  0.0614   52

   2   rms: 0.5450E-01   max: -.3238E+00   D at   77  2
       a =-19.000      CL = -1.3060
      Cm = -0.0800     CD =  0.04896   =>   CDf =  0.00469    CDp =  0.04427

 Side 1 forced transition at x/c =  1.0001   59
 Side 2  free  transition at x/c =  0.0625   51

   3   rms: 0.6064E-02   max: -.5903E-01   D at   77  2
       a =-19.000      CL = -1.3091
      Cm = -0.0796     CD =  0.04948   =>   CDf =  0.00460    CDp =  0.04488

 Side 1 forced transition at x/c =  1.0001   59
 Side 2  free  transition at x/c =  0.0625   51

   4   rms: 0.4030E-03   max: 0.4575E-02   D at  115  2
       a =-19.000      CL = -1.3090
      Cm = -0.0795     CD =  0.04954   =>   CDf =  0.00460    CDp =  0.04493

 Side 1 forced transition at x/c =  1.0001   59
 Side 2  free  transition at x/c =  0.0625   51

   5   rms: 0.2462E-04   max: 0.1074E-03   D at  117  2
       a =-19.000      CL = -1.3090
      Cm = -0.0795     CD =  0.04953   =>   CDf =  0.00460    CDp =  0.04493
 plradd ia,ip,cpol            7           0  1.32038509E-02

 Point added to stored polar  1
 Point written to save file  polar.txt                                       
 Dump file unspecified or not available
 Calculating wake trajectory ...
 Calculating source influence matrix ...

 Solving BL system ...

 Side 1 forced transition at x/c =  1.0001   59
 Side 2  free  transition at x/c =  0.0625   51

   1   rms: 0.1210E+00   max: -.6135E+00   D at   79  2   RLX: 0.675
       a =-18.000      CL = -1.3062
      Cm = -0.0818     CD =  0.04131   =>   CDf =  0.00459    CDp =  0.03672

 Side 1 forced transition at x/c =  1.0001   59
 Side 2  free  transition at x/c =  0.0646   52

   2   rms: 0.5018E-01   max: -.3264E+00   D at   80  2
       a =-18.000      CL = -1.3142
      Cm = -0.0816     CD =  0.03802   =>   CDf =  0.00476    CDp =  0.03326

 Side 1 forced transition at x/c =  1.0001   59
 Side 2  free  transition at x/c =  0.0662   52

   3   rms: 0.4198E-02   max: -.6626E-01   D at   80  2
       a =-18.000      CL = -1.3149
      Cm = -0.0812     CD =  0.03844   =>   CDf =  0.00481    CDp =  0.03363

 Side 1 forced transition at x/c =  1.0001   59
 Side 2  free  transition at x/c =  0.0661   52

   4   rms: 0.4281E-03   max: 0.2917E-02   D at   84  2
       a =-18.000      CL = -1.3147
      Cm = -0.0812     CD =  0.03848   =>   CDf =  0.00481    CDp =  0.03366

 Side 1 forced transition at x/c =  1.0001   59
 Side 2  free  transition at x/c =  0.0661   52

   5   rms: 0.1864E-04   max: 0.9558E-04   D at  114  2
       a =-18.000      CL = -1.3147
      Cm = -0.0812     CD =  0.03848   =>   CDf =  0.00481    CDp =  0.03366
 plradd ia,ip,cpol            8           0  1.32038509E-02

 Point added to stored polar  1
 Point written to save file  polar.txt                                       
 Dump file unspecified or not available
 Calculating wake trajectory ...
 Calculating source influence matrix ...

 Solving BL system ...

 Side 1 forced transition at x/c =  1.0001   59
 Side 2  free  transition at x/c =  0.0661   52

   1   rms: 0.1234E+00   max: -.5548E+00   D at   83  2   RLX: 0.809
       a =-17.000      CL = -1.3032
      Cm = -0.0816     CD =  0.03100   =>   CDf =  0.00501    CDp =  0.02599

 Side 1 forced transition at x/c =  1.0001   60
 Side 2  free  transition at x/c =  0.0686   51

   2   rms: 0.2739E-01   max: 0.2347E+00   C at   60  1
       a =-17.000      CL = -1.2909
      Cm = -0.0802     CD =  0.03146   =>   CDf =  0.00500    CDp =  0.02646

 Side 1 forced transition at x/c =  1.0001   60
 Side 2  free  transition at x/c =  0.0696   52

   3   rms: 0.1163E-01   max: 0.9422E-01   C at   60  1
       a =-17.000      CL = -1.2998
      Cm = -0.0797     CD =  0.03094   =>   CDf =  0.00499    CDp =  0.02596

 Side 1 forced transition at x/c =  1.0001   60
 Side 2  free  transition at x/c =  0.0700   52

   4   rms: 0.7104E-03   max: 0.9365E-02   C at   60  1
       a =-17.000      CL = -1.3001
      Cm = -0.0796     CD =  0.03098   =>   CDf =  0.00499    CDp =  0.02599

 Side 1 forced transition at x/c =  1.0001   60
 Side 2  free  transition at x/c =  0.0699   52

   5   rms: 0.8478E-05   max: -.1434E-03   D at   52  2
       a =-17.000      CL = -1.3001
      Cm = -0.0796     CD =  0.03098   =>   CDf =  0.00499    CDp =  0.02599
 plradd ia,ip,cpol            9           0  1.55727854E-02

 Point added to stored polar  1
 Point written to save file  polar.txt                                       
 Dump file unspecified or not available
 Calculating wake trajectory ...
 Calculating source influence matrix ...

 Solving BL system ...

 Side 1 forced transition at x/c =  1.0001   60
 Side 2  free  transition at x/c =  0.0699   52

   1   rms: 0.1382E+00   max: 0.9630E+00   C at   60  1   RLX: 0.836
       a =-16.000      CL = -1.3036
      Cm = -0.0756     CD =  0.02436   =>   CDf =  0.00498    CDp =  0.01937

 Side 1 forced transition at x/c =  1.0001   60
 Side 2  free  transition at x/c =  0.0739   52

   2   rms: 0.4037E-01   max: 0.4494E+00   C at   60  1
       a =-16.000      CL = -1.3028
      Cm = -0.0711     CD =  0.02558   =>   CDf =  0.00533    CDp =  0.02024

 Side 1 forced transition at x/c =  1.0001   61
 Side 2  free  transition at x/c =  0.0740   51

   3   rms: 0.1709E-01   max: 0.1636E+00   D at   57  1
       a =-16.000      CL = -1.3108
      Cm = -0.0697     CD =  0.02571   =>   CDf =  0.00512    CDp =  0.02059

 Side 1  free  transition at x/c =  0.9959   61
 Side 2  free  transition at x/c =  0.0738   51

   4   rms: 0.1611E-01   max: -.2814E+00   D at   61  1
       a =-16.000      CL = -1.3043
      Cm = -0.0711     CD =  0.02551   =>   CDf =  0.00512    CDp =  0.02039

 Side 1  free  transition at x/c =  1.0001   61
 Side 2  free  transition at x/c =  0.0740   51

   5   rms: 0.1636E-02   max: -.2558E-01   C at   61  1
       a =-16.000      CL = -1.3038
      Cm = -0.0711     CD =  0.02561   =>   CDf =  0.00512    CDp =  0.02049

 Side 1  free  transition at x/c =  0.9998   61
 Side 2  free  transition at x/c =  0.0740   51

   6   rms: 0.4255E-04   max: 0.3891E-03   T at   61  1
       a =-16.000      CL = -1.3037
      Cm = -0.0711     CD =  0.02561   =>   CDf =  0.00512    CDp =  0.02049
 plradd ia,ip,cpol           10           0  1.55727854E-02

 Point added to stored polar  1
 Point written to save file  polar.txt                                       
 Dump file unspecified or not available
 Calculating wake trajectory ...
 Calculating source influence matrix ...

 Solving BL system ...

 Side 1  free  transition at x/c =  0.9998   61
 Side 2  free  transition at x/c =  0.0740   51

   1   rms: 0.1313E+00   max: -.3068E+00   D at   87  2
       a =-15.000      CL = -1.2111
      Cm = -0.0760     CD =  0.02125   =>   CDf =  0.00531    CDp =  0.01594

 Side 1  free  transition at x/c =  0.9933   62
 Side 2  free  transition at x/c =  0.0805   51

   2   rms: 0.1324E-01   max: 0.1451E+00   D at   51  2
       a =-15.000      CL = -1.2152
      Cm = -0.0757     CD =  0.02121   =>   CDf =  0.00518    CDp =  0.01604

 Side 1  free  transition at x/c =  0.9943   62
 Side 2  free  transition at x/c =  0.0807   51

   3   rms: 0.8037E-03   max: 0.1147E-01   C at   51  2
       a =-15.000      CL = -1.2151
      Cm = -0.0756     CD =  0.02123   =>   CDf =  0.00519    CDp =  0.01604

 Side 1  free  transition at x/c =  0.9943   62
 Side 2  free  transition at x/c =  0.0806   51

   4   rms: 0.1239E-04   max: 0.5781E-04   D at   89  2
       a =-15.000      CL = -1.2151
      Cm = -0.0756     CD =  0.02123   =>   CDf =  0.00519    CDp =  0.01604
 plradd ia,ip,cpol           11           0  1.81495845E-02

 Point added to stored polar  1
 Point written to save file  polar.txt                                       
 Dump file unspecified or not available
 Calculating wake trajectory ...
 Calculating source influence matrix ...

 Solving BL system ...

 Side 1  free  transition at x/c =  0.9943   62
 Side 2  free  transition at x/c =  0.0806   51

   1   rms: 0.1353E+00   max: 0.3160E+00   D at   51  2
       a =-14.000      CL = -1.1103
      Cm = -0.0809     CD =  0.01797   =>   CDf =  0.00537    CDp =  0.01260

 Side 1  free  transition at x/c =  0.9882   62
 Side 2  free  transition at x/c =  0.0874   51

   2   rms: 0.1930E-01   max: -.2539E+00   D at   51  2
       a =-14.000      CL = -1.1161
      Cm = -0.0795     CD =  0.01801   =>   CDf =  0.00524    CDp =  0.01277

 Side 1  free  transition at x/c =  0.9865   62
 Side 2  free  transition at x/c =  0.0886   51

   3   rms: 0.1729E-02   max: 0.2913E-01   C at   51  2
       a =-14.000      CL = -1.1161
      Cm = -0.0795     CD =  0.01803   =>   CDf =  0.00522    CDp =  0.01280

 Side 1  free  transition at x/c =  0.9866   62
 Side 2  free  transition at x/c =  0.0883   51

   4   rms: 0.3650E-04   max: -.4942E-03   C at   51  2
       a =-14.000      CL = -1.1161
      Cm = -0.0795     CD =  0.01803   =>   CDf =  0.00522    CDp =  0.01280
 plradd ia,ip,cpol           12           0  1.81495845E-02

 Point added to stored polar  1
 Point written to save file  polar.txt                                       
 Dump file unspecified or not available
 Calculating wake trajectory ...
 Calculating source influence matrix ...

 Solving BL system ...

 Side 1  free  transition at x/c =  0.9866   62
 Side 2  free  transition at x/c =  0.0883   51

   1   rms: 0.1332E+00   max: 0.3187E+00   D at   51  2
       a =-13.000      CL = -1.0144
      Cm = -0.0818     CD =  0.01570   =>   CDf =  0.00540    CDp =  0.01030

 Side 1  free  transition at x/c =  0.9682   62
 Side 2  free  transition at x/c =  0.0957   51

   2   rms: 0.2443E-01   max: -.2938E+00   D at   62  1
       a =-13.000      CL = -1.0352
      Cm = -0.0776     CD =  0.01569   =>   CDf =  0.00527    CDp =  0.01042

 Side 1  free  transition at x/c =  0.9638   62
 Side 2  free  transition at x/c =  0.0965   51

   3   rms: 0.4349E-02   max: -.7928E-01   C at   51  2
       a =-13.000      CL = -1.0345
      Cm = -0.0777     CD =  0.01570   =>   CDf =  0.00528    CDp =  0.01042

 Side 1  free  transition at x/c =  0.9645   62
 Side 2  free  transition at x/c =  0.0963   51

   4   rms: 0.4381E-02   max: -.8714E-01   C at   51  2
       a =-13.000      CL = -1.0345
      Cm = -0.0777     CD =  0.01571   =>   CDf =  0.00528    CDp =  0.01043

 Side 1  free  transition at x/c =  0.9645   62
 Side 2  free  transition at x/c =  0.0963   51

   5   rms: 0.4374E-02   max: -.8692E-01   C at   51  2
       a =-13.000      CL = -1.0345
      Cm = -0.0777     CD =  0.01571   =>   CDf =  0.00528    CDp =  0.01043

 Side 1  free  transition at x/c =  0.9645   62
 Side 2  free  transition at x/c =  0.0963   51

   6   rms: 0.4374E-02   max: -.8692E-01   C at   51  2
       a =-13.000      CL = -1.0345
      Cm = -0.0777     CD =  0.01571   =>   CDf =  0.00528    CDp =  0.01043

 Side 1  free  transition at x/c =  0.9645   62
 Side 2  free  transition at x/c =  0.0963   51

   7   rms: 0.4374E-02   max: -.8692E-01   C at   51  2
       a =-13.000      CL = -1.0345
      Cm = -0.0777     CD =  0.01571   =>   CDf =  0.00528    CDp =  0.01043

 Side 1  free  transition at x/c =  0.9645   62
 Side 2  free  transition at x/c =  0.0963   51

   8   rms: 0.4374E-02   max: -.8692E-01   C at   51  2
       a =-13.000      CL = -1.0345
      Cm = -0.0777     CD =  0.01571   =>   CDf =  0.00528    CDp =  0.01043

 Side 1  free  transition at x/c =  0.9645   62
 Side 2  free  transition at x/c =  0.0963   51

   9   rms: 0.4374E-02   max: -.8692E-01   C at   51  2
       a =-13.000      CL = -1.0345
      Cm = -0.0777     CD =  0.01571   =>   CDf =  0.00528    CDp =  0.01043

 Side 1  free  transition at x/c =  0.9645   62
 Side 2  free  transition at x/c =  0.0963   51

  10   rms: 0.4374E-02   max: -.8692E-01   C at   51  2
       a =-13.000      CL = -1.0345
      Cm = -0.0777     CD =  0.01571   =>   CDf =  0.00528    CDp =  0.01043

 Side 1  free  transition at x/c =  0.9645   62
 Side 2  free  transition at x/c =  0.0963   51

  11   rms: 0.4374E-02   max: -.8692E-01   C at   51  2
       a =-13.000      CL = -1.0345
      Cm = -0.0777     CD =  0.01571   =>   CDf =  0.00528    CDp =  0.01043

 Side 1  free  transition at x/c =  0.9645   62
 Side 2  free  transition at x/c =  0.0963   51

  12   rms: 0.4374E-02   max: -.8692E-01   C at   51  2
       a =-13.000      CL = -1.0345
      Cm = -0.0777     CD =  0.01571   =>   CDf =  0.00528    CDp =  0.01043

 Side 1  free  transition at x/c =  0.9645   62
 Side 2  free  transition at x/c =  0.0963   51

  13   rms: 0.4374E-02   max: -.8692E-01   C at   51  2
       a =-13.000      CL = -1.0345
      Cm = -0.0777     CD =  0.01571   =>   CDf =  0.00528    CDp =  0.01043

 Side 1  free  transition at x/c =  0.9645   62
 Side 2  free  transition at x/c =  0.0963   51

  14   rms: 0.4374E-02   max: -.8692E-01   C at   51  2
       a =-13.000      CL = -1.0345
      Cm = -0.0777     CD =  0.01571   =>   CDf =  0.00528    CDp =  0.01043

 Side 1  free  transition at x/c =  0.9645   62
 Side 2  free  transition at x/c =  0.0963   51

  15   rms: 0.4374E-02   max: -.8693E-01   C at   51  2
       a =-13.000      CL = -1.0345
      Cm = -0.0777     CD =  0.01571   =>   CDf =  0.00528    CDp =  0.01043

 Side 1  free  transition at x/c =  0.9645   62
 Side 2  free  transition at x/c =  0.0963   51

  16   rms: 0.4374E-02   max: -.8692E-01   C at   51  2
       a =-13.000      CL = -1.0345
      Cm = -0.0777     CD =  0.01571   =>   CDf =  0.00528    CDp =  0.01043

 Side 1  free  transition at x/c =  0.9645   62
 Side 2  free  transition at x/c =  0.0963   51

  17   rms: 0.4374E-02   max: -.8692E-01   C at   51  2
       a =-13.000      CL = -1.0345
      Cm = -0.0777     CD =  0.01571   =>   CDf =  0.00528    CDp =  0.01043

 Side 1  free  transition at x/c =  0.9645   62
 Side 2  free  transition at x/c =  0.0963   51

  18   rms: 0.4374E-02   max: -.8693E-01   C at   51  2
       a =-13.000      CL = -1.0345
      Cm = -0.0777     CD =  0.01571   =>   CDf =  0.00528    CDp =  0.01043

 Side 1  free  transition at x/c =  0.9645   62
 Side 2  free  transition at x/c =  0.0963   51

  19   rms: 0.4374E-02   max: -.8692E-01   C at   51  2
       a =-13.000      CL = -1.0345
      Cm = -0.0777     CD =  0.01571   =>   CDf =  0.00528    CDp =  0.01043

 Side 1  free  transition at x/c =  0.9645   62
 Side 2  free  transition at x/c =  0.0963   51

  20   rms: 0.4374E-02   max: -.8692E-01   C at   51  2
       a =-13.000      CL = -1.0345
      Cm = -0.0777     CD =  0.01571   =>   CDf =  0.00528    CDp =  0.01043

 Side 1  free  transition at x/c =  0.9645   62
 Side 2  free  transition at x/c =  0.0963   51

  21   rms: 0.4374E-02   max: -.8693E-01   C at   51  2
       a =-13.000      CL = -1.0345
      Cm = -0.0777     CD =  0.01571   =>   CDf =  0.00528    CDp =  0.01043

 Side 1  free  transition at x/c =  0.9645   62
 Side 2  free  transition at x/c =  0.0963   51

  22   rms: 0.4374E-02   max: -.8692E-01   C at   51  2
       a =-13.000      CL = -1.0345
      Cm = -0.0777     CD =  0.01571   =>   CDf =  0.00528    CDp =  0.01043

 Side 1  free  transition at x/c =  0.9645   62
 Side 2  free  transition at x/c =  0.0963   51

  23   rms: 0.4374E-02   max: -.8693E-01   C at   51  2
       a =-13.000      CL = -1.0345
      Cm = -0.0777     CD =  0.01571   =>   CDf =  0.00528    CDp =  0.01043

 Side 1  free  transition at x/c =  0.9645   62
 Side 2  free  transition at x/c =  0.0963   51

  24   rms: 0.4374E-02   max: -.8692E-01   C at   51  2
       a =-13.000      CL = -1.0345
      Cm = -0.0777     CD =  0.01571   =>   CDf =  0.00528    CDp =  0.01043

 Side 1  free  transition at x/c =  0.9645   62
 Side 2  free  transition at x/c =  0.0963   51

  25   rms: 0.4374E-02   max: -.8692E-01   C at   51  2
       a =-13.000      CL = -1.0345
      Cm = -0.0777     CD =  0.01571   =>   CDf =  0.00528    CDp =  0.01043

 Side 1  free  transition at x/c =  0.9645   62
 Side 2  free  transition at x/c =  0.0963   51

  26   rms: 0.4374E-02   max: -.8692E-01   C at   51  2
       a =-13.000      CL = -1.0345
      Cm = -0.0777     CD =  0.01571   =>   CDf =  0.00528    CDp =  0.01043

 Side 1  free  transition at x/c =  0.9645   62
 Side 2  free  transition at x/c =  0.0963   51

  27   rms: 0.4374E-02   max: -.8692E-01   C at   51  2
       a =-13.000      CL = -1.0345
      Cm = -0.0777     CD =  0.01571   =>   CDf =  0.00528    CDp =  0.01043

 Side 1  free  transition at x/c =  0.9645   62
 Side 2  free  transition at x/c =  0.0963   51

  28   rms: 0.4374E-02   max: -.8692E-01   C at   51  2
       a =-13.000      CL = -1.0345
      Cm = -0.0777     CD =  0.01571   =>   CDf =  0.00528    CDp =  0.01043

 Side 1  free  transition at x/c =  0.9645   62
 Side 2  free  transition at x/c =  0.0963   51

  29   rms: 0.4374E-02   max: -.8692E-01   C at   51  2
       a =-13.000      CL = -1.0345
      Cm = -0.0777     CD =  0.01571   =>   CDf =  0.00528    CDp =  0.01043

 Side 1  free  transition at x/c =  0.9645   62
 Side 2  free  transition at x/c =  0.0963   51

  30   rms: 0.4374E-02   max: -.8692E-01   C at   51  2
       a =-13.000      CL = -1.0345
      Cm = -0.0777     CD =  0.01571   =>   CDf =  0.00528    CDp =  0.01043

 Side 1  free  transition at x/c =  0.9645   62
 Side 2  free  transition at x/c =  0.0963   51

  31   rms: 0.4374E-02   max: -.8692E-01   C at   51  2
       a =-13.000      CL = -1.0345
      Cm = -0.0777     CD =  0.01571   =>   CDf =  0.00528    CDp =  0.01043

 Side 1  free  transition at x/c =  0.9645   62
 Side 2  free  transition at x/c =  0.0963   51

  32   rms: 0.4374E-02   max: -.8692E-01   C at   51  2
       a =-13.000      CL = -1.0345
      Cm = -0.0777     CD =  0.01571   =>   CDf =  0.00528    CDp =  0.01043

 Side 1  free  transition at x/c =  0.9645   62
 Side 2  free  transition at x/c =  0.0963   51

  33   rms: 0.4374E-02   max: -.8692E-01   C at   51  2
       a =-13.000      CL = -1.0345
      Cm = -0.0777     CD =  0.01571   =>   CDf =  0.00528    CDp =  0.01043

 Side 1  free  transition at x/c =  0.9645   62
 Side 2  free  transition at x/c =  0.0963   51

  34   rms: 0.4374E-02   max: -.8692E-01   C at   51  2
       a =-13.000      CL = -1.0345
      Cm = -0.0777     CD =  0.01571   =>   CDf =  0.00528    CDp =  0.01043

 Side 1  free  transition at x/c =  0.9645   62
 Side 2  free  transition at x/c =  0.0963   51

  35   rms: 0.4374E-02   max: -.8692E-01   C at   51  2
       a =-13.000      CL = -1.0345
      Cm = -0.0777     CD =  0.01571   =>   CDf =  0.00528    CDp =  0.01043

 Side 1  free  transition at x/c =  0.9645   62
 Side 2  free  transition at x/c =  0.0963   51

  36   rms: 0.4374E-02   max: -.8693E-01   C at   51  2
       a =-13.000      CL = -1.0345
      Cm = -0.0777     CD =  0.01571   =>   CDf =  0.00528    CDp =  0.01043

 Side 1  free  transition at x/c =  0.9645   62
 Side 2  free  transition at x/c =  0.0963   51

  37   rms: 0.4374E-02   max: -.8692E-01   C at   51  2
       a =-13.000      CL = -1.0345
      Cm = -0.0777     CD =  0.01571   =>   CDf =  0.00528    CDp =  0.01043

 Side 1  free  transition at x/c =  0.9645   62
 Side 2  free  transition at x/c =  0.0963   51

  38   rms: 0.4374E-02   max: -.8692E-01   C at   51  2
       a =-13.000      CL = -1.0345
      Cm = -0.0777     CD =  0.01571   =>   CDf =  0.00528    CDp =  0.01043

 Side 1  free  transition at x/c =  0.9645   62
 Side 2  free  transition at x/c =  0.0963   51

  39   rms: 0.4374E-02   max: -.8692E-01   C at   51  2
       a =-13.000      CL = -1.0345
      Cm = -0.0777     CD =  0.01571   =>   CDf =  0.00528    CDp =  0.01043

 Side 1  free  transition at x/c =  0.9645   62
 Side 2  free  transition at x/c =  0.0963   51

  40   rms: 0.4374E-02   max: -.8692E-01   C at   51  2
       a =-13.000      CL = -1.0345
      Cm = -0.0777     CD =  0.01571   =>   CDf =  0.00528    CDp =  0.01043

 Side 1  free  transition at x/c =  0.9645   62
 Side 2  free  transition at x/c =  0.0963   51

  41   rms: 0.4374E-02   max: -.8692E-01   C at   51  2
       a =-13.000      CL = -1.0345
      Cm = -0.0777     CD =  0.01571   =>   CDf =  0.00528    CDp =  0.01043

 Side 1  free  transition at x/c =  0.9645   62
 Side 2  free  transition at x/c =  0.0963   51

  42   rms: 0.4374E-02   max: -.8692E-01   C at   51  2
       a =-13.000      CL = -1.0345
      Cm = -0.0777     CD =  0.01571   =>   CDf =  0.00528    CDp =  0.01043

 Side 1  free  transition at x/c =  0.9645   62
 Side 2  free  transition at x/c =  0.0963   51

  43   rms: 0.4374E-02   max: -.8692E-01   C at   51  2
       a =-13.000      CL = -1.0345
      Cm = -0.0777     CD =  0.01571   =>   CDf =  0.00528    CDp =  0.01043

 Side 1  free  transition at x/c =  0.9645   62
 Side 2  free  transition at x/c =  0.0963   51

  44   rms: 0.4374E-02   max: -.8692E-01   C at   51  2
       a =-13.000      CL = -1.0345
      Cm = -0.0777     CD =  0.01571   =>   CDf =  0.00528    CDp =  0.01043

 Side 1  free  transition at x/c =  0.9645   62
 Side 2  free  transition at x/c =  0.0963   51

  45   rms: 0.4374E-02   max: -.8693E-01   C at   51  2
       a =-13.000      CL = -1.0345
      Cm = -0.0777     CD =  0.01571   =>   CDf =  0.00528    CDp =  0.01043

 Side 1  free  transition at x/c =  0.9645   62
 Side 2  free  transition at x/c =  0.0963   51

  46   rms: 0.4374E-02   max: -.8692E-01   C at   51  2
       a =-13.000      CL = -1.0345
      Cm = -0.0777     CD =  0.01571   =>   CDf =  0.00528    CDp =  0.01043

 Side 1  free  transition at x/c =  0.9645   62
 Side 2  free  transition at x/c =  0.0963   51

  47   rms: 0.4374E-02   max: -.8692E-01   C at   51  2
       a =-13.000      CL = -1.0345
      Cm = -0.0777     CD =  0.01571   =>   CDf =  0.00528    CDp =  0.01043

 Side 1  free  transition at x/c =  0.9645   62
 Side 2  free  transition at x/c =  0.0963   51

  48   rms: 0.4374E-02   max: -.8692E-01   C at   51  2
       a =-13.000      CL = -1.0345
      Cm = -0.0777     CD =  0.01571   =>   CDf =  0.00528    CDp =  0.01043

 Side 1  free  transition at x/c =  0.9645   62
 Side 2  free  transition at x/c =  0.0963   51

  49   rms: 0.4374E-02   max: -.8692E-01   C at   51  2
       a =-13.000      CL = -1.0345
      Cm = -0.0777     CD =  0.01571   =>   CDf =  0.00528    CDp =  0.01043

 Side 1  free  transition at x/c =  0.9645   62
 Side 2  free  transition at x/c =  0.0963   51

  50   rms: 0.4374E-02   max: -.8693E-01   C at   51  2
       a =-13.000      CL = -1.0345
      Cm = -0.0777     CD =  0.01571   =>   CDf =  0.00528    CDp =  0.01043

 Side 1  free  transition at x/c =  0.9645   62
 Side 2  free  transition at x/c =  0.0963   51

  51   rms: 0.4374E-02   max: -.8692E-01   C at   51  2
       a =-13.000      CL = -1.0345
      Cm = -0.0777     CD =  0.01571   =>   CDf =  0.00528    CDp =  0.01043

 Side 1  free  transition at x/c =  0.9645   62
 Side 2  free  transition at x/c =  0.0963   51

  52   rms: 0.4374E-02   max: -.8692E-01   C at   51  2
       a =-13.000      CL = -1.0345
      Cm = -0.0777     CD =  0.01571   =>   CDf =  0.00528    CDp =  0.01043

 Side 1  free  transition at x/c =  0.9645   62
 Side 2  free  transition at x/c =  0.0963   51

  53   rms: 0.4374E-02   max: -.8692E-01   C at   51  2
       a =-13.000      CL = -1.0345
      Cm = -0.0777     CD =  0.01571   =>   CDf =  0.00528    CDp =  0.01043

 Side 1  free  transition at x/c =  0.9645   62
 Side 2  free  transition at x/c =  0.0963   51

  54   rms: 0.4374E-02   max: -.8693E-01   C at   51  2
       a =-13.000      CL = -1.0345
      Cm = -0.0777     CD =  0.01571   =>   CDf =  0.00528    CDp =  0.01043

 Side 1  free  transition at x/c =  0.9645   62
 Side 2  free  transition at x/c =  0.0963   51

  55   rms: 0.4374E-02   max: -.8692E-01   C at   51  2
       a =-13.000      CL = -1.0345
      Cm = -0.0777     CD =  0.01571   =>   CDf =  0.00528    CDp =  0.01043

 Side 1  free  transition at x/c =  0.9645   62
 Side 2  free  transition at x/c =  0.0963   51

  56   rms: 0.4374E-02   max: -.8693E-01   C at   51  2
       a =-13.000      CL = -1.0345
      Cm = -0.0777     CD =  0.01571   =>   CDf =  0.00528    CDp =  0.01043

 Side 1  free  transition at x/c =  0.9645   62
 Side 2  free  transition at x/c =  0.0963   51

  57   rms: 0.4374E-02   max: -.8692E-01   C at   51  2
       a =-13.000      CL = -1.0345
      Cm = -0.0777     CD =  0.01571   =>   CDf =  0.00528    CDp =  0.01043

 Side 1  free  transition at x/c =  0.9645   62
 Side 2  free  transition at x/c =  0.0963   51

  58   rms: 0.4374E-02   max: -.8693E-01   C at   51  2
       a =-13.000      CL = -1.0345
      Cm = -0.0777     CD =  0.01571   =>   CDf =  0.00528    CDp =  0.01043

 Side 1  free  transition at x/c =  0.9645   62
 Side 2  free  transition at x/c =  0.0963   51

  59   rms: 0.4374E-02   max: -.8692E-01   C at   51  2
       a =-13.000      CL = -1.0345
      Cm = -0.0777     CD =  0.01571   =>   CDf =  0.00528    CDp =  0.01043

 Side 1  free  transition at x/c =  0.9645   62
 Side 2  free  transition at x/c =  0.0963   51

  60   rms: 0.4374E-02   max: -.8693E-01   C at   51  2
       a =-13.000      CL = -1.0345
      Cm = -0.0777     CD =  0.01571   =>   CDf =  0.00528    CDp =  0.01043

 Side 1  free  transition at x/c =  0.9645   62
 Side 2  free  transition at x/c =  0.0963   51

  61   rms: 0.4374E-02   max: -.8692E-01   C at   51  2
       a =-13.000      CL = -1.0345
      Cm = -0.0777     CD =  0.01571   =>   CDf =  0.00528    CDp =  0.01043

 Side 1  free  transition at x/c =  0.9645   62
 Side 2  free  transition at x/c =  0.0963   51

  62   rms: 0.4374E-02   max: -.8693E-01   C at   51  2
       a =-13.000      CL = -1.0345
      Cm = -0.0777     CD =  0.01571   =>   CDf =  0.00528    CDp =  0.01043

 Side 1  free  transition at x/c =  0.9645   62
 Side 2  free  transition at x/c =  0.0963   51

  63   rms: 0.4374E-02   max: -.8692E-01   C at   51  2
       a =-13.000      CL = -1.0345
      Cm = -0.0777     CD =  0.01571   =>   CDf =  0.00528    CDp =  0.01043

 Side 1  free  transition at x/c =  0.9645   62
 Side 2  free  transition at x/c =  0.0963   51

  64   rms: 0.4374E-02   max: -.8693E-01   C at   51  2
       a =-13.000      CL = -1.0345
      Cm = -0.0777     CD =  0.01571   =>   CDf =  0.00528    CDp =  0.01043

 Side 1  free  transition at x/c =  0.9645   62
 Side 2  free  transition at x/c =  0.0963   51

  65   rms: 0.4374E-02   max: -.8692E-01   C at   51  2
       a =-13.000      CL = -1.0345
      Cm = -0.0777     CD =  0.01571   =>   CDf =  0.00528    CDp =  0.01043

 Side 1  free  transition at x/c =  0.9645   62
 Side 2  free  transition at x/c =  0.0963   51

  66   rms: 0.4374E-02   max: -.8692E-01   C at   51  2
       a =-13.000      CL = -1.0345
      Cm = -0.0777     CD =  0.01571   =>   CDf =  0.00528    CDp =  0.01043

 Side 1  free  transition at x/c =  0.9645   62
 Side 2  free  transition at x/c =  0.0963   51

  67   rms: 0.4374E-02   max: -.8692E-01   C at   51  2
       a =-13.000      CL = -1.0345
      Cm = -0.0777     CD =  0.01571   =>   CDf =  0.00528    CDp =  0.01043

 Side 1  free  transition at x/c =  0.9645   62
 Side 2  free  transition at x/c =  0.0963   51

  68   rms: 0.4374E-02   max: -.8692E-01   C at   51  2
       a =-13.000      CL = -1.0345
      Cm = -0.0777     CD =  0.01571   =>   CDf =  0.00528    CDp =  0.01043

 Side 1  free  transition at x/c =  0.9645   62
 Side 2  free  transition at x/c =  0.0963   51

  69   rms: 0.4374E-02   max: -.8692E-01   C at   51  2
       a =-13.000      CL = -1.0345
      Cm = -0.0777     CD =  0.01571   =>   CDf =  0.00528    CDp =  0.01043

 Side 1  free  transition at x/c =  0.9645   62
 Side 2  free  transition at x/c =  0.0963   51

  70   rms: 0.4374E-02   max: -.8692E-01   C at   51  2
       a =-13.000      CL = -1.0345
      Cm = -0.0777     CD =  0.01571   =>   CDf =  0.00528    CDp =  0.01043

 Side 1  free  transition at x/c =  0.9645   62
 Side 2  free  transition at x/c =  0.0963   51

  71   rms: 0.4374E-02   max: -.8692E-01   C at   51  2
       a =-13.000      CL = -1.0345
      Cm = -0.0777     CD =  0.01571   =>   CDf =  0.00528    CDp =  0.01043

 Side 1  free  transition at x/c =  0.9645   62
 Side 2  free  transition at x/c =  0.0963   51

  72   rms: 0.4374E-02   max: -.8693E-01   C at   51  2
       a =-13.000      CL = -1.0345
      Cm = -0.0777     CD =  0.01571   =>   CDf =  0.00528    CDp =  0.01043

 Side 1  free  transition at x/c =  0.9645   62
 Side 2  free  transition at x/c =  0.0963   51

  73   rms: 0.4374E-02   max: -.8692E-01   C at   51  2
       a =-13.000      CL = -1.0345
      Cm = -0.0777     CD =  0.01571   =>   CDf =  0.00528    CDp =  0.01043

 Side 1  free  transition at x/c =  0.9645   62
 Side 2  free  transition at x/c =  0.0963   51

  74   rms: 0.4374E-02   max: -.8692E-01   C at   51  2
       a =-13.000      CL = -1.0345
      Cm = -0.0777     CD =  0.01571   =>   CDf =  0.00528    CDp =  0.01043

 Side 1  free  transition at x/c =  0.9645   62
 Side 2  free  transition at x/c =  0.0963   51

  75   rms: 0.4374E-02   max: -.8693E-01   C at   51  2
       a =-13.000      CL = -1.0345
      Cm = -0.0777     CD =  0.01571   =>   CDf =  0.00528    CDp =  0.01043

 Side 1  free  transition at x/c =  0.9645   62
 Side 2  free  transition at x/c =  0.0963   51

  76   rms: 0.4374E-02   max: -.8692E-01   C at   51  2
       a =-13.000      CL = -1.0345
      Cm = -0.0777     CD =  0.01571   =>   CDf =  0.00528    CDp =  0.01043

 Side 1  free  transition at x/c =  0.9645   62
 Side 2  free  transition at x/c =  0.0963   51

  77   rms: 0.4374E-02   max: -.8693E-01   C at   51  2
       a =-13.000      CL = -1.0345
      Cm = -0.0777     CD =  0.01571   =>   CDf =  0.00528    CDp =  0.01043

 Side 1  free  transition at x/c =  0.9645   62
 Side 2  free  transition at x/c =  0.0963   51

  78   rms: 0.4374E-02   max: -.8693E-01   C at   51  2
       a =-13.000      CL = -1.0345
      Cm = -0.0777     CD =  0.01571   =>   CDf =  0.00528    CDp =  0.01043

 Side 1  free  transition at x/c =  0.9645   62
 Side 2  free  transition at x/c =  0.0963   51

  79   rms: 0.4374E-02   max: -.8692E-01   C at   51  2
       a =-13.000      CL = -1.0345
      Cm = -0.0777     CD =  0.01571   =>   CDf =  0.00528    CDp =  0.01043

 Side 1  free  transition at x/c =  0.9645   62
 Side 2  free  transition at x/c =  0.0963   51

  80   rms: 0.4374E-02   max: -.8692E-01   C at   51  2
       a =-13.000      CL = -1.0345
      Cm = -0.0777     CD =  0.01571   =>   CDf =  0.00528    CDp =  0.01043

 Side 1  free  transition at x/c =  0.9645   62
 Side 2  free  transition at x/c =  0.0963   51

  81   rms: 0.4374E-02   max: -.8692E-01   C at   51  2
       a =-13.000      CL = -1.0345
      Cm = -0.0777     CD =  0.01571   =>   CDf =  0.00528    CDp =  0.01043

 Side 1  free  transition at x/c =  0.9645   62
 Side 2  free  transition at x/c =  0.0963   51

  82   rms: 0.4374E-02   max: -.8692E-01   C at   51  2
       a =-13.000      CL = -1.0345
      Cm = -0.0777     CD =  0.01571   =>   CDf =  0.00528    CDp =  0.01043

 Side 1  free  transition at x/c =  0.9645   62
 Side 2  free  transition at x/c =  0.0963   51

  83   rms: 0.4374E-02   max: -.8692E-01   C at   51  2
       a =-13.000      CL = -1.0345
      Cm = -0.0777     CD =  0.01571   =>   CDf =  0.00528    CDp =  0.01043

 Side 1  free  transition at x/c =  0.9645   62
 Side 2  free  transition at x/c =  0.0963   51

  84   rms: 0.4374E-02   max: -.8692E-01   C at   51  2
       a =-13.000      CL = -1.0345
      Cm = -0.0777     CD =  0.01571   =>   CDf =  0.00528    CDp =  0.01043

 Side 1  free  transition at x/c =  0.9645   62
 Side 2  free  transition at x/c =  0.0963   51

  85   rms: 0.4374E-02   max: -.8692E-01   C at   51  2
       a =-13.000      CL = -1.0345
      Cm = -0.0777     CD =  0.01571   =>   CDf =  0.00528    CDp =  0.01043

 Side 1  free  transition at x/c =  0.9645   62
 Side 2  free  transition at x/c =  0.0963   51

  86   rms: 0.4374E-02   max: -.8693E-01   C at   51  2
       a =-13.000      CL = -1.0345
      Cm = -0.0777     CD =  0.01571   =>   CDf =  0.00528    CDp =  0.01043

 Side 1  free  transition at x/c =  0.9645   62
 Side 2  free  transition at x/c =  0.0963   51

  87   rms: 0.4374E-02   max: -.8692E-01   C at   51  2
       a =-13.000      CL = -1.0345
      Cm = -0.0777     CD =  0.01571   =>   CDf =  0.00528    CDp =  0.01043

 Side 1  free  transition at x/c =  0.9645   62
 Side 2  free  transition at x/c =  0.0963   51

  88   rms: 0.4374E-02   max: -.8692E-01   C at   51  2
       a =-13.000      CL = -1.0345
      Cm = -0.0777     CD =  0.01571   =>   CDf =  0.00528    CDp =  0.01043

 Side 1  free  transition at x/c =  0.9645   62
 Side 2  free  transition at x/c =  0.0963   51

  89   rms: 0.4374E-02   max: -.8692E-01   C at   51  2
       a =-13.000      CL = -1.0345
      Cm = -0.0777     CD =  0.01571   =>   CDf =  0.00528    CDp =  0.01043

 Side 1  free  transition at x/c =  0.9645   62
 Side 2  free  transition at x/c =  0.0963   51

  90   rms: 0.4374E-02   max: -.8693E-01   C at   51  2
       a =-13.000      CL = -1.0345
      Cm = -0.0777     CD =  0.01571   =>   CDf =  0.00528    CDp =  0.01043

 Side 1  free  transition at x/c =  0.9645   62
 Side 2  free  transition at x/c =  0.0963   51

  91   rms: 0.4374E-02   max: -.8692E-01   C at   51  2
       a =-13.000      CL = -1.0345
      Cm = -0.0777     CD =  0.01571   =>   CDf =  0.00528    CDp =  0.01043

 Side 1  free  transition at x/c =  0.9645   62
 Side 2  free  transition at x/c =  0.0963   51

  92   rms: 0.4374E-02   max: -.8692E-01   C at   51  2
       a =-13.000      CL = -1.0345
      Cm = -0.0777     CD =  0.01571   =>   CDf =  0.00528    CDp =  0.01043

 Side 1  free  transition at x/c =  0.9645   62
 Side 2  free  transition at x/c =  0.0963   51

  93   rms: 0.4374E-02   max: -.8692E-01   C at   51  2
       a =-13.000      CL = -1.0345
      Cm = -0.0777     CD =  0.01571   =>   CDf =  0.00528    CDp =  0.01043

 Side 1  free  transition at x/c =  0.9645   62
 Side 2  free  transition at x/c =  0.0963   51

  94   rms: 0.4374E-02   max: -.8692E-01   C at   51  2
       a =-13.000      CL = -1.0345
      Cm = -0.0777     CD =  0.01571   =>   CDf =  0.00528    CDp =  0.01043

 Side 1  free  transition at x/c =  0.9645   62
 Side 2  free  transition at x/c =  0.0963   51

  95   rms: 0.4374E-02   max: -.8693E-01   C at   51  2
       a =-13.000      CL = -1.0345
      Cm = -0.0777     CD =  0.01571   =>   CDf =  0.00528    CDp =  0.01043

 Side 1  free  transition at x/c =  0.9645   62
 Side 2  free  transition at x/c =  0.0963   51

  96   rms: 0.4374E-02   max: -.8692E-01   C at   51  2
       a =-13.000      CL = -1.0345
      Cm = -0.0777     CD =  0.01571   =>   CDf =  0.00528    CDp =  0.01043

 Side 1  free  transition at x/c =  0.9645   62
 Side 2  free  transition at x/c =  0.0963   51

  97   rms: 0.4374E-02   max: -.8692E-01   C at   51  2
       a =-13.000      CL = -1.0345
      Cm = -0.0777     CD =  0.01571   =>   CDf =  0.00528    CDp =  0.01043

 Side 1  free  transition at x/c =  0.9645   62
 Side 2  free  transition at x/c =  0.0963   51

  98   rms: 0.4374E-02   max: -.8692E-01   C at   51  2
       a =-13.000      CL = -1.0345
      Cm = -0.0777     CD =  0.01571   =>   CDf =  0.00528    CDp =  0.01043

 Side 1  free  transition at x/c =  0.9645   62
 Side 2  free  transition at x/c =  0.0963   51

  99   rms: 0.4374E-02   max: -.8693E-01   C at   51  2
       a =-13.000      CL = -1.0345
      Cm = -0.0777     CD =  0.01571   =>   CDf =  0.00528    CDp =  0.01043

 Side 1  free  transition at x/c =  0.9645   62
 Side 2  free  transition at x/c =  0.0963   51

 100   rms: 0.4374E-02   max: -.8693E-01   C at   51  2
       a =-13.000      CL = -1.0345
      Cm = -0.0777     CD =  0.01571   =>   CDf =  0.00528    CDp =  0.01043

 Side 1  free  transition at x/c =  0.9645   62
 Side 2  free  transition at x/c =  0.0963   51

 101   rms: 0.4374E-02   max: -.8692E-01   C at   51  2
       a =-13.000      CL = -1.0345
      Cm = -0.0777     CD =  0.01571   =>   CDf =  0.00528    CDp =  0.01043

 Side 1  free  transition at x/c =  0.9645   62
 Side 2  free  transition at x/c =  0.0963   51

 102   rms: 0.4374E-02   max: -.8693E-01   C at   51  2
       a =-13.000      CL = -1.0345
      Cm = -0.0777     CD =  0.01571   =>   CDf =  0.00528    CDp =  0.01043

 Side 1  free  transition at x/c =  0.9645   62
 Side 2  free  transition at x/c =  0.0963   51

 103   rms: 0.4374E-02   max: -.8692E-01   C at   51  2
       a =-13.000      CL = -1.0345
      Cm = -0.0777     CD =  0.01571   =>   CDf =  0.00528    CDp =  0.01043

 Side 1  free  transition at x/c =  0.9645   62
 Side 2  free  transition at x/c =  0.0963   51

 104   rms: 0.4374E-02   max: -.8693E-01   C at   51  2
       a =-13.000      CL = -1.0345
      Cm = -0.0777     CD =  0.01571   =>   CDf =  0.00528    CDp =  0.01043

 Side 1  free  transition at x/c =  0.9645   62
 Side 2  free  transition at x/c =  0.0963   51

 105   rms: 0.4374E-02   max: -.8692E-01   C at   51  2
       a =-13.000      CL = -1.0345
      Cm = -0.0777     CD =  0.01571   =>   CDf =  0.00528    CDp =  0.01043

 Side 1  free  transition at x/c =  0.9645   62
 Side 2  free  transition at x/c =  0.0963   51

 106   rms: 0.4374E-02   max: -.8692E-01   C at   51  2
       a =-13.000      CL = -1.0345
      Cm = -0.0777     CD =  0.01571   =>   CDf =  0.00528    CDp =  0.01043

 Side 1  free  transition at x/c =  0.9645   62
 Side 2  free  transition at x/c =  0.0963   51

 107   rms: 0.4374E-02   max: -.8692E-01   C at   51  2
       a =-13.000      CL = -1.0345
      Cm = -0.0777     CD =  0.01571   =>   CDf =  0.00528    CDp =  0.01043

 Side 1  free  transition at x/c =  0.9645   62
 Side 2  free  transition at x/c =  0.0963   51

 108   rms: 0.4374E-02   max: -.8692E-01   C at   51  2
       a =-13.000      CL = -1.0345
      Cm = -0.0777     CD =  0.01571   =>   CDf =  0.00528    CDp =  0.01043

 Side 1  free  transition at x/c =  0.9645   62
 Side 2  free  transition at x/c =  0.0963   51

 109   rms: 0.4374E-02   max: -.8692E-01   C at   51  2
       a =-13.000      CL = -1.0345
      Cm = -0.0777     CD =  0.01571   =>   CDf =  0.00528    CDp =  0.01043

 Side 1  free  transition at x/c =  0.9645   62
 Side 2  free  transition at x/c =  0.0963   51

 110   rms: 0.4374E-02   max: -.8692E-01   C at   51  2
       a =-13.000      CL = -1.0345
      Cm = -0.0777     CD =  0.01571   =>   CDf =  0.00528    CDp =  0.01043

 Side 1  free  transition at x/c =  0.9645   62
 Side 2  free  transition at x/c =  0.0963   51

 111   rms: 0.4374E-02   max: -.8692E-01   C at   51  2
       a =-13.000      CL = -1.0345
      Cm = -0.0777     CD =  0.01571   =>   CDf =  0.00528    CDp =  0.01043

 Side 1  free  transition at x/c =  0.9645   62
 Side 2  free  transition at x/c =  0.0963   51

 112   rms: 0.4374E-02   max: -.8692E-01   C at   51  2
       a =-13.000      CL = -1.0345
      Cm = -0.0777     CD =  0.01571   =>   CDf =  0.00528    CDp =  0.01043

 Side 1  free  transition at x/c =  0.9645   62
 Side 2  free  transition at x/c =  0.0963   51

 113   rms: 0.4374E-02   max: -.8692E-01   C at   51  2
       a =-13.000      CL = -1.0345
      Cm = -0.0777     CD =  0.01571   =>   CDf =  0.00528    CDp =  0.01043

 Side 1  free  transition at x/c =  0.9645   62
 Side 2  free  transition at x/c =  0.0963   51

 114   rms: 0.4374E-02   max: -.8692E-01   C at   51  2
       a =-13.000      CL = -1.0345
      Cm = -0.0777     CD =  0.01571   =>   CDf =  0.00528    CDp =  0.01043

 Side 1  free  transition at x/c =  0.9645   62
 Side 2  free  transition at x/c =  0.0963   51

 115   rms: 0.4374E-02   max: -.8692E-01   C at   51  2
       a =-13.000      CL = -1.0345
      Cm = -0.0777     CD =  0.01571   =>   CDf =  0.00528    CDp =  0.01043

 Side 1  free  transition at x/c =  0.9645   62
 Side 2  free  transition at x/c =  0.0963   51

 116   rms: 0.4374E-02   max: -.8692E-01   C at   51  2
       a =-13.000      CL = -1.0345
      Cm = -0.0777     CD =  0.01571   =>   CDf =  0.00528    CDp =  0.01043

 Side 1  free  transition at x/c =  0.9645   62
 Side 2  free  transition at x/c =  0.0963   51

 117   rms: 0.4374E-02   max: -.8692E-01   C at   51  2
       a =-13.000      CL = -1.0345
      Cm = -0.0777     CD =  0.01571   =>   CDf =  0.00528    CDp =  0.01043

 Side 1  free  transition at x/c =  0.9645   62
 Side 2  free  transition at x/c =  0.0963   51

 118   rms: 0.4374E-02   max: -.8692E-01   C at   51  2
       a =-13.000      CL = -1.0345
      Cm = -0.0777     CD =  0.01571   =>   CDf =  0.00528    CDp =  0.01043

 Side 1  free  transition at x/c =  0.9645   62
 Side 2  free  transition at x/c =  0.0963   51

 119   rms: 0.4374E-02   max: -.8692E-01   C at   51  2
       a =-13.000      CL = -1.0345
      Cm = -0.0777     CD =  0.01571   =>   CDf =  0.00528    CDp =  0.01043

 Side 1  free  transition at x/c =  0.9645   62
 Side 2  free  transition at x/c =  0.0963   51

 120   rms: 0.4374E-02   max: -.8692E-01   C at   51  2
       a =-13.000      CL = -1.0345
      Cm = -0.0777     CD =  0.01571   =>   CDf =  0.00528    CDp =  0.01043

 Side 1  free  transition at x/c =  0.9645   62
 Side 2  free  transition at x/c =  0.0963   51

 121   rms: 0.4374E-02   max: -.8692E-01   C at   51  2
       a =-13.000      CL = -1.0345
      Cm = -0.0777     CD =  0.01571   =>   CDf =  0.00528    CDp =  0.01043

 Side 1  free  transition at x/c =  0.9645   62
 Side 2  free  transition at x/c =  0.0963   51

 122   rms: 0.4374E-02   max: -.8692E-01   C at   51  2
       a =-13.000      CL = -1.0345
      Cm = -0.0777     CD =  0.01571   =>   CDf =  0.00528    CDp =  0.01043

 Side 1  free  transition at x/c =  0.9645   62
 Side 2  free  transition at x/c =  0.0963   51

 123   rms: 0.4374E-02   max: -.8692E-01   C at   51  2
       a =-13.000      CL = -1.0345
      Cm = -0.0777     CD =  0.01571   =>   CDf =  0.00528    CDp =  0.01043

 Side 1  free  transition at x/c =  0.9645   62
 Side 2  free  transition at x/c =  0.0963   51

 124   rms: 0.4374E-02   max: -.8692E-01   C at   51  2
       a =-13.000      CL = -1.0345
      Cm = -0.0777     CD =  0.01571   =>   CDf =  0.00528    CDp =  0.01043

 Side 1  free  transition at x/c =  0.9645   62
 Side 2  free  transition at x/c =  0.0963   51

 125   rms: 0.4374E-02   max: -.8692E-01   C at   51  2
       a =-13.000      CL = -1.0345
      Cm = -0.0777     CD =  0.01571   =>   CDf =  0.00528    CDp =  0.01043

 Side 1  free  transition at x/c =  0.9645   62
 Side 2  free  transition at x/c =  0.0963   51

 126   rms: 0.4374E-02   max: -.8693E-01   C at   51  2
       a =-13.000      CL = -1.0345
      Cm = -0.0777     CD =  0.01571   =>   CDf =  0.00528    CDp =  0.01043

 Side 1  free  transition at x/c =  0.9645   62
 Side 2  free  transition at x/c =  0.0963   51

 127   rms: 0.4374E-02   max: -.8692E-01   C at   51  2
       a =-13.000      CL = -1.0345
      Cm = -0.0777     CD =  0.01571   =>   CDf =  0.00528    CDp =  0.01043

 Side 1  free  transition at x/c =  0.9645   62
 Side 2  free  transition at x/c =  0.0963   51

 128   rms: 0.4374E-02   max: -.8692E-01   C at   51  2
       a =-13.000      CL = -1.0345
      Cm = -0.0777     CD =  0.01571   =>   CDf =  0.00528    CDp =  0.01043

 Side 1  free  transition at x/c =  0.9645   62
 Side 2  free  transition at x/c =  0.0963   51

 129   rms: 0.4374E-02   max: -.8693E-01   C at   51  2
       a =-13.000      CL = -1.0345
      Cm = -0.0777     CD =  0.01571   =>   CDf =  0.00528    CDp =  0.01043

 Side 1  free  transition at x/c =  0.9645   62
 Side 2  free  transition at x/c =  0.0963   51

 130   rms: 0.4374E-02   max: -.8692E-01   C at   51  2
       a =-13.000      CL = -1.0345
      Cm = -0.0777     CD =  0.01571   =>   CDf =  0.00528    CDp =  0.01043

 Side 1  free  transition at x/c =  0.9645   62
 Side 2  free  transition at x/c =  0.0963   51

 131   rms: 0.4374E-02   max: -.8692E-01   C at   51  2
       a =-13.000      CL = -1.0345
      Cm = -0.0777     CD =  0.01571   =>   CDf =  0.00528    CDp =  0.01043

 Side 1  free  transition at x/c =  0.9645   62
 Side 2  free  transition at x/c =  0.0963   51

 132   rms: 0.4374E-02   max: -.8692E-01   C at   51  2
       a =-13.000      CL = -1.0345
      Cm = -0.0777     CD =  0.01571   =>   CDf =  0.00528    CDp =  0.01043

 Side 1  free  transition at x/c =  0.9645   62
 Side 2  free  transition at x/c =  0.0963   51

 133   rms: 0.4374E-02   max: -.8692E-01   C at   51  2
       a =-13.000      CL = -1.0345
      Cm = -0.0777     CD =  0.01571   =>   CDf =  0.00528    CDp =  0.01043

 Side 1  free  transition at x/c =  0.9645   62
 Side 2  free  transition at x/c =  0.0963   51

 134   rms: 0.4374E-02   max: -.8692E-01   C at   51  2
       a =-13.000      CL = -1.0345
      Cm = -0.0777     CD =  0.01571   =>   CDf =  0.00528    CDp =  0.01043

 Side 1  free  transition at x/c =  0.9645   62
 Side 2  free  transition at x/c =  0.0963   51

 135   rms: 0.4374E-02   max: -.8692E-01   C at   51  2
       a =-13.000      CL = -1.0345
      Cm = -0.0777     CD =  0.01571   =>   CDf =  0.00528    CDp =  0.01043

 Side 1  free  transition at x/c =  0.9645   62
 Side 2  free  transition at x/c =  0.0963   51

 136   rms: 0.4374E-02   max: -.8692E-01   C at   51  2
       a =-13.000      CL = -1.0345
      Cm = -0.0777     CD =  0.01571   =>   CDf =  0.00528    CDp =  0.01043

 Side 1  free  transition at x/c =  0.9645   62
 Side 2  free  transition at x/c =  0.0963   51

 137   rms: 0.4374E-02   max: -.8693E-01   C at   51  2
       a =-13.000      CL = -1.0345
      Cm = -0.0777     CD =  0.01571   =>   CDf =  0.00528    CDp =  0.01043

 Side 1  free  transition at x/c =  0.9645   62
 Side 2  free  transition at x/c =  0.0963   51

 138   rms: 0.4374E-02   max: -.8692E-01   C at   51  2
       a =-13.000      CL = -1.0345
      Cm = -0.0777     CD =  0.01571   =>   CDf =  0.00528    CDp =  0.01043

 Side 1  free  transition at x/c =  0.9645   62
 Side 2  free  transition at x/c =  0.0963   51

 139   rms: 0.4374E-02   max: -.8692E-01   C at   51  2
       a =-13.000      CL = -1.0345
      Cm = -0.0777     CD =  0.01571   =>   CDf =  0.00528    CDp =  0.01043

 Side 1  free  transition at x/c =  0.9645   62
 Side 2  free  transition at x/c =  0.0963   51

 140   rms: 0.4374E-02   max: -.8692E-01   C at   51  2
       a =-13.000      CL = -1.0345
      Cm = -0.0777     CD =  0.01571   =>   CDf =  0.00528    CDp =  0.01043

 Side 1  free  transition at x/c =  0.9645   62
 Side 2  free  transition at x/c =  0.0963   51

 141   rms: 0.4374E-02   max: -.8693E-01   C at   51  2
       a =-13.000      CL = -1.0345
      Cm = -0.0777     CD =  0.01571   =>   CDf =  0.00528    CDp =  0.01043

 Side 1  free  transition at x/c =  0.9645   62
 Side 2  free  transition at x/c =  0.0963   51

 142   rms: 0.4374E-02   max: -.8693E-01   C at   51  2
       a =-13.000      CL = -1.0345
      Cm = -0.0777     CD =  0.01571   =>   CDf =  0.00528    CDp =  0.01043

 Side 1  free  transition at x/c =  0.9645   62
 Side 2  free  transition at x/c =  0.0963   51

 143   rms: 0.4374E-02   max: -.8693E-01   C at   51  2
       a =-13.000      CL = -1.0345
      Cm = -0.0777     CD =  0.01571   =>   CDf =  0.00528    CDp =  0.01043

 Side 1  free  transition at x/c =  0.9645   62
 Side 2  free  transition at x/c =  0.0963   51

 144   rms: 0.4374E-02   max: -.8693E-01   C at   51  2
       a =-13.000      CL = -1.0345
      Cm = -0.0777     CD =  0.01571   =>   CDf =  0.00528    CDp =  0.01043

 Side 1  free  transition at x/c =  0.9645   62
 Side 2  free  transition at x/c =  0.0963   51

 145   rms: 0.4374E-02   max: -.8692E-01   C at   51  2
       a =-13.000      CL = -1.0345
      Cm = -0.0777     CD =  0.01571   =>   CDf =  0.00528    CDp =  0.01043

 Side 1  free  transition at x/c =  0.9645   62
 Side 2  free  transition at x/c =  0.0963   51

 146   rms: 0.4374E-02   max: -.8693E-01   C at   51  2
       a =-13.000      CL = -1.0345
      Cm = -0.0777     CD =  0.01571   =>   CDf =  0.00528    CDp =  0.01043

 Side 1  free  transition at x/c =  0.9645   62
 Side 2  free  transition at x/c =  0.0963   51

 147   rms: 0.4374E-02   max: -.8692E-01   C at   51  2
       a =-13.000      CL = -1.0345
      Cm = -0.0777     CD =  0.01571   =>   CDf =  0.00528    CDp =  0.01043

 Side 1  free  transition at x/c =  0.9645   62
 Side 2  free  transition at x/c =  0.0963   51

 148   rms: 0.4374E-02   max: -.8692E-01   C at   51  2
       a =-13.000      CL = -1.0345
      Cm = -0.0777     CD =  0.01571   =>   CDf =  0.00528    CDp =  0.01043

 Side 1  free  transition at x/c =  0.9645   62
 Side 2  free  transition at x/c =  0.0963   51

 149   rms: 0.4374E-02   max: -.8692E-01   C at   51  2
       a =-13.000      CL = -1.0345
      Cm = -0.0777     CD =  0.01571   =>   CDf =  0.00528    CDp =  0.01043

 Side 1  free  transition at x/c =  0.9645   62
 Side 2  free  transition at x/c =  0.0963   51

 150   rms: 0.4374E-02   max: -.8692E-01   C at   51  2
       a =-13.000      CL = -1.0345
      Cm = -0.0777     CD =  0.01571   =>   CDf =  0.00528    CDp =  0.01043

 Side 1  free  transition at x/c =  0.9645   62
 Side 2  free  transition at x/c =  0.0963   51

 151   rms: 0.4374E-02   max: -.8692E-01   C at   51  2
       a =-13.000      CL = -1.0345
      Cm = -0.0777     CD =  0.01571   =>   CDf =  0.00528    CDp =  0.01043

 Side 1  free  transition at x/c =  0.9645   62
 Side 2  free  transition at x/c =  0.0963   51

 152   rms: 0.4374E-02   max: -.8693E-01   C at   51  2
       a =-13.000      CL = -1.0345
      Cm = -0.0777     CD =  0.01571   =>   CDf =  0.00528    CDp =  0.01043

 Side 1  free  transition at x/c =  0.9645   62
 Side 2  free  transition at x/c =  0.0963   51

 153   rms: 0.4374E-02   max: -.8693E-01   C at   51  2
       a =-13.000      CL = -1.0345
      Cm = -0.0777     CD =  0.01571   =>   CDf =  0.00528    CDp =  0.01043

 Side 1  free  transition at x/c =  0.9645   62
 Side 2  free  transition at x/c =  0.0963   51

 154   rms: 0.4374E-02   max: -.8693E-01   C at   51  2
       a =-13.000      CL = -1.0345
      Cm = -0.0777     CD =  0.01571   =>   CDf =  0.00528    CDp =  0.01043

 Side 1  free  transition at x/c =  0.9645   62
 Side 2  free  transition at x/c =  0.0963   51

 155   rms: 0.4374E-02   max: -.8692E-01   C at   51  2
       a =-13.000      CL = -1.0345
      Cm = -0.0777     CD =  0.01571   =>   CDf =  0.00528    CDp =  0.01043

 Side 1  free  transition at x/c =  0.9645   62
 Side 2  free  transition at x/c =  0.0963   51

 156   rms: 0.4374E-02   max: -.8693E-01   C at   51  2
       a =-13.000      CL = -1.0345
      Cm = -0.0777     CD =  0.01571   =>   CDf =  0.00528    CDp =  0.01043

 Side 1  free  transition at x/c =  0.9645   62
 Side 2  free  transition at x/c =  0.0963   51

 157   rms: 0.4374E-02   max: -.8692E-01   C at   51  2
       a =-13.000      CL = -1.0345
      Cm = -0.0777     CD =  0.01571   =>   CDf =  0.00528    CDp =  0.01043

 Side 1  free  transition at x/c =  0.9645   62
 Side 2  free  transition at x/c =  0.0963   51

 158   rms: 0.4374E-02   max: -.8692E-01   C at   51  2
       a =-13.000      CL = -1.0345
      Cm = -0.0777     CD =  0.01571   =>   CDf =  0.00528    CDp =  0.01043

 Side 1  free  transition at x/c =  0.9645   62
 Side 2  free  transition at x/c =  0.0963   51

 159   rms: 0.4374E-02   max: -.8692E-01   C at   51  2
       a =-13.000      CL = -1.0345
      Cm = -0.0777     CD =  0.01571   =>   CDf =  0.00528    CDp =  0.01043

 Side 1  free  transition at x/c =  0.9645   62
 Side 2  free  transition at x/c =  0.0963   51

 160   rms: 0.4374E-02   max: -.8692E-01   C at   51  2
       a =-13.000      CL = -1.0345
      Cm = -0.0777     CD =  0.01571   =>   CDf =  0.00528    CDp =  0.01043

 Side 1  free  transition at x/c =  0.9645   62
 Side 2  free  transition at x/c =  0.0963   51

 161   rms: 0.4374E-02   max: -.8693E-01   C at   51  2
       a =-13.000      CL = -1.0345
      Cm = -0.0777     CD =  0.01571   =>   CDf =  0.00528    CDp =  0.01043

 Side 1  free  transition at x/c =  0.9645   62
 Side 2  free  transition at x/c =  0.0963   51

 162   rms: 0.4374E-02   max: -.8693E-01   C at   51  2
       a =-13.000      CL = -1.0345
      Cm = -0.0777     CD =  0.01571   =>   CDf =  0.00528    CDp =  0.01043

 Side 1  free  transition at x/c =  0.9645   62
 Side 2  free  transition at x/c =  0.0963   51

 163   rms: 0.4374E-02   max: -.8692E-01   C at   51  2
       a =-13.000      CL = -1.0345
      Cm = -0.0777     CD =  0.01571   =>   CDf =  0.00528    CDp =  0.01043

 Side 1  free  transition at x/c =  0.9645   62
 Side 2  free  transition at x/c =  0.0963   51

 164   rms: 0.4374E-02   max: -.8692E-01   C at   51  2
       a =-13.000      CL = -1.0345
      Cm = -0.0777     CD =  0.01571   =>   CDf =  0.00528    CDp =  0.01043

 Side 1  free  transition at x/c =  0.9645   62
 Side 2  free  transition at x/c =  0.0963   51

 165   rms: 0.4374E-02   max: -.8692E-01   C at   51  2
       a =-13.000      CL = -1.0345
      Cm = -0.0777     CD =  0.01571   =>   CDf =  0.00528    CDp =  0.01043

 Side 1  free  transition at x/c =  0.9645   62
 Side 2  free  transition at x/c =  0.0963   51

 166   rms: 0.4374E-02   max: -.8692E-01   C at   51  2
       a =-13.000      CL = -1.0345
      Cm = -0.0777     CD =  0.01571   =>   CDf =  0.00528    CDp =  0.01043

 Side 1  free  transition at x/c =  0.9645   62
 Side 2  free  transition at x/c =  0.0963   51

 167   rms: 0.4374E-02   max: -.8692E-01   C at   51  2
       a =-13.000      CL = -1.0345
      Cm = -0.0777     CD =  0.01571   =>   CDf =  0.00528    CDp =  0.01043

 Side 1  free  transition at x/c =  0.9645   62
 Side 2  free  transition at x/c =  0.0963   51

 168   rms: 0.4374E-02   max: -.8693E-01   C at   51  2
       a =-13.000      CL = -1.0345
      Cm = -0.0777     CD =  0.01571   =>   CDf =  0.00528    CDp =  0.01043

 Side 1  free  transition at x/c =  0.9645   62
 Side 2  free  transition at x/c =  0.0963   51

 169   rms: 0.4374E-02   max: -.8692E-01   C at   51  2
       a =-13.000      CL = -1.0345
      Cm = -0.0777     CD =  0.01571   =>   CDf =  0.00528    CDp =  0.01043

 Side 1  free  transition at x/c =  0.9645   62
 Side 2  free  transition at x/c =  0.0963   51

 170   rms: 0.4374E-02   max: -.8693E-01   C at   51  2
       a =-13.000      CL = -1.0345
      Cm = -0.0777     CD =  0.01571   =>   CDf =  0.00528    CDp =  0.01043

 Side 1  free  transition at x/c =  0.9645   62
 Side 2  free  transition at x/c =  0.0963   51

 171   rms: 0.4374E-02   max: -.8692E-01   C at   51  2
       a =-13.000      CL = -1.0345
      Cm = -0.0777     CD =  0.01571   =>   CDf =  0.00528    CDp =  0.01043

 Side 1  free  transition at x/c =  0.9645   62
 Side 2  free  transition at x/c =  0.0963   51

 172   rms: 0.4374E-02   max: -.8692E-01   C at   51  2
       a =-13.000      CL = -1.0345
      Cm = -0.0777     CD =  0.01571   =>   CDf =  0.00528    CDp =  0.01043

 Side 1  free  transition at x/c =  0.9645   62
 Side 2  free  transition at x/c =  0.0963   51

 173   rms: 0.4374E-02   max: -.8693E-01   C at   51  2
       a =-13.000      CL = -1.0345
      Cm = -0.0777     CD =  0.01571   =>   CDf =  0.00528    CDp =  0.01043

 Side 1  free  transition at x/c =  0.9645   62
 Side 2  free  transition at x/c =  0.0963   51

 174   rms: 0.4374E-02   max: -.8693E-01   C at   51  2
       a =-13.000      CL = -1.0345
      Cm = -0.0777     CD =  0.01571   =>   CDf =  0.00528    CDp =  0.01043

 Side 1  free  transition at x/c =  0.9645   62
 Side 2  free  transition at x/c =  0.0963   51

 175   rms: 0.4374E-02   max: -.8692E-01   C at   51  2
       a =-13.000      CL = -1.0345
      Cm = -0.0777     CD =  0.01571   =>   CDf =  0.00528    CDp =  0.01043

 Side 1  free  transition at x/c =  0.9645   62
 Side 2  free  transition at x/c =  0.0963   51

 176   rms: 0.4374E-02   max: -.8692E-01   C at   51  2
       a =-13.000      CL = -1.0345
      Cm = -0.0777     CD =  0.01571   =>   CDf =  0.00528    CDp =  0.01043

 Side 1  free  transition at x/c =  0.9645   62
 Side 2  free  transition at x/c =  0.0963   51

 177   rms: 0.4374E-02   max: -.8693E-01   C at   51  2
       a =-13.000      CL = -1.0345
      Cm = -0.0777     CD =  0.01571   =>   CDf =  0.00528    CDp =  0.01043

 Side 1  free  transition at x/c =  0.9645   62
 Side 2  free  transition at x/c =  0.0963   51

 178   rms: 0.4374E-02   max: -.8692E-01   C at   51  2
       a =-13.000      CL = -1.0345
      Cm = -0.0777     CD =  0.01571   =>   CDf =  0.00528    CDp =  0.01043

 Side 1  free  transition at x/c =  0.9645   62
 Side 2  free  transition at x/c =  0.0963   51

 179   rms: 0.4374E-02   max: -.8692E-01   C at   51  2
       a =-13.000      CL = -1.0345
      Cm = -0.0777     CD =  0.01571   =>   CDf =  0.00528    CDp =  0.01043

 Side 1  free  transition at x/c =  0.9645   62
 Side 2  free  transition at x/c =  0.0963   51

 180   rms: 0.4374E-02   max: -.8692E-01   C at   51  2
       a =-13.000      CL = -1.0345
      Cm = -0.0777     CD =  0.01571   =>   CDf =  0.00528    CDp =  0.01043

 Side 1  free  transition at x/c =  0.9645   62
 Side 2  free  transition at x/c =  0.0963   51

 181   rms: 0.4374E-02   max: -.8692E-01   C at   51  2
       a =-13.000      CL = -1.0345
      Cm = -0.0777     CD =  0.01571   =>   CDf =  0.00528    CDp =  0.01043

 Side 1  free  transition at x/c =  0.9645   62
 Side 2  free  transition at x/c =  0.0963   51

 182   rms: 0.4374E-02   max: -.8693E-01   C at   51  2
       a =-13.000      CL = -1.0345
      Cm = -0.0777     CD =  0.01571   =>   CDf =  0.00528    CDp =  0.01043

 Side 1  free  transition at x/c =  0.9645   62
 Side 2  free  transition at x/c =  0.0963   51

 183   rms: 0.4374E-02   max: -.8692E-01   C at   51  2
       a =-13.000      CL = -1.0345
      Cm = -0.0777     CD =  0.01571   =>   CDf =  0.00528    CDp =  0.01043

 Side 1  free  transition at x/c =  0.9645   62
 Side 2  free  transition at x/c =  0.0963   51

 184   rms: 0.4374E-02   max: -.8692E-01   C at   51  2
       a =-13.000      CL = -1.0345
      Cm = -0.0777     CD =  0.01571   =>   CDf =  0.00528    CDp =  0.01043

 Side 1  free  transition at x/c =  0.9645   62
 Side 2  free  transition at x/c =  0.0963   51

 185   rms: 0.4374E-02   max: -.8692E-01   C at   51  2
       a =-13.000      CL = -1.0345
      Cm = -0.0777     CD =  0.01571   =>   CDf =  0.00528    CDp =  0.01043

 Side 1  free  transition at x/c =  0.9645   62
 Side 2  free  transition at x/c =  0.0963   51

 186   rms: 0.4374E-02   max: -.8692E-01   C at   51  2
       a =-13.000      CL = -1.0345
      Cm = -0.0777     CD =  0.01571   =>   CDf =  0.00528    CDp =  0.01043

 Side 1  free  transition at x/c =  0.9645   62
 Side 2  free  transition at x/c =  0.0963   51

 187   rms: 0.4374E-02   max: -.8692E-01   C at   51  2
       a =-13.000      CL = -1.0345
      Cm = -0.0777     CD =  0.01571   =>   CDf =  0.00528    CDp =  0.01043

 Side 1  free  transition at x/c =  0.9645   62
 Side 2  free  transition at x/c =  0.0963   51

 188   rms: 0.4374E-02   max: -.8692E-01   C at   51  2
       a =-13.000      CL = -1.0345
      Cm = -0.0777     CD =  0.01571   =>   CDf =  0.00528    CDp =  0.01043

 Side 1  free  transition at x/c =  0.9645   62
 Side 2  free  transition at x/c =  0.0963   51

 189   rms: 0.4374E-02   max: -.8692E-01   C at   51  2
       a =-13.000      CL = -1.0345
      Cm = -0.0777     CD =  0.01571   =>   CDf =  0.00528    CDp =  0.01043

 Side 1  free  transition at x/c =  0.9645   62
 Side 2  free  transition at x/c =  0.0963   51

 190   rms: 0.4374E-02   max: -.8692E-01   C at   51  2
       a =-13.000      CL = -1.0345
      Cm = -0.0777     CD =  0.01571   =>   CDf =  0.00528    CDp =  0.01043

 Side 1  free  transition at x/c =  0.9645   62
 Side 2  free  transition at x/c =  0.0963   51

 191   rms: 0.4374E-02   max: -.8692E-01   C at   51  2
       a =-13.000      CL = -1.0345
      Cm = -0.0777     CD =  0.01571   =>   CDf =  0.00528    CDp =  0.01043

 Side 1  free  transition at x/c =  0.9645   62
 Side 2  free  transition at x/c =  0.0963   51

 192   rms: 0.4374E-02   max: -.8692E-01   C at   51  2
       a =-13.000      CL = -1.0345
      Cm = -0.0777     CD =  0.01571   =>   CDf =  0.00528    CDp =  0.01043

 Side 1  free  transition at x/c =  0.9645   62
 Side 2  free  transition at x/c =  0.0963   51

 193   rms: 0.4374E-02   max: -.8692E-01   C at   51  2
       a =-13.000      CL = -1.0345
      Cm = -0.0777     CD =  0.01571   =>   CDf =  0.00528    CDp =  0.01043

 Side 1  free  transition at x/c =  0.9645   62
 Side 2  free  transition at x/c =  0.0963   51

 194   rms: 0.4374E-02   max: -.8693E-01   C at   51  2
       a =-13.000      CL = -1.0345
      Cm = -0.0777     CD =  0.01571   =>   CDf =  0.00528    CDp =  0.01043

 Side 1  free  transition at x/c =  0.9645   62
 Side 2  free  transition at x/c =  0.0963   51

 195   rms: 0.4374E-02   max: -.8692E-01   C at   51  2
       a =-13.000      CL = -1.0345
      Cm = -0.0777     CD =  0.01571   =>   CDf =  0.00528    CDp =  0.01043

 Side 1  free  transition at x/c =  0.9645   62
 Side 2  free  transition at x/c =  0.0963   51

 196   rms: 0.4374E-02   max: -.8692E-01   C at   51  2
       a =-13.000      CL = -1.0345
      Cm = -0.0777     CD =  0.01571   =>   CDf =  0.00528    CDp =  0.01043

 Side 1  free  transition at x/c =  0.9645   62
 Side 2  free  transition at x/c =  0.0963   51

 197   rms: 0.4374E-02   max: -.8692E-01   C at   51  2
       a =-13.000      CL = -1.0345
      Cm = -0.0777     CD =  0.01571   =>   CDf =  0.00528    CDp =  0.01043

 Side 1  free  transition at x/c =  0.9645   62
 Side 2  free  transition at x/c =  0.0963   51

 198   rms: 0.4374E-02   max: -.8693E-01   C at   51  2
       a =-13.000      CL = -1.0345
      Cm = -0.0777     CD =  0.01571   =>   CDf =  0.00528    CDp =  0.01043

 Side 1  free  transition at x/c =  0.9645   62
 Side 2  free  transition at x/c =  0.0963   51

 199   rms: 0.4374E-02   max: -.8693E-01   C at   51  2
       a =-13.000      CL = -1.0345
      Cm = -0.0777     CD =  0.01571   =>   CDf =  0.00528    CDp =  0.01043

 Side 1  free  transition at x/c =  0.9645   62
 Side 2  free  transition at x/c =  0.0963   51

 200   rms: 0.4374E-02   max: -.8692E-01   C at   51  2
       a =-13.000      CL = -1.0345
      Cm = -0.0777     CD =  0.01571   =>   CDf =  0.00528    CDp =  0.01043

 Side 1  free  transition at x/c =  0.9645   62
 Side 2  free  transition at x/c =  0.0963   51

 201   rms: 0.4374E-02   max: -.8693E-01   C at   51  2
       a =-13.000      CL = -1.0345
      Cm = -0.0777     CD =  0.01571   =>   CDf =  0.00528    CDp =  0.01043

 Side 1  free  transition at x/c =  0.9645   62
 Side 2  free  transition at x/c =  0.0963   51

 202   rms: 0.4374E-02   max: -.8692E-01   C at   51  2
       a =-13.000      CL = -1.0345
      Cm = -0.0777     CD =  0.01571   =>   CDf =  0.00528    CDp =  0.01043

 Side 1  free  transition at x/c =  0.9645   62
 Side 2  free  transition at x/c =  0.0963   51

 203   rms: 0.4374E-02   max: -.8692E-01   C at   51  2
       a =-13.000      CL = -1.0345
      Cm = -0.0777     CD =  0.01571   =>   CDf =  0.00528    CDp =  0.01043

 Side 1  free  transition at x/c =  0.9645   62
 Side 2  free  transition at x/c =  0.0963   51

 204   rms: 0.4374E-02   max: -.8693E-01   C at   51  2
       a =-13.000      CL = -1.0345
      Cm = -0.0777     CD =  0.01571   =>   CDf =  0.00528    CDp =  0.01043

 Side 1  free  transition at x/c =  0.9645   62
 Side 2  free  transition at x/c =  0.0963   51

 205   rms: 0.4374E-02   max: -.8692E-01   C at   51  2
       a =-13.000      CL = -1.0345
      Cm = -0.0777     CD =  0.01571   =>   CDf =  0.00528    CDp =  0.01043

 Side 1  free  transition at x/c =  0.9645   62
 Side 2  free  transition at x/c =  0.0963   51

 206   rms: 0.4374E-02   max: -.8693E-01   C at   51  2
       a =-13.000      CL = -1.0345
      Cm = -0.0777     CD =  0.01571   =>   CDf =  0.00528    CDp =  0.01043

 Side 1  free  transition at x/c =  0.9645   62
 Side 2  free  transition at x/c =  0.0963   51

 207   rms: 0.4374E-02   max: -.8693E-01   C at   51  2
       a =-13.000      CL = -1.0345
      Cm = -0.0777     CD =  0.01571   =>   CDf =  0.00528    CDp =  0.01043

 Side 1  free  transition at x/c =  0.9645   62
 Side 2  free  transition at x/c =  0.0963   51

 208   rms: 0.4374E-02   max: -.8693E-01   C at   51  2
       a =-13.000      CL = -1.0345
      Cm = -0.0777     CD =  0.01571   =>   CDf =  0.00528    CDp =  0.01043

 Side 1  free  transition at x/c =  0.9645   62
 Side 2  free  transition at x/c =  0.0963   51

 209   rms: 0.4374E-02   max: -.8692E-01   C at   51  2
       a =-13.000      CL = -1.0345
      Cm = -0.0777     CD =  0.01571   =>   CDf =  0.00528    CDp =  0.01043

 Side 1  free  transition at x/c =  0.9645   62
 Side 2  free  transition at x/c =  0.0963   51

 210   rms: 0.4374E-02   max: -.8692E-01   C at   51  2
       a =-13.000      CL = -1.0345
      Cm = -0.0777     CD =  0.01571   =>   CDf =  0.00528    CDp =  0.01043

 Side 1  free  transition at x/c =  0.9645   62
 Side 2  free  transition at x/c =  0.0963   51

 211   rms: 0.4374E-02   max: -.8692E-01   C at   51  2
       a =-13.000      CL = -1.0345
      Cm = -0.0777     CD =  0.01571   =>   CDf =  0.00528    CDp =  0.01043

 Side 1  free  transition at x/c =  0.9645   62
 Side 2  free  transition at x/c =  0.0963   51

 212   rms: 0.4374E-02   max: -.8693E-01   C at   51  2
       a =-13.000      CL = -1.0345
      Cm = -0.0777     CD =  0.01571   =>   CDf =  0.00528    CDp =  0.01043

 Side 1  free  transition at x/c =  0.9645   62
 Side 2  free  transition at x/c =  0.0963   51

 213   rms: 0.4374E-02   max: -.8692E-01   C at   51  2
       a =-13.000      CL = -1.0345
      Cm = -0.0777     CD =  0.01571   =>   CDf =  0.00528    CDp =  0.01043

 Side 1  free  transition at x/c =  0.9645   62
 Side 2  free  transition at x/c =  0.0963   51

 214   rms: 0.4374E-02   max: -.8692E-01   C at   51  2
       a =-13.000      CL = -1.0345
      Cm = -0.0777     CD =  0.01571   =>   CDf =  0.00528    CDp =  0.01043

 Side 1  free  transition at x/c =  0.9645   62
 Side 2  free  transition at x/c =  0.0963   51

 215   rms: 0.4374E-02   max: -.8692E-01   C at   51  2
       a =-13.000      CL = -1.0345
      Cm = -0.0777     CD =  0.01571   =>   CDf =  0.00528    CDp =  0.01043

 Side 1  free  transition at x/c =  0.9645   62
 Side 2  free  transition at x/c =  0.0963   51

 216   rms: 0.4374E-02   max: -.8692E-01   C at   51  2
       a =-13.000      CL = -1.0345
      Cm = -0.0777     CD =  0.01571   =>   CDf =  0.00528    CDp =  0.01043

 Side 1  free  transition at x/c =  0.9645   62
 Side 2  free  transition at x/c =  0.0963   51

 217   rms: 0.4374E-02   max: -.8692E-01   C at   51  2
       a =-13.000      CL = -1.0345
      Cm = -0.0777     CD =  0.01571   =>   CDf =  0.00528    CDp =  0.01043

 Side 1  free  transition at x/c =  0.9645   62
 Side 2  free  transition at x/c =  0.0963   51

 218   rms: 0.4374E-02   max: -.8693E-01   C at   51  2
       a =-13.000      CL = -1.0345
      Cm = -0.0777     CD =  0.01571   =>   CDf =  0.00528    CDp =  0.01043

 Side 1  free  transition at x/c =  0.9645   62
 Side 2  free  transition at x/c =  0.0963   51

 219   rms: 0.4374E-02   max: -.8692E-01   C at   51  2
       a =-13.000      CL = -1.0345
      Cm = -0.0777     CD =  0.01571   =>   CDf =  0.00528    CDp =  0.01043

 Side 1  free  transition at x/c =  0.9645   62
 Side 2  free  transition at x/c =  0.0963   51

 220   rms: 0.4374E-02   max: -.8692E-01   C at   51  2
       a =-13.000      CL = -1.0345
      Cm = -0.0777     CD =  0.01571   =>   CDf =  0.00528    CDp =  0.01043

 Side 1  free  transition at x/c =  0.9645   62
 Side 2  free  transition at x/c =  0.0963   51

 221   rms: 0.4374E-02   max: -.8693E-01   C at   51  2
       a =-13.000      CL = -1.0345
      Cm = -0.0777     CD =  0.01571   =>   CDf =  0.00528    CDp =  0.01043

 Side 1  free  transition at x/c =  0.9645   62
 Side 2  free  transition at x/c =  0.0963   51

 222   rms: 0.4374E-02   max: -.8692E-01   C at   51  2
       a =-13.000      CL = -1.0345
      Cm = -0.0777     CD =  0.01571   =>   CDf =  0.00528    CDp =  0.01043

 Side 1  free  transition at x/c =  0.9645   62
 Side 2  free  transition at x/c =  0.0963   51

 223   rms: 0.4374E-02   max: -.8693E-01   C at   51  2
       a =-13.000      CL = -1.0345
      Cm = -0.0777     CD =  0.01571   =>   CDf =  0.00528    CDp =  0.01043

 Side 1  free  transition at x/c =  0.9645   62
 Side 2  free  transition at x/c =  0.0963   51

 224   rms: 0.4374E-02   max: -.8692E-01   C at   51  2
       a =-13.000      CL = -1.0345
      Cm = -0.0777     CD =  0.01571   =>   CDf =  0.00528    CDp =  0.01043

 Side 1  free  transition at x/c =  0.9645   62
 Side 2  free  transition at x/c =  0.0963   51

 225   rms: 0.4374E-02   max: -.8693E-01   C at   51  2
       a =-13.000      CL = -1.0345
      Cm = -0.0777     CD =  0.01571   =>   CDf =  0.00528    CDp =  0.01043
 VISCAL:  Convergence failed
 Calculating wake trajectory ...
 Calculating source influence matrix ...

 Solving BL system ...

 Side 1  free  transition at x/c =  0.9645   62
 Side 2  free  transition at x/c =  0.0963   51

   1   rms: 0.1298E+00   max: -.6972E+00   D at   62  1   RLX: 0.717
       a =-12.000      CL = -0.9760
      Cm = -0.0750     CD =  0.01462   =>   CDf =  0.00546    CDp =  0.00917

 MRCHDU: Convergence failed at  51  side 2    Res =  0.1829E+02
 Side 1  free  transition at x/c =  0.9449   62
 Side 2  free  transition at x/c =  0.1022   51

   2   rms: 0.4253E-01   max: -.4983E+00   D at   63  1
       a =-12.000      CL = -0.9666
      Cm = -0.0716     CD =  0.01396   =>   CDf =  0.00545    CDp =  0.00851

 Side 1  free  transition at x/c =  0.9322   62
 Side 2  free  transition at x/c =  0.1059   51

   3   rms: 0.1754E-01   max: -.2934E+00   D at   62  1
       a =-12.000      CL = -0.9665
      Cm = -0.0717     CD =  0.01392   =>   CDf =  0.00535    CDp =  0.00858

 Side 1  free  transition at x/c =  0.9340   62
 Side 2  free  transition at x/c =  0.1066   51

   4   rms: 0.2286E-02   max: 0.3657E-01   C at   62  1
       a =-12.000      CL = -0.9661
      Cm = -0.0718     CD =  0.01394   =>   CDf =  0.00534    CDp =  0.00860

 Side 1  free  transition at x/c =  0.9330   62
 Side 2  free  transition at x/c =  0.1065   51

   5   rms: 0.5245E-04   max: -.4734E-03   D at   63  1
       a =-12.000      CL = -0.9660
      Cm = -0.0718     CD =  0.01394   =>   CDf =  0.00534    CDp =  0.00860
 plradd ia,ip,cpol           13           0  2.39442755E-02

 Point added to stored polar  1
 Point written to save file  polar.txt                                       
 Dump file unspecified or not available
 Calculating wake trajectory ...
 Calculating source influence matrix ...

 Solving BL system ...

 MRCHDU: Convergence failed at  62  side 1    Res =  0.7343E-05
 Side 1  free  transition at x/c =  0.9330   62
 Side 2  free  transition at x/c =  0.1065   51

   1   rms: 0.1339E+00   max: 0.6721E+00   D at   51  2   RLX: 0.746
       a =-11.000      CL = -0.9147
      Cm = -0.0672     CD =  0.01264   =>   CDf =  0.00534    CDp =  0.00730

 Side 1  free  transition at x/c =  0.9064   60
 Side 2  free  transition at x/c =  0.1134   52

   2   rms: 0.4327E-01   max: 0.3115E+00   D at   61  1
       a =-11.000      CL = -0.8892
      Cm = -0.0666     CD =  0.01252   =>   CDf =  0.00564    CDp =  0.00688

 Side 1  free  transition at x/c =  0.8995   61
 Side 2  free  transition at x/c =  0.1213   51

   3   rms: 0.1420E-01   max: 0.3073E+00   C at   51  2
       a =-11.000      CL = -0.8877
      Cm = -0.0668     CD =  0.01257   =>   CDf =  0.00539    CDp =  0.00719

 Side 1  free  transition at x/c =  0.8998   61
 Side 2  free  transition at x/c =  0.1182   51

   4   rms: 0.7000E-03   max: -.8248E-02   C at   51  2
       a =-11.000      CL = -0.8873
      Cm = -0.0669     CD =  0.01259   =>   CDf =  0.00541    CDp =  0.00718

 Side 1  free  transition at x/c =  0.8998   61
 Side 2  free  transition at x/c =  0.1183   51

   5   rms: 0.3215E-05   max: -.1522E-04   C at   51  2
       a =-11.000      CL = -0.8873
      Cm = -0.0669     CD =  0.01259   =>   CDf =  0.00541    CDp =  0.00718
 plradd ia,ip,cpol           14           0  2.71737445E-02

 Point added to stored polar  1
 Point written to save file  polar.txt                                       
 Dump file unspecified or not available
 Calculating wake trajectory ...
 Calculating source influence matrix ...

 Solving BL system ...

 Side 1  free  transition at x/c =  0.8998   61
 Side 2  free  transition at x/c =  0.1183   51

   1   rms: 0.1302E+00   max: 0.5765E+00   D at   51  2
       a =-10.000      CL = -0.8035
      Cm = -0.0626     CD =  0.01139   =>   CDf =  0.00557    CDp =  0.00582

 Side 1  free  transition at x/c =  0.8630   60
 Side 2  free  transition at x/c =  0.1283   51

   2   rms: 0.1945E-01   max: 0.2617E+00   D at   61  1
       a =-10.000      CL = -0.8048
      Cm = -0.0619     CD =  0.01160   =>   CDf =  0.00555    CDp =  0.00605

 Side 1  free  transition at x/c =  0.8654   60
 Side 2  free  transition at x/c =  0.1314   51

   3   rms: 0.1998E-02   max: -.3069E-01   C at   51  2
       a =-10.000      CL = -0.8039
      Cm = -0.0621     CD =  0.01161   =>   CDf =  0.00550    CDp =  0.00611

 Side 1  free  transition at x/c =  0.8649   60
 Side 2  free  transition at x/c =  0.1315   51

   4   rms: 0.1515E-04   max: -.2569E-03   D at   61  1
       a =-10.000      CL = -0.8039
      Cm = -0.0621     CD =  0.01161   =>   CDf =  0.00550    CDp =  0.00611
 plradd ia,ip,cpol           15           0  2.71737445E-02

 Point added to stored polar  1
 Point written to save file  polar.txt                                       
 Dump file unspecified or not available
 Calculating wake trajectory ...
 Calculating source influence matrix ...

 Solving BL system ...

 Side 1  free  transition at x/c =  0.8649   60
 Side 2  free  transition at x/c =  0.1315   51

   1   rms: 0.1234E+00   max: 0.3676E+00   D at   51  2
       a = -9.000      CL = -0.7152
      Cm = -0.0579     CD =  0.01093   =>   CDf =  0.00566    CDp =  0.00527

 Side 1  free  transition at x/c =  0.8261   60
 Side 2  free  transition at x/c =  0.1441   52

   2   rms: 0.1499E-01   max: 0.2008E+00   D at   60  1
       a = -9.000      CL = -0.7121
      Cm = -0.0585     CD =  0.01077   =>   CDf =  0.00562    CDp =  0.00515

 Side 1  free  transition at x/c =  0.8322   60
 Side 2  free  transition at x/c =  0.1496   52

   3   rms: 0.6394E-02   max: 0.9587E-01   C at   52  2
       a = -9.000      CL = -0.7117
      Cm = -0.0586     CD =  0.01079   =>   CDf =  0.00551    CDp =  0.00528

 Side 1  free  transition at x/c =  0.8306   60
 Side 2  free  transition at x/c =  0.1477   52

   4   rms: 0.1604E-03   max: 0.1502E-02   D at   52  2
       a = -9.000      CL = -0.7116
      Cm = -0.0586     CD =  0.01079   =>   CDf =  0.00554    CDp =  0.00526

 Side 1  free  transition at x/c =  0.8306   60
 Side 2  free  transition at x/c =  0.1477   52

   5   rms: 0.3649E-05   max: 0.4290E-04   D at    4  2
       a = -9.000      CL = -0.7116
      Cm = -0.0586     CD =  0.01079   =>   CDf =  0.00554    CDp =  0.00526
 plradd ia,ip,cpol           16           0  3.43358330E-02

 Point added to stored polar  1
 Point written to save file  polar.txt                                       
 Dump file unspecified or not available
 Calculating wake trajectory ...
 Calculating source influence matrix ...

 Solving BL system ...

 Side 1  free  transition at x/c =  0.8306   60
 Side 2  free  transition at x/c =  0.1477   52

   1   rms: 0.1551E+00   max: 0.1212E+01   D at    2  2   RLX: 0.794
       a = -8.000      CL = -0.6369
      Cm = -0.0561     CD =  0.01013   =>   CDf =  0.00579    CDp =  0.00434

 Side 1  free  transition at x/c =  0.7989   60
 Side 2  free  transition at x/c =  0.1551   50

   2   rms: 0.3674E-01   max: 0.2082E+00   D at   61  1
       a = -8.000      CL = -0.6076
      Cm = -0.0570     CD =  0.01038   =>   CDf =  0.00570    CDp =  0.00467

 Side 1  free  transition at x/c =  0.7939   60
 Side 2  free  transition at x/c =  0.1647   51

   3   rms: 0.6245E-02   max: 0.1119E+00   D at   51  2
       a = -8.000      CL = -0.6127
      Cm = -0.0562     CD =  0.01012   =>   CDf =  0.00559    CDp =  0.00453

 Side 1  free  transition at x/c =  0.7935   60
 Side 2  free  transition at x/c =  0.1662   51

   4   rms: 0.2604E-03   max: -.7436E-03   D at   90  2
       a = -8.000      CL = -0.6125
      Cm = -0.0562     CD =  0.01013   =>   CDf =  0.00559    CDp =  0.00454

 Side 1  free  transition at x/c =  0.7936   60
 Side 2  free  transition at x/c =  0.1662   51

   5   rms: 0.7341E-06   max: -.8555E-05   C at   60  1
       a = -8.000      CL = -0.6125
      Cm = -0.0562     CD =  0.01013   =>   CDf =  0.00559    CDp =  0.00454
 plradd ia,ip,cpol           17           0  3.82891819E-02

 Point added to stored polar  1
 Point written to save file  polar.txt                                       
 Dump file unspecified or not available
 Calculating wake trajectory ...
 Calculating source influence matrix ...

 Solving BL system ...

 Side 1  free  transition at x/c =  0.7936   60
 Side 2  free  transition at x/c =  0.1662   51

   1   rms: 0.1327E+00   max: 0.5686E+00   C at   60  1
       a = -7.000      CL = -0.5068
      Cm = -0.0549     CD =  0.00967   =>   CDf =  0.00570    CDp =  0.00397

 Side 1  free  transition at x/c =  0.7509   59
 Side 2  free  transition at x/c =  0.1846   52

   2   rms: 0.1693E-01   max: 0.1931E+00   D at   60  1
       a = -7.000      CL = -0.5116
      Cm = -0.0541     CD =  0.00954   =>   CDf =  0.00568    CDp =  0.00386

 Side 1  free  transition at x/c =  0.7541   59
 Side 2  free  transition at x/c =  0.1890   52

   3   rms: 0.1800E-02   max: 0.2357E-01   C at   52  2
       a = -7.000      CL = -0.5112
      Cm = -0.0542     CD =  0.00956   =>   CDf =  0.00562    CDp =  0.00394

 Side 1  free  transition at x/c =  0.7535   59
 Side 2  free  transition at x/c =  0.1883   52

   4   rms: 0.1753E-04   max: -.2834E-03   C at   52  2
       a = -7.000      CL = -0.5112
      Cm = -0.0542     CD =  0.00956   =>   CDf =  0.00563    CDp =  0.00393
 plradd ia,ip,cpol           18           0  4.25076224E-02

 Point added to stored polar  1
 Point written to save file  polar.txt                                       
 Dump file unspecified or not available
 Calculating wake trajectory ...
 Calculating source influence matrix ...

 Solving BL system ...

 Side 1  free  transition at x/c =  0.7535   59
 Side 2  free  transition at x/c =  0.1883   52

   1   rms: 0.1392E+00   max: -.7111E+00   C at   52  2   RLX: 0.703
       a = -6.000      CL = -0.4370
      Cm = -0.0532     CD =  0.00914   =>   CDf =  0.00572    CDp =  0.00342

 Side 1  free  transition at x/c =  0.7209   59
 Side 2  free  transition at x/c =  0.1950   52

   2   rms: 0.5593E-01   max: -.4068E+00   D at   51  2
       a = -6.000      CL = -0.4098
      Cm = -0.0520     CD =  0.00903   =>   CDf =  0.00587    CDp =  0.00316

 Side 1  free  transition at x/c =  0.7116   59
 Side 2  free  transition at x/c =  0.2317   53

   3   rms: 0.3894E-01   max: -.6061E+00   D at   53  2   RLX: 0.825
       a = -6.000      CL = -0.4085
      Cm = -0.0524     CD =  0.00912   =>   CDf =  0.00557    CDp =  0.00354

 Side 1  free  transition at x/c =  0.7114   59
 Side 2  free  transition at x/c =  0.2174   52

   4   rms: 0.1264E-01   max: 0.1819E+00   C at   52  2
       a = -6.000      CL = -0.4075
      Cm = -0.0524     CD =  0.00913   =>   CDf =  0.00564    CDp =  0.00349

 Side 1  free  transition at x/c =  0.7114   59
 Side 2  free  transition at x/c =  0.2121   52

   5   rms: 0.7461E-03   max: -.9580E-02   D at   53  2
       a = -6.000      CL = -0.4071
      Cm = -0.0525     CD =  0.00915   =>   CDf =  0.00569    CDp =  0.00347

 Side 1  free  transition at x/c =  0.7114   59
 Side 2  free  transition at x/c =  0.2118   52

   6   rms: 0.5169E-05   max: -.8079E-04   D at   52  2
       a = -6.000      CL = -0.4071
      Cm = -0.0525     CD =  0.00915   =>   CDf =  0.00569    CDp =  0.00346
 plradd ia,ip,cpol           19           0  4.70064916E-02

 Point added to stored polar  1
 Point written to save file  polar.txt                                       
 Dump file unspecified or not available
 Calculating wake trajectory ...
 Calculating source influence matrix ...

 Solving BL system ...

 Side 1  free  transition at x/c =  0.7114   59
 Side 2  free  transition at x/c =  0.2118   52

   1   rms: 0.1430E+00   max: 0.9367E+00   D at   52  2
       a = -5.000      CL = -0.3017
      Cm = -0.0512     CD =  0.00844   =>   CDf =  0.00577    CDp =  0.00267

 Side 1  free  transition at x/c =  0.6656   58
 Side 2  free  transition at x/c =  0.2263   52

   2   rms: 0.3748E-01   max: -.4801E+00   D at   51  2
       a = -5.000      CL = -0.3043
      Cm = -0.0504     CD =  0.00877   =>   CDf =  0.00588    CDp =  0.00289

 Side 1  free  transition at x/c =  0.6681   59
 Side 2  free  transition at x/c =  0.2556   53

   3   rms: 0.2901E-01   max: -.5217E+00   C at   53  2   RLX: 0.958
       a = -5.000      CL = -0.3054
      Cm = -0.0504     CD =  0.00862   =>   CDf =  0.00566    CDp =  0.00296

 Side 1  free  transition at x/c =  0.6695   59
 Side 2  free  transition at x/c =  0.2407   52

   4   rms: 0.3988E-02   max: -.3938E-01   D at   52  2
       a = -5.000      CL = -0.3020
      Cm = -0.0509     CD =  0.00879   =>   CDf =  0.00571    CDp =  0.00308

 Side 1  free  transition at x/c =  0.6692   59
 Side 2  free  transition at x/c =  0.2394   52

   5   rms: 0.9614E-04   max: -.1228E-02   D at   52  2
       a = -5.000      CL = -0.3019
      Cm = -0.0509     CD =  0.00880   =>   CDf =  0.00571    CDp =  0.00308
 plradd ia,ip,cpol           20           0  5.69189638E-02

 Point added to stored polar  1
 Point written to save file  polar.txt                                       
 Dump file unspecified or not available
 Calculating wake trajectory ...
 Calculating source influence matrix ...

 Solving BL system ...

 Side 1  free  transition at x/c =  0.6692   59
 Side 2  free  transition at x/c =  0.2394   52

   1   rms: 0.1411E+00   max: -.9045E+00   D at   59  1   RLX: 0.553
       a = -4.000      CL = -0.2440
      Cm = -0.0499     CD =  0.00880   =>   CDf =  0.00577    CDp =  0.00303

 Side 1  free  transition at x/c =  0.6439   58
 Side 2  free  transition at x/c =  0.2544   52

   2   rms: 0.6369E-01   max: -.3559E+00   C at   52  2
       a = -4.000      CL = -0.1935
      Cm = -0.0500     CD =  0.00850   =>   CDf =  0.00579    CDp =  0.00271

 Side 1  free  transition at x/c =  0.6251   59
 Side 2  free  transition at x/c =  0.2669   52

   3   rms: 0.7486E-02   max: 0.8338E-01   D at   59  1
       a = -4.000      CL = -0.1957
      Cm = -0.0495     CD =  0.00852   =>   CDf =  0.00576    CDp =  0.00275

 Side 1  free  transition at x/c =  0.6283   59
 Side 2  free  transition at x/c =  0.2697   52

   4   rms: 0.8919E-03   max: -.1458E-01   D at   59  1
       a = -4.000      CL = -0.1956
      Cm = -0.0495     CD =  0.00852   =>   CDf =  0.00572    CDp =  0.00280

 Side 1  free  transition at x/c =  0.6278   59
 Side 2  free  transition at x/c =  0.2697   52

   5   rms: 0.1062E-04   max: -.1520E-03   D at   59  1
       a = -4.000      CL = -0.1956
      Cm = -0.0495     CD =  0.00852   =>   CDf =  0.00573    CDp =  0.00280
 plradd ia,ip,cpol           21           0  6.81988150E-02

 Point added to stored polar  1
 Point written to save file  polar.txt                                       
 Dump file unspecified or not available
 Calculating wake trajectory ...
 Calculating source influence matrix ...

 Solving BL system ...

 Side 1  free  transition at x/c =  0.6278   59
 Side 2  free  transition at x/c =  0.2697   52

   1   rms: 0.1480E+00   max: -.9070E+00   D at   59  1   RLX: 0.551
       a = -3.000      CL = -0.1385
      Cm = -0.0485     CD =  0.00848   =>   CDf =  0.00576    CDp =  0.00272

 Side 1  free  transition at x/c =  0.6042   59
 Side 2  free  transition at x/c =  0.2769   51

   2   rms: 0.6600E-01   max: -.3160E+00   D at   60  1
       a = -3.000      CL = -0.0862
      Cm = -0.0486     CD =  0.00864   =>   CDf =  0.00588    CDp =  0.00276

 Side 1  free  transition at x/c =  0.5858   59
 Side 2  free  transition at x/c =  0.2942   51

   3   rms: 0.1123E-01   max: -.1574E+00   C at   51  2
       a = -3.000      CL = -0.0872
      Cm = -0.0485     CD =  0.00840   =>   CDf =  0.00582    CDp =  0.00258

 Side 1  free  transition at x/c =  0.5882   59
 Side 2  free  transition at x/c =  0.3006   52

   4   rms: 0.2898E-02   max: -.2940E-01   C at   52  2
       a = -3.000      CL = -0.0882
      Cm = -0.0483     CD =  0.00834   =>   CDf =  0.00576    CDp =  0.00259

 Side 1  free  transition at x/c =  0.5881   59
 Side 2  free  transition at x/c =  0.3020   52

   5   rms: 0.2039E-03   max: -.3389E-02   D at   52  2
       a = -3.000      CL = -0.0882
      Cm = -0.0483     CD =  0.00834   =>   CDf =  0.00574    CDp =  0.00260

 Side 1  free  transition at x/c =  0.5881   59
 Side 2  free  transition at x/c =  0.3019   52

   6   rms: 0.1257E-05   max: 0.9605E-05   D at    4  1
       a = -3.000      CL = -0.0882
      Cm = -0.0483     CD =  0.00834   =>   CDf =  0.00575    CDp =  0.00260
 plradd ia,ip,cpol           22           0  8.10635760E-02

 Point added to stored polar  1
 Point written to save file  polar.txt                                       
 Dump file unspecified or not available
 Calculating wake trajectory ...
 Calculating source influence matrix ...

 Solving BL system ...

 Side 1  free  transition at x/c =  0.5881   59
 Side 2  free  transition at x/c =  0.3019   52

   1   rms: 0.1510E+00   max: 0.9908E+00   D at   52  2   RLX: 0.715
       a = -2.000      CL = -0.0138
      Cm = -0.0471     CD =  0.00818   =>   CDf =  0.00576    CDp =  0.00242

 Side 1  free  transition at x/c =  0.5589   59
 Side 2  free  transition at x/c =  0.3140   51

   2   rms: 0.4396E-01   max: -.2177E+00   T at   51  2
       a = -2.000      CL =  0.0207
      Cm = -0.0473     CD =  0.00846   =>   CDf =  0.00589    CDp =  0.00257

 Side 1  free  transition at x/c =  0.5493   58
 Side 2  free  transition at x/c =  0.3322   52

   3   rms: 0.1286E-01   max: -.2175E+00   C at   52  2
       a = -2.000      CL =  0.0197
      Cm = -0.0472     CD =  0.00825   =>   CDf =  0.00579    CDp =  0.00246

 Side 1  free  transition at x/c =  0.5510   58
 Side 2  free  transition at x/c =  0.3359   53

   4   rms: 0.2412E-02   max: -.3968E-01   D at   52  2
       a = -2.000      CL =  0.0195
      Cm = -0.0472     CD =  0.00824   =>   CDf =  0.00577    CDp =  0.00247

 Side 1  free  transition at x/c =  0.5510   58
 Side 2  free  transition at x/c =  0.3370   53

   5   rms: 0.2910E-03   max: -.5236E-02   D at   53  2
       a = -2.000      CL =  0.0195
      Cm = -0.0472     CD =  0.00824   =>   CDf =  0.00576    CDp =  0.00248

 Side 1  free  transition at x/c =  0.5510   58
 Side 2  free  transition at x/c =  0.3368   53

   6   rms: 0.3657E-05   max: -.7442E-04   D at   53  2
       a = -2.000      CL =  0.0195
      Cm = -0.0472     CD =  0.00824   =>   CDf =  0.00576    CDp =  0.00248
 plradd ia,ip,cpol           23           0  8.81716311E-02

 Point added to stored polar  1
 Point written to save file  polar.txt                                       
 Dump file unspecified or not available
 Calculating wake trajectory ...
 Calculating source influence matrix ...

 Solving BL system ...

 Side 1  free  transition at x/c =  0.5510   58
 Side 2  free  transition at x/c =  0.3368   53

   1   rms: 0.1445E+00   max: 0.8204E+00   D at   53  2
       a = -1.000      CL =  0.1271
      Cm = -0.0461     CD =  0.00795   =>   CDf =  0.00576    CDp =  0.00220

 Side 1  free  transition at x/c =  0.5142   59
 Side 2  free  transition at x/c =  0.3757   52

   2   rms: 0.1608E-01   max: -.2600E+00   C at   52  2
       a = -1.000      CL =  0.1264
      Cm = -0.0459     CD =  0.00818   =>   CDf =  0.00580    CDp =  0.00239

 Side 1  free  transition at x/c =  0.5172   59
 Side 2  free  transition at x/c =  0.3769   52

   3   rms: 0.4856E-02   max: -.1038E+00   C at   52  2
       a = -1.000      CL =  0.1264
      Cm = -0.0459     CD =  0.00819   =>   CDf =  0.00575    CDp =  0.00244

 Side 1  free  transition at x/c =  0.5161   59
 Side 2  free  transition at x/c =  0.3774   52

   4   rms: 0.1546E-03   max: -.2711E-02   D at   59  1
       a = -1.000      CL =  0.1264
      Cm = -0.0459     CD =  0.00819   =>   CDf =  0.00575    CDp =  0.00243

 Side 1  free  transition at x/c =  0.5160   59
 Side 2  free  transition at x/c =  0.3774   52

   5   rms: 0.1075E-05   max: -.1491E-04   D at   59  1
       a = -1.000      CL =  0.1264
      Cm = -0.0459     CD =  0.00819   =>   CDf =  0.00575    CDp =  0.00243
 plradd ia,ip,cpol           24           0  0.21869284    

 Point added to stored polar  1
 Point written to save file  polar.txt                                       
 Dump file unspecified or not available
 Calculating wake trajectory ...
 Calculating source influence matrix ...

 Solving BL system ...

 Side 1  free  transition at x/c =  0.5160   59
 Side 2  free  transition at x/c =  0.3774   52

   1   rms: 0.1382E+00   max: -.7503E+00   D at   59  1   RLX: 0.666
       a = -0.000      CL =  0.1974
      Cm = -0.0450     CD =  0.00836   =>   CDf =  0.00574    CDp =  0.00262

 Side 1  free  transition at x/c =  0.4928   59
 Side 2  free  transition at x/c =  0.4068   53

   2   rms: 0.5362E-01   max: 0.4256E+00   D at   53  2
       a = -0.000      CL =  0.2316
      Cm = -0.0444     CD =  0.00812   =>   CDf =  0.00575    CDp =  0.00236

 Side 1  free  transition at x/c =  0.4849   58
 Side 2  free  transition at x/c =  0.4209   53

   3   rms: 0.9821E-02   max: -.1943E+00   C at   53  2
       a = -0.000      CL =  0.2344
      Cm = -0.0449     CD =  0.00813   =>   CDf =  0.00571    CDp =  0.00242

 Side 1  free  transition at x/c =  0.4871   58
 Side 2  free  transition at x/c =  0.4249   54

   4   rms: 0.5008E-02   max: 0.6147E-01   D at   54  2
       a = -0.000      CL =  0.2339
      Cm = -0.0448     CD =  0.00809   =>   CDf =  0.00568    CDp =  0.00242

 Side 1  free  transition at x/c =  0.4872   58
 Side 2  free  transition at x/c =  0.4285   54

   5   rms: 0.1075E-02   max: -.1608E-01   D at   54  2
       a = -0.000      CL =  0.2339
      Cm = -0.0448     CD =  0.00809   =>   CDf =  0.00565    CDp =  0.00244

 Side 1  free  transition at x/c =  0.4872   58
 Side 2  free  transition at x/c =  0.4279   54

   6   rms: 0.7955E-05   max: -.1123E-03   D at   54  2
       a = -0.000      CL =  0.2339
      Cm = -0.0448     CD =  0.00809   =>   CDf =  0.00566    CDp =  0.00244
 plradd ia,ip,cpol           25           0  0.19034041    

 Point added to stored polar  1
 Point written to save file  polar.txt                                       
 Dump file unspecified or not available
 Calculating wake trajectory ...
 Calculating source influence matrix ...

 Solving BL system ...

 Side 1  free  transition at x/c =  0.4872   58
 Side 2  free  transition at x/c =  0.4279   54

   1   rms: 0.1575E+00   max: 0.1239E+01   D at   54  2   RLX: 0.426
       a =  1.000      CL =  0.2792
      Cm = -0.0442     CD =  0.00798   =>   CDf =  0.00563    CDp =  0.00235

 Side 1  free  transition at x/c =  0.4731   59
 Side 2  free  transition at x/c =  0.4416   53

   2   rms: 0.7799E-01   max: -.2235E+00   T at   53  2
       a =  1.000      CL =  0.3402
      Cm = -0.0434     CD =  0.00837   =>   CDf =  0.00567    CDp =  0.00270

 Side 1  free  transition at x/c =  0.4554   59
 Side 2  free  transition at x/c =  0.5016   55

   3   rms: 0.1474E-01   max: 0.2293E+00   D at   59  1
       a =  1.000      CL =  0.3394
      Cm = -0.0433     CD =  0.00801   =>   CDf =  0.00555    CDp =  0.00246

 Side 1  free  transition at x/c =  0.4615   59
 Side 2  free  transition at x/c =  0.4920   55

   4   rms: 0.4251E-02   max: 0.4704E-01   C at   59  1
       a =  1.000      CL =  0.3404
      Cm = -0.0435     CD =  0.00808   =>   CDf =  0.00553    CDp =  0.00255

 Side 1  free  transition at x/c =  0.4597   59
 Side 2  free  transition at x/c =  0.4893   54

   5   rms: 0.1338E-03   max: -.1746E-02   D at   54  2
       a =  1.000      CL =  0.3403
      Cm = -0.0435     CD =  0.00808   =>   CDf =  0.00555    CDp =  0.00253

 Side 1  free  transition at x/c =  0.4597   59
 Side 2  free  transition at x/c =  0.4893   54

   6   rms: 0.9649E-06   max: -.1303E-04   D at   59  1
       a =  1.000      CL =  0.3403
      Cm = -0.0435     CD =  0.00808   =>   CDf =  0.00555    CDp =  0.00253
 plradd ia,ip,cpol           26           0  0.17711742    

 Point added to stored polar  1
 Point written to save file  polar.txt                                       
 Dump file unspecified or not available
 Calculating wake trajectory ...
 Calculating source influence matrix ...

 Solving BL system ...

 Side 1  free  transition at x/c =  0.4597   59
 Side 2  free  transition at x/c =  0.4893   54

   1   rms: 0.1406E+00   max: -.8207E+00   C at   54  2   RLX: 0.609
       a =  2.000      CL =  0.4056
      Cm = -0.0427     CD =  0.00823   =>   CDf =  0.00551    CDp =  0.00272

 Side 1  free  transition at x/c =  0.4438   59
 Side 2  free  transition at x/c =  0.5328   55

   2   rms: 0.5281E-01   max: -.1345E+00   T at   55  2
       a =  2.000      CL =  0.4483
      Cm = -0.0424     CD =  0.00816   =>   CDf =  0.00542    CDp =  0.00274

 Side 1  free  transition at x/c =  0.4321   60
 Side 2  free  transition at x/c =  0.5546   55

   3   rms: 0.1308E-01   max: -.2519E+00   C at   55  2
       a =  2.000      CL =  0.4448
      Cm = -0.0418     CD =  0.00814   =>   CDf =  0.00546    CDp =  0.00268

 Side 1  free  transition at x/c =  0.4324   60
 Side 2  free  transition at x/c =  0.5537   55

   4   rms: 0.5786E-03   max: 0.1189E-01   C at   55  2
       a =  2.000      CL =  0.4449
      Cm = -0.0418     CD =  0.00815   =>   CDf =  0.00544    CDp =  0.00271

 Side 1  free  transition at x/c =  0.4324   60
 Side 2  free  transition at x/c =  0.5532   55

   5   rms: 0.4124E-05   max: -.9270E-04   C at   55  2
       a =  2.000      CL =  0.4449
      Cm = -0.0418     CD =  0.00815   =>   CDf =  0.00544    CDp =  0.00271
 plradd ia,ip,cpol           27           0  0.15264380    

 Point added to stored polar  1
 Point written to save file  polar.txt                                       
 Dump file unspecified or not available
 Calculating wake trajectory ...
 Calculating source influence matrix ...

 Solving BL system ...

 Side 1  free  transition at x/c =  0.4324   60
 Side 2  free  transition at x/c =  0.5532   55

   1   rms: 0.1466E+00   max: -.1255E+01   C at   55  2   RLX: 0.399
       a =  3.000      CL =  0.4853
      Cm = -0.0410     CD =  0.00829   =>   CDf =  0.00544    CDp =  0.00285

 Side 1  free  transition at x/c =  0.4216   59
 Side 2  free  transition at x/c =  0.5749   56

   2   rms: 0.8933E-01   max: -.7911E+00   C at   56  2   RLX: 0.632
       a =  3.000      CL =  0.5268
      Cm = -0.0407     CD =  0.00824   =>   CDf =  0.00533    CDp =  0.00292

 Side 1  free  transition at x/c =  0.4112   60
 Side 2  free  transition at x/c =  0.5844   56

   3   rms: 0.3945E-01   max: -.2948E+00   C at   56  2
       a =  3.000      CL =  0.5478
      Cm = -0.0399     CD =  0.00832   =>   CDf =  0.00546    CDp =  0.00285

 Side 1  free  transition at x/c =  0.4058   59
 Side 2  free  transition at x/c =  0.6268   57

   4   rms: 0.1696E-01   max: -.3004E+00   C at   57  2
       a =  3.000      CL =  0.5490
      Cm = -0.0402     CD =  0.00823   =>   CDf =  0.00530    CDp =  0.00292

 Side 1  free  transition at x/c =  0.4070   59
 Side 2  free  transition at x/c =  0.6118   57

   5   rms: 0.1971E-02   max: 0.2555E-01   D at   58  2
       a =  3.000      CL =  0.5499
      Cm = -0.0403     CD =  0.00828   =>   CDf =  0.00534    CDp =  0.00294

 Side 1  free  transition at x/c =  0.4070   59
 Side 2  free  transition at x/c =  0.6129   57

   6   rms: 0.8085E-04   max: -.1269E-02   D at   57  2
       a =  3.000      CL =  0.5499
      Cm = -0.0403     CD =  0.00828   =>   CDf =  0.00533    CDp =  0.00295
 plradd ia,ip,cpol           28           0  0.13080209    

 Point added to stored polar  1
 Point written to save file  polar.txt                                       
 Dump file unspecified or not available
 Calculating wake trajectory ...
 Calculating source influence matrix ...

 Solving BL system ...

 Side 1  free  transition at x/c =  0.4070   59
 Side 2  free  transition at x/c =  0.6128   57

   1   rms: 0.1510E+00   max: 0.1179E+01   D at   57  2   RLX: 0.543
       a =  4.000      CL =  0.6067
      Cm = -0.0395     CD =  0.00825   =>   CDf =  0.00526    CDp =  0.00299

 Side 1  free  transition at x/c =  0.3896   59
 Side 2  free  transition at x/c =  0.6287   56

   2   rms: 0.6158E-01   max: -.2737E+00   T at   56  2
       a =  4.000      CL =  0.6564
      Cm = -0.0391     CD =  0.00861   =>   CDf =  0.00533    CDp =  0.00328

 Side 1  free  transition at x/c =  0.3763   60
 Side 2  free  transition at x/c =  0.6848   58

   3   rms: 0.9669E-02   max: 0.1824E+00   D at   55  2
       a =  4.000      CL =  0.6506
      Cm = -0.0380     CD =  0.00851   =>   CDf =  0.00525    CDp =  0.00326

 Side 1  free  transition at x/c =  0.3785   60
 Side 2  free  transition at x/c =  0.6781   57

   4   rms: 0.1867E-02   max: -.3490E-01   D at   57  2
       a =  4.000      CL =  0.6505
      Cm = -0.0380     CD =  0.00852   =>   CDf =  0.00523    CDp =  0.00329

 Side 1  free  transition at x/c =  0.3784   60
 Side 2  free  transition at x/c =  0.6756   57

   5   rms: 0.7931E-04   max: -.1536E-02   C at   57  2
       a =  4.000      CL =  0.6505
      Cm = -0.0380     CD =  0.00852   =>   CDf =  0.00524    CDp =  0.00329
 plradd ia,ip,cpol           29           0  0.11149547    

 Point added to stored polar  1
 Point written to save file  polar.txt                                       
 Dump file unspecified or not available
 Calculating wake trajectory ...
 Calculating source influence matrix ...

 Solving BL system ...

 Side 1  free  transition at x/c =  0.3784   60
 Side 2  free  transition at x/c =  0.6756   57

   1   rms: 0.1444E+00   max: -.1194E+01   C at   57  2   RLX: 0.419
       a =  5.000      CL =  0.6893
      Cm = -0.0364     CD =  0.00872   =>   CDf =  0.00524    CDp =  0.00349

 Side 1  free  transition at x/c =  0.3667   59
 Side 2  free  transition at x/c =  0.7008   58

   2   rms: 0.8170E-01   max: -.7228E+00   C at   58  2   RLX: 0.692
       a =  5.000      CL =  0.7281
      Cm = -0.0351     CD =  0.00876   =>   CDf =  0.00510    CDp =  0.00366

 Side 1  free  transition at x/c =  0.3528   59
 Side 2  free  transition at x/c =  0.7249   58

   3   rms: 0.2411E-01   max: -.2102E+00   C at   58  2
       a =  5.000      CL =  0.7428
      Cm = -0.0341     CD =  0.00889   =>   CDf =  0.00521    CDp =  0.00368

 Side 1  free  transition at x/c =  0.3495   59
 Side 2  free  transition at x/c =  0.7419   59

   4   rms: 0.1019E-02   max: -.1732E-01   D at   59  2
       a =  5.000      CL =  0.7424
      Cm = -0.0340     CD =  0.00887   =>   CDf =  0.00513    CDp =  0.00374

 Side 1  free  transition at x/c =  0.3496   59
 Side 2  free  transition at x/c =  0.7417   59

   5   rms: 0.5671E-05   max: 0.8636E-04   C at   59  2
       a =  5.000      CL =  0.7424
      Cm = -0.0340     CD =  0.00887   =>   CDf =  0.00513    CDp =  0.00374
 plradd ia,ip,cpol           30           0  9.45394933E-02

 Point added to stored polar  1
 Point written to save file  polar.txt                                       
 Dump file unspecified or not available
 Calculating wake trajectory ...
 Calculating source influence matrix ...

 Solving BL system ...

 Side 1  free  transition at x/c =  0.3496   59
 Side 2  free  transition at x/c =  0.7417   59

   1   rms: 0.1513E+00   max: -.1566E+01   C at   59  2   RLX: 0.319
       a =  6.000      CL =  0.7740
      Cm = -0.0333     CD =  0.00896   =>   CDf =  0.00503    CDp =  0.00393

 Side 1  free  transition at x/c =  0.3385   60
 Side 2  free  transition at x/c =  0.7546   58

   2   rms: 0.9819E-01   max: -.5349E+00   D at   60  1   RLX: 0.935
       a =  6.000      CL =  0.8324
      Cm = -0.0311     CD =  0.00966   =>   CDf =  0.00517    CDp =  0.00448

 Side 1  free  transition at x/c =  0.3191   59
 Side 2  free  transition at x/c =  0.8228   61

   3   rms: 0.2025E-01   max: -.2964E+00   C at   61  2
       a =  6.000      CL =  0.8361
      Cm = -0.0307     CD =  0.00942   =>   CDf =  0.00505    CDp =  0.00437

 Side 1  free  transition at x/c =  0.3201   59
 Side 2  free  transition at x/c =  0.8184   61

   4   rms: 0.4226E-02   max: 0.6530E-01   C at   61  2
       a =  6.000      CL =  0.8365
      Cm = -0.0308     CD =  0.00944   =>   CDf =  0.00501    CDp =  0.00443

 Side 1  free  transition at x/c =  0.3195   59
 Side 2  free  transition at x/c =  0.8134   61

   5   rms: 0.2766E-03   max: -.5223E-02   C at   61  2
       a =  6.000      CL =  0.8366
      Cm = -0.0308     CD =  0.00944   =>   CDf =  0.00503    CDp =  0.00441

 Side 1  free  transition at x/c =  0.3195   59
 Side 2  free  transition at x/c =  0.8135   61

   6   rms: 0.2675E-05   max: -.2907E-04   D at    4  2
       a =  6.000      CL =  0.8366
      Cm = -0.0308     CD =  0.00944   =>   CDf =  0.00503    CDp =  0.00441
 plradd ia,ip,cpol           31           0  7.97009990E-02

 Point added to stored polar  1
 Point written to save file  polar.txt                                       
 Dump file unspecified or not available
 Calculating wake trajectory ...
 Calculating source influence matrix ...

 Solving BL system ...

 Side 1  free  transition at x/c =  0.3195   59
 Side 2  free  transition at x/c =  0.8135   61

   1   rms: 0.1595E+00   max: -.1602E+01   C at   61  2   RLX: 0.312
       a =  7.000      CL =  0.8633
      Cm = -0.0294     CD =  0.00971   =>   CDf =  0.00492    CDp =  0.00479

 Side 1  free  transition at x/c =  0.3111   59
 Side 2  free  transition at x/c =  0.8275   60

   2   rms: 0.9434E-01   max: 0.4957E+00   C at   59  1
       a =  7.000      CL =  0.9347
      Cm = -0.0286     CD =  0.01016   =>   CDf =  0.00491    CDp =  0.00525

 Side 1  free  transition at x/c =  0.2893   59
 Side 2  free  transition at x/c =  0.9079   63

   3   rms: 0.2029E-01   max: 0.3213E+00   D at   59  2
       a =  7.000      CL =  0.9269
      Cm = -0.0270     CD =  0.01013   =>   CDf =  0.00487    CDp =  0.00526

 Side 1  free  transition at x/c =  0.2913   59
 Side 2  free  transition at x/c =  0.8965   62

   4   rms: 0.5160E-02   max: -.7718E-01   D at   62  2
       a =  7.000      CL =  0.9271
      Cm = -0.0270     CD =  0.01014   =>   CDf =  0.00488    CDp =  0.00526

 Side 1  free  transition at x/c =  0.2913   59
 Side 2  free  transition at x/c =  0.8872   62

   5   rms: 0.1071E-02   max: -.2087E-01   C at   62  2
       a =  7.000      CL =  0.9274
      Cm = -0.0271     CD =  0.01015   =>   CDf =  0.00490    CDp =  0.00525

 Side 1  free  transition at x/c =  0.2913   59
 Side 2  free  transition at x/c =  0.8877   62

   6   rms: 0.1253E-04   max: -.2196E-03   D at   63  2
       a =  7.000      CL =  0.9274
      Cm = -0.0271     CD =  0.01015   =>   CDf =  0.00490    CDp =  0.00526
 plradd ia,ip,cpol           32           0  6.67340234E-02

 Point added to stored polar  1
 Point written to save file  polar.txt                                       
 Dump file unspecified or not available
 Calculating wake trajectory ...
 Calculating source influence matrix ...

 Solving BL system ...

 Side 1  free  transition at x/c =  0.2913   59
 Side 2  free  transition at x/c =  0.8877   62

   1   rms: 0.1502E+00   max: -.1471E+01   C at   62  2   RLX: 0.340
       a =  8.000      CL =  0.9562
      Cm = -0.0255     CD =  0.01046   =>   CDf =  0.00489    CDp =  0.00556

 Side 1  free  transition at x/c =  0.2807   58
 Side 2  free  transition at x/c =  0.8990   63

   2   rms: 0.9450E-01   max: -.6567E+00   C at   63  2   RLX: 0.761
       a =  8.000      CL =  1.0049
      Cm = -0.0245     CD =  0.01078   =>   CDf =  0.00485    CDp =  0.00592

 Side 1  free  transition at x/c =  0.2647   58
 Side 2  free  transition at x/c =  0.9475   64

   3   rms: 0.1916E-01   max: -.1598E+00   C at   64  2
       a =  8.000      CL =  1.0073
      Cm = -0.0214     CD =  0.01118   =>   CDf =  0.00489    CDp =  0.00629

 Side 1  free  transition at x/c =  0.2631   58
 Side 2  free  transition at x/c =  0.9542   64

   4   rms: 0.3088E-02   max: -.5763E-01   C at   64  2
       a =  8.000      CL =  1.0066
      Cm = -0.0213     CD =  0.01120   =>   CDf =  0.00486    CDp =  0.00633

 Side 1  free  transition at x/c =  0.2631   58
 Side 2  free  transition at x/c =  0.9560   64

   5   rms: 0.5191E-04   max: -.9354E-03   D at   66  2
       a =  8.000      CL =  1.0066
      Cm = -0.0213     CD =  0.01120   =>   CDf =  0.00486    CDp =  0.00634
 plradd ia,ip,cpol           33           0  5.54049090E-02

 Point added to stored polar  1
 Point written to save file  polar.txt                                       
 Dump file unspecified or not available
 Calculating wake trajectory ...
 Calculating source influence matrix ...

 Solving BL system ...

 Side 1  free  transition at x/c =  0.2631   58
 Side 2  free  transition at x/c =  0.9559   64

   1   rms: 0.1294E+00   max: -.5029E+00   C at   64  2   RLX: 0.994
       a =  9.000      CL =  1.0880
      Cm = -0.0162     CD =  0.01213   =>   CDf =  0.00477    CDp =  0.00736

 MRCHDU: Convergence failed at  66  side 2    Res =  0.1923E+01
 Side 1  free  transition at x/c =  0.2336   58
 Side 2 forced transition at x/c =  0.9999   66

   2   rms: 0.7057E-01   max: 0.8181E+00   D at   63  2
       a =  9.000      CL =  1.1381
      Cm = -0.0277     CD =  0.01281   =>   CDf =  0.00495    CDp =  0.00786

 Side 1  free  transition at x/c =  0.2315   58
 Side 2 forced transition at x/c =  0.9999   65

   3   rms: 0.6470E-01   max: 0.9117E+00   C at   65  2
       a =  9.000      CL =  1.1622
      Cm = -0.0322     CD =  0.01296   =>   CDf =  0.00501    CDp =  0.00795

 Side 1  free  transition at x/c =  0.2303   58
 Side 2  free  transition at x/c =  0.9601   63

   4   rms: 0.9926E-01   max: -.9165E+00   D at   65  2   RLX: 0.546
       a =  9.000      CL =  1.1122
      Cm = -0.0223     CD =  0.01330   =>   CDf =  0.00501    CDp =  0.00829

 Side 1  free  transition at x/c =  0.2331   58
 Side 2  free  transition at x/c =  0.9994   65

   5   rms: 0.1715E-01   max: -.3495E+00   C at   65  2
       a =  9.000      CL =  1.1097
      Cm = -0.0215     CD =  0.01268   =>   CDf =  0.00498    CDp =  0.00770

 Side 1  free  transition at x/c =  0.2329   58
 Side 2  free  transition at x/c =  0.9922   65

   6   rms: 0.6069E-02   max: -.7641E-01   C at   65  2
       a =  9.000      CL =  1.1101
      Cm = -0.0216     CD =  0.01271   =>   CDf =  0.00498    CDp =  0.00773

 Side 1  free  transition at x/c =  0.2329   58
 Side 2  free  transition at x/c =  0.9936   65

   7   rms: 0.3053E-02   max: -.7176E-01   C at   58  1
       a =  9.000      CL =  1.1100
      Cm = -0.0216     CD =  0.01271   =>   CDf =  0.00498    CDp =  0.00773

 Side 1  free  transition at x/c =  0.2329   58
 Side 2  free  transition at x/c =  0.9936   65

   8   rms: 0.3052E-02   max: -.7171E-01   C at   58  1
       a =  9.000      CL =  1.1100
      Cm = -0.0216     CD =  0.01271   =>   CDf =  0.00498    CDp =  0.00773

 Side 1  free  transition at x/c =  0.2329   58
 Side 2  free  transition at x/c =  0.9936   65

   9   rms: 0.3052E-02   max: -.7171E-01   C at   58  1
       a =  9.000      CL =  1.1100
      Cm = -0.0216     CD =  0.01271   =>   CDf =  0.00498    CDp =  0.00773

 Side 1  free  transition at x/c =  0.2329   58
 Side 2  free  transition at x/c =  0.9936   65

  10   rms: 0.3052E-02   max: -.7172E-01   C at   58  1
       a =  9.000      CL =  1.1100
      Cm = -0.0216     CD =  0.01271   =>   CDf =  0.00498    CDp =  0.00773

 Side 1  free  transition at x/c =  0.2329   58
 Side 2  free  transition at x/c =  0.9936   65

  11   rms: 0.3052E-02   max: -.7172E-01   C at   58  1
       a =  9.000      CL =  1.1100
      Cm = -0.0216     CD =  0.01271   =>   CDf =  0.00498    CDp =  0.00773

 Side 1  free  transition at x/c =  0.2329   58
 Side 2  free  transition at x/c =  0.9936   65

  12   rms: 0.3052E-02   max: -.7171E-01   C at   58  1
       a =  9.000      CL =  1.1100
      Cm = -0.0216     CD =  0.01271   =>   CDf =  0.00498    CDp =  0.00773

 Side 1  free  transition at x/c =  0.2329   58
 Side 2  free  transition at x/c =  0.9936   65

  13   rms: 0.3052E-02   max: -.7172E-01   C at   58  1
       a =  9.000      CL =  1.1100
      Cm = -0.0216     CD =  0.01271   =>   CDf =  0.00498    CDp =  0.00773

 Side 1  free  transition at x/c =  0.2329   58
 Side 2  free  transition at x/c =  0.9936   65

  14   rms: 0.3052E-02   max: -.7171E-01   C at   58  1
       a =  9.000      CL =  1.1100
      Cm = -0.0216     CD =  0.01271   =>   CDf =  0.00498    CDp =  0.00773

 Side 1  free  transition at x/c =  0.2329   58
 Side 2  free  transition at x/c =  0.9936   65

  15   rms: 0.3052E-02   max: -.7172E-01   C at   58  1
       a =  9.000      CL =  1.1100
      Cm = -0.0216     CD =  0.01271   =>   CDf =  0.00498    CDp =  0.00773

 Side 1  free  transition at x/c =  0.2329   58
 Side 2  free  transition at x/c =  0.9936   65

  16   rms: 0.3052E-02   max: -.7172E-01   C at   58  1
       a =  9.000      CL =  1.1100
      Cm = -0.0216     CD =  0.01271   =>   CDf =  0.00498    CDp =  0.00773

 Side 1  free  transition at x/c =  0.2329   58
 Side 2  free  transition at x/c =  0.9936   65

  17   rms: 0.3052E-02   max: -.7172E-01   C at   58  1
       a =  9.000      CL =  1.1100
      Cm = -0.0216     CD =  0.01271   =>   CDf =  0.00498    CDp =  0.00773

 Side 1  free  transition at x/c =  0.2329   58
 Side 2  free  transition at x/c =  0.9936   65

  18   rms: 0.3052E-02   max: -.7172E-01   C at   58  1
       a =  9.000      CL =  1.1100
      Cm = -0.0216     CD =  0.01271   =>   CDf =  0.00498    CDp =  0.00773

 Side 1  free  transition at x/c =  0.2329   58
 Side 2  free  transition at x/c =  0.9936   65

  19   rms: 0.3052E-02   max: -.7172E-01   C at   58  1
       a =  9.000      CL =  1.1100
      Cm = -0.0216     CD =  0.01271   =>   CDf =  0.00498    CDp =  0.00773

 Side 1  free  transition at x/c =  0.2329   58
 Side 2  free  transition at x/c =  0.9936   65

  20   rms: 0.3052E-02   max: -.7172E-01   C at   58  1
       a =  9.000      CL =  1.1100
      Cm = -0.0216     CD =  0.01271   =>   CDf =  0.00498    CDp =  0.00773

 Side 1  free  transition at x/c =  0.2329   58
 Side 2  free  transition at x/c =  0.9936   65

  21   rms: 0.3052E-02   max: -.7172E-01   C at   58  1
       a =  9.000      CL =  1.1100
      Cm = -0.0216     CD =  0.01271   =>   CDf =  0.00498    CDp =  0.00773

 Side 1  free  transition at x/c =  0.2329   58
 Side 2  free  transition at x/c =  0.9936   65

  22   rms: 0.3052E-02   max: -.7171E-01   C at   58  1
       a =  9.000      CL =  1.1100
      Cm = -0.0216     CD =  0.01271   =>   CDf =  0.00498    CDp =  0.00773

 Side 1  free  transition at x/c =  0.2329   58
 Side 2  free  transition at x/c =  0.9936   65

  23   rms: 0.3052E-02   max: -.7171E-01   C at   58  1
       a =  9.000      CL =  1.1100
      Cm = -0.0216     CD =  0.01271   =>   CDf =  0.00498    CDp =  0.00773

 Side 1  free  transition at x/c =  0.2329   58
 Side 2  free  transition at x/c =  0.9936   65

  24   rms: 0.3052E-02   max: -.7172E-01   C at   58  1
       a =  9.000      CL =  1.1100
      Cm = -0.0216     CD =  0.01271   =>   CDf =  0.00498    CDp =  0.00773

 Side 1  free  transition at x/c =  0.2329   58
 Side 2  free  transition at x/c =  0.9936   65

  25   rms: 0.3052E-02   max: -.7172E-01   C at   58  1
       a =  9.000      CL =  1.1100
      Cm = -0.0216     CD =  0.01271   =>   CDf =  0.00498    CDp =  0.00773

 Side 1  free  transition at x/c =  0.2329   58
 Side 2  free  transition at x/c =  0.9936   65

  26   rms: 0.3052E-02   max: -.7172E-01   C at   58  1
       a =  9.000      CL =  1.1100
      Cm = -0.0216     CD =  0.01271   =>   CDf =  0.00498    CDp =  0.00773

 Side 1  free  transition at x/c =  0.2329   58
 Side 2  free  transition at x/c =  0.9936   65

  27   rms: 0.3052E-02   max: -.7172E-01   C at   58  1
       a =  9.000      CL =  1.1100
      Cm = -0.0216     CD =  0.01271   =>   CDf =  0.00498    CDp =  0.00773

 Side 1  free  transition at x/c =  0.2329   58
 Side 2  free  transition at x/c =  0.9936   65

  28   rms: 0.3052E-02   max: -.7171E-01   C at   58  1
       a =  9.000      CL =  1.1100
      Cm = -0.0216     CD =  0.01271   =>   CDf =  0.00498    CDp =  0.00773

 Side 1  free  transition at x/c =  0.2329   58
 Side 2  free  transition at x/c =  0.9936   65

  29   rms: 0.3052E-02   max: -.7171E-01   C at   58  1
       a =  9.000      CL =  1.1100
      Cm = -0.0216     CD =  0.01271   =>   CDf =  0.00498    CDp =  0.00773

 Side 1  free  transition at x/c =  0.2329   58
 Side 2  free  transition at x/c =  0.9936   65

  30   rms: 0.3052E-02   max: -.7172E-01   C at   58  1
       a =  9.000      CL =  1.1100
      Cm = -0.0216     CD =  0.01271   =>   CDf =  0.00498    CDp =  0.00773

 Side 1  free  transition at x/c =  0.2329   58
 Side 2  free  transition at x/c =  0.9936   65

  31   rms: 0.3052E-02   max: -.7172E-01   C at   58  1
       a =  9.000      CL =  1.1100
      Cm = -0.0216     CD =  0.01271   =>   CDf =  0.00498    CDp =  0.00773

 Side 1  free  transition at x/c =  0.2329   58
 Side 2  free  transition at x/c =  0.9936   65

  32   rms: 0.3052E-02   max: -.7171E-01   C at   58  1
       a =  9.000      CL =  1.1100
      Cm = -0.0216     CD =  0.01271   =>   CDf =  0.00498    CDp =  0.00773

 Side 1  free  transition at x/c =  0.2329   58
 Side 2  free  transition at x/c =  0.9936   65

  33   rms: 0.3052E-02   max: -.7171E-01   C at   58  1
       a =  9.000      CL =  1.1100
      Cm = -0.0216     CD =  0.01271   =>   CDf =  0.00498    CDp =  0.00773

 Side 1  free  transition at x/c =  0.2329   58
 Side 2  free  transition at x/c =  0.9936   65

  34   rms: 0.3052E-02   max: -.7172E-01   C at   58  1
       a =  9.000      CL =  1.1100
      Cm = -0.0216     CD =  0.01271   =>   CDf =  0.00498    CDp =  0.00773

 Side 1  free  transition at x/c =  0.2329   58
 Side 2  free  transition at x/c =  0.9936   65

  35   rms: 0.3052E-02   max: -.7172E-01   C at   58  1
       a =  9.000      CL =  1.1100
      Cm = -0.0216     CD =  0.01271   =>   CDf =  0.00498    CDp =  0.00773

 Side 1  free  transition at x/c =  0.2329   58
 Side 2  free  transition at x/c =  0.9936   65

  36   rms: 0.3052E-02   max: -.7172E-01   C at   58  1
       a =  9.000      CL =  1.1100
      Cm = -0.0216     CD =  0.01271   =>   CDf =  0.00498    CDp =  0.00773

 Side 1  free  transition at x/c =  0.2329   58
 Side 2  free  transition at x/c =  0.9936   65

  37   rms: 0.3052E-02   max: -.7171E-01   C at   58  1
       a =  9.000      CL =  1.1100
      Cm = -0.0216     CD =  0.01271   =>   CDf =  0.00498    CDp =  0.00773

 Side 1  free  transition at x/c =  0.2329   58
 Side 2  free  transition at x/c =  0.9936   65

  38   rms: 0.3052E-02   max: -.7171E-01   C at   58  1
       a =  9.000      CL =  1.1100
      Cm = -0.0216     CD =  0.01271   =>   CDf =  0.00498    CDp =  0.00773

 Side 1  free  transition at x/c =  0.2329   58
 Side 2  free  transition at x/c =  0.9936   65

  39   rms: 0.3052E-02   max: -.7172E-01   C at   58  1
       a =  9.000      CL =  1.1100
      Cm = -0.0216     CD =  0.01271   =>   CDf =  0.00498    CDp =  0.00773

 Side 1  free  transition at x/c =  0.2329   58
 Side 2  free  transition at x/c =  0.9936   65

  40   rms: 0.3052E-02   max: -.7172E-01   C at   58  1
       a =  9.000      CL =  1.1100
      Cm = -0.0216     CD =  0.01271   =>   CDf =  0.00498    CDp =  0.00773

 Side 1  free  transition at x/c =  0.2329   58
 Side 2  free  transition at x/c =  0.9936   65

  41   rms: 0.3052E-02   max: -.7171E-01   C at   58  1
       a =  9.000      CL =  1.1100
      Cm = -0.0216     CD =  0.01271   =>   CDf =  0.00498    CDp =  0.00773

 Side 1  free  transition at x/c =  0.2329   58
 Side 2  free  transition at x/c =  0.9936   65

  42   rms: 0.3052E-02   max: -.7172E-01   C at   58  1
       a =  9.000      CL =  1.1100
      Cm = -0.0216     CD =  0.01271   =>   CDf =  0.00498    CDp =  0.00773

 Side 1  free  transition at x/c =  0.2329   58
 Side 2  free  transition at x/c =  0.9936   65

  43   rms: 0.3052E-02   max: -.7172E-01   C at   58  1
       a =  9.000      CL =  1.1100
      Cm = -0.0216     CD =  0.01271   =>   CDf =  0.00498    CDp =  0.00773

 Side 1  free  transition at x/c =  0.2329   58
 Side 2  free  transition at x/c =  0.9936   65

  44   rms: 0.3052E-02   max: -.7171E-01   C at   58  1
       a =  9.000      CL =  1.1100
      Cm = -0.0216     CD =  0.01271   =>   CDf =  0.00498    CDp =  0.00773

 Side 1  free  transition at x/c =  0.2329   58
 Side 2  free  transition at x/c =  0.9936   65

  45   rms: 0.3052E-02   max: -.7172E-01   C at   58  1
       a =  9.000      CL =  1.1100
      Cm = -0.0216     CD =  0.01271   =>   CDf =  0.00498    CDp =  0.00773

 Side 1  free  transition at x/c =  0.2329   58
 Side 2  free  transition at x/c =  0.9936   65

  46   rms: 0.3052E-02   max: -.7172E-01   C at   58  1
       a =  9.000      CL =  1.1100
      Cm = -0.0216     CD =  0.01271   =>   CDf =  0.00498    CDp =  0.00773

 Side 1  free  transition at x/c =  0.2329   58
 Side 2  free  transition at x/c =  0.9936   65

  47   rms: 0.3052E-02   max: -.7172E-01   C at   58  1
       a =  9.000      CL =  1.1100
      Cm = -0.0216     CD =  0.01271   =>   CDf =  0.00498    CDp =  0.00773

 Side 1  free  transition at x/c =  0.2329   58
 Side 2  free  transition at x/c =  0.9936   65

  48   rms: 0.3052E-02   max: -.7171E-01   C at   58  1
       a =  9.000      CL =  1.1100
      Cm = -0.0216     CD =  0.01271   =>   CDf =  0.00498    CDp =  0.00773

 Side 1  free  transition at x/c =  0.2329   58
 Side 2  free  transition at x/c =  0.9936   65

  49   rms: 0.3052E-02   max: -.7171E-01   C at   58  1
       a =  9.000      CL =  1.1100
      Cm = -0.0216     CD =  0.01271   =>   CDf =  0.00498    CDp =  0.00773

 Side 1  free  transition at x/c =  0.2329   58
 Side 2  free  transition at x/c =  0.9936   65

  50   rms: 0.3052E-02   max: -.7171E-01   C at   58  1
       a =  9.000      CL =  1.1100
      Cm = -0.0216     CD =  0.01271   =>   CDf =  0.00498    CDp =  0.00773

 Side 1  free  transition at x/c =  0.2329   58
 Side 2  free  transition at x/c =  0.9936   65

  51   rms: 0.3052E-02   max: -.7171E-01   C at   58  1
       a =  9.000      CL =  1.1100
      Cm = -0.0216     CD =  0.01271   =>   CDf =  0.00498    CDp =  0.00773

 Side 1  free  transition at x/c =  0.2329   58
 Side 2  free  transition at x/c =  0.9936   65

  52   rms: 0.3052E-02   max: -.7172E-01   C at   58  1
       a =  9.000      CL =  1.1100
      Cm = -0.0216     CD =  0.01271   =>   CDf =  0.00498    CDp =  0.00773

 Side 1  free  transition at x/c =  0.2329   58
 Side 2  free  transition at x/c =  0.9936   65

  53   rms: 0.3052E-02   max: -.7172E-01   C at   58  1
       a =  9.000      CL =  1.1100
      Cm = -0.0216     CD =  0.01271   =>   CDf =  0.00498    CDp =  0.00773

 Side 1  free  transition at x/c =  0.2329   58
 Side 2  free  transition at x/c =  0.9936   65

  54   rms: 0.3052E-02   max: -.7171E-01   C at   58  1
       a =  9.000      CL =  1.1100
      Cm = -0.0216     CD =  0.01271   =>   CDf =  0.00498    CDp =  0.00773

 Side 1  free  transition at x/c =  0.2329   58
 Side 2  free  transition at x/c =  0.9936   65

  55   rms: 0.3052E-02   max: -.7171E-01   C at   58  1
       a =  9.000      CL =  1.1100
      Cm = -0.0216     CD =  0.01271   =>   CDf =  0.00498    CDp =  0.00773

 Side 1  free  transition at x/c =  0.2329   58
 Side 2  free  transition at x/c =  0.9936   65

  56   rms: 0.3052E-02   max: -.7171E-01   C at   58  1
       a =  9.000      CL =  1.1100
      Cm = -0.0216     CD =  0.01271   =>   CDf =  0.00498    CDp =  0.00773

 Side 1  free  transition at x/c =  0.2329   58
 Side 2  free  transition at x/c =  0.9936   65

  57   rms: 0.3052E-02   max: -.7171E-01   C at   58  1
       a =  9.000      CL =  1.1100
      Cm = -0.0216     CD =  0.01271   =>   CDf =  0.00498    CDp =  0.00773

 Side 1  free  transition at x/c =  0.2329   58
 Side 2  free  transition at x/c =  0.9936   65

  58   rms: 0.3052E-02   max: -.7172E-01   C at   58  1
       a =  9.000      CL =  1.1100
      Cm = -0.0216     CD =  0.01271   =>   CDf =  0.00498    CDp =  0.00773

 Side 1  free  transition at x/c =  0.2329   58
 Side 2  free  transition at x/c =  0.9936   65

  59   rms: 0.3052E-02   max: -.7172E-01   C at   58  1
       a =  9.000      CL =  1.1100
      Cm = -0.0216     CD =  0.01271   =>   CDf =  0.00498    CDp =  0.00773

 Side 1  free  transition at x/c =  0.2329   58
 Side 2  free  transition at x/c =  0.9936   65

  60   rms: 0.3052E-02   max: -.7171E-01   C at   58  1
       a =  9.000      CL =  1.1100
      Cm = -0.0216     CD =  0.01271   =>   CDf =  0.00498    CDp =  0.00773

 Side 1  free  transition at x/c =  0.2329   58
 Side 2  free  transition at x/c =  0.9936   65

  61   rms: 0.3052E-02   max: -.7171E-01   C at   58  1
       a =  9.000      CL =  1.1100
      Cm = -0.0216     CD =  0.01271   =>   CDf =  0.00498    CDp =  0.00773

 Side 1  free  transition at x/c =  0.2329   58
 Side 2  free  transition at x/c =  0.9936   65

  62   rms: 0.3052E-02   max: -.7172E-01   C at   58  1
       a =  9.000      CL =  1.1100
      Cm = -0.0216     CD =  0.01271   =>   CDf =  0.00498    CDp =  0.00773

 Side 1  free  transition at x/c =  0.2329   58
 Side 2  free  transition at x/c =  0.9936   65

  63   rms: 0.3052E-02   max: -.7171E-01   C at   58  1
       a =  9.000      CL =  1.1100
      Cm = -0.0216     CD =  0.01271   =>   CDf =  0.00498    CDp =  0.00773

 Side 1  free  transition at x/c =  0.2329   58
 Side 2  free  transition at x/c =  0.9936   65

  64   rms: 0.3052E-02   max: -.7171E-01   C at   58  1
       a =  9.000      CL =  1.1100
      Cm = -0.0216     CD =  0.01271   =>   CDf =  0.00498    CDp =  0.00773

 Side 1  free  transition at x/c =  0.2329   58
 Side 2  free  transition at x/c =  0.9936   65

  65   rms: 0.3052E-02   max: -.7172E-01   C at   58  1
       a =  9.000      CL =  1.1100
      Cm = -0.0216     CD =  0.01271   =>   CDf =  0.00498    CDp =  0.00773

 Side 1  free  transition at x/c =  0.2329   58
 Side 2  free  transition at x/c =  0.9936   65

  66   rms: 0.3052E-02   max: -.7171E-01   C at   58  1
       a =  9.000      CL =  1.1100
      Cm = -0.0216     CD =  0.01271   =>   CDf =  0.00498    CDp =  0.00773

 Side 1  free  transition at x/c =  0.2329   58
 Side 2  free  transition at x/c =  0.9936   65

  67   rms: 0.3052E-02   max: -.7171E-01   C at   58  1
       a =  9.000      CL =  1.1100
      Cm = -0.0216     CD =  0.01271   =>   CDf =  0.00498    CDp =  0.00773

 Side 1  free  transition at x/c =  0.2329   58
 Side 2  free  transition at x/c =  0.9936   65

  68   rms: 0.3052E-02   max: -.7172E-01   C at   58  1
       a =  9.000      CL =  1.1100
      Cm = -0.0216     CD =  0.01271   =>   CDf =  0.00498    CDp =  0.00773

 Side 1  free  transition at x/c =  0.2329   58
 Side 2  free  transition at x/c =  0.9936   65

  69   rms: 0.3052E-02   max: -.7171E-01   C at   58  1
       a =  9.000      CL =  1.1100
      Cm = -0.0216     CD =  0.01271   =>   CDf =  0.00498    CDp =  0.00773

 Side 1  free  transition at x/c =  0.2329   58
 Side 2  free  transition at x/c =  0.9936   65

  70   rms: 0.3052E-02   max: -.7171E-01   C at   58  1
       a =  9.000      CL =  1.1100
      Cm = -0.0216     CD =  0.01271   =>   CDf =  0.00498    CDp =  0.00773

 Side 1  free  transition at x/c =  0.2329   58
 Side 2  free  transition at x/c =  0.9936   65

  71   rms: 0.3052E-02   max: -.7171E-01   C at   58  1
       a =  9.000      CL =  1.1100
      Cm = -0.0216     CD =  0.01271   =>   CDf =  0.00498    CDp =  0.00773

 Side 1  free  transition at x/c =  0.2329   58
 Side 2  free  transition at x/c =  0.9936   65

  72   rms: 0.3052E-02   max: -.7171E-01   C at   58  1
       a =  9.000      CL =  1.1100
      Cm = -0.0216     CD =  0.01271   =>   CDf =  0.00498    CDp =  0.00773

 Side 1  free  transition at x/c =  0.2329   58
 Side 2  free  transition at x/c =  0.9936   65

  73   rms: 0.3052E-02   max: -.7172E-01   C at   58  1
       a =  9.000      CL =  1.1100
      Cm = -0.0216     CD =  0.01271   =>   CDf =  0.00498    CDp =  0.00773

 Side 1  free  transition at x/c =  0.2329   58
 Side 2  free  transition at x/c =  0.9936   65

  74   rms: 0.3052E-02   max: -.7172E-01   C at   58  1
       a =  9.000      CL =  1.1100
      Cm = -0.0216     CD =  0.01271   =>   CDf =  0.00498    CDp =  0.00773

 Side 1  free  transition at x/c =  0.2329   58
 Side 2  free  transition at x/c =  0.9936   65

  75   rms: 0.3052E-02   max: -.7172E-01   C at   58  1
       a =  9.000      CL =  1.1100
      Cm = -0.0216     CD =  0.01271   =>   CDf =  0.00498    CDp =  0.00773

 Side 1  free  transition at x/c =  0.2329   58
 Side 2  free  transition at x/c =  0.9936   65

  76   rms: 0.3052E-02   max: -.7171E-01   C at   58  1
       a =  9.000      CL =  1.1100
      Cm = -0.0216     CD =  0.01271   =>   CDf =  0.00498    CDp =  0.00773

 Side 1  free  transition at x/c =  0.2329   58
 Side 2  free  transition at x/c =  0.9936   65

  77   rms: 0.3052E-02   max: -.7171E-01   C at   58  1
       a =  9.000      CL =  1.1100
      Cm = -0.0216     CD =  0.01271   =>   CDf =  0.00498    CDp =  0.00773

 Side 1  free  transition at x/c =  0.2329   58
 Side 2  free  transition at x/c =  0.9936   65

  78   rms: 0.3052E-02   max: -.7172E-01   C at   58  1
       a =  9.000      CL =  1.1100
      Cm = -0.0216     CD =  0.01271   =>   CDf =  0.00498    CDp =  0.00773

 Side 1  free  transition at x/c =  0.2329   58
 Side 2  free  transition at x/c =  0.9936   65

  79   rms: 0.3052E-02   max: -.7171E-01   C at   58  1
       a =  9.000      CL =  1.1100
      Cm = -0.0216     CD =  0.01271   =>   CDf =  0.00498    CDp =  0.00773

 Side 1  free  transition at x/c =  0.2329   58
 Side 2  free  transition at x/c =  0.9936   65

  80   rms: 0.3052E-02   max: -.7171E-01   C at   58  1
       a =  9.000      CL =  1.1100
      Cm = -0.0216     CD =  0.01271   =>   CDf =  0.00498    CDp =  0.00773

 Side 1  free  transition at x/c =  0.2329   58
 Side 2  free  transition at x/c =  0.9936   65

  81   rms: 0.3052E-02   max: -.7172E-01   C at   58  1
       a =  9.000      CL =  1.1100
      Cm = -0.0216     CD =  0.01271   =>   CDf =  0.00498    CDp =  0.00773

 Side 1  free  transition at x/c =  0.2329   58
 Side 2  free  transition at x/c =  0.9936   65

  82   rms: 0.3052E-02   max: -.7172E-01   C at   58  1
       a =  9.000      CL =  1.1100
      Cm = -0.0216     CD =  0.01271   =>   CDf =  0.00498    CDp =  0.00773

 Side 1  free  transition at x/c =  0.2329   58
 Side 2  free  transition at x/c =  0.9936   65

  83   rms: 0.3052E-02   max: -.7172E-01   C at   58  1
       a =  9.000      CL =  1.1100
      Cm = -0.0216     CD =  0.01271   =>   CDf =  0.00498    CDp =  0.00773

 Side 1  free  transition at x/c =  0.2329   58
 Side 2  free  transition at x/c =  0.9936   65

  84   rms: 0.3052E-02   max: -.7171E-01   C at   58  1
       a =  9.000      CL =  1.1100
      Cm = -0.0216     CD =  0.01271   =>   CDf =  0.00498    CDp =  0.00773

 Side 1  free  transition at x/c =  0.2329   58
 Side 2  free  transition at x/c =  0.9936   65

  85   rms: 0.3052E-02   max: -.7172E-01   C at   58  1
       a =  9.000      CL =  1.1100
      Cm = -0.0216     CD =  0.01271   =>   CDf =  0.00498    CDp =  0.00773

 Side 1  free  transition at x/c =  0.2329   58
 Side 2  free  transition at x/c =  0.9936   65

  86   rms: 0.3052E-02   max: -.7172E-01   C at   58  1
       a =  9.000      CL =  1.1100
      Cm = -0.0216     CD =  0.01271   =>   CDf =  0.00498    CDp =  0.00773

 Side 1  free  transition at x/c =  0.2329   58
 Side 2  free  transition at x/c =  0.9936   65

  87   rms: 0.3052E-02   max: -.7172E-01   C at   58  1
       a =  9.000      CL =  1.1100
      Cm = -0.0216     CD =  0.01271   =>   CDf =  0.00498    CDp =  0.00773

 Side 1  free  transition at x/c =  0.2329   58
 Side 2  free  transition at x/c =  0.9936   65

  88   rms: 0.3052E-02   max: -.7171E-01   C at   58  1
       a =  9.000      CL =  1.1100
      Cm = -0.0216     CD =  0.01271   =>   CDf =  0.00498    CDp =  0.00773

 Side 1  free  transition at x/c =  0.2329   58
 Side 2  free  transition at x/c =  0.9936   65

  89   rms: 0.3052E-02   max: -.7172E-01   C at   58  1
       a =  9.000      CL =  1.1100
      Cm = -0.0216     CD =  0.01271   =>   CDf =  0.00498    CDp =  0.00773

 Side 1  free  transition at x/c =  0.2329   58
 Side 2  free  transition at x/c =  0.9936   65

  90   rms: 0.3052E-02   max: -.7171E-01   C at   58  1
       a =  9.000      CL =  1.1100
      Cm = -0.0216     CD =  0.01271   =>   CDf =  0.00498    CDp =  0.00773

 Side 1  free  transition at x/c =  0.2329   58
 Side 2  free  transition at x/c =  0.9936   65

  91   rms: 0.3052E-02   max: -.7171E-01   C at   58  1
       a =  9.000      CL =  1.1100
      Cm = -0.0216     CD =  0.01271   =>   CDf =  0.00498    CDp =  0.00773

 Side 1  free  transition at x/c =  0.2329   58
 Side 2  free  transition at x/c =  0.9936   65

  92   rms: 0.3052E-02   max: -.7171E-01   C at   58  1
       a =  9.000      CL =  1.1100
      Cm = -0.0216     CD =  0.01271   =>   CDf =  0.00498    CDp =  0.00773

 Side 1  free  transition at x/c =  0.2329   58
 Side 2  free  transition at x/c =  0.9936   65

  93   rms: 0.3052E-02   max: -.7172E-01   C at   58  1
       a =  9.000      CL =  1.1100
      Cm = -0.0216     CD =  0.01271   =>   CDf =  0.00498    CDp =  0.00773

 Side 1  free  transition at x/c =  0.2329   58
 Side 2  free  transition at x/c =  0.9936   65

  94   rms: 0.3052E-02   max: -.7172E-01   C at   58  1
       a =  9.000      CL =  1.1100
      Cm = -0.0216     CD =  0.01271   =>   CDf =  0.00498    CDp =  0.00773

 Side 1  free  transition at x/c =  0.2329   58
 Side 2  free  transition at x/c =  0.9936   65

  95   rms: 0.3052E-02   max: -.7172E-01   C at   58  1
       a =  9.000      CL =  1.1100
      Cm = -0.0216     CD =  0.01271   =>   CDf =  0.00498    CDp =  0.00773

 Side 1  free  transition at x/c =  0.2329   58
 Side 2  free  transition at x/c =  0.9936   65

  96   rms: 0.3052E-02   max: -.7172E-01   C at   58  1
       a =  9.000      CL =  1.1100
      Cm = -0.0216     CD =  0.01271   =>   CDf =  0.00498    CDp =  0.00773

 Side 1  free  transition at x/c =  0.2329   58
 Side 2  free  transition at x/c =  0.9936   65

  97   rms: 0.3052E-02   max: -.7172E-01   C at   58  1
       a =  9.000      CL =  1.1100
      Cm = -0.0216     CD =  0.01271   =>   CDf =  0.00498    CDp =  0.00773

 Side 1  free  transition at x/c =  0.2329   58
 Side 2  free  transition at x/c =  0.9936   65

  98   rms: 0.3052E-02   max: -.7172E-01   C at   58  1
       a =  9.000      CL =  1.1100
      Cm = -0.0216     CD =  0.01271   =>   CDf =  0.00498    CDp =  0.00773

 Side 1  free  transition at x/c =  0.2329   58
 Side 2  free  transition at x/c =  0.9936   65

  99   rms: 0.3052E-02   max: -.7172E-01   C at   58  1
       a =  9.000      CL =  1.1100
      Cm = -0.0216     CD =  0.01271   =>   CDf =  0.00498    CDp =  0.00773

 Side 1  free  transition at x/c =  0.2329   58
 Side 2  free  transition at x/c =  0.9936   65

 100   rms: 0.3052E-02   max: -.7171E-01   C at   58  1
       a =  9.000      CL =  1.1100
      Cm = -0.0216     CD =  0.01271   =>   CDf =  0.00498    CDp =  0.00773

 Side 1  free  transition at x/c =  0.2329   58
 Side 2  free  transition at x/c =  0.9936   65

 101   rms: 0.3052E-02   max: -.7172E-01   C at   58  1
       a =  9.000      CL =  1.1100
      Cm = -0.0216     CD =  0.01271   =>   CDf =  0.00498    CDp =  0.00773

 Side 1  free  transition at x/c =  0.2329   58
 Side 2  free  transition at x/c =  0.9936   65

 102   rms: 0.3052E-02   max: -.7172E-01   C at   58  1
       a =  9.000      CL =  1.1100
      Cm = -0.0216     CD =  0.01271   =>   CDf =  0.00498    CDp =  0.00773

 Side 1  free  transition at x/c =  0.2329   58
 Side 2  free  transition at x/c =  0.9936   65

 103   rms: 0.3052E-02   max: -.7172E-01   C at   58  1
       a =  9.000      CL =  1.1100
      Cm = -0.0216     CD =  0.01271   =>   CDf =  0.00498    CDp =  0.00773

 Side 1  free  transition at x/c =  0.2329   58
 Side 2  free  transition at x/c =  0.9936   65

 104   rms: 0.3052E-02   max: -.7172E-01   C at   58  1
       a =  9.000      CL =  1.1100
      Cm = -0.0216     CD =  0.01271   =>   CDf =  0.00498    CDp =  0.00773

 Side 1  free  transition at x/c =  0.2329   58
 Side 2  free  transition at x/c =  0.9936   65

 105   rms: 0.3052E-02   max: -.7171E-01   C at   58  1
       a =  9.000      CL =  1.1100
      Cm = -0.0216     CD =  0.01271   =>   CDf =  0.00498    CDp =  0.00773

 Side 1  free  transition at x/c =  0.2329   58
 Side 2  free  transition at x/c =  0.9936   65

 106   rms: 0.3052E-02   max: -.7171E-01   C at   58  1
       a =  9.000      CL =  1.1100
      Cm = -0.0216     CD =  0.01271   =>   CDf =  0.00498    CDp =  0.00773

 Side 1  free  transition at x/c =  0.2329   58
 Side 2  free  transition at x/c =  0.9936   65

 107   rms: 0.3052E-02   max: -.7172E-01   C at   58  1
       a =  9.000      CL =  1.1100
      Cm = -0.0216     CD =  0.01271   =>   CDf =  0.00498    CDp =  0.00773

 Side 1  free  transition at x/c =  0.2329   58
 Side 2  free  transition at x/c =  0.9936   65

 108   rms: 0.3052E-02   max: -.7171E-01   C at   58  1
       a =  9.000      CL =  1.1100
      Cm = -0.0216     CD =  0.01271   =>   CDf =  0.00498    CDp =  0.00773

 Side 1  free  transition at x/c =  0.2329   58
 Side 2  free  transition at x/c =  0.9936   65

 109   rms: 0.3052E-02   max: -.7171E-01   C at   58  1
       a =  9.000      CL =  1.1100
      Cm = -0.0216     CD =  0.01271   =>   CDf =  0.00498    CDp =  0.00773

 Side 1  free  transition at x/c =  0.2329   58
 Side 2  free  transition at x/c =  0.9936   65

 110   rms: 0.3052E-02   max: -.7171E-01   C at   58  1
       a =  9.000      CL =  1.1100
      Cm = -0.0216     CD =  0.01271   =>   CDf =  0.00498    CDp =  0.00773

 Side 1  free  transition at x/c =  0.2329   58
 Side 2  free  transition at x/c =  0.9936   65

 111   rms: 0.3052E-02   max: -.7172E-01   C at   58  1
       a =  9.000      CL =  1.1100
      Cm = -0.0216     CD =  0.01271   =>   CDf =  0.00498    CDp =  0.00773

 Side 1  free  transition at x/c =  0.2329   58
 Side 2  free  transition at x/c =  0.9936   65

 112   rms: 0.3052E-02   max: -.7172E-01   C at   58  1
       a =  9.000      CL =  1.1100
      Cm = -0.0216     CD =  0.01271   =>   CDf =  0.00498    CDp =  0.00773

 Side 1  free  transition at x/c =  0.2329   58
 Side 2  free  transition at x/c =  0.9936   65

 113   rms: 0.3052E-02   max: -.7172E-01   C at   58  1
       a =  9.000      CL =  1.1100
      Cm = -0.0216     CD =  0.01271   =>   CDf =  0.00498    CDp =  0.00773

 Side 1  free  transition at x/c =  0.2329   58
 Side 2  free  transition at x/c =  0.9936   65

 114   rms: 0.3052E-02   max: -.7171E-01   C at   58  1
       a =  9.000      CL =  1.1100
      Cm = -0.0216     CD =  0.01271   =>   CDf =  0.00498    CDp =  0.00773

 Side 1  free  transition at x/c =  0.2329   58
 Side 2  free  transition at x/c =  0.9936   65

 115   rms: 0.3052E-02   max: -.7171E-01   C at   58  1
       a =  9.000      CL =  1.1100
      Cm = -0.0216     CD =  0.01271   =>   CDf =  0.00498    CDp =  0.00773

 Side 1  free  transition at x/c =  0.2329   58
 Side 2  free  transition at x/c =  0.9936   65

 116   rms: 0.3052E-02   max: -.7172E-01   C at   58  1
       a =  9.000      CL =  1.1100
      Cm = -0.0216     CD =  0.01271   =>   CDf =  0.00498    CDp =  0.00773

 Side 1  free  transition at x/c =  0.2329   58
 Side 2  free  transition at x/c =  0.9936   65

 117   rms: 0.3052E-02   max: -.7172E-01   C at   58  1
       a =  9.000      CL =  1.1100
      Cm = -0.0216     CD =  0.01271   =>   CDf =  0.00498    CDp =  0.00773

 Side 1  free  transition at x/c =  0.2329   58
 Side 2  free  transition at x/c =  0.9936   65

 118   rms: 0.3052E-02   max: -.7172E-01   C at   58  1
       a =  9.000      CL =  1.1100
      Cm = -0.0216     CD =  0.01271   =>   CDf =  0.00498    CDp =  0.00773

 Side 1  free  transition at x/c =  0.2329   58
 Side 2  free  transition at x/c =  0.9936   65

 119   rms: 0.3052E-02   max: -.7172E-01   C at   58  1
       a =  9.000      CL =  1.1100
      Cm = -0.0216     CD =  0.01271   =>   CDf =  0.00498    CDp =  0.00773

 Side 1  free  transition at x/c =  0.2329   58
 Side 2  free  transition at x/c =  0.9936   65

 120   rms: 0.3052E-02   max: -.7172E-01   C at   58  1
       a =  9.000      CL =  1.1100
      Cm = -0.0216     CD =  0.01271   =>   CDf =  0.00498    CDp =  0.00773

 Side 1  free  transition at x/c =  0.2329   58
 Side 2  free  transition at x/c =  0.9936   65

 121   rms: 0.3052E-02   max: -.7172E-01   C at   58  1
       a =  9.000      CL =  1.1100
      Cm = -0.0216     CD =  0.01271   =>   CDf =  0.00498    CDp =  0.00773

 Side 1  free  transition at x/c =  0.2329   58
 Side 2  free  transition at x/c =  0.9936   65

 122   rms: 0.3052E-02   max: -.7171E-01   C at   58  1
       a =  9.000      CL =  1.1100
      Cm = -0.0216     CD =  0.01271   =>   CDf =  0.00498    CDp =  0.00773

 Side 1  free  transition at x/c =  0.2329   58
 Side 2  free  transition at x/c =  0.9936   65

 123   rms: 0.3052E-02   max: -.7171E-01   C at   58  1
       a =  9.000      CL =  1.1100
      Cm = -0.0216     CD =  0.01271   =>   CDf =  0.00498    CDp =  0.00773

 Side 1  free  transition at x/c =  0.2329   58
 Side 2  free  transition at x/c =  0.9936   65

 124   rms: 0.3052E-02   max: -.7171E-01   C at   58  1
       a =  9.000      CL =  1.1100
      Cm = -0.0216     CD =  0.01271   =>   CDf =  0.00498    CDp =  0.00773

 Side 1  free  transition at x/c =  0.2329   58
 Side 2  free  transition at x/c =  0.9936   65

 125   rms: 0.3052E-02   max: -.7171E-01   C at   58  1
       a =  9.000      CL =  1.1100
      Cm = -0.0216     CD =  0.01271   =>   CDf =  0.00498    CDp =  0.00773

 Side 1  free  transition at x/c =  0.2329   58
 Side 2  free  transition at x/c =  0.9936   65

 126   rms: 0.3052E-02   max: -.7172E-01   C at   58  1
       a =  9.000      CL =  1.1100
      Cm = -0.0216     CD =  0.01271   =>   CDf =  0.00498    CDp =  0.00773

 Side 1  free  transition at x/c =  0.2329   58
 Side 2  free  transition at x/c =  0.9936   65

 127   rms: 0.3052E-02   max: -.7172E-01   C at   58  1
       a =  9.000      CL =  1.1100
      Cm = -0.0216     CD =  0.01271   =>   CDf =  0.00498    CDp =  0.00773

 Side 1  free  transition at x/c =  0.2329   58
 Side 2  free  transition at x/c =  0.9936   65

 128   rms: 0.3052E-02   max: -.7172E-01   C at   58  1
       a =  9.000      CL =  1.1100
      Cm = -0.0216     CD =  0.01271   =>   CDf =  0.00498    CDp =  0.00773

 Side 1  free  transition at x/c =  0.2329   58
 Side 2  free  transition at x/c =  0.9936   65

 129   rms: 0.3052E-02   max: -.7172E-01   C at   58  1
       a =  9.000      CL =  1.1100
      Cm = -0.0216     CD =  0.01271   =>   CDf =  0.00498    CDp =  0.00773

 Side 1  free  transition at x/c =  0.2329   58
 Side 2  free  transition at x/c =  0.9936   65

 130   rms: 0.3052E-02   max: -.7171E-01   C at   58  1
       a =  9.000      CL =  1.1100
      Cm = -0.0216     CD =  0.01271   =>   CDf =  0.00498    CDp =  0.00773

 Side 1  free  transition at x/c =  0.2329   58
 Side 2  free  transition at x/c =  0.9936   65

 131   rms: 0.3052E-02   max: -.7171E-01   C at   58  1
       a =  9.000      CL =  1.1100
      Cm = -0.0216     CD =  0.01271   =>   CDf =  0.00498    CDp =  0.00773

 Side 1  free  transition at x/c =  0.2329   58
 Side 2  free  transition at x/c =  0.9936   65

 132   rms: 0.3052E-02   max: -.7171E-01   C at   58  1
       a =  9.000      CL =  1.1100
      Cm = -0.0216     CD =  0.01271   =>   CDf =  0.00498    CDp =  0.00773

 Side 1  free  transition at x/c =  0.2329   58
 Side 2  free  transition at x/c =  0.9936   65

 133   rms: 0.3052E-02   max: -.7172E-01   C at   58  1
       a =  9.000      CL =  1.1100
      Cm = -0.0216     CD =  0.01271   =>   CDf =  0.00498    CDp =  0.00773

 Side 1  free  transition at x/c =  0.2329   58
 Side 2  free  transition at x/c =  0.9936   65

 134   rms: 0.3052E-02   max: -.7172E-01   C at   58  1
       a =  9.000      CL =  1.1100
      Cm = -0.0216     CD =  0.01271   =>   CDf =  0.00498    CDp =  0.00773

 Side 1  free  transition at x/c =  0.2329   58
 Side 2  free  transition at x/c =  0.9936   65

 135   rms: 0.3052E-02   max: -.7172E-01   C at   58  1
       a =  9.000      CL =  1.1100
      Cm = -0.0216     CD =  0.01271   =>   CDf =  0.00498    CDp =  0.00773

 Side 1  free  transition at x/c =  0.2329   58
 Side 2  free  transition at x/c =  0.9936   65

 136   rms: 0.3052E-02   max: -.7171E-01   C at   58  1
       a =  9.000      CL =  1.1100
      Cm = -0.0216     CD =  0.01271   =>   CDf =  0.00498    CDp =  0.00773

 Side 1  free  transition at x/c =  0.2329   58
 Side 2  free  transition at x/c =  0.9936   65

 137   rms: 0.3052E-02   max: -.7171E-01   C at   58  1
       a =  9.000      CL =  1.1100
      Cm = -0.0216     CD =  0.01271   =>   CDf =  0.00498    CDp =  0.00773

 Side 1  free  transition at x/c =  0.2329   58
 Side 2  free  transition at x/c =  0.9936   65

 138   rms: 0.3052E-02   max: -.7172E-01   C at   58  1
       a =  9.000      CL =  1.1100
      Cm = -0.0216     CD =  0.01271   =>   CDf =  0.00498    CDp =  0.00773

 Side 1  free  transition at x/c =  0.2329   58
 Side 2  free  transition at x/c =  0.9936   65

 139   rms: 0.3052E-02   max: -.7172E-01   C at   58  1
       a =  9.000      CL =  1.1100
      Cm = -0.0216     CD =  0.01271   =>   CDf =  0.00498    CDp =  0.00773

 Side 1  free  transition at x/c =  0.2329   58
 Side 2  free  transition at x/c =  0.9936   65

 140   rms: 0.3052E-02   max: -.7172E-01   C at   58  1
       a =  9.000      CL =  1.1100
      Cm = -0.0216     CD =  0.01271   =>   CDf =  0.00498    CDp =  0.00773

 Side 1  free  transition at x/c =  0.2329   58
 Side 2  free  transition at x/c =  0.9936   65

 141   rms: 0.3052E-02   max: -.7172E-01   C at   58  1
       a =  9.000      CL =  1.1100
      Cm = -0.0216     CD =  0.01271   =>   CDf =  0.00498    CDp =  0.00773

 Side 1  free  transition at x/c =  0.2329   58
 Side 2  free  transition at x/c =  0.9936   65

 142   rms: 0.3052E-02   max: -.7172E-01   C at   58  1
       a =  9.000      CL =  1.1100
      Cm = -0.0216     CD =  0.01271   =>   CDf =  0.00498    CDp =  0.00773

 Side 1  free  transition at x/c =  0.2329   58
 Side 2  free  transition at x/c =  0.9936   65

 143   rms: 0.3052E-02   max: -.7172E-01   C at   58  1
       a =  9.000      CL =  1.1100
      Cm = -0.0216     CD =  0.01271   =>   CDf =  0.00498    CDp =  0.00773

 Side 1  free  transition at x/c =  0.2329   58
 Side 2  free  transition at x/c =  0.9936   65

 144   rms: 0.3052E-02   max: -.7172E-01   C at   58  1
       a =  9.000      CL =  1.1100
      Cm = -0.0216     CD =  0.01271   =>   CDf =  0.00498    CDp =  0.00773

 Side 1  free  transition at x/c =  0.2329   58
 Side 2  free  transition at x/c =  0.9936   65

 145   rms: 0.3052E-02   max: -.7171E-01   C at   58  1
       a =  9.000      CL =  1.1100
      Cm = -0.0216     CD =  0.01271   =>   CDf =  0.00498    CDp =  0.00773

 Side 1  free  transition at x/c =  0.2329   58
 Side 2  free  transition at x/c =  0.9936   65

 146   rms: 0.3052E-02   max: -.7172E-01   C at   58  1
       a =  9.000      CL =  1.1100
      Cm = -0.0216     CD =  0.01271   =>   CDf =  0.00498    CDp =  0.00773

 Side 1  free  transition at x/c =  0.2329   58
 Side 2  free  transition at x/c =  0.9936   65

 147   rms: 0.3052E-02   max: -.7171E-01   C at   58  1
       a =  9.000      CL =  1.1100
      Cm = -0.0216     CD =  0.01271   =>   CDf =  0.00498    CDp =  0.00773

 Side 1  free  transition at x/c =  0.2329   58
 Side 2  free  transition at x/c =  0.9936   65

 148   rms: 0.3052E-02   max: -.7172E-01   C at   58  1
       a =  9.000      CL =  1.1100
      Cm = -0.0216     CD =  0.01271   =>   CDf =  0.00498    CDp =  0.00773

 Side 1  free  transition at x/c =  0.2329   58
 Side 2  free  transition at x/c =  0.9936   65

 149   rms: 0.3052E-02   max: -.7171E-01   C at   58  1
       a =  9.000      CL =  1.1100
      Cm = -0.0216     CD =  0.01271   =>   CDf =  0.00498    CDp =  0.00773

 Side 1  free  transition at x/c =  0.2329   58
 Side 2  free  transition at x/c =  0.9936   65

 150   rms: 0.3052E-02   max: -.7172E-01   C at   58  1
       a =  9.000      CL =  1.1100
      Cm = -0.0216     CD =  0.01271   =>   CDf =  0.00498    CDp =  0.00773

 Side 1  free  transition at x/c =  0.2329   58
 Side 2  free  transition at x/c =  0.9936   65

 151   rms: 0.3052E-02   max: -.7172E-01   C at   58  1
       a =  9.000      CL =  1.1100
      Cm = -0.0216     CD =  0.01271   =>   CDf =  0.00498    CDp =  0.00773

 Side 1  free  transition at x/c =  0.2329   58
 Side 2  free  transition at x/c =  0.9936   65

 152   rms: 0.3052E-02   max: -.7172E-01   C at   58  1
       a =  9.000      CL =  1.1100
      Cm = -0.0216     CD =  0.01271   =>   CDf =  0.00498    CDp =  0.00773

 Side 1  free  transition at x/c =  0.2329   58
 Side 2  free  transition at x/c =  0.9936   65

 153   rms: 0.3052E-02   max: -.7172E-01   C at   58  1
       a =  9.000      CL =  1.1100
      Cm = -0.0216     CD =  0.01271   =>   CDf =  0.00498    CDp =  0.00773

 Side 1  free  transition at x/c =  0.2329   58
 Side 2  free  transition at x/c =  0.9936   65

 154   rms: 0.3052E-02   max: -.7172E-01   C at   58  1
       a =  9.000      CL =  1.1100
      Cm = -0.0216     CD =  0.01271   =>   CDf =  0.00498    CDp =  0.00773

 Side 1  free  transition at x/c =  0.2329   58
 Side 2  free  transition at x/c =  0.9936   65

 155   rms: 0.3052E-02   max: -.7171E-01   C at   58  1
       a =  9.000      CL =  1.1100
      Cm = -0.0216     CD =  0.01271   =>   CDf =  0.00498    CDp =  0.00773

 Side 1  free  transition at x/c =  0.2329   58
 Side 2  free  transition at x/c =  0.9936   65

 156   rms: 0.3052E-02   max: -.7171E-01   C at   58  1
       a =  9.000      CL =  1.1100
      Cm = -0.0216     CD =  0.01271   =>   CDf =  0.00498    CDp =  0.00773

 Side 1  free  transition at x/c =  0.2329   58
 Side 2  free  transition at x/c =  0.9936   65

 157   rms: 0.3052E-02   max: -.7171E-01   C at   58  1
       a =  9.000      CL =  1.1100
      Cm = -0.0216     CD =  0.01271   =>   CDf =  0.00498    CDp =  0.00773

 Side 1  free  transition at x/c =  0.2329   58
 Side 2  free  transition at x/c =  0.9936   65

 158   rms: 0.3052E-02   max: -.7172E-01   C at   58  1
       a =  9.000      CL =  1.1100
      Cm = -0.0216     CD =  0.01271   =>   CDf =  0.00498    CDp =  0.00773

 Side 1  free  transition at x/c =  0.2329   58
 Side 2  free  transition at x/c =  0.9936   65

 159   rms: 0.3052E-02   max: -.7172E-01   C at   58  1
       a =  9.000      CL =  1.1100
      Cm = -0.0216     CD =  0.01271   =>   CDf =  0.00498    CDp =  0.00773

 Side 1  free  transition at x/c =  0.2329   58
 Side 2  free  transition at x/c =  0.9936   65

 160   rms: 0.3052E-02   max: -.7171E-01   C at   58  1
       a =  9.000      CL =  1.1100
      Cm = -0.0216     CD =  0.01271   =>   CDf =  0.00498    CDp =  0.00773

 Side 1  free  transition at x/c =  0.2329   58
 Side 2  free  transition at x/c =  0.9936   65

 161   rms: 0.3052E-02   max: -.7172E-01   C at   58  1
       a =  9.000      CL =  1.1100
      Cm = -0.0216     CD =  0.01271   =>   CDf =  0.00498    CDp =  0.00773

 Side 1  free  transition at x/c =  0.2329   58
 Side 2  free  transition at x/c =  0.9936   65

 162   rms: 0.3052E-02   max: -.7172E-01   C at   58  1
       a =  9.000      CL =  1.1100
      Cm = -0.0216     CD =  0.01271   =>   CDf =  0.00498    CDp =  0.00773

 Side 1  free  transition at x/c =  0.2329   58
 Side 2  free  transition at x/c =  0.9936   65

 163   rms: 0.3052E-02   max: -.7172E-01   C at   58  1
       a =  9.000      CL =  1.1100
      Cm = -0.0216     CD =  0.01271   =>   CDf =  0.00498    CDp =  0.00773

 Side 1  free  transition at x/c =  0.2329   58
 Side 2  free  transition at x/c =  0.9936   65

 164   rms: 0.3052E-02   max: -.7171E-01   C at   58  1
       a =  9.000      CL =  1.1100
      Cm = -0.0216     CD =  0.01271   =>   CDf =  0.00498    CDp =  0.00773

 Side 1  free  transition at x/c =  0.2329   58
 Side 2  free  transition at x/c =  0.9936   65

 165   rms: 0.3052E-02   max: -.7172E-01   C at   58  1
       a =  9.000      CL =  1.1100
      Cm = -0.0216     CD =  0.01271   =>   CDf =  0.00498    CDp =  0.00773

 Side 1  free  transition at x/c =  0.2329   58
 Side 2  free  transition at x/c =  0.9936   65

 166   rms: 0.3052E-02   max: -.7171E-01   C at   58  1
       a =  9.000      CL =  1.1100
      Cm = -0.0216     CD =  0.01271   =>   CDf =  0.00498    CDp =  0.00773

 Side 1  free  transition at x/c =  0.2329   58
 Side 2  free  transition at x/c =  0.9936   65

 167   rms: 0.3052E-02   max: -.7171E-01   C at   58  1
       a =  9.000      CL =  1.1100
      Cm = -0.0216     CD =  0.01271   =>   CDf =  0.00498    CDp =  0.00773

 Side 1  free  transition at x/c =  0.2329   58
 Side 2  free  transition at x/c =  0.9936   65

 168   rms: 0.3052E-02   max: -.7171E-01   C at   58  1
       a =  9.000      CL =  1.1100
      Cm = -0.0216     CD =  0.01271   =>   CDf =  0.00498    CDp =  0.00773

 Side 1  free  transition at x/c =  0.2329   58
 Side 2  free  transition at x/c =  0.9936   65

 169   rms: 0.3052E-02   max: -.7172E-01   C at   58  1
       a =  9.000      CL =  1.1100
      Cm = -0.0216     CD =  0.01271   =>   CDf =  0.00498    CDp =  0.00773

 Side 1  free  transition at x/c =  0.2329   58
 Side 2  free  transition at x/c =  0.9936   65

 170   rms: 0.3052E-02   max: -.7172E-01   C at   58  1
       a =  9.000      CL =  1.1100
      Cm = -0.0216     CD =  0.01271   =>   CDf =  0.00498    CDp =  0.00773

 Side 1  free  transition at x/c =  0.2329   58
 Side 2  free  transition at x/c =  0.9936   65

 171   rms: 0.3052E-02   max: -.7171E-01   C at   58  1
       a =  9.000      CL =  1.1100
      Cm = -0.0216     CD =  0.01271   =>   CDf =  0.00498    CDp =  0.00773

 Side 1  free  transition at x/c =  0.2329   58
 Side 2  free  transition at x/c =  0.9936   65

 172   rms: 0.3052E-02   max: -.7172E-01   C at   58  1
       a =  9.000      CL =  1.1100
      Cm = -0.0216     CD =  0.01271   =>   CDf =  0.00498    CDp =  0.00773

 Side 1  free  transition at x/c =  0.2329   58
 Side 2  free  transition at x/c =  0.9936   65

 173   rms: 0.3052E-02   max: -.7171E-01   C at   58  1
       a =  9.000      CL =  1.1100
      Cm = -0.0216     CD =  0.01271   =>   CDf =  0.00498    CDp =  0.00773

 Side 1  free  transition at x/c =  0.2329   58
 Side 2  free  transition at x/c =  0.9936   65

 174   rms: 0.3052E-02   max: -.7171E-01   C at   58  1
       a =  9.000      CL =  1.1100
      Cm = -0.0216     CD =  0.01271   =>   CDf =  0.00498    CDp =  0.00773

 Side 1  free  transition at x/c =  0.2329   58
 Side 2  free  transition at x/c =  0.9936   65

 175   rms: 0.3052E-02   max: -.7171E-01   C at   58  1
       a =  9.000      CL =  1.1100
      Cm = -0.0216     CD =  0.01271   =>   CDf =  0.00498    CDp =  0.00773

 Side 1  free  transition at x/c =  0.2329   58
 Side 2  free  transition at x/c =  0.9936   65

 176   rms: 0.3052E-02   max: -.7172E-01   C at   58  1
       a =  9.000      CL =  1.1100
      Cm = -0.0216     CD =  0.01271   =>   CDf =  0.00498    CDp =  0.00773

 Side 1  free  transition at x/c =  0.2329   58
 Side 2  free  transition at x/c =  0.9936   65

 177   rms: 0.3052E-02   max: -.7172E-01   C at   58  1
       a =  9.000      CL =  1.1100
      Cm = -0.0216     CD =  0.01271   =>   CDf =  0.00498    CDp =  0.00773

 Side 1  free  transition at x/c =  0.2329   58
 Side 2  free  transition at x/c =  0.9936   65

 178   rms: 0.3052E-02   max: -.7171E-01   C at   58  1
       a =  9.000      CL =  1.1100
      Cm = -0.0216     CD =  0.01271   =>   CDf =  0.00498    CDp =  0.00773

 Side 1  free  transition at x/c =  0.2329   58
 Side 2  free  transition at x/c =  0.9936   65

 179   rms: 0.3052E-02   max: -.7171E-01   C at   58  1
       a =  9.000      CL =  1.1100
      Cm = -0.0216     CD =  0.01271   =>   CDf =  0.00498    CDp =  0.00773

 Side 1  free  transition at x/c =  0.2329   58
 Side 2  free  transition at x/c =  0.9936   65

 180   rms: 0.3052E-02   max: -.7172E-01   C at   58  1
       a =  9.000      CL =  1.1100
      Cm = -0.0216     CD =  0.01271   =>   CDf =  0.00498    CDp =  0.00773

 Side 1  free  transition at x/c =  0.2329   58
 Side 2  free  transition at x/c =  0.9936   65

 181   rms: 0.3052E-02   max: -.7171E-01   C at   58  1
       a =  9.000      CL =  1.1100
      Cm = -0.0216     CD =  0.01271   =>   CDf =  0.00498    CDp =  0.00773

 Side 1  free  transition at x/c =  0.2329   58
 Side 2  free  transition at x/c =  0.9936   65

 182   rms: 0.3052E-02   max: -.7171E-01   C at   58  1
       a =  9.000      CL =  1.1100
      Cm = -0.0216     CD =  0.01271   =>   CDf =  0.00498    CDp =  0.00773

 Side 1  free  transition at x/c =  0.2329   58
 Side 2  free  transition at x/c =  0.9936   65

 183   rms: 0.3052E-02   max: -.7171E-01   C at   58  1
       a =  9.000      CL =  1.1100
      Cm = -0.0216     CD =  0.01271   =>   CDf =  0.00498    CDp =  0.00773

 Side 1  free  transition at x/c =  0.2329   58
 Side 2  free  transition at x/c =  0.9936   65

 184   rms: 0.3052E-02   max: -.7171E-01   C at   58  1
       a =  9.000      CL =  1.1100
      Cm = -0.0216     CD =  0.01271   =>   CDf =  0.00498    CDp =  0.00773

 Side 1  free  transition at x/c =  0.2329   58
 Side 2  free  transition at x/c =  0.9936   65

 185   rms: 0.3052E-02   max: -.7171E-01   C at   58  1
       a =  9.000      CL =  1.1100
      Cm = -0.0216     CD =  0.01271   =>   CDf =  0.00498    CDp =  0.00773

 Side 1  free  transition at x/c =  0.2329   58
 Side 2  free  transition at x/c =  0.9936   65

 186   rms: 0.3052E-02   max: -.7172E-01   C at   58  1
       a =  9.000      CL =  1.1100
      Cm = -0.0216     CD =  0.01271   =>   CDf =  0.00498    CDp =  0.00773

 Side 1  free  transition at x/c =  0.2329   58
 Side 2  free  transition at x/c =  0.9936   65

 187   rms: 0.3052E-02   max: -.7171E-01   C at   58  1
       a =  9.000      CL =  1.1100
      Cm = -0.0216     CD =  0.01271   =>   CDf =  0.00498    CDp =  0.00773

 Side 1  free  transition at x/c =  0.2329   58
 Side 2  free  transition at x/c =  0.9936   65

 188   rms: 0.3052E-02   max: -.7171E-01   C at   58  1
       a =  9.000      CL =  1.1100
      Cm = -0.0216     CD =  0.01271   =>   CDf =  0.00498    CDp =  0.00773

 Side 1  free  transition at x/c =  0.2329   58
 Side 2  free  transition at x/c =  0.9936   65

 189   rms: 0.3052E-02   max: -.7172E-01   C at   58  1
       a =  9.000      CL =  1.1100
      Cm = -0.0216     CD =  0.01271   =>   CDf =  0.00498    CDp =  0.00773

 Side 1  free  transition at x/c =  0.2329   58
 Side 2  free  transition at x/c =  0.9936   65

 190   rms: 0.3052E-02   max: -.7171E-01   C at   58  1
       a =  9.000      CL =  1.1100
      Cm = -0.0216     CD =  0.01271   =>   CDf =  0.00498    CDp =  0.00773

 Side 1  free  transition at x/c =  0.2329   58
 Side 2  free  transition at x/c =  0.9936   65

 191   rms: 0.3052E-02   max: -.7171E-01   C at   58  1
       a =  9.000      CL =  1.1100
      Cm = -0.0216     CD =  0.01271   =>   CDf =  0.00498    CDp =  0.00773

 Side 1  free  transition at x/c =  0.2329   58
 Side 2  free  transition at x/c =  0.9936   65

 192   rms: 0.3052E-02   max: -.7171E-01   C at   58  1
       a =  9.000      CL =  1.1100
      Cm = -0.0216     CD =  0.01271   =>   CDf =  0.00498    CDp =  0.00773

 Side 1  free  transition at x/c =  0.2329   58
 Side 2  free  transition at x/c =  0.9936   65

 193   rms: 0.3052E-02   max: -.7172E-01   C at   58  1
       a =  9.000      CL =  1.1100
      Cm = -0.0216     CD =  0.01271   =>   CDf =  0.00498    CDp =  0.00773

 Side 1  free  transition at x/c =  0.2329   58
 Side 2  free  transition at x/c =  0.9936   65

 194   rms: 0.3052E-02   max: -.7172E-01   C at   58  1
       a =  9.000      CL =  1.1100
      Cm = -0.0216     CD =  0.01271   =>   CDf =  0.00498    CDp =  0.00773

 Side 1  free  transition at x/c =  0.2329   58
 Side 2  free  transition at x/c =  0.9936   65

 195   rms: 0.3052E-02   max: -.7172E-01   C at   58  1
       a =  9.000      CL =  1.1100
      Cm = -0.0216     CD =  0.01271   =>   CDf =  0.00498    CDp =  0.00773

 Side 1  free  transition at x/c =  0.2329   58
 Side 2  free  transition at x/c =  0.9936   65

 196   rms: 0.3052E-02   max: -.7172E-01   C at   58  1
       a =  9.000      CL =  1.1100
      Cm = -0.0216     CD =  0.01271   =>   CDf =  0.00498    CDp =  0.00773

 Side 1  free  transition at x/c =  0.2329   58
 Side 2  free  transition at x/c =  0.9936   65

 197   rms: 0.3052E-02   max: -.7172E-01   C at   58  1
       a =  9.000      CL =  1.1100
      Cm = -0.0216     CD =  0.01271   =>   CDf =  0.00498    CDp =  0.00773

 Side 1  free  transition at x/c =  0.2329   58
 Side 2  free  transition at x/c =  0.9936   65

 198   rms: 0.3052E-02   max: -.7172E-01   C at   58  1
       a =  9.000      CL =  1.1100
      Cm = -0.0216     CD =  0.01271   =>   CDf =  0.00498    CDp =  0.00773

 Side 1  free  transition at x/c =  0.2329   58
 Side 2  free  transition at x/c =  0.9936   65

 199   rms: 0.3052E-02   max: -.7171E-01   C at   58  1
       a =  9.000      CL =  1.1100
      Cm = -0.0216     CD =  0.01271   =>   CDf =  0.00498    CDp =  0.00773

 Side 1  free  transition at x/c =  0.2329   58
 Side 2  free  transition at x/c =  0.9936   65

 200   rms: 0.3052E-02   max: -.7172E-01   C at   58  1
       a =  9.000      CL =  1.1100
      Cm = -0.0216     CD =  0.01271   =>   CDf =  0.00498    CDp =  0.00773

 Side 1  free  transition at x/c =  0.2329   58
 Side 2  free  transition at x/c =  0.9936   65

 201   rms: 0.3052E-02   max: -.7171E-01   C at   58  1
       a =  9.000      CL =  1.1100
      Cm = -0.0216     CD =  0.01271   =>   CDf =  0.00498    CDp =  0.00773

 Side 1  free  transition at x/c =  0.2329   58
 Side 2  free  transition at x/c =  0.9936   65

 202   rms: 0.3052E-02   max: -.7172E-01   C at   58  1
       a =  9.000      CL =  1.1100
      Cm = -0.0216     CD =  0.01271   =>   CDf =  0.00498    CDp =  0.00773

 Side 1  free  transition at x/c =  0.2329   58
 Side 2  free  transition at x/c =  0.9936   65

 203   rms: 0.3052E-02   max: -.7171E-01   C at   58  1
       a =  9.000      CL =  1.1100
      Cm = -0.0216     CD =  0.01271   =>   CDf =  0.00498    CDp =  0.00773

 Side 1  free  transition at x/c =  0.2329   58
 Side 2  free  transition at x/c =  0.9936   65

 204   rms: 0.3052E-02   max: -.7172E-01   C at   58  1
       a =  9.000      CL =  1.1100
      Cm = -0.0216     CD =  0.01271   =>   CDf =  0.00498    CDp =  0.00773

 Side 1  free  transition at x/c =  0.2329   58
 Side 2  free  transition at x/c =  0.9936   65

 205   rms: 0.3052E-02   max: -.7172E-01   C at   58  1
       a =  9.000      CL =  1.1100
      Cm = -0.0216     CD =  0.01271   =>   CDf =  0.00498    CDp =  0.00773

 Side 1  free  transition at x/c =  0.2329   58
 Side 2  free  transition at x/c =  0.9936   65

 206   rms: 0.3052E-02   max: -.7171E-01   C at   58  1
       a =  9.000      CL =  1.1100
      Cm = -0.0216     CD =  0.01271   =>   CDf =  0.00498    CDp =  0.00773

 Side 1  free  transition at x/c =  0.2329   58
 Side 2  free  transition at x/c =  0.9936   65

 207   rms: 0.3052E-02   max: -.7172E-01   C at   58  1
       a =  9.000      CL =  1.1100
      Cm = -0.0216     CD =  0.01271   =>   CDf =  0.00498    CDp =  0.00773

 Side 1  free  transition at x/c =  0.2329   58
 Side 2  free  transition at x/c =  0.9936   65

 208   rms: 0.3052E-02   max: -.7172E-01   C at   58  1
       a =  9.000      CL =  1.1100
      Cm = -0.0216     CD =  0.01271   =>   CDf =  0.00498    CDp =  0.00773

 Side 1  free  transition at x/c =  0.2329   58
 Side 2  free  transition at x/c =  0.9936   65

 209   rms: 0.3052E-02   max: -.7172E-01   C at   58  1
       a =  9.000      CL =  1.1100
      Cm = -0.0216     CD =  0.01271   =>   CDf =  0.00498    CDp =  0.00773

 Side 1  free  transition at x/c =  0.2329   58
 Side 2  free  transition at x/c =  0.9936   65

 210   rms: 0.3052E-02   max: -.7171E-01   C at   58  1
       a =  9.000      CL =  1.1100
      Cm = -0.0216     CD =  0.01271   =>   CDf =  0.00498    CDp =  0.00773

 Side 1  free  transition at x/c =  0.2329   58
 Side 2  free  transition at x/c =  0.9936   65

 211   rms: 0.3052E-02   max: -.7171E-01   C at   58  1
       a =  9.000      CL =  1.1100
      Cm = -0.0216     CD =  0.01271   =>   CDf =  0.00498    CDp =  0.00773

 Side 1  free  transition at x/c =  0.2329   58
 Side 2  free  transition at x/c =  0.9936   65

 212   rms: 0.3052E-02   max: -.7172E-01   C at   58  1
       a =  9.000      CL =  1.1100
      Cm = -0.0216     CD =  0.01271   =>   CDf =  0.00498    CDp =  0.00773

 Side 1  free  transition at x/c =  0.2329   58
 Side 2  free  transition at x/c =  0.9936   65

 213   rms: 0.3052E-02   max: -.7172E-01   C at   58  1
       a =  9.000      CL =  1.1100
      Cm = -0.0216     CD =  0.01271   =>   CDf =  0.00498    CDp =  0.00773

 Side 1  free  transition at x/c =  0.2329   58
 Side 2  free  transition at x/c =  0.9936   65

 214   rms: 0.3052E-02   max: -.7172E-01   C at   58  1
       a =  9.000      CL =  1.1100
      Cm = -0.0216     CD =  0.01271   =>   CDf =  0.00498    CDp =  0.00773

 Side 1  free  transition at x/c =  0.2329   58
 Side 2  free  transition at x/c =  0.9936   65

 215   rms: 0.3052E-02   max: -.7172E-01   C at   58  1
       a =  9.000      CL =  1.1100
      Cm = -0.0216     CD =  0.01271   =>   CDf =  0.00498    CDp =  0.00773

 Side 1  free  transition at x/c =  0.2329   58
 Side 2  free  transition at x/c =  0.9936   65

 216   rms: 0.3052E-02   max: -.7171E-01   C at   58  1
       a =  9.000      CL =  1.1100
      Cm = -0.0216     CD =  0.01271   =>   CDf =  0.00498    CDp =  0.00773

 Side 1  free  transition at x/c =  0.2329   58
 Side 2  free  transition at x/c =  0.9936   65

 217   rms: 0.3052E-02   max: -.7171E-01   C at   58  1
       a =  9.000      CL =  1.1100
      Cm = -0.0216     CD =  0.01271   =>   CDf =  0.00498    CDp =  0.00773

 Side 1  free  transition at x/c =  0.2329   58
 Side 2  free  transition at x/c =  0.9936   65

 218   rms: 0.3052E-02   max: -.7172E-01   C at   58  1
       a =  9.000      CL =  1.1100
      Cm = -0.0216     CD =  0.01271   =>   CDf =  0.00498    CDp =  0.00773

 Side 1  free  transition at x/c =  0.2329   58
 Side 2  free  transition at x/c =  0.9936   65

 219   rms: 0.3052E-02   max: -.7172E-01   C at   58  1
       a =  9.000      CL =  1.1100
      Cm = -0.0216     CD =  0.01271   =>   CDf =  0.00498    CDp =  0.00773

 Side 1  free  transition at x/c =  0.2329   58
 Side 2  free  transition at x/c =  0.9936   65

 220   rms: 0.3052E-02   max: -.7172E-01   C at   58  1
       a =  9.000      CL =  1.1100
      Cm = -0.0216     CD =  0.01271   =>   CDf =  0.00498    CDp =  0.00773

 Side 1  free  transition at x/c =  0.2329   58
 Side 2  free  transition at x/c =  0.9936   65

 221   rms: 0.3052E-02   max: -.7172E-01   C at   58  1
       a =  9.000      CL =  1.1100
      Cm = -0.0216     CD =  0.01271   =>   CDf =  0.00498    CDp =  0.00773

 Side 1  free  transition at x/c =  0.2329   58
 Side 2  free  transition at x/c =  0.9936   65

 222   rms: 0.3052E-02   max: -.7172E-01   C at   58  1
       a =  9.000      CL =  1.1100
      Cm = -0.0216     CD =  0.01271   =>   CDf =  0.00498    CDp =  0.00773

 Side 1  free  transition at x/c =  0.2329   58
 Side 2  free  transition at x/c =  0.9936   65

 223   rms: 0.3052E-02   max: -.7172E-01   C at   58  1
       a =  9.000      CL =  1.1100
      Cm = -0.0216     CD =  0.01271   =>   CDf =  0.00498    CDp =  0.00773

 Side 1  free  transition at x/c =  0.2329   58
 Side 2  free  transition at x/c =  0.9936   65

 224   rms: 0.3052E-02   max: -.7172E-01   C at   58  1
       a =  9.000      CL =  1.1100
      Cm = -0.0216     CD =  0.01271   =>   CDf =  0.00498    CDp =  0.00773

 Side 1  free  transition at x/c =  0.2329   58
 Side 2  free  transition at x/c =  0.9936   65

 225   rms: 0.3052E-02   max: -.7172E-01   C at   58  1
       a =  9.000      CL =  1.1100
      Cm = -0.0216     CD =  0.01271   =>   CDf =  0.00498    CDp =  0.00773
 VISCAL:  Convergence failed
 Calculating wake trajectory ...
 Calculating source influence matrix ...

 Solving BL system ...

 Side 1  free  transition at x/c =  0.2329   58
 Side 2  free  transition at x/c =  0.9936   65

   1   rms: 0.1476E+00   max: 0.4304E+00   D at   65  2
       a = 10.000      CL =  1.2477
      Cm = -0.0287     CD =  0.01385   =>   CDf =  0.00490    CDp =  0.00894

 Side 1  free  transition at x/c =  0.2024   57
 Side 2  free  transition at x/c =  0.9988   64

   2   rms: 0.1952E-01   max: -.1600E+00   C at   57  1
       a = 10.000      CL =  1.2304
      Cm = -0.0263     CD =  0.01462   =>   CDf =  0.00518    CDp =  0.00943

 Side 1  free  transition at x/c =  0.2041   58
 Side 2 forced transition at x/c =  0.9999   64

   3   rms: 0.5174E-01   max: -.5377E+00   C at   64  2   RLX: 0.930
       a = 10.000      CL =  1.1931
      Cm = -0.0188     CD =  0.01430   =>   CDf =  0.00513    CDp =  0.00916

 Side 1  free  transition at x/c =  0.2098   58
 Side 2 forced transition at x/c =  0.9999   64

   4   rms: 0.1731E-01   max: 0.3059E+00   C at   64  2
       a = 10.000      CL =  1.1971
      Cm = -0.0196     CD =  0.01428   =>   CDf =  0.00508    CDp =  0.00921

 Side 1  free  transition at x/c =  0.2083   58
 Side 2 forced transition at x/c =  0.9999   64

   5   rms: 0.6662E-02   max: 0.1253E+00   C at   64  2
       a = 10.000      CL =  1.1995
      Cm = -0.0200     CD =  0.01432   =>   CDf =  0.00508    CDp =  0.00923

 Side 1  free  transition at x/c =  0.2081   58
 Side 2 forced transition at x/c =  0.9999   64

   6   rms: 0.9885E-03   max: 0.1827E-01   C at   64  2
       a = 10.000      CL =  1.2000
      Cm = -0.0201     CD =  0.01432   =>   CDf =  0.00508    CDp =  0.00924

 Side 1  free  transition at x/c =  0.2080   58
 Side 2 forced transition at x/c =  0.9999   64

   7   rms: 0.1719E-04   max: 0.3125E-03   C at   64  2
       a = 10.000      CL =  1.2000
      Cm = -0.0201     CD =  0.01432   =>   CDf =  0.00509    CDp =  0.00924
 plradd ia,ip,cpol           34           0  3.68647017E-02

 Point added to stored polar  1
 Point written to save file  polar.txt                                       
 Dump file unspecified or not available
 Calculating wake trajectory ...
 Calculating source influence matrix ...

 Solving BL system ...

 Side 1  free  transition at x/c =  0.2080   58
 Side 2 forced transition at x/c =  0.9999   64

   1   rms: 0.1418E+00   max: -.1308E+01   C at   64  2   RLX: 0.382
       a = 11.000      CL =  1.2143
      Cm = -0.0158     CD =  0.01503   =>   CDf =  0.00508    CDp =  0.00995

 Side 1  free  transition at x/c =  0.2005   57
 Side 2 forced transition at x/c =  0.9999   64

   2   rms: 0.7920E-01   max: 0.4514E+00   C at   57  1
       a = 11.000      CL =  1.2642
      Cm = -0.0140     CD =  0.01608   =>   CDf =  0.00501    CDp =  0.01106

 Side 1  free  transition at x/c =  0.1850   57
 Side 2 forced transition at x/c =  0.9999   63

   3   rms: 0.5715E-02   max: -.6902E-01   C at   57  1
       a = 11.000      CL =  1.2602
      Cm = -0.0135     CD =  0.01627   =>   CDf =  0.00518    CDp =  0.01109

 Side 1  free  transition at x/c =  0.1861   57
 Side 2 forced transition at x/c =  0.9999   63

   4   rms: 0.8129E-03   max: 0.9937E-02   D at   91  1
       a = 11.000      CL =  1.2597
      Cm = -0.0135     CD =  0.01629   =>   CDf =  0.00517    CDp =  0.01113

 Side 1  free  transition at x/c =  0.1861   57
 Side 2 forced transition at x/c =  0.9999   63

   5   rms: 0.1012E-04   max: 0.1305E-03   C at   63  2
       a = 11.000      CL =  1.2597
      Cm = -0.0135     CD =  0.01629   =>   CDf =  0.00516    CDp =  0.01113
 plradd ia,ip,cpol           35           0  3.29688005E-02

 Point added to stored polar  1
 Point written to save file  polar.txt                                       
 Dump file unspecified or not available
 Calculating wake trajectory ...
 Calculating source influence matrix ...

 Solving BL system ...

 Side 1  free  transition at x/c =  0.1861   57
 Side 2 forced transition at x/c =  0.9999   63

   1   rms: 0.1269E+00   max: 0.7139E+00   C at   57  1   RLX: 0.925
       a = 12.000      CL =  1.3225
      Cm = -0.0093     CD =  0.01833   =>   CDf =  0.00506    CDp =  0.01327

 Side 1  free  transition at x/c =  0.1647   57
 Side 2 forced transition at x/c =  0.9999   62

   2   rms: 0.1702E-01   max: 0.1584E+00   D at   91  1
       a = 12.000      CL =  1.3192
      Cm = -0.0084     CD =  0.01908   =>   CDf =  0.00530    CDp =  0.01378

 Side 1  free  transition at x/c =  0.1652   57
 Side 2 forced transition at x/c =  0.9999   62

   3   rms: 0.1619E-02   max: -.2146E-01   D at   57  1
       a = 12.000      CL =  1.3201
      Cm = -0.0085     CD =  0.01902   =>   CDf =  0.00524    CDp =  0.01378

 Side 1  free  transition at x/c =  0.1648   57
 Side 2 forced transition at x/c =  0.9999   62

   4   rms: 0.7333E-04   max: -.1007E-02   D at   57  1
       a = 12.000      CL =  1.3200
      Cm = -0.0085     CD =  0.01902   =>   CDf =  0.00525    CDp =  0.01378
 plradd ia,ip,cpol           36           0  2.59525813E-02

 Point added to stored polar  1
 Point written to save file  polar.txt                                       
 Dump file unspecified or not available
 Calculating wake trajectory ...
 Calculating source influence matrix ...

 Solving BL system ...

 Side 1  free  transition at x/c =  0.1648   57
 Side 2 forced transition at x/c =  0.9999   62

   1   rms: 0.1318E+00   max: -.6705E+00   D at   57  1   RLX: 0.746
       a = 13.000      CL =  1.3570
      Cm = -0.0044     CD =  0.02179   =>   CDf =  0.00513    CDp =  0.01666

 Side 1  free  transition at x/c =  0.1502   56
 Side 2 forced transition at x/c =  0.9999   61

   2   rms: 0.3450E-01   max: 0.1475E+00   D at   90  1
       a = 13.000      CL =  1.3785
      Cm = -0.0043     CD =  0.02232   =>   CDf =  0.00529    CDp =  0.01703

 Side 1  free  transition at x/c =  0.1474   56
 Side 2 forced transition at x/c =  0.9999   61

   3   rms: 0.9513E-03   max: 0.1482E-01   D at   70  2
       a = 13.000      CL =  1.3780
      Cm = -0.0043     CD =  0.02230   =>   CDf =  0.00526    CDp =  0.01704

 Side 1  free  transition at x/c =  0.1473   56
 Side 2 forced transition at x/c =  0.9999   61

   4   rms: 0.4089E-04   max: 0.3716E-03   D at   70  2
       a = 13.000      CL =  1.3779
      Cm = -0.0043     CD =  0.02230   =>   CDf =  0.00526    CDp =  0.01704
 plradd ia,ip,cpol           37           0  2.28075795E-02

 Point added to stored polar  1
 Point written to save file  polar.txt                                       
 Dump file unspecified or not available
 Calculating wake trajectory ...
 Calculating source influence matrix ...

 Solving BL system ...

 Side 1  free  transition at x/c =  0.1473   56
 Side 2 forced transition at x/c =  0.9999   61

   1   rms: 0.1263E+00   max: 0.7206E+00   C at   56  1   RLX: 0.746
       a = 14.000      CL =  1.4195
      Cm = -0.0015     CD =  0.02513   =>   CDf =  0.00513    CDp =  0.02001

 Side 1  free  transition at x/c =  0.1344   56
 Side 2 forced transition at x/c =  0.9999   60

   2   rms: 0.3372E-01   max: 0.1871E+00   D at   89  1
       a = 14.000      CL =  1.4274
      Cm = -0.0004     CD =  0.02662   =>   CDf =  0.00530    CDp =  0.02132

 Side 1  free  transition at x/c =  0.1310   56
 Side 2 forced transition at x/c =  0.9999   60

   3   rms: 0.7279E-02   max: 0.8783E-01   T at    2  2
       a = 14.000      CL =  1.4237
      Cm = -0.0002     CD =  0.02683   =>   CDf =  0.00529    CDp =  0.02154

 Side 1  free  transition at x/c =  0.1310   56
 Side 2 forced transition at x/c =  0.9999   60

   4   rms: 0.2920E-03   max: 0.5610E-02   D at   88  1
       a = 14.000      CL =  1.4236
      Cm = -0.0002     CD =  0.02682   =>   CDf =  0.00528    CDp =  0.02154

 Side 1  free  transition at x/c =  0.1310   56
 Side 2 forced transition at x/c =  0.9999   60

   5   rms: 0.1894E-04   max: 0.2083E-03   D at   88  1
       a = 14.000      CL =  1.4236
      Cm = -0.0002     CD =  0.02682   =>   CDf =  0.00528    CDp =  0.02154
 plradd ia,ip,cpol           38           0  1.98908821E-02

 Point added to stored polar  1
 Point written to save file  polar.txt                                       
 Dump file unspecified or not available
 Calculating wake trajectory ...
 Calculating source influence matrix ...

 Solving BL system ...

 Side 1  free  transition at x/c =  0.1310   56
 Side 2 forced transition at x/c =  0.9999   60

   1   rms: 0.1303E+00   max: -.5984E+00   D at   56  1   RLX: 0.647
       a = 15.000      CL =  1.4449
      Cm =  0.0024     CD =  0.03078   =>   CDf =  0.00513    CDp =  0.02565

 Side 1  free  transition at x/c =  0.1208   56
 Side 2 forced transition at x/c =  0.9999   59

   2   rms: 0.4581E-01   max: 0.2567E+00   D at   88  1
       a = 15.000      CL =  1.4597
      Cm =  0.0033     CD =  0.03272   =>   CDf =  0.00529    CDp =  0.02742

 Side 1  free  transition at x/c =  0.1173   55
 Side 2 forced transition at x/c =  0.9999   59

   3   rms: 0.6457E-02   max: -.7289E-01   C at   55  1
       a = 15.000      CL =  1.4642
      Cm =  0.0030     CD =  0.03219   =>   CDf =  0.00523    CDp =  0.02696

 Side 1  free  transition at x/c =  0.1180   55
 Side 2 forced transition at x/c =  0.9999   59

   4   rms: 0.8022E-04   max: 0.1111E-02   D at   87  1
       a = 15.000      CL =  1.4643
      Cm =  0.0029     CD =  0.03221   =>   CDf =  0.00523    CDp =  0.02698
 plradd ia,ip,cpol           39           0  1.98908821E-02

 Point added to stored polar  1
 Point written to save file  polar.txt                                       
 Dump file unspecified or not available
 Calculating wake trajectory ...
 Calculating source influence matrix ...

 Solving BL system ...

 Side 1  free  transition at x/c =  0.1180   55
 Side 2 forced transition at x/c =  0.9999   59

   1   rms: 0.1196E+00   max: 0.4721E+00   C at   55  1   RLX: 0.588
       a = 16.000      CL =  1.4875
      Cm =  0.0042     CD =  0.03595   =>   CDf =  0.00507    CDp =  0.03089

 Side 1  free  transition at x/c =  0.1102   55
 Side 2 forced transition at x/c =  0.9999   58

   2   rms: 0.4831E-01   max: 0.2809E+00   D at   87  1
       a = 16.000      CL =  1.4985
      Cm =  0.0052     CD =  0.03887   =>   CDf =  0.00523    CDp =  0.03364

 Side 1  free  transition at x/c =  0.1060   55
 Side 2 forced transition at x/c =  0.9999   58

   3   rms: 0.7745E-02   max: 0.9516E-01   D at   86  1
       a = 16.000      CL =  1.4928
      Cm =  0.0055     CD =  0.03915   =>   CDf =  0.00518    CDp =  0.03397

 Side 1  free  transition at x/c =  0.1065   55
 Side 2 forced transition at x/c =  0.9999   58

   4   rms: 0.3467E-03   max: -.3218E-02   D at   86  1
       a = 16.000      CL =  1.4930
      Cm =  0.0055     CD =  0.03907   =>   CDf =  0.00516    CDp =  0.03391

 Side 1  free  transition at x/c =  0.1064   55
 Side 2 forced transition at x/c =  0.9999   58

   5   rms: 0.1697E-04   max: -.9751E-04   D at   69  2
       a = 16.000      CL =  1.4930
      Cm =  0.0055     CD =  0.03908   =>   CDf =  0.00516    CDp =  0.03392
 plradd ia,ip,cpol           40           0  1.71940569E-02

 Point added to stored polar  1
 Point written to save file  polar.txt                                       
 Dump file unspecified or not available
 Calculating wake trajectory ...
 Calculating source influence matrix ...

 Solving BL system ...

 Side 1  free  transition at x/c =  0.1064   55
 Side 2 forced transition at x/c =  0.9999   58

   1   rms: 0.1206E+00   max: -.5257E+00   D at   55  1   RLX: 0.522
       a = 17.000      CL =  1.5071
      Cm =  0.0063     CD =  0.04326   =>   CDf =  0.00498    CDp =  0.03828

 Side 1  free  transition at x/c =  0.1012   55
 Side 2 forced transition at x/c =  0.9999   57

   2   rms: 0.5712E-01   max: 0.3252E+00   D at   86  1
       a = 17.000      CL =  1.5168
      Cm =  0.0068     CD =  0.04741   =>   CDf =  0.00513    CDp =  0.04228

 Side 1  free  transition at x/c =  0.0960   55
 Side 2 forced transition at x/c =  0.9999   57

   3   rms: 0.1115E-01   max: 0.1324E+00   D at   85  1
       a = 17.000      CL =  1.5089
      Cm =  0.0072     CD =  0.04770   =>   CDf =  0.00509    CDp =  0.04261

 Side 1  free  transition at x/c =  0.0968   55
 Side 2 forced transition at x/c =  0.9999   57

   4   rms: 0.1784E-02   max: -.2086E-01   D at   85  1
       a = 17.000      CL =  1.5100
      Cm =  0.0072     CD =  0.04745   =>   CDf =  0.00505    CDp =  0.04240

 Side 1  free  transition at x/c =  0.0967   55
 Side 2 forced transition at x/c =  0.9999   57

   5   rms: 0.9616E-04   max: -.5440E-03   D at   69  2
       a = 17.000      CL =  1.5101
      Cm =  0.0072     CD =  0.04747   =>   CDf =  0.00506    CDp =  0.04241
 plradd ia,ip,cpol           41           0  1.47096245E-02

 Point added to stored polar  1
 Point written to save file  polar.txt                                       
 Dump file unspecified or not available
 Calculating wake trajectory ...
 Calculating source influence matrix ...

 Solving BL system ...

 Side 1  free  transition at x/c =  0.0967   55
 Side 2 forced transition at x/c =  0.9999   57

   1   rms: 0.1274E+00   max: 0.6271E+00   D at   83  1   RLX: 0.459
       a = 18.000      CL =  1.5113
      Cm =  0.0074     CD =  0.05280   =>   CDf =  0.00487    CDp =  0.04793

 Side 1  free  transition at x/c =  0.0929   55
 Side 2 forced transition at x/c =  0.9999   56

   2   rms: 0.5949E-01   max: 0.2688E+00   D at   84  1
       a = 18.000      CL =  1.5323
      Cm =  0.0076     CD =  0.05637   =>   CDf =  0.00499    CDp =  0.05138

 Side 1  free  transition at x/c =  0.0876   55
 Side 2 forced transition at x/c =  0.9999   56

   3   rms: 0.1681E-01   max: 0.1172E+00   D at   84  1
       a = 18.000      CL =  1.5182
      Cm =  0.0078     CD =  0.05745   =>   CDf =  0.00498    CDp =  0.05246

 Side 1  free  transition at x/c =  0.0884   55
 Side 2 forced transition at x/c =  0.9999   56

   4   rms: 0.5974E-02   max: 0.5939E-01   D at   83  1
       a = 18.000      CL =  1.5140
      Cm =  0.0079     CD =  0.05778   =>   CDf =  0.00493    CDp =  0.05286

 Side 1  free  transition at x/c =  0.0884   55
 Side 2 forced transition at x/c =  0.9999   56

   5   rms: 0.5126E-03   max: -.6299E-02   D at   83  1
       a = 18.000      CL =  1.5142
      Cm =  0.0079     CD =  0.05765   =>   CDf =  0.00491    CDp =  0.05274

 Side 1  free  transition at x/c =  0.0884   55
 Side 2 forced transition at x/c =  0.9999   56

   6   rms: 0.4517E-04   max: -.1983E-03   D at   71  2
       a = 18.000      CL =  1.5142
      Cm =  0.0079     CD =  0.05765   =>   CDf =  0.00491    CDp =  0.05274
 plradd ia,ip,cpol           42           0  1.47096245E-02

 Point added to stored polar  1
 Point written to save file  polar.txt                                       
 Dump file unspecified or not available
 Calculating wake trajectory ...
 Calculating source influence matrix ...

 Solving BL system ...

 Side 1  free  transition at x/c =  0.0884   55
 Side 2 forced transition at x/c =  0.9999   56

   1   rms: 0.1178E+00   max: 0.5822E+00   D at   82  1   RLX: 0.414
       a = 19.000      CL =  1.5148
      Cm =  0.0077     CD =  0.06277   =>   CDf =  0.00492    CDp =  0.05784

 Side 1  free  transition at x/c =  0.0855   54
 Side 2 forced transition at x/c =  0.9999   56

   2   rms: 0.6789E-01   max: 0.4251E+00   D at   82  1
       a = 19.000      CL =  1.5159
      Cm =  0.0071     CD =  0.06989   =>   CDf =  0.00465    CDp =  0.06524

 Side 1  free  transition at x/c =  0.0809   55
 Side 2 forced transition at x/c =  0.9999   55

   3   rms: 0.1494E-01   max: 0.1960E+00   D at   82  1
       a = 19.000      CL =  1.5054
      Cm =  0.0074     CD =  0.06999   =>   CDf =  0.00477    CDp =  0.06521

 Side 1  free  transition at x/c =  0.0816   55
 Side 2 forced transition at x/c =  0.9999   55

   4   rms: 0.6101E-02   max: -.5527E-01   D at   82  1
       a = 19.000      CL =  1.5101
      Cm =  0.0076     CD =  0.06902   =>   CDf =  0.00473    CDp =  0.06429

 Side 1  free  transition at x/c =  0.0814   55
 Side 2 forced transition at x/c =  0.9999   55

   5   rms: 0.3505E-03   max: -.1872E-02   D at   68  2
       a = 19.000      CL =  1.5104
      Cm =  0.0076     CD =  0.06910   =>   CDf =  0.00475    CDp =  0.06436

 Side 1  free  transition at x/c =  0.0814   55
 Side 2 forced transition at x/c =  0.9999   55

   6   rms: 0.5405E-05   max: -.5196E-04   D at   69  2
       a = 19.000      CL =  1.5104
      Cm =  0.0076     CD =  0.06911   =>   CDf =  0.00475    CDp =  0.06436
 plradd ia,ip,cpol           43           0  1.24317231E-02

 Point added to stored polar  1
 Point written to save file  polar.txt                                       
 Dump file unspecified or not available
 Calculating wake trajectory ...
 Calculating source influence matrix ...

 Solving BL system ...

 Side 1  free  transition at x/c =  0.0814   55
 Side 2 forced transition at x/c =  0.9999   55

   1   rms: 0.1159E+00   max: 0.6139E+00   D at   80  1   RLX: 0.372
       a = 20.000      CL =  1.5070
      Cm =  0.0070     CD =  0.07448   =>   CDf =  0.00476    CDp =  0.06973

 Side 1  free  transition at x/c =  0.0789   54
 Side 2 forced transition at x/c =  0.9999   55

   2   rms: 0.6381E-01   max: 0.3318E+00   D at   80  1
       a = 20.000      CL =  1.5161
      Cm =  0.0060     CD =  0.08123   =>   CDf =  0.00469    CDp =  0.07653

 Side 1  free  transition at x/c =  0.0747   54
 Side 2 forced transition at x/c =  0.9999   55

   3   rms: 0.2407E-01   max: 0.2191E+00   D at   80  1
       a = 20.000      CL =  1.4967
      Cm =  0.0059     CD =  0.08271   =>   CDf =  0.00462    CDp =  0.07810

 Side 1  free  transition at x/c =  0.0753   54
 Side 2 forced transition at x/c =  0.9999   55

   4   rms: 0.3038E-02   max: 0.4839E-01   D at   79  1
       a = 20.000      CL =  1.4952
      Cm =  0.0060     CD =  0.08239   =>   CDf =  0.00455    CDp =  0.07784

 Side 1  free  transition at x/c =  0.0753   54
 Side 2 forced transition at x/c =  0.9999   55

   5   rms: 0.1797E-03   max: -.1838E-02   D at   79  1
       a = 20.000      CL =  1.4952
      Cm =  0.0061     CD =  0.08230   =>   CDf =  0.00455    CDp =  0.07776

 Side 1  free  transition at x/c =  0.0753   54
 Side 2 forced transition at x/c =  0.9999   55

   6   rms: 0.1684E-04   max: -.6763E-04   D at   72  2
       a = 20.000      CL =  1.4952
      Cm =  0.0060     CD =  0.08230   =>   CDf =  0.00455    CDp =  0.07776
 plradd ia,ip,cpol           44           0  1.24317231E-02

 Point added to stored polar  1
 Point written to save file  polar.txt                                       
 Dump file unspecified or not available
 Calculating wake trajectory ...
 Calculating source influence matrix ...

 Solving BL system ...

 Side 1  free  transition at x/c =  0.0753   54
 Side 2 forced transition at x/c =  0.9999   55

   1   rms: 0.1163E+00   max: 0.6860E+00   D at   78  1   RLX: 0.335
       a = 21.000      CL =  1.4884
      Cm =  0.0049     CD =  0.08812   =>   CDf =  0.00456    CDp =  0.08356

 Side 1  free  transition at x/c =  0.0733   54
 Side 2 forced transition at x/c =  0.9999   55

   2   rms: 0.7532E-01   max: 0.4756E+00   D at   78  1
       a = 21.000      CL =  1.4757
      Cm =  0.0030     CD =  0.09859   =>   CDf =  0.00429    CDp =  0.09430

 Side 1  free  transition at x/c =  0.0692   54
 Side 2 forced transition at x/c =  0.9999   54

   3   rms: 0.1648E-01   max: -.1724E+00   D at   54  1
       a = 21.000      CL =  1.4808
      Cm =  0.0035     CD =  0.09577   =>   CDf =  0.00436    CDp =  0.09141

 Side 1  free  transition at x/c =  0.0699   54
 Side 2 forced transition at x/c =  0.9999   54

   4   rms: 0.7643E-02   max: 0.6794E-01   D at   78  1
       a = 21.000      CL =  1.4751
      Cm =  0.0032     CD =  0.09670   =>   CDf =  0.00436    CDp =  0.09234

 Side 1  free  transition at x/c =  0.0699   54
 Side 2 forced transition at x/c =  0.9999   54

   5   rms: 0.7106E-03   max: -.8259E-02   D at   78  1
       a = 21.000      CL =  1.4753
      Cm =  0.0033     CD =  0.09644   =>   CDf =  0.00434    CDp =  0.09210

 Side 1  free  transition at x/c =  0.0699   54
 Side 2 forced transition at x/c =  0.9999   54

   6   rms: 0.6685E-04   max: -.2812E-03   D at   72  2
       a = 21.000      CL =  1.4753
      Cm =  0.0033     CD =  0.09644   =>   CDf =  0.00434    CDp =  0.09210
 plradd ia,ip,cpol           45           0  1.03551224E-02

 Point added to stored polar  1
 Point written to save file  polar.txt                                       
 Dump file unspecified or not available
 Calculating wake trajectory ...
 Calculating source influence matrix ...

 Solving BL system ...

 Side 1  free  transition at x/c =  0.0699   54
 Side 2 forced transition at x/c =  0.9999   54

   1   rms: 0.1013E+00   max: 0.5700E+00   D at   77  1   RLX: 0.309
       a = 22.000      CL =  1.4733
      Cm =  0.0020     CD =  0.10138   =>   CDf =  0.00435    CDp =  0.09703

 Side 1  free  transition at x/c =  0.0680   54
 Side 2 forced transition at x/c =  0.9999   54

   2   rms: 0.8049E-01   max: 0.5396E+00   D at   77  1
       a = 22.000      CL =  1.4546
      Cm = -0.0014     CD =  0.11457   =>   CDf =  0.00432    CDp =  0.11025

 Side 1  free  transition at x/c =  0.0650   53
 Side 2 forced transition at x/c =  0.9999   54

   3   rms: 0.1212E-01   max: 0.1681E+00   D at   76  1
       a = 22.000      CL =  1.4565
      Cm = -0.0007     CD =  0.11108   =>   CDf =  0.00415    CDp =  0.10693

 Side 1  free  transition at x/c =  0.0649   53
 Side 2 forced transition at x/c =  0.9999   54

   4   rms: 0.6332E-02   max: 0.5824E-01   D at   76  1
       a = 22.000      CL =  1.4519
      Cm = -0.0009     CD =  0.11163   =>   CDf =  0.00415    CDp =  0.10748

 Side 1  free  transition at x/c =  0.0650   53
 Side 2 forced transition at x/c =  0.9999   54

   5   rms: 0.4376E-03   max: -.3189E-02   D at   76  1
       a = 22.000      CL =  1.4517
      Cm = -0.0009     CD =  0.11145   =>   CDf =  0.00414    CDp =  0.10731

 Side 1  free  transition at x/c =  0.0650   53
 Side 2 forced transition at x/c =  0.9999   54

   6   rms: 0.1085E-04   max: 0.1253E-03   D at   70  2
       a = 22.000      CL =  1.4517
      Cm = -0.0009     CD =  0.11144   =>   CDf =  0.00414    CDp =  0.10730
 plradd ia,ip,cpol           46           0  1.03551224E-02

 Point added to stored polar  1
 Point written to save file  polar.txt                                       
 Dump file unspecified or not available
 Calculating wake trajectory ...
 Calculating source influence matrix ...

 Solving BL system ...

 Side 1  free  transition at x/c =  0.0650   53
 Side 2 forced transition at x/c =  0.9999   54

   1   rms: 0.9244E-01   max: 0.5077E+00   D at   75  1   RLX: 0.285
       a = 23.000      CL =  1.4518
      Cm = -0.0023     CD =  0.11581   =>   CDf =  0.00394    CDp =  0.11187

 Side 1  free  transition at x/c =  0.0635   54
 Side 2 forced transition at x/c =  0.9999   53

   2   rms: 0.8549E-01   max: 0.6101E+00   D at   76  1
       a = 23.000      CL =  1.4295
      Cm = -0.0074     CD =  0.13140   =>   CDf =  0.00411    CDp =  0.12729

 Side 1  free  transition at x/c =  0.0605   53
 Side 2 forced transition at x/c =  0.9999   53

   3   rms: 0.1385E-01   max: 0.2473E+00   D at   75  1
       a = 23.000      CL =  1.4268
      Cm = -0.0068     CD =  0.12766   =>   CDf =  0.00396    CDp =  0.12369

 Side 1  free  transition at x/c =  0.0604   53
 Side 2 forced transition at x/c =  0.9999   53

   4   rms: 0.8990E-03   max: 0.8798E-02   D at   75  1
       a = 23.000      CL =  1.4264
      Cm = -0.0067     CD =  0.12710   =>   CDf =  0.00395    CDp =  0.12315

 Side 1  free  transition at x/c =  0.0604   53
 Side 2 forced transition at x/c =  0.9999   53

   5   rms: 0.9293E-04   max: 0.4787E-03   D at   73  2
       a = 23.000      CL =  1.4264
      Cm = -0.0067     CD =  0.12707   =>   CDf =  0.00395    CDp =  0.12312
 plradd ia,ip,cpol           47           0  1.03551224E-02

 Point added to stored polar  1
 Point written to save file  polar.txt                                       
 Dump file unspecified or not available
 Calculating wake trajectory ...
 Calculating source influence matrix ...

 Solving BL system ...

 Side 1  free  transition at x/c =  0.0604   53
 Side 2 forced transition at x/c =  0.9999   53

   1   rms: 0.8672E-01   max: 0.4181E+00   D at   74  1   RLX: 0.266
       a = 24.000      CL =  1.4298
      Cm = -0.0082     CD =  0.13069   =>   CDf =  0.00396    CDp =  0.12673

 Side 1  free  transition at x/c =  0.0593   53
 Side 2 forced transition at x/c =  0.9999   53

   2   rms: 0.8303E-01   max: 0.6044E+00   D at   74  1
       a = 24.000      CL =  1.4116
      Cm = -0.0144     CD =  0.14688   =>   CDf =  0.00391    CDp =  0.14296

 Side 1  free  transition at x/c =  0.0560   53
 Side 2 forced transition at x/c =  0.9999   53

   3   rms: 0.1191E-01   max: 0.2194E+00   D at   73  1
       a = 24.000      CL =  1.4109
      Cm = -0.0137     CD =  0.14237   =>   CDf =  0.00378    CDp =  0.13858

 Side 1  free  transition at x/c =  0.0562   53
 Side 2 forced transition at x/c =  0.9999   53

   4   rms: 0.1790E-02   max: 0.2084E-01   D at   73  1
       a = 24.000      CL =  1.4099
      Cm = -0.0137     CD =  0.14196   =>   CDf =  0.00377    CDp =  0.13820

 Side 1  free  transition at x/c =  0.0562   53
 Side 2 forced transition at x/c =  0.9999   53

   5   rms: 0.1601E-03   max: 0.9145E-03   D at   73  2
       a = 24.000      CL =  1.4098
      Cm = -0.0137     CD =  0.14190   =>   CDf =  0.00377    CDp =  0.13814

 Side 1  free  transition at x/c =  0.0562   53
 Side 2 forced transition at x/c =  0.9999   53

   6   rms: 0.9874E-05   max: 0.7881E-04   D at   70  2
       a = 24.000      CL =  1.4098
      Cm = -0.0137     CD =  0.14190   =>   CDf =  0.00377    CDp =  0.13813
 plradd ia,ip,cpol           48           0  8.47558491E-03

 Point added to stored polar  1
 Point written to save file  polar.txt                                       
 Dump file unspecified or not available
 Calculating wake trajectory ...
 Calculating source influence matrix ...

 Solving BL system ...

 Side 1  free  transition at x/c =  0.0562   53
 Side 2 forced transition at x/c =  0.9999   53

   1   rms: 0.1031E+00   max: 0.6691E+00   D at   72  1   RLX: 0.244
       a = 25.000      CL =  1.4055
      Cm = -0.0159     CD =  0.14683   =>   CDf =  0.00358    CDp =  0.14325

 Side 1  free  transition at x/c =  0.0551   53
 Side 2 forced transition at x/c =  0.9999   52

   2   rms: 0.7267E-01   max: 0.4749E+00   D at   73  1
       a = 25.000      CL =  1.4083
      Cm = -0.0218     CD =  0.15947   =>   CDf =  0.00374    CDp =  0.15573

 Side 1  free  transition at x/c =  0.0525   53
 Side 2 forced transition at x/c =  0.9999   52

   3   rms: 0.9112E-02   max: 0.1240E+00   D at   72  1
       a = 25.000      CL =  1.4048
      Cm = -0.0213     CD =  0.15585   =>   CDf =  0.00360    CDp =  0.15225

 Side 1  free  transition at x/c =  0.0525   53
 Side 2 forced transition at x/c =  0.9999   52

   4   rms: 0.1162E-01   max: 0.1048E+00   D at   72  1
       a = 25.000      CL =  1.3976
      Cm = -0.0219     CD =  0.15681   =>   CDf =  0.00360    CDp =  0.15321

 Side 1  free  transition at x/c =  0.0525   53
 Side 2 forced transition at x/c =  0.9999   52

   5   rms: 0.2120E-02   max: -.2189E-01   D at   72  1
       a = 25.000      CL =  1.3985
      Cm = -0.0217     CD =  0.15613   =>   CDf =  0.00357    CDp =  0.15256

 Side 1  free  transition at x/c =  0.0525   53
 Side 2 forced transition at x/c =  0.9999   52

   6   rms: 0.2236E-03   max: -.1179E-02   D at   72  1
       a = 25.000      CL =  1.3986
      Cm = -0.0217     CD =  0.15610   =>   CDf =  0.00358    CDp =  0.15252

 Side 1  free  transition at x/c =  0.0525   53
 Side 2 forced transition at x/c =  0.9999   52

   7   rms: 0.2445E-04   max: -.1399E-03   D at   72  2
       a = 25.000      CL =  1.3987
      Cm = -0.0217     CD =  0.15611   =>   CDf =  0.00358    CDp =  0.15254
 plradd ia,ip,cpol           49           0  8.47558491E-03

 Point added to stored polar  1
 Point written to save file  polar.txt                                       
 Dump file unspecified or not available

.OPERva   c>  
 Polar accumulation disabled

.OPERv   c>  
 XFOIL   c>  