
 ===================================================
  XFOIL Version 6.99
  Copyright (C) 2000   Mark Drela, Harold Youngren

  This software comes with ABSOLUTELY NO WARRANTY,
    subject to the GNU General Public License.

  Caveat computor
 ===================================================

 File  xfoil.def  not found

   QUIT    Exit program

  .OPER    Direct operating point(s)
  .MDES    Complex mapping design routine
  .QDES    Surface speed design routine
  .GDES    Geometry design routine

   SAVE f  Write airfoil to labeled coordinate file
   PSAV f  Write airfoil to plain coordinate file
   ISAV f  Write airfoil to ISES coordinate file
   MSAV f  Write airfoil to MSES coordinate file
   REVE    Reverse written-airfoil node ordering

   LOAD f  Read buffer airfoil from coordinate file
   NACA i  Set NACA 4,5-digit airfoil and buffer airfoil
   INTE    Set buffer airfoil by interpolating two airfoils
   NORM    Buffer airfoil normalization toggle
   XYCM rr Change CM reference location, currently  0.25000 0.00000

   BEND    Display structural properties of current airfoil

   PCOP    Set current-airfoil panel nodes directly from buffer airfoil points
   PANE    Set current-airfoil panel nodes ( 160 ) based on curvature
  .PPAR    Show/change paneling

  .PLOP    Plotting options

   WDEF f  Write  current-settings file
   RDEF f  Reread current-settings file
   NAME s  Specify new airfoil name
   NINC    Increment name version number

   Z       Zoom    | (available in all menus)
   U       Unzoom  | 

 XFOIL   c>  
 Labeled airfoil file.  Name:  NACA 64A223 STANDARD - PDAS/NASA TM-X-3069 6A ge

 Number of input coordinate points: 801
 Counterclockwise ordering
 Max thickness =     0.230026  at x =   0.378
 Max camber    =     0.011962  at x =   0.571

  LE  x,y  =  -0.00023   0.00291  |   Chord =   1.00024
  TE  x,y  =   1.00000   0.00000  |
 Maximum number of panel nodes  :          495
 Number of buffer airfoil points:          801
 Current airfoil cannot be set.
 Try executing PANE at Top Level instead.

 XFOIL   c>  
 Sharp trailing edge

 Paneling parameters used...
   Number of panel nodes       160
   Panel bunching parameter    1.000
   TE/LE panel density ratio   0.150
   Refined-area/LE panel density ratio    0.200
   Top    side refined area x/c limits  1.000 1.000
   Bottom side refined area x/c limits  1.000 1.000

 XFOIL   c>  
.OPERi   c>  
 M  =    0.0000
 Re =   1400000

.OPERv   c>  
 Sonic Cp =    -66.86      Sonic Q/Qinf =     9.138


.OPERv   c>  
.OPERv   c>  
 Polar  1 newly created for accumulation
 Airfoil archived with polar: NACA 64A223 STANDARD - PDAS/NASA TM-X-3069 6A ge

Enter  polar save filename  OR  <return> for no file   s>  
 New polar save file available

Enter  polar dump filename  OR  <return> for no file   s>  
 Polar dump file will NOT be written

 Polar accumulation enabled

.OPERva   c>   Calculating unit vorticity distributions ...
 Calculating wake trajectory ...
 Calculating source influence matrix ...

 Solving BL system ...

 Initializing BL ...
    side            1  ...
 MRCHUE: Inverse mode at  48     Hk =   4.864
 MRCHUE: Inverse mode at  49     Hk =   6.557
 MRCHUE: Inverse mode at  50     Hk =   8.231
 MRCHUE: Inverse mode at  51     Hk =   7.527
 MRCHUE: Inverse mode at  52     Hk =   2.500
 MRCHUE: Convergence failed at  81  side 1    Res =  0.2398E+02
    side            2  ...
 MRCHUE: Inverse mode at  48     Hk =   4.772
 MRCHUE: Inverse mode at  49     Hk =   6.391
 MRCHUE: Inverse mode at  50     Hk =   7.998
 MRCHUE: Inverse mode at  51     Hk =   9.599
 MRCHUE: Inverse mode at  52     Hk =   2.500
 MRCHUE: Convergence failed at  81  side 2    Res =  0.1493E+02

 MRCHDU: Convergence failed at  81  side 1    Res =  0.1219E+03
 MRCHDU: Convergence failed at  81  side 2    Res =  0.3465E+01
 Side 1  free  transition at x/c =  0.5124   51
 Side 2  free  transition at x/c =  0.5087   51

   1   rms: 0.6635E+00   max: 0.3012E+01   D at   83  2   RLX: 0.498
       a =  0.000      CL =  0.1821
      Cm = -0.0391     CD =  0.00139   =>   CDf =  0.00572    CDp = -0.00433

 MRCHDU: Convergence failed at  81  side 1    Res =  0.3335E+00
 Side 1  free  transition at x/c =  0.5237   52
 Side 2  free  transition at x/c =  0.5198   52

   2   rms: 0.4559E+00   max: 0.2084E+01   D at   84  2   RLX: 0.720
       a =  0.000      CL =  0.2497
      Cm = -0.0546     CD =  0.00324   =>   CDf =  0.00548    CDp = -0.00224

 MRCHDU: Convergence failed at  82  side 1    Res =  0.1526E+01
 Side 1  free  transition at x/c =  0.5396   54
 Side 2  free  transition at x/c =  0.5335   52

   3   rms: 0.1778E+00   max: 0.1092E+01   D at   82  1
       a =  0.000      CL =  0.3036
      Cm = -0.0667     CD =  0.00577   =>   CDf =  0.00534    CDp =  0.00043

 MRCHDU: Convergence failed at  82  side 1    Res =  0.2848E+01
 Side 1  free  transition at x/c =  0.5521   54
 Side 2  free  transition at x/c =  0.5461   52

   4   rms: 0.9354E-01   max: 0.1075E+01   D at   82  1
       a =  0.000      CL =  0.3186
      Cm = -0.0701     CD =  0.00648   =>   CDf =  0.00521    CDp =  0.00127

 MRCHDU: Convergence failed at  82  side 1    Res =  0.5806E+01
 Side 1  free  transition at x/c =  0.5507   54
 Side 2  free  transition at x/c =  0.5443   52

   5   rms: 0.8632E-01   max: 0.1113E+01   D at   82  1
       a =  0.000      CL =  0.3272
      Cm = -0.0720     CD =  0.00650   =>   CDf =  0.00520    CDp =  0.00130

 MRCHDU: Convergence failed at  82  side 1    Res =  0.4116E+01
 Side 1  free  transition at x/c =  0.5505   54
 Side 2  free  transition at x/c =  0.5443   52

   6   rms: 0.8958E-01   max: 0.1132E+01   D at   82  1
       a =  0.000      CL =  0.3356
      Cm = -0.0739     CD =  0.00643   =>   CDf =  0.00520    CDp =  0.00123

 MRCHDU: Convergence failed at  82  side 1    Res =  0.3423E+01
 Side 1  free  transition at x/c =  0.5504   54
 Side 2  free  transition at x/c =  0.5444   52

   7   rms: 0.9146E-01   max: 0.1153E+01   D at   82  1
       a =  0.000      CL =  0.3445
      Cm = -0.0759     CD =  0.00637   =>   CDf =  0.00520    CDp =  0.00117

 MRCHDU: Convergence failed at  82  side 1    Res =  0.2880E+01
 Side 1  free  transition at x/c =  0.5503   54
 Side 2  free  transition at x/c =  0.5445   52

   8   rms: 0.9362E-01   max: 0.1175E+01   D at   82  1
       a =  0.000      CL =  0.3539
      Cm = -0.0780     CD =  0.00630   =>   CDf =  0.00521    CDp =  0.00110

 MRCHDU: Convergence failed at  82  side 1    Res =  0.2552E+01
 Side 1  free  transition at x/c =  0.5503   54
 Side 2  free  transition at x/c =  0.5445   52

   9   rms: 0.9580E-01   max: 0.1199E+01   D at   82  1
       a =  0.000      CL =  0.3639
      Cm = -0.0803     CD =  0.00623   =>   CDf =  0.00521    CDp =  0.00102

 MRCHDU: Convergence failed at  82  side 1    Res =  0.2304E+01
 Side 1  free  transition at x/c =  0.5502   54
 Side 2  free  transition at x/c =  0.5446   52

  10   rms: 0.9809E-01   max: 0.1224E+01   D at   82  1
       a =  0.000      CL =  0.3747
      Cm = -0.0827     CD =  0.00615   =>   CDf =  0.00521    CDp =  0.00094

 MRCHDU: Convergence failed at  82  side 1    Res =  0.2113E+01
 Side 1  free  transition at x/c =  0.5502   54
 Side 2  free  transition at x/c =  0.5446   52

  11   rms: 0.1004E+00   max: 0.1250E+01   D at   82  1
       a =  0.000      CL =  0.3865
      Cm = -0.0853     CD =  0.00606   =>   CDf =  0.00521    CDp =  0.00085

 MRCHDU: Convergence failed at  82  side 1    Res =  0.1961E+01
 Side 1  free  transition at x/c =  0.5501   54
 Side 2  free  transition at x/c =  0.5447   52

  12   rms: 0.1029E+00   max: 0.1279E+01   D at   82  1
       a =  0.000      CL =  0.3995
      Cm = -0.0883     CD =  0.00597   =>   CDf =  0.00522    CDp =  0.00075

 MRCHDU: Convergence failed at  82  side 1    Res =  0.1835E+01
 Side 1  free  transition at x/c =  0.5500   54
 Side 2  free  transition at x/c =  0.5448   52

  13   rms: 0.1056E+00   max: 0.1311E+01   D at   82  1
       a =  0.000      CL =  0.4140
      Cm = -0.0915     CD =  0.00586   =>   CDf =  0.00523    CDp =  0.00064

 MRCHDU: Convergence failed at  83  side 1    Res =  0.1736E+01
 Side 1  free  transition at x/c =  0.5499   55
 Side 2  free  transition at x/c =  0.5449   51

  14   rms: 0.1086E+00   max: 0.1347E+01   D at   83  1
       a =  0.000      CL =  0.4307
      Cm = -0.0953     CD =  0.00575   =>   CDf =  0.00522    CDp =  0.00052

 MRCHDU: Convergence failed at  83  side 1    Res =  0.1655E+01
 Side 1  free  transition at x/c =  0.5498   55
 Side 2  free  transition at x/c =  0.5450   51

  15   rms: 0.1119E+00   max: 0.1387E+01   D at   83  1
       a =  0.000      CL =  0.4501
      Cm = -0.0997     CD =  0.00562   =>   CDf =  0.00523    CDp =  0.00039

 MRCHDU: Convergence failed at  83  side 1    Res =  0.1560E+01
 Side 1  free  transition at x/c =  0.5497   55
 Side 2  free  transition at x/c =  0.5451   51

  16   rms: 0.1157E+00   max: 0.1433E+01   D at   83  1
       a =  0.000      CL =  0.4733
      Cm = -0.1050     CD =  0.00547   =>   CDf =  0.00523    CDp =  0.00023

 MRCHDU: Convergence failed at  83  side 1    Res =  0.1498E+01
 Side 1  free  transition at x/c =  0.5495   55
 Side 2  free  transition at x/c =  0.5452   51

  17   rms: 0.1201E+00   max: 0.1488E+01   D at   83  1
       a =  0.000      CL =  0.5017
      Cm = -0.1114     CD =  0.00529   =>   CDf =  0.00524    CDp =  0.00005

 MRCHDU: Convergence failed at  83  side 1    Res =  0.1768E+01
 Side 1  free  transition at x/c =  0.5493   55
 Side 2  free  transition at x/c =  0.5454   51

  18   rms: 0.1255E+00   max: 0.1552E+01   D at   83  1   RLX: 0.966
       a =  0.000      CL =  0.5363
      Cm = -0.1193     CD =  0.00504   =>   CDf =  0.00525    CDp = -0.00021

 MRCHDU: Convergence failed at  83  side 1    Res =  0.2094E+01
 Side 1  free  transition at x/c =  0.5491   55
 Side 2  free  transition at x/c =  0.5455   51

  19   rms: 0.1322E+00   max: 0.1628E+01   D at   83  1   RLX: 0.921
       a =  0.000      CL =  0.5791
      Cm = -0.1291     CD =  0.00474   =>   CDf =  0.00529    CDp = -0.00054

 MRCHDU: Convergence failed at  84  side 1    Res =  0.2606E+01
 Side 1  free  transition at x/c =  0.5487   56
 Side 2  free  transition at x/c =  0.5457   50

  20   rms: 0.1696E+00   max: 0.4956E+00   D at   80  2   RLX: 0.668
       a =  0.000      CL =  0.6247
      Cm = -0.1397     CD =  0.00420   =>   CDf =  0.00528    CDp = -0.00108

 MRCHDU: Convergence failed at  84  side 1    Res =  0.1674E+01
 Side 1  free  transition at x/c =  0.5484   56
 Side 2  free  transition at x/c =  0.5459   50

  21   rms: 0.1522E+00   max: -.5151E+00   U at   84  1   RLX: 0.728
       a =  0.000      CL =  0.6848
      Cm = -0.1534     CD =  0.00403   =>   CDf =  0.00530    CDp = -0.00127

 MRCHDU: Convergence failed at  84  side 1    Res =  0.3928E+01
 Side 1  free  transition at x/c =  0.5479   56
 Side 2  free  transition at x/c =  0.5462   50

  22   rms: 0.1692E+00   max: -.6017E+00   U at   84  1   RLX: 0.623
       a =  0.000      CL =  0.7544
      Cm = -0.1696     CD =  0.00364   =>   CDf =  0.00537    CDp = -0.00173

 MRCHDU: Convergence failed at  85  side 1    Res =  0.4152E+01
 Side 1  free  transition at x/c =  0.5473   57
 Side 2  free  transition at x/c =  0.5465   49

  23   rms: 0.3180E+00   max: 0.4353E+01   D at    2  1   RLX: 0.228
       a =  0.000      CL =  0.7877
      Cm = -0.1782     CD =  0.00311   =>   CDf =  0.00536    CDp = -0.00225

 Side 1  free  transition at x/c =  0.5470   57
 Side 2  free  transition at x/c =  0.5466   49
 idif Ue xi dudx           1  0.13736016      3.75556946E-03   36.575054    
 Uenew xinew           2  4.20007110E-02  1.14834309E-03

  24   rms: 0.1806E+00   max: -.5156E+00   U at   85  1   RLX: 0.727
       a =  0.000      CL =  0.6705
      Cm = -0.1502     CD =  0.00402   =>   CDf =  0.00529    CDp = -0.00127

 MRCHDU: Convergence failed at  84  side 1    Res =  0.1608E+01
 Side 1  free  transition at x/c =  0.5480   56
 Side 2  free  transition at x/c =  0.5462   50

  25   rms: 0.1632E+00   max: -.5778E+00   U at   84  1   RLX: 0.649
       a =  0.000      CL =  0.7342
      Cm = -0.1649     CD =  0.00374   =>   CDf =  0.00532    CDp = -0.00158

 MRCHDU: Convergence failed at  84  side 1    Res =  0.4212E+01
 Side 1  free  transition at x/c =  0.5475   56
 Side 2  free  transition at x/c =  0.5464   50

  26   rms: 0.1842E+00   max: -.6748E+00   U at   84  1   RLX: 0.556
       a =  0.000      CL =  0.8082
      Cm = -0.1822     CD =  0.00339   =>   CDf =  0.00541    CDp = -0.00202

 MRCHDU: Convergence failed at  85  side 1    Res =  0.4591E+02
 Side 1  free  transition at x/c =  0.5469   57
 Side 2  free  transition at x/c =  0.5466   49

  27   rms: 0.2122E+00   max: -.7884E+00   U at   85  1   RLX: 0.476
       a =  0.000      CL =  0.8905
      Cm = -0.2016     CD =  0.00310   =>   CDf =  0.00546    CDp = -0.00237

 MRCHDU: Convergence failed at  86  side 1    Res =  0.3162E+01
 Side 1  free  transition at x/c =  0.5462   58
 Side 2  free  transition at x/c =  0.5466   48

  28   rms: 0.3802E+00   max: -.5036E+01   T at    2  1   RLX: 0.099
       a =  0.000      CL =  0.9140
      Cm = -0.2085     CD =  0.00275   =>   CDf =  0.00544    CDp = -0.00269

 Side 1  free  transition at x/c =  0.5460   58
 Side 2  free  transition at x/c =  0.5467   48

  29   rms: 0.1729E+00   max: -.8118E+00   U at   86  1   RLX: 0.462
       a =  0.000      CL =  0.9323
      Cm = -0.2115     CD =  0.00304   =>   CDf =  0.00544    CDp = -0.00240

 MRCHDU: Convergence failed at  86  side 1    Res =  0.8600E+00
 Side 1  free  transition at x/c =  0.5458   58
 Side 2  free  transition at x/c =  0.5468   48

  30   rms: 0.2482E+00   max: -.9870E+00   U at   86  1   RLX: 0.380
       a =  0.000      CL =  1.0155
      Cm = -0.2316     CD =  0.00275   =>   CDf =  0.00546    CDp = -0.00271

 MRCHDU: Convergence failed at  86  side 1    Res =  0.1624E+00
 Side 1  free  transition at x/c =  0.5452   58
 Side 2  free  transition at x/c =  0.5471   49

  31   rms: 0.2805E+00   max: -.1120E+01   U at   86  1   RLX: 0.335
       a =  0.000      CL =  1.1024
      Cm = -0.2525     CD =  0.00259   =>   CDf =  0.00565    CDp = -0.00307

 Side 1  free  transition at x/c =  0.5443   59
 Side 2  free  transition at x/c =  0.5480   48
 idif Ue xi dudx           1  8.83596018E-02  2.91991234E-03   30.261045    
 Uenew xinew           2  4.44070669E-03  1.46746635E-04

  32   rms: 0.7184E+00   max: -.9566E+01   T at    2  1   RLX: 0.052
       a =  0.000      CL =  1.0715
      Cm = -0.2451     CD =  0.00279   =>   CDf =  0.00540    CDp = -0.00261

 Side 1  free  transition at x/c =  0.5446   58
 Side 2  free  transition at x/c =  0.5478   49

  33   rms: 0.8865E+00   max: -.1318E+02   T at    2  2   RLX: 0.038
       a =  0.000      CL =  1.0501
      Cm = -0.2399     CD =  0.00284   =>   CDf =  0.00551    CDp = -0.00268

 Side 1  free  transition at x/c =  0.5448   58
 Side 2  free  transition at x/c =  0.5477   49
 idif Ue xi dudx           1  0.16256042      4.09698486E-03   39.678062    
 Uenew xinew           2  5.61592132E-02  1.41537189E-03

  34   rms: 0.4220E+00   max: -.1164E+01   D at   69  2   RLX: 0.430
       a =  0.000      CL =  0.8108
      Cm = -0.1832     CD =  0.00341   =>   CDf =  0.00538    CDp = -0.00197

 MRCHDU: Convergence failed at  85  side 1    Res =  0.5524E+00
 Side 1  free  transition at x/c =  0.5469   57
 Side 2  free  transition at x/c =  0.5465   49

  35   rms: 0.2050E+00   max: -.7849E+00   U at   85  1   RLX: 0.478
       a =  0.000      CL =  0.8880
      Cm = -0.2010     CD =  0.00312   =>   CDf =  0.00539    CDp = -0.00227

 MRCHDU: Convergence failed at  85  side 1    Res =  0.3186E+01
 Side 1  free  transition at x/c =  0.5462   57
 Side 2  free  transition at x/c =  0.5468   49

  36   rms: 0.2313E+00   max: -.9105E+00   U at   85  1   RLX: 0.412
       a =  0.000      CL =  0.9689
      Cm = -0.2203     CD =  0.00288   =>   CDf =  0.00553    CDp = -0.00265

 MRCHDU: Convergence failed at  86  side 1    Res =  0.2290E+00
 Side 1  free  transition at x/c =  0.5456   58
 Side 2  free  transition at x/c =  0.5469   49

  37   rms: 0.2695E+00   max: -.1041E+01   U at   86  1   RLX: 0.360
       a =  0.000      CL =  1.0581
      Cm = -0.2417     CD =  0.00268   =>   CDf =  0.00549    CDp = -0.00281

 Side 1  free  transition at x/c =  0.5449   58
 Side 2  free  transition at x/c =  0.5478   49
 idif Ue xi dudx           1  0.15348105      3.78775597E-03   40.520313    
 Uenew xinew           2  4.48212624E-02  1.10614300E-03

  38   rms: 0.4567E+00   max: -.1342E+01   D at   69  2   RLX: 0.373
       a =  0.000      CL =  0.8315
      Cm = -0.1881     CD =  0.00336   =>   CDf =  0.00538    CDp = -0.00202

 Side 1  free  transition at x/c =  0.5467   57
 Side 2  free  transition at x/c =  0.5467   49
 idif Ue xi dudx           1  0.17984970      4.59408760E-03   39.148079    
 Uenew xinew           2  7.77818039E-02  1.98686123E-03

  39   rms: 0.3793E+00   max: -.1143E+01   D at   72  2   RLX: 0.437
       a =  0.000      CL =  0.6142
      Cm = -0.1377     CD =  0.00416   =>   CDf =  0.00531    CDp = -0.00115

 MRCHDU: Convergence failed at  84  side 1    Res =  0.1252E+01
 Side 1  free  transition at x/c =  0.5486   56
 Side 2  free  transition at x/c =  0.5461   50

  40   rms: 0.1436E+00   max: -.4808E+00   U at   84  1   RLX: 0.780
       a =  0.000      CL =  0.6590
      Cm = -0.1474     CD =  0.00420   =>   CDf =  0.00529    CDp = -0.00109

 MRCHDU: Convergence failed at  84  side 1    Res =  0.3586E+01
 Side 1  free  transition at x/c =  0.5481   56
 Side 2  free  transition at x/c =  0.5461   50

  41   rms: 0.1578E+00   max: -.5591E+00   U at   84  1   RLX: 0.671
       a =  0.000      CL =  0.7187
      Cm = -0.1613     CD =  0.00382   =>   CDf =  0.00531    CDp = -0.00149

 MRCHDU: Convergence failed at  84  side 1    Res =  0.4202E+01
 Side 1  free  transition at x/c =  0.5476   56
 Side 2  free  transition at x/c =  0.5463   50

  42   rms: 0.1803E+00   max: -.6503E+00   U at   84  1   RLX: 0.577
       a =  0.000      CL =  0.7928
      Cm = -0.1786     CD =  0.00346   =>   CDf =  0.00540    CDp = -0.00193

 MRCHDU: Convergence failed at  85  side 1    Res =  0.1362E+01
 Side 1  free  transition at x/c =  0.5470   57
 Side 2  free  transition at x/c =  0.5466   49

  43   rms: 0.2060E+00   max: -.7635E+00   U at   85  1   RLX: 0.491
       a =  0.000      CL =  0.8729
      Cm = -0.1975     CD =  0.00316   =>   CDf =  0.00538    CDp = -0.00222

 MRCHDU: Convergence failed at  85  side 1    Res =  0.6970E+00
 Side 1  free  transition at x/c =  0.5463   57
 Side 2  free  transition at x/c =  0.5468   49

  44   rms: 0.2309E+00   max: -.8895E+00   U at   85  1   RLX: 0.422
       a =  0.000      CL =  0.9564
      Cm = -0.2173     CD =  0.00291   =>   CDf =  0.00552    CDp = -0.00261

 MRCHDU: Convergence failed at  86  side 1    Res =  0.5876E+00
 Side 1  free  transition at x/c =  0.5456   58
 Side 2  free  transition at x/c =  0.5469   49

  45   rms: 0.2609E+00   max: -.1023E+01   U at   86  1   RLX: 0.367
       a =  0.000      CL =  1.0423
      Cm = -0.2380     CD =  0.00270   =>   CDf =  0.00548    CDp = -0.00278

 Side 1  free  transition at x/c =  0.5450   58
 Side 2  free  transition at x/c =  0.5477   49
 idif Ue xi dudx           1  0.16715330      4.16588783E-03   40.124290    
 Uenew xinew           2  5.95554747E-02  1.48427486E-03

  46   rms: 0.4457E+00   max: -.1275E+01   D at   69  2   RLX: 0.392
       a =  0.000      CL =  0.8091
      Cm = -0.1829     CD =  0.00341   =>   CDf =  0.00538    CDp = -0.00197

 MRCHDU: Convergence failed at  85  side 1    Res =  0.3128E+00
 Side 1  free  transition at x/c =  0.5471   57
 Side 2  free  transition at x/c =  0.5465   49

  47   rms: 0.2065E+00   max: -.7830E+00   U at   85  1   RLX: 0.479
       a =  0.000      CL =  0.8876
      Cm = -0.2009     CD =  0.00312   =>   CDf =  0.00539    CDp = -0.00227

 MRCHDU: Convergence failed at  85  side 1    Res =  0.3322E+01
 Side 1  free  transition at x/c =  0.5463   57
 Side 2  free  transition at x/c =  0.5468   49

  48   rms: 0.2300E+00   max: -.9104E+00   U at   85  1   RLX: 0.412
       a =  0.000      CL =  0.9674
      Cm = -0.2200     CD =  0.00287   =>   CDf =  0.00553    CDp = -0.00265

 MRCHDU: Convergence failed at  86  side 1    Res =  0.3749E+00
 Side 1  free  transition at x/c =  0.5456   58
 Side 2  free  transition at x/c =  0.5469   49

  49   rms: 0.2700E+00   max: -.1040E+01   U at   86  1   RLX: 0.361
       a =  0.000      CL =  1.0570
      Cm = -0.2415     CD =  0.00268   =>   CDf =  0.00549    CDp = -0.00281

 Side 1  free  transition at x/c =  0.5449   58
 Side 2  free  transition at x/c =  0.5478   49
 idif Ue xi dudx           1  0.15428741      3.80337238E-03   40.565948    
 Uenew xinew           2  4.55052331E-02  1.12175941E-03

  50   rms: 0.4571E+00   max: -.1344E+01   D at   69  2   RLX: 0.372
       a =  0.000      CL =  0.8307
      Cm = -0.1879     CD =  0.00336   =>   CDf =  0.00538    CDp = -0.00202

 Side 1  free  transition at x/c =  0.5468   57
 Side 2  free  transition at x/c =  0.5467   49
 idif Ue xi dudx           1  0.18061033      4.61173058E-03   39.163242    
 Uenew xinew           2  7.85028860E-02  2.00450420E-03

  51   rms: 0.3772E+00   max: -.1130E+01   D at   72  2   RLX: 0.443
       a =  0.000      CL =  0.6130
      Cm = -0.1374     CD =  0.00412   =>   CDf =  0.00531    CDp = -0.00119

 Side 1  free  transition at x/c =  0.5486   56
 Side 2  free  transition at x/c =  0.5461   50
 idif Ue xi dudx           1  0.21160352      4.86862659E-03   43.462673    
 Uenew xinew           2  0.10117758      2.32791901E-03

  52   rms: 0.3148E+00   max: -.1035E+01   D at   75  2   RLX: 0.483
       a =  0.000      CL =  0.4143
      Cm = -0.0920     CD =  0.00511   =>   CDf =  0.00525    CDp = -0.00014

 Side 1  free  transition at x/c =  0.5500   55
 Side 2  free  transition at x/c =  0.5451   51
 idif Ue xi dudx           2  0.23406729      5.17761707E-03   45.207531    
 Uenew xinew           3  0.12208598      2.70056725E-03

  53   rms: 0.2376E+00   max: 0.9364E+00   D at   82  1   RLX: 0.609
       a =  0.000      CL =  0.2271
      Cm = -0.0498     CD =  0.00629   =>   CDf =  0.00519    CDp =  0.00109

 Side 1  free  transition at x/c =  0.5510   53
 Side 2  free  transition at x/c =  0.5439   53
 idif Ue xi dudx           1  0.11972623      2.55417824E-03   46.874660    
 Uenew xinew           2  7.74482265E-03  1.65224075E-04

  54   rms: 0.1272E+00   max: -.5595E+00   D at   80  2   RLX: 0.894
       a =  0.000      CL =  0.0865
      Cm = -0.0183     CD =  0.00706   =>   CDf =  0.00519    CDp =  0.00188

 Side 1  free  transition at x/c =  0.5517   52
 Side 2  free  transition at x/c =  0.5428   54

  55   rms: 0.5206E-01   max: -.5782E+00   D at    2  2   RLX: 0.865
       a =  0.000      CL =  0.0520
      Cm = -0.0106     CD =  0.00732   =>   CDf =  0.00517    CDp =  0.00215

 Side 1  free  transition at x/c =  0.5518   52
 Side 2  free  transition at x/c =  0.5425   54

  56   rms: 0.9686E-02   max: 0.6537E-01   D at   82  2
       a =  0.000      CL =  0.0646
      Cm = -0.0134     CD =  0.00741   =>   CDf =  0.00517    CDp =  0.00224

 Side 1  free  transition at x/c =  0.5518   52
 Side 2  free  transition at x/c =  0.5426   54

  57   rms: 0.1569E-02   max: 0.1178E-01   D at   82  2
       a =  0.000      CL =  0.0666
      Cm = -0.0139     CD =  0.00741   =>   CDf =  0.00517    CDp =  0.00224

 Side 1  free  transition at x/c =  0.5518   52
 Side 2  free  transition at x/c =  0.5426   54

  58   rms: 0.6757E-04   max: 0.4903E-03   D at   82  2
       a =  0.000      CL =  0.0667
      Cm = -0.0139     CD =  0.00741   =>   CDf =  0.00517    CDp =  0.00224
 plradd ia,ip,cpol            1           0  0.37224060    

 Point added to stored polar  1
 Point written to save file  polar.txt                                       
 Dump file unspecified or not available
 Calculating wake trajectory ...
 Calculating source influence matrix ...

 Solving BL system ...

 Side 1  free  transition at x/c =  0.5518   52
 Side 2  free  transition at x/c =  0.5426   54

   1   rms: 0.1318E+00   max: -.2033E+00   T at   54  2
       a =  1.000      CL =  0.1730
      Cm = -0.0132     CD =  0.00743   =>   CDf =  0.00512    CDp =  0.00231

 Side 1  free  transition at x/c =  0.5409   54
 Side 2  free  transition at x/c =  0.5520   53

   2   rms: 0.1311E-01   max: -.1428E+00   D at    4  1
       a =  1.000      CL =  0.1693
      Cm = -0.0125     CD =  0.00746   =>   CDf =  0.00518    CDp =  0.00228

 Side 1  free  transition at x/c =  0.5411   54
 Side 2  free  transition at x/c =  0.5538   53

   3   rms: 0.1087E-02   max: 0.9741E-02   D at    5  1
       a =  1.000      CL =  0.1693
      Cm = -0.0125     CD =  0.00747   =>   CDf =  0.00516    CDp =  0.00231

 Side 1  free  transition at x/c =  0.5411   54
 Side 2  free  transition at x/c =  0.5535   53

   4   rms: 0.3077E-05   max: -.2958E-04   D at   53  2
       a =  1.000      CL =  0.1693
      Cm = -0.0125     CD =  0.00747   =>   CDf =  0.00516    CDp =  0.00231
 plradd ia,ip,cpol            2           0  0.37224060    

 Point added to stored polar  1
 Point written to save file  polar.txt                                       
 Dump file unspecified or not available
 Calculating wake trajectory ...
 Calculating source influence matrix ...

 Solving BL system ...

 Side 1  free  transition at x/c =  0.5411   54
 Side 2  free  transition at x/c =  0.5535   53

   1   rms: 0.1408E+00   max: 0.3733E+00   D at   53  2
       a =  2.000      CL =  0.2719
      Cm = -0.0113     CD =  0.00759   =>   CDf =  0.00513    CDp =  0.00246

 Side 1  free  transition at x/c =  0.5324   54
 Side 2  free  transition at x/c =  0.5644   52

   2   rms: 0.1592E-01   max: -.1494E+00   D at   55  1
       a =  2.000      CL =  0.2754
      Cm = -0.0120     CD =  0.00761   =>   CDf =  0.00517    CDp =  0.00244

 Side 1  free  transition at x/c =  0.5313   54
 Side 2  free  transition at x/c =  0.5650   52

   3   rms: 0.9234E-03   max: -.7511E-02   D at   55  1
       a =  2.000      CL =  0.2759
      Cm = -0.0122     CD =  0.00762   =>   CDf =  0.00515    CDp =  0.00247

 Side 1  free  transition at x/c =  0.5311   54
 Side 2  free  transition at x/c =  0.5650   52

   4   rms: 0.4748E-04   max: 0.2262E-03   D at   78  2
       a =  2.000      CL =  0.2760
      Cm = -0.0122     CD =  0.00762   =>   CDf =  0.00516    CDp =  0.00247
 plradd ia,ip,cpol            3           0  0.37224060    

 Point added to stored polar  1
 Point written to save file  polar.txt                                       
 Dump file unspecified or not available
 Calculating wake trajectory ...
 Calculating source influence matrix ...

 Solving BL system ...

 Side 1  free  transition at x/c =  0.5311   54
 Side 2  free  transition at x/c =  0.5650   52

   1   rms: 0.1346E+00   max: 0.2681E+00   C at   52  2
       a =  3.000      CL =  0.3906
      Cm = -0.0135     CD =  0.00776   =>   CDf =  0.00506    CDp =  0.00270

 MRCHDU: Convergence failed at  51  side 2    Res =  0.2148E+01
 Side 1  free  transition at x/c =  0.5208   56
 Side 2  free  transition at x/c =  0.5775   51

   2   rms: 0.1824E-01   max: 0.2822E+00   C at   51  2
       a =  3.000      CL =  0.3916
      Cm = -0.0139     CD =  0.00773   =>   CDf =  0.00505    CDp =  0.00268

 Side 1  free  transition at x/c =  0.5215   56
 Side 2  free  transition at x/c =  0.5812   51

   3   rms: 0.1338E-02   max: -.2348E-01   D at   52  2
       a =  3.000      CL =  0.3911
      Cm = -0.0138     CD =  0.00773   =>   CDf =  0.00507    CDp =  0.00266

 Side 1  free  transition at x/c =  0.5215   56
 Side 2  free  transition at x/c =  0.5807   51

   4   rms: 0.2521E-04   max: -.2138E-03   D at   52  2
       a =  3.000      CL =  0.3911
      Cm = -0.0138     CD =  0.00773   =>   CDf =  0.00507    CDp =  0.00265
 plradd ia,ip,cpol            4           0  0.35496014    

 Point added to stored polar  1
 Point written to save file  polar.txt                                       
 Dump file unspecified or not available
 Calculating wake trajectory ...
 Calculating source influence matrix ...

 Solving BL system ...

 Side 1  free  transition at x/c =  0.5215   56
 Side 2  free  transition at x/c =  0.5807   51

   1   rms: 0.1388E+00   max: 0.2449E+00   D at   51  2
       a =  4.000      CL =  0.5021
      Cm = -0.0146     CD =  0.00800   =>   CDf =  0.00502    CDp =  0.00298

 Side 1  free  transition at x/c =  0.5069   56
 Side 2  free  transition at x/c =  0.5952   51

   2   rms: 0.3062E-01   max: -.3614E+00   D at   56  1
       a =  4.000      CL =  0.4966
      Cm = -0.0134     CD =  0.00787   =>   CDf =  0.00504    CDp =  0.00283

 Side 1  free  transition at x/c =  0.5103   56
 Side 2  free  transition at x/c =  0.5968   51

   3   rms: 0.5554E-02   max: 0.4495E-01   C at   56  1
       a =  4.000      CL =  0.5011
      Cm = -0.0143     CD =  0.00789   =>   CDf =  0.00499    CDp =  0.00290

 Side 1  free  transition at x/c =  0.5093   56
 Side 2  free  transition at x/c =  0.5967   51

   4   rms: 0.3013E-03   max: -.1492E-02   D at   85  1
       a =  4.000      CL =  0.5015
      Cm = -0.0144     CD =  0.00789   =>   CDf =  0.00499    CDp =  0.00289

 Side 1  free  transition at x/c =  0.5093   56
 Side 2  free  transition at x/c =  0.5967   51

   5   rms: 0.1103E-04   max: 0.6502E-04   D at   76  2
       a =  4.000      CL =  0.5015
      Cm = -0.0144     CD =  0.00789   =>   CDf =  0.00499    CDp =  0.00289
 plradd ia,ip,cpol            5           0  0.35496014    

 Point added to stored polar  1
 Point written to save file  polar.txt                                       
 Dump file unspecified or not available
 Calculating wake trajectory ...
 Calculating source influence matrix ...

 Solving BL system ...

 Side 1  free  transition at x/c =  0.5093   56
 Side 2  free  transition at x/c =  0.5967   51

   1   rms: 0.1386E+00   max: 0.3602E+00   D at   51  2
       a =  5.000      CL =  0.6142
      Cm = -0.0156     CD =  0.00802   =>   CDf =  0.00484    CDp =  0.00318

 Side 1  free  transition at x/c =  0.4916   57
 Side 2  free  transition at x/c =  0.6104   50

   2   rms: 0.2808E-01   max: -.2422E+00   D at    2  1
       a =  5.000      CL =  0.6045
      Cm = -0.0137     CD =  0.00815   =>   CDf =  0.00500    CDp =  0.00315

 Side 1  free  transition at x/c =  0.4950   57
 Side 2  free  transition at x/c =  0.6148   50

   3   rms: 0.2992E-02   max: -.2549E-01   D at    4  1
       a =  5.000      CL =  0.6055
      Cm = -0.0139     CD =  0.00815   =>   CDf =  0.00493    CDp =  0.00322

 Side 1  free  transition at x/c =  0.4948   57
 Side 2  free  transition at x/c =  0.6142   50

   4   rms: 0.6621E-04   max: 0.4663E-03   D at   74  2
       a =  5.000      CL =  0.6055
      Cm = -0.0139     CD =  0.00815   =>   CDf =  0.00494    CDp =  0.00322
 plradd ia,ip,cpol            6           0  0.21459390    

 Point added to stored polar  1
 Point written to save file  polar.txt                                       
 Dump file unspecified or not available
 Calculating wake trajectory ...
 Calculating source influence matrix ...

 Solving BL system ...

 Side 1  free  transition at x/c =  0.4948   57
 Side 2  free  transition at x/c =  0.6142   50

   1   rms: 0.1466E+00   max: 0.4674E+00   D at   50  2
       a =  6.000      CL =  0.7161
      Cm = -0.0147     CD =  0.00819   =>   CDf =  0.00485    CDp =  0.00334

 Side 1  free  transition at x/c =  0.4770   57
 Side 2  free  transition at x/c =  0.6262   50

   2   rms: 0.2837E-01   max: -.2959E+00   D at   49  2
       a =  6.000      CL =  0.7090
      Cm = -0.0135     CD =  0.00844   =>   CDf =  0.00495    CDp =  0.00349

 Side 1  free  transition at x/c =  0.4776   57
 Side 2  free  transition at x/c =  0.6410   50

   3   rms: 0.1653E-01   max: -.2785E+00   C at   50  2
       a =  6.000      CL =  0.7066
      Cm = -0.0129     CD =  0.00844   =>   CDf =  0.00485    CDp =  0.00360

 Side 1  free  transition at x/c =  0.4777   57
 Side 2  free  transition at x/c =  0.6340   50

   4   rms: 0.1280E-02   max: 0.1499E-01   D at   51  2
       a =  6.000      CL =  0.7057
      Cm = -0.0127     CD =  0.00848   =>   CDf =  0.00485    CDp =  0.00362

 Side 1  free  transition at x/c =  0.4777   57
 Side 2  free  transition at x/c =  0.6341   50

   5   rms: 0.4335E-04   max: -.3045E-03   D at   73  2
       a =  6.000      CL =  0.7056
      Cm = -0.0127     CD =  0.00848   =>   CDf =  0.00485    CDp =  0.00362
 plradd ia,ip,cpol            7           0  5.16514294E-02

 Point added to stored polar  1
 Point written to save file  polar.txt                                       
 Dump file unspecified or not available
 Calculating wake trajectory ...
 Calculating source influence matrix ...

 Solving BL system ...

 Side 1  free  transition at x/c =  0.4777   57
 Side 2  free  transition at x/c =  0.6341   50

   1   rms: 0.1396E+00   max: 0.4971E+00   D at   50  2
       a =  7.000      CL =  0.8163
      Cm = -0.0136     CD =  0.00859   =>   CDf =  0.00465    CDp =  0.00393

 Side 1  free  transition at x/c =  0.4571   58
 Side 2  free  transition at x/c =  0.6462   49

   2   rms: 0.4433E-01   max: -.5030E+00   D at    4  1   RLX: 0.994
       a =  7.000      CL =  0.8073
      Cm = -0.0121     CD =  0.00884   =>   CDf =  0.00486    CDp =  0.00397

 Side 1  free  transition at x/c =  0.4606   59
 Side 2  free  transition at x/c =  0.6637   49

   3   rms: 0.1738E-01   max: -.3329E+00   C at   49  2
       a =  7.000      CL =  0.8046
      Cm = -0.0115     CD =  0.00884   =>   CDf =  0.00472    CDp =  0.00412

 Side 1  free  transition at x/c =  0.4604   59
 Side 2  free  transition at x/c =  0.6555   49

   4   rms: 0.1345E-02   max: 0.1489E-01   D at   50  2
       a =  7.000      CL =  0.8038
      Cm = -0.0113     CD =  0.00888   =>   CDf =  0.00473    CDp =  0.00414

 Side 1  free  transition at x/c =  0.4605   59
 Side 2  free  transition at x/c =  0.6556   49

   5   rms: 0.3359E-04   max: -.2509E-03   D at   71  2
       a =  7.000      CL =  0.8037
      Cm = -0.0113     CD =  0.00888   =>   CDf =  0.00473    CDp =  0.00414
 plradd ia,ip,cpol            8           0  2.96850856E-02

 Point added to stored polar  1
 Point written to save file  polar.txt                                       
 Dump file unspecified or not available
 Calculating wake trajectory ...
 Calculating source influence matrix ...

 Solving BL system ...

 Side 1  free  transition at x/c =  0.4605   59
 Side 2  free  transition at x/c =  0.6556   49

   1   rms: 0.1609E+00   max: -.9341E+00   D at    5  1   RLX: 0.535
       a =  8.000      CL =  0.8492
      Cm = -0.0095     CD =  0.00932   =>   CDf =  0.00473    CDp =  0.00459

 Side 1  free  transition at x/c =  0.4462   58
 Side 2  free  transition at x/c =  0.6637   49

   2   rms: 0.6847E-01   max: -.2612E+00   D at   59  1
       a =  8.000      CL =  0.8920
      Cm = -0.0084     CD =  0.00960   =>   CDf =  0.00460    CDp =  0.00500

 Side 1  free  transition at x/c =  0.4345   58
 Side 2  free  transition at x/c =  0.6766   49

   3   rms: 0.8459E-02   max: -.6241E-01   D at   59  1
       a =  8.000      CL =  0.8973
      Cm = -0.0094     CD =  0.00942   =>   CDf =  0.00462    CDp =  0.00481

 Side 1  free  transition at x/c =  0.4342   58
 Side 2  free  transition at x/c =  0.6777   49

   4   rms: 0.3093E-03   max: -.2005E-02   D at    4  1
       a =  8.000      CL =  0.8975
      Cm = -0.0094     CD =  0.00943   =>   CDf =  0.00462    CDp =  0.00481

 Side 1  free  transition at x/c =  0.4342   58
 Side 2  free  transition at x/c =  0.6777   49

   5   rms: 0.1562E-05   max: -.1229E-04   T at   70  2
       a =  8.000      CL =  0.8975
      Cm = -0.0094     CD =  0.00943   =>   CDf =  0.00462    CDp =  0.00481
 plradd ia,ip,cpol            9           0  2.96850856E-02

 Point added to stored polar  1
 Point written to save file  polar.txt                                       
 Dump file unspecified or not available
 Calculating wake trajectory ...
 Calculating source influence matrix ...

 Solving BL system ...

 Side 1  free  transition at x/c =  0.4342   58
 Side 2  free  transition at x/c =  0.6777   49

   1   rms: 0.1451E+00   max: -.7216E+00   D at   58  1   RLX: 0.693
       a =  9.000      CL =  0.9591
      Cm = -0.0077     CD =  0.00997   =>   CDf =  0.00450    CDp =  0.00547

 Side 1  free  transition at x/c =  0.3518   54
 Side 2  free  transition at x/c =  0.6896   49

   2   rms: 0.6826E-01   max: 0.6035E+00   C at   54  1
       a =  9.000      CL =  0.9428
      Cm = -0.0003     CD =  0.01151   =>   CDf =  0.00498    CDp =  0.00653

 Side 1  free  transition at x/c =  0.3248   53
 Side 2  free  transition at x/c =  0.7013   49

   3   rms: 0.1620E-01   max: -.2530E+00   C at   53  1
       a =  9.000      CL =  0.9341
      Cm =  0.0011     CD =  0.01183   =>   CDf =  0.00503    CDp =  0.00680

 Side 1  free  transition at x/c =  0.3313   53
 Side 2  free  transition at x/c =  0.7012   49

   4   rms: 0.1312E-02   max: -.2508E-01   C at   53  1
       a =  9.000      CL =  0.9336
      Cm =  0.0012     CD =  0.01184   =>   CDf =  0.00498    CDp =  0.00686

 Side 1  free  transition at x/c =  0.3318   53
 Side 2  free  transition at x/c =  0.7012   49

   5   rms: 0.2972E-04   max: 0.4461E-03   D at   83  1
       a =  9.000      CL =  0.9336
      Cm =  0.0012     CD =  0.01184   =>   CDf =  0.00497    CDp =  0.00686
 plradd ia,ip,cpol           10           0  2.19602250E-02

 Point added to stored polar  1
 Point written to save file  polar.txt                                       
 Dump file unspecified or not available
 Calculating wake trajectory ...
 Calculating source influence matrix ...

 Solving BL system ...

 Side 1  free  transition at x/c =  0.3318   53
 Side 2  free  transition at x/c =  0.7012   49

   1   rms: 0.2358E+00   max: 0.4383E+01   C at   53  1   RLX: 0.342
       a = 10.000      CL =  0.9481
      Cm =  0.0040     CD =  0.01278   =>   CDf =  0.00497    CDp =  0.00780

 Side 1  free  transition at x/c =  0.2985   51
 Side 2  free  transition at x/c =  0.7070   50

   2   rms: 0.1269E+00   max: 0.1937E+01   C at   51  1   RLX: 0.775
       a = 10.000      CL =  0.9724
      Cm =  0.0074     CD =  0.01415   =>   CDf =  0.00499    CDp =  0.00916

 Side 1  free  transition at x/c =  0.2554   50
 Side 2  free  transition at x/c =  0.7239   49

   3   rms: 0.3447E-01   max: 0.2462E+00   D at   82  1
       a = 10.000      CL =  0.9628
      Cm =  0.0106     CD =  0.01522   =>   CDf =  0.00525    CDp =  0.00997

 Side 1  free  transition at x/c =  0.2534   50
 Side 2  free  transition at x/c =  0.7254   49

   4   rms: 0.6500E-02   max: -.1215E+00   C at   49  2
       a = 10.000      CL =  0.9615
      Cm =  0.0108     CD =  0.01523   =>   CDf =  0.00521    CDp =  0.01002

 Side 1  free  transition at x/c =  0.2542   50
 Side 2  free  transition at x/c =  0.7253   49

   5   rms: 0.5638E-02   max: -.1228E+00   C at   49  2
       a = 10.000      CL =  0.9616
      Cm =  0.0108     CD =  0.01522   =>   CDf =  0.00520    CDp =  0.01002

 Side 1  free  transition at x/c =  0.2542   50
 Side 2  free  transition at x/c =  0.7253   49

   6   rms: 0.5629E-02   max: -.1228E+00   C at   49  2
       a = 10.000      CL =  0.9616
      Cm =  0.0108     CD =  0.01522   =>   CDf =  0.00520    CDp =  0.01002

 Side 1  free  transition at x/c =  0.2542   50
 Side 2  free  transition at x/c =  0.7253   49

   7   rms: 0.5630E-02   max: -.1228E+00   C at   49  2
       a = 10.000      CL =  0.9616
      Cm =  0.0108     CD =  0.01522   =>   CDf =  0.00520    CDp =  0.01002

 Side 1  free  transition at x/c =  0.2542   50
 Side 2  free  transition at x/c =  0.7253   49

   8   rms: 0.5630E-02   max: -.1228E+00   C at   49  2
       a = 10.000      CL =  0.9616
      Cm =  0.0108     CD =  0.01522   =>   CDf =  0.00520    CDp =  0.01002

 Side 1  free  transition at x/c =  0.2542   50
 Side 2  free  transition at x/c =  0.7253   49

   9   rms: 0.5630E-02   max: -.1228E+00   C at   49  2
       a = 10.000      CL =  0.9616
      Cm =  0.0108     CD =  0.01522   =>   CDf =  0.00520    CDp =  0.01002

 Side 1  free  transition at x/c =  0.2542   50
 Side 2  free  transition at x/c =  0.7253   49

  10   rms: 0.5630E-02   max: -.1228E+00   C at   49  2
       a = 10.000      CL =  0.9616
      Cm =  0.0108     CD =  0.01522   =>   CDf =  0.00520    CDp =  0.01002

 Side 1  free  transition at x/c =  0.2542   50
 Side 2  free  transition at x/c =  0.7253   49

  11   rms: 0.5630E-02   max: -.1228E+00   C at   49  2
       a = 10.000      CL =  0.9616
      Cm =  0.0108     CD =  0.01522   =>   CDf =  0.00520    CDp =  0.01002

 Side 1  free  transition at x/c =  0.2542   50
 Side 2  free  transition at x/c =  0.7253   49

  12   rms: 0.5630E-02   max: -.1228E+00   C at   49  2
       a = 10.000      CL =  0.9616
      Cm =  0.0108     CD =  0.01522   =>   CDf =  0.00520    CDp =  0.01002

 Side 1  free  transition at x/c =  0.2542   50
 Side 2  free  transition at x/c =  0.7253   49

  13   rms: 0.5629E-02   max: -.1228E+00   C at   49  2
       a = 10.000      CL =  0.9616
      Cm =  0.0108     CD =  0.01522   =>   CDf =  0.00520    CDp =  0.01002

 Side 1  free  transition at x/c =  0.2542   50
 Side 2  free  transition at x/c =  0.7253   49

  14   rms: 0.5630E-02   max: -.1228E+00   C at   49  2
       a = 10.000      CL =  0.9616
      Cm =  0.0108     CD =  0.01522   =>   CDf =  0.00520    CDp =  0.01002

 Side 1  free  transition at x/c =  0.2542   50
 Side 2  free  transition at x/c =  0.7253   49

  15   rms: 0.5630E-02   max: -.1228E+00   C at   49  2
       a = 10.000      CL =  0.9616
      Cm =  0.0108     CD =  0.01522   =>   CDf =  0.00520    CDp =  0.01002

 Side 1  free  transition at x/c =  0.2542   50
 Side 2  free  transition at x/c =  0.7253   49

  16   rms: 0.5630E-02   max: -.1228E+00   C at   49  2
       a = 10.000      CL =  0.9616
      Cm =  0.0108     CD =  0.01522   =>   CDf =  0.00520    CDp =  0.01002

 Side 1  free  transition at x/c =  0.2542   50
 Side 2  free  transition at x/c =  0.7253   49

  17   rms: 0.5630E-02   max: -.1228E+00   C at   49  2
       a = 10.000      CL =  0.9616
      Cm =  0.0108     CD =  0.01522   =>   CDf =  0.00520    CDp =  0.01002

 Side 1  free  transition at x/c =  0.2542   50
 Side 2  free  transition at x/c =  0.7253   49

  18   rms: 0.5630E-02   max: -.1228E+00   C at   49  2
       a = 10.000      CL =  0.9616
      Cm =  0.0108     CD =  0.01522   =>   CDf =  0.00520    CDp =  0.01002

 Side 1  free  transition at x/c =  0.2542   50
 Side 2  free  transition at x/c =  0.7253   49

  19   rms: 0.5629E-02   max: -.1228E+00   C at   49  2
       a = 10.000      CL =  0.9616
      Cm =  0.0108     CD =  0.01522   =>   CDf =  0.00520    CDp =  0.01002

 Side 1  free  transition at x/c =  0.2542   50
 Side 2  free  transition at x/c =  0.7253   49

  20   rms: 0.5629E-02   max: -.1228E+00   C at   49  2
       a = 10.000      CL =  0.9616
      Cm =  0.0108     CD =  0.01522   =>   CDf =  0.00520    CDp =  0.01002

 Side 1  free  transition at x/c =  0.2542   50
 Side 2  free  transition at x/c =  0.7253   49

  21   rms: 0.5630E-02   max: -.1228E+00   C at   49  2
       a = 10.000      CL =  0.9616
      Cm =  0.0108     CD =  0.01522   =>   CDf =  0.00520    CDp =  0.01002

 Side 1  free  transition at x/c =  0.2542   50
 Side 2  free  transition at x/c =  0.7253   49

  22   rms: 0.5630E-02   max: -.1228E+00   C at   49  2
       a = 10.000      CL =  0.9616
      Cm =  0.0108     CD =  0.01522   =>   CDf =  0.00520    CDp =  0.01002

 Side 1  free  transition at x/c =  0.2542   50
 Side 2  free  transition at x/c =  0.7253   49

  23   rms: 0.5630E-02   max: -.1228E+00   C at   49  2
       a = 10.000      CL =  0.9616
      Cm =  0.0108     CD =  0.01522   =>   CDf =  0.00520    CDp =  0.01002

 Side 1  free  transition at x/c =  0.2542   50
 Side 2  free  transition at x/c =  0.7253   49

  24   rms: 0.5630E-02   max: -.1228E+00   C at   49  2
       a = 10.000      CL =  0.9616
      Cm =  0.0108     CD =  0.01522   =>   CDf =  0.00520    CDp =  0.01002

 Side 1  free  transition at x/c =  0.2542   50
 Side 2  free  transition at x/c =  0.7253   49

  25   rms: 0.5630E-02   max: -.1228E+00   C at   49  2
       a = 10.000      CL =  0.9616
      Cm =  0.0108     CD =  0.01522   =>   CDf =  0.00520    CDp =  0.01002

 Side 1  free  transition at x/c =  0.2542   50
 Side 2  free  transition at x/c =  0.7253   49

  26   rms: 0.5630E-02   max: -.1228E+00   C at   49  2
       a = 10.000      CL =  0.9616
      Cm =  0.0108     CD =  0.01522   =>   CDf =  0.00520    CDp =  0.01002

 Side 1  free  transition at x/c =  0.2542   50
 Side 2  free  transition at x/c =  0.7253   49

  27   rms: 0.5629E-02   max: -.1228E+00   C at   49  2
       a = 10.000      CL =  0.9616
      Cm =  0.0108     CD =  0.01522   =>   CDf =  0.00520    CDp =  0.01002

 Side 1  free  transition at x/c =  0.2542   50
 Side 2  free  transition at x/c =  0.7253   49

  28   rms: 0.5629E-02   max: -.1228E+00   C at   49  2
       a = 10.000      CL =  0.9616
      Cm =  0.0108     CD =  0.01522   =>   CDf =  0.00520    CDp =  0.01002

 Side 1  free  transition at x/c =  0.2542   50
 Side 2  free  transition at x/c =  0.7253   49

  29   rms: 0.5630E-02   max: -.1228E+00   C at   49  2
       a = 10.000      CL =  0.9616
      Cm =  0.0108     CD =  0.01522   =>   CDf =  0.00520    CDp =  0.01002

 Side 1  free  transition at x/c =  0.2542   50
 Side 2  free  transition at x/c =  0.7253   49

  30   rms: 0.5630E-02   max: -.1228E+00   C at   49  2
       a = 10.000      CL =  0.9616
      Cm =  0.0108     CD =  0.01522   =>   CDf =  0.00520    CDp =  0.01002

 Side 1  free  transition at x/c =  0.2542   50
 Side 2  free  transition at x/c =  0.7253   49

  31   rms: 0.5630E-02   max: -.1228E+00   C at   49  2
       a = 10.000      CL =  0.9616
      Cm =  0.0108     CD =  0.01522   =>   CDf =  0.00520    CDp =  0.01002

 Side 1  free  transition at x/c =  0.2542   50
 Side 2  free  transition at x/c =  0.7253   49

  32   rms: 0.5630E-02   max: -.1228E+00   C at   49  2
       a = 10.000      CL =  0.9616
      Cm =  0.0108     CD =  0.01522   =>   CDf =  0.00520    CDp =  0.01002

 Side 1  free  transition at x/c =  0.2542   50
 Side 2  free  transition at x/c =  0.7253   49

  33   rms: 0.5630E-02   max: -.1228E+00   C at   49  2
       a = 10.000      CL =  0.9616
      Cm =  0.0108     CD =  0.01522   =>   CDf =  0.00520    CDp =  0.01002

 Side 1  free  transition at x/c =  0.2542   50
 Side 2  free  transition at x/c =  0.7253   49

  34   rms: 0.5630E-02   max: -.1228E+00   C at   49  2
       a = 10.000      CL =  0.9616
      Cm =  0.0108     CD =  0.01522   =>   CDf =  0.00520    CDp =  0.01002

 Side 1  free  transition at x/c =  0.2542   50
 Side 2  free  transition at x/c =  0.7253   49

  35   rms: 0.5630E-02   max: -.1228E+00   C at   49  2
       a = 10.000      CL =  0.9616
      Cm =  0.0108     CD =  0.01522   =>   CDf =  0.00520    CDp =  0.01002

 Side 1  free  transition at x/c =  0.2542   50
 Side 2  free  transition at x/c =  0.7253   49

  36   rms: 0.5630E-02   max: -.1228E+00   C at   49  2
       a = 10.000      CL =  0.9616
      Cm =  0.0108     CD =  0.01522   =>   CDf =  0.00520    CDp =  0.01002

 Side 1  free  transition at x/c =  0.2542   50
 Side 2  free  transition at x/c =  0.7253   49

  37   rms: 0.5630E-02   max: -.1228E+00   C at   49  2
       a = 10.000      CL =  0.9616
      Cm =  0.0108     CD =  0.01522   =>   CDf =  0.00520    CDp =  0.01002

 Side 1  free  transition at x/c =  0.2542   50
 Side 2  free  transition at x/c =  0.7253   49

  38   rms: 0.5630E-02   max: -.1228E+00   C at   49  2
       a = 10.000      CL =  0.9616
      Cm =  0.0108     CD =  0.01522   =>   CDf =  0.00520    CDp =  0.01002

 Side 1  free  transition at x/c =  0.2542   50
 Side 2  free  transition at x/c =  0.7253   49

  39   rms: 0.5630E-02   max: -.1228E+00   C at   49  2
       a = 10.000      CL =  0.9616
      Cm =  0.0108     CD =  0.01522   =>   CDf =  0.00520    CDp =  0.01002

 Side 1  free  transition at x/c =  0.2542   50
 Side 2  free  transition at x/c =  0.7253   49

  40   rms: 0.5630E-02   max: -.1228E+00   C at   49  2
       a = 10.000      CL =  0.9616
      Cm =  0.0108     CD =  0.01522   =>   CDf =  0.00520    CDp =  0.01002

 Side 1  free  transition at x/c =  0.2542   50
 Side 2  free  transition at x/c =  0.7253   49

  41   rms: 0.5630E-02   max: -.1228E+00   C at   49  2
       a = 10.000      CL =  0.9616
      Cm =  0.0108     CD =  0.01522   =>   CDf =  0.00520    CDp =  0.01002

 Side 1  free  transition at x/c =  0.2542   50
 Side 2  free  transition at x/c =  0.7253   49

  42   rms: 0.5630E-02   max: -.1228E+00   C at   49  2
       a = 10.000      CL =  0.9616
      Cm =  0.0108     CD =  0.01522   =>   CDf =  0.00520    CDp =  0.01002

 Side 1  free  transition at x/c =  0.2542   50
 Side 2  free  transition at x/c =  0.7253   49

  43   rms: 0.5630E-02   max: -.1228E+00   C at   49  2
       a = 10.000      CL =  0.9616
      Cm =  0.0108     CD =  0.01522   =>   CDf =  0.00520    CDp =  0.01002

 Side 1  free  transition at x/c =  0.2542   50
 Side 2  free  transition at x/c =  0.7253   49

  44   rms: 0.5630E-02   max: -.1228E+00   C at   49  2
       a = 10.000      CL =  0.9616
      Cm =  0.0108     CD =  0.01522   =>   CDf =  0.00520    CDp =  0.01002

 Side 1  free  transition at x/c =  0.2542   50
 Side 2  free  transition at x/c =  0.7253   49

  45   rms: 0.5630E-02   max: -.1228E+00   C at   49  2
       a = 10.000      CL =  0.9616
      Cm =  0.0108     CD =  0.01522   =>   CDf =  0.00520    CDp =  0.01002

 Side 1  free  transition at x/c =  0.2542   50
 Side 2  free  transition at x/c =  0.7253   49

  46   rms: 0.5630E-02   max: -.1228E+00   C at   49  2
       a = 10.000      CL =  0.9616
      Cm =  0.0108     CD =  0.01522   =>   CDf =  0.00520    CDp =  0.01002

 Side 1  free  transition at x/c =  0.2542   50
 Side 2  free  transition at x/c =  0.7253   49

  47   rms: 0.5630E-02   max: -.1228E+00   C at   49  2
       a = 10.000      CL =  0.9616
      Cm =  0.0108     CD =  0.01522   =>   CDf =  0.00520    CDp =  0.01002

 Side 1  free  transition at x/c =  0.2542   50
 Side 2  free  transition at x/c =  0.7253   49

  48   rms: 0.5630E-02   max: -.1228E+00   C at   49  2
       a = 10.000      CL =  0.9616
      Cm =  0.0108     CD =  0.01522   =>   CDf =  0.00520    CDp =  0.01002

 Side 1  free  transition at x/c =  0.2542   50
 Side 2  free  transition at x/c =  0.7253   49

  49   rms: 0.5630E-02   max: -.1228E+00   C at   49  2
       a = 10.000      CL =  0.9616
      Cm =  0.0108     CD =  0.01522   =>   CDf =  0.00520    CDp =  0.01002

 Side 1  free  transition at x/c =  0.2542   50
 Side 2  free  transition at x/c =  0.7253   49

  50   rms: 0.5630E-02   max: -.1228E+00   C at   49  2
       a = 10.000      CL =  0.9616
      Cm =  0.0108     CD =  0.01522   =>   CDf =  0.00520    CDp =  0.01002

 Side 1  free  transition at x/c =  0.2542   50
 Side 2  free  transition at x/c =  0.7253   49

  51   rms: 0.5629E-02   max: -.1228E+00   C at   49  2
       a = 10.000      CL =  0.9616
      Cm =  0.0108     CD =  0.01522   =>   CDf =  0.00520    CDp =  0.01002

 Side 1  free  transition at x/c =  0.2542   50
 Side 2  free  transition at x/c =  0.7253   49

  52   rms: 0.5630E-02   max: -.1228E+00   C at   49  2
       a = 10.000      CL =  0.9616
      Cm =  0.0108     CD =  0.01522   =>   CDf =  0.00520    CDp =  0.01002

 Side 1  free  transition at x/c =  0.2542   50
 Side 2  free  transition at x/c =  0.7253   49

  53   rms: 0.5630E-02   max: -.1228E+00   C at   49  2
       a = 10.000      CL =  0.9616
      Cm =  0.0108     CD =  0.01522   =>   CDf =  0.00520    CDp =  0.01002

 Side 1  free  transition at x/c =  0.2542   50
 Side 2  free  transition at x/c =  0.7253   49

  54   rms: 0.5630E-02   max: -.1228E+00   C at   49  2
       a = 10.000      CL =  0.9616
      Cm =  0.0108     CD =  0.01522   =>   CDf =  0.00520    CDp =  0.01002

 Side 1  free  transition at x/c =  0.2542   50
 Side 2  free  transition at x/c =  0.7253   49

  55   rms: 0.5630E-02   max: -.1228E+00   C at   49  2
       a = 10.000      CL =  0.9616
      Cm =  0.0108     CD =  0.01522   =>   CDf =  0.00520    CDp =  0.01002

 Side 1  free  transition at x/c =  0.2542   50
 Side 2  free  transition at x/c =  0.7253   49

  56   rms: 0.5630E-02   max: -.1228E+00   C at   49  2
       a = 10.000      CL =  0.9616
      Cm =  0.0108     CD =  0.01522   =>   CDf =  0.00520    CDp =  0.01002

 Side 1  free  transition at x/c =  0.2542   50
 Side 2  free  transition at x/c =  0.7253   49

  57   rms: 0.5630E-02   max: -.1228E+00   C at   49  2
       a = 10.000      CL =  0.9616
      Cm =  0.0108     CD =  0.01522   =>   CDf =  0.00520    CDp =  0.01002

 Side 1  free  transition at x/c =  0.2542   50
 Side 2  free  transition at x/c =  0.7253   49

  58   rms: 0.5630E-02   max: -.1228E+00   C at   49  2
       a = 10.000      CL =  0.9616
      Cm =  0.0108     CD =  0.01522   =>   CDf =  0.00520    CDp =  0.01002

 Side 1  free  transition at x/c =  0.2542   50
 Side 2  free  transition at x/c =  0.7253   49

  59   rms: 0.5629E-02   max: -.1228E+00   C at   49  2
       a = 10.000      CL =  0.9616
      Cm =  0.0108     CD =  0.01522   =>   CDf =  0.00520    CDp =  0.01002

 Side 1  free  transition at x/c =  0.2542   50
 Side 2  free  transition at x/c =  0.7253   49

  60   rms: 0.5630E-02   max: -.1228E+00   C at   49  2
       a = 10.000      CL =  0.9616
      Cm =  0.0108     CD =  0.01522   =>   CDf =  0.00520    CDp =  0.01002

 Side 1  free  transition at x/c =  0.2542   50
 Side 2  free  transition at x/c =  0.7253   49

  61   rms: 0.5630E-02   max: -.1228E+00   C at   49  2
       a = 10.000      CL =  0.9616
      Cm =  0.0108     CD =  0.01522   =>   CDf =  0.00520    CDp =  0.01002

 Side 1  free  transition at x/c =  0.2542   50
 Side 2  free  transition at x/c =  0.7253   49

  62   rms: 0.5630E-02   max: -.1228E+00   C at   49  2
       a = 10.000      CL =  0.9616
      Cm =  0.0108     CD =  0.01522   =>   CDf =  0.00520    CDp =  0.01002

 Side 1  free  transition at x/c =  0.2542   50
 Side 2  free  transition at x/c =  0.7253   49

  63   rms: 0.5630E-02   max: -.1228E+00   C at   49  2
       a = 10.000      CL =  0.9616
      Cm =  0.0108     CD =  0.01522   =>   CDf =  0.00520    CDp =  0.01002

 Side 1  free  transition at x/c =  0.2542   50
 Side 2  free  transition at x/c =  0.7253   49

  64   rms: 0.5630E-02   max: -.1228E+00   C at   49  2
       a = 10.000      CL =  0.9616
      Cm =  0.0108     CD =  0.01522   =>   CDf =  0.00520    CDp =  0.01002

 Side 1  free  transition at x/c =  0.2542   50
 Side 2  free  transition at x/c =  0.7253   49

  65   rms: 0.5630E-02   max: -.1228E+00   C at   49  2
       a = 10.000      CL =  0.9616
      Cm =  0.0108     CD =  0.01522   =>   CDf =  0.00520    CDp =  0.01002

 Side 1  free  transition at x/c =  0.2542   50
 Side 2  free  transition at x/c =  0.7253   49

  66   rms: 0.5630E-02   max: -.1228E+00   C at   49  2
       a = 10.000      CL =  0.9616
      Cm =  0.0108     CD =  0.01522   =>   CDf =  0.00520    CDp =  0.01002

 Side 1  free  transition at x/c =  0.2542   50
 Side 2  free  transition at x/c =  0.7253   49

  67   rms: 0.5630E-02   max: -.1228E+00   C at   49  2
       a = 10.000      CL =  0.9616
      Cm =  0.0108     CD =  0.01522   =>   CDf =  0.00520    CDp =  0.01002

 Side 1  free  transition at x/c =  0.2542   50
 Side 2  free  transition at x/c =  0.7253   49

  68   rms: 0.5630E-02   max: -.1228E+00   C at   49  2
       a = 10.000      CL =  0.9616
      Cm =  0.0108     CD =  0.01522   =>   CDf =  0.00520    CDp =  0.01002

 Side 1  free  transition at x/c =  0.2542   50
 Side 2  free  transition at x/c =  0.7253   49

  69   rms: 0.5629E-02   max: -.1228E+00   C at   49  2
       a = 10.000      CL =  0.9616
      Cm =  0.0108     CD =  0.01522   =>   CDf =  0.00520    CDp =  0.01002

 Side 1  free  transition at x/c =  0.2542   50
 Side 2  free  transition at x/c =  0.7253   49

  70   rms: 0.5629E-02   max: -.1228E+00   C at   49  2
       a = 10.000      CL =  0.9616
      Cm =  0.0108     CD =  0.01522   =>   CDf =  0.00520    CDp =  0.01002

 Side 1  free  transition at x/c =  0.2542   50
 Side 2  free  transition at x/c =  0.7253   49

  71   rms: 0.5630E-02   max: -.1228E+00   C at   49  2
       a = 10.000      CL =  0.9616
      Cm =  0.0108     CD =  0.01522   =>   CDf =  0.00520    CDp =  0.01002

 Side 1  free  transition at x/c =  0.2542   50
 Side 2  free  transition at x/c =  0.7253   49

  72   rms: 0.5629E-02   max: -.1228E+00   C at   49  2
       a = 10.000      CL =  0.9616
      Cm =  0.0108     CD =  0.01522   =>   CDf =  0.00520    CDp =  0.01002

 Side 1  free  transition at x/c =  0.2542   50
 Side 2  free  transition at x/c =  0.7253   49

  73   rms: 0.5630E-02   max: -.1228E+00   C at   49  2
       a = 10.000      CL =  0.9616
      Cm =  0.0108     CD =  0.01522   =>   CDf =  0.00520    CDp =  0.01002

 Side 1  free  transition at x/c =  0.2542   50
 Side 2  free  transition at x/c =  0.7253   49

  74   rms: 0.5630E-02   max: -.1228E+00   C at   49  2
       a = 10.000      CL =  0.9616
      Cm =  0.0108     CD =  0.01522   =>   CDf =  0.00520    CDp =  0.01002

 Side 1  free  transition at x/c =  0.2542   50
 Side 2  free  transition at x/c =  0.7253   49

  75   rms: 0.5629E-02   max: -.1228E+00   C at   49  2
       a = 10.000      CL =  0.9616
      Cm =  0.0108     CD =  0.01522   =>   CDf =  0.00520    CDp =  0.01002

 Side 1  free  transition at x/c =  0.2542   50
 Side 2  free  transition at x/c =  0.7253   49

  76   rms: 0.5630E-02   max: -.1228E+00   C at   49  2
       a = 10.000      CL =  0.9616
      Cm =  0.0108     CD =  0.01522   =>   CDf =  0.00520    CDp =  0.01002

 Side 1  free  transition at x/c =  0.2542   50
 Side 2  free  transition at x/c =  0.7253   49

  77   rms: 0.5630E-02   max: -.1228E+00   C at   49  2
       a = 10.000      CL =  0.9616
      Cm =  0.0108     CD =  0.01522   =>   CDf =  0.00520    CDp =  0.01002

 Side 1  free  transition at x/c =  0.2542   50
 Side 2  free  transition at x/c =  0.7253   49

  78   rms: 0.5629E-02   max: -.1228E+00   C at   49  2
       a = 10.000      CL =  0.9616
      Cm =  0.0108     CD =  0.01522   =>   CDf =  0.00520    CDp =  0.01002

 Side 1  free  transition at x/c =  0.2542   50
 Side 2  free  transition at x/c =  0.7253   49

  79   rms: 0.5630E-02   max: -.1228E+00   C at   49  2
       a = 10.000      CL =  0.9616
      Cm =  0.0108     CD =  0.01522   =>   CDf =  0.00520    CDp =  0.01002

 Side 1  free  transition at x/c =  0.2542   50
 Side 2  free  transition at x/c =  0.7253   49

  80   rms: 0.5630E-02   max: -.1228E+00   C at   49  2
       a = 10.000      CL =  0.9616
      Cm =  0.0108     CD =  0.01522   =>   CDf =  0.00520    CDp =  0.01002

 Side 1  free  transition at x/c =  0.2542   50
 Side 2  free  transition at x/c =  0.7253   49

  81   rms: 0.5630E-02   max: -.1228E+00   C at   49  2
       a = 10.000      CL =  0.9616
      Cm =  0.0108     CD =  0.01522   =>   CDf =  0.00520    CDp =  0.01002

 Side 1  free  transition at x/c =  0.2542   50
 Side 2  free  transition at x/c =  0.7253   49

  82   rms: 0.5630E-02   max: -.1228E+00   C at   49  2
       a = 10.000      CL =  0.9616
      Cm =  0.0108     CD =  0.01522   =>   CDf =  0.00520    CDp =  0.01002

 Side 1  free  transition at x/c =  0.2542   50
 Side 2  free  transition at x/c =  0.7253   49

  83   rms: 0.5630E-02   max: -.1228E+00   C at   49  2
       a = 10.000      CL =  0.9616
      Cm =  0.0108     CD =  0.01522   =>   CDf =  0.00520    CDp =  0.01002

 Side 1  free  transition at x/c =  0.2542   50
 Side 2  free  transition at x/c =  0.7253   49

  84   rms: 0.5630E-02   max: -.1228E+00   C at   49  2
       a = 10.000      CL =  0.9616
      Cm =  0.0108     CD =  0.01522   =>   CDf =  0.00520    CDp =  0.01002

 Side 1  free  transition at x/c =  0.2542   50
 Side 2  free  transition at x/c =  0.7253   49

  85   rms: 0.5630E-02   max: -.1228E+00   C at   49  2
       a = 10.000      CL =  0.9616
      Cm =  0.0108     CD =  0.01522   =>   CDf =  0.00520    CDp =  0.01002

 Side 1  free  transition at x/c =  0.2542   50
 Side 2  free  transition at x/c =  0.7253   49

  86   rms: 0.5630E-02   max: -.1228E+00   C at   49  2
       a = 10.000      CL =  0.9616
      Cm =  0.0108     CD =  0.01522   =>   CDf =  0.00520    CDp =  0.01002

 Side 1  free  transition at x/c =  0.2542   50
 Side 2  free  transition at x/c =  0.7253   49

  87   rms: 0.5630E-02   max: -.1228E+00   C at   49  2
       a = 10.000      CL =  0.9616
      Cm =  0.0108     CD =  0.01522   =>   CDf =  0.00520    CDp =  0.01002

 Side 1  free  transition at x/c =  0.2542   50
 Side 2  free  transition at x/c =  0.7253   49

  88   rms: 0.5630E-02   max: -.1228E+00   C at   49  2
       a = 10.000      CL =  0.9616
      Cm =  0.0108     CD =  0.01522   =>   CDf =  0.00520    CDp =  0.01002

 Side 1  free  transition at x/c =  0.2542   50
 Side 2  free  transition at x/c =  0.7253   49

  89   rms: 0.5629E-02   max: -.1228E+00   C at   49  2
       a = 10.000      CL =  0.9616
      Cm =  0.0108     CD =  0.01522   =>   CDf =  0.00520    CDp =  0.01002

 Side 1  free  transition at x/c =  0.2542   50
 Side 2  free  transition at x/c =  0.7253   49

  90   rms: 0.5629E-02   max: -.1228E+00   C at   49  2
       a = 10.000      CL =  0.9616
      Cm =  0.0108     CD =  0.01522   =>   CDf =  0.00520    CDp =  0.01002

 Side 1  free  transition at x/c =  0.2542   50
 Side 2  free  transition at x/c =  0.7253   49

  91   rms: 0.5629E-02   max: -.1228E+00   C at   49  2
       a = 10.000      CL =  0.9616
      Cm =  0.0108     CD =  0.01522   =>   CDf =  0.00520    CDp =  0.01002

 Side 1  free  transition at x/c =  0.2542   50
 Side 2  free  transition at x/c =  0.7253   49

  92   rms: 0.5630E-02   max: -.1228E+00   C at   49  2
       a = 10.000      CL =  0.9616
      Cm =  0.0108     CD =  0.01522   =>   CDf =  0.00520    CDp =  0.01002

 Side 1  free  transition at x/c =  0.2542   50
 Side 2  free  transition at x/c =  0.7253   49

  93   rms: 0.5629E-02   max: -.1228E+00   C at   49  2
       a = 10.000      CL =  0.9616
      Cm =  0.0108     CD =  0.01522   =>   CDf =  0.00520    CDp =  0.01002

 Side 1  free  transition at x/c =  0.2542   50
 Side 2  free  transition at x/c =  0.7253   49

  94   rms: 0.5630E-02   max: -.1228E+00   C at   49  2
       a = 10.000      CL =  0.9616
      Cm =  0.0108     CD =  0.01522   =>   CDf =  0.00520    CDp =  0.01002

 Side 1  free  transition at x/c =  0.2542   50
 Side 2  free  transition at x/c =  0.7253   49

  95   rms: 0.5630E-02   max: -.1228E+00   C at   49  2
       a = 10.000      CL =  0.9616
      Cm =  0.0108     CD =  0.01522   =>   CDf =  0.00520    CDp =  0.01002

 Side 1  free  transition at x/c =  0.2542   50
 Side 2  free  transition at x/c =  0.7253   49

  96   rms: 0.5630E-02   max: -.1228E+00   C at   49  2
       a = 10.000      CL =  0.9616
      Cm =  0.0108     CD =  0.01522   =>   CDf =  0.00520    CDp =  0.01002

 Side 1  free  transition at x/c =  0.2542   50
 Side 2  free  transition at x/c =  0.7253   49

  97   rms: 0.5630E-02   max: -.1228E+00   C at   49  2
       a = 10.000      CL =  0.9616
      Cm =  0.0108     CD =  0.01522   =>   CDf =  0.00520    CDp =  0.01002

 Side 1  free  transition at x/c =  0.2542   50
 Side 2  free  transition at x/c =  0.7253   49

  98   rms: 0.5630E-02   max: -.1228E+00   C at   49  2
       a = 10.000      CL =  0.9616
      Cm =  0.0108     CD =  0.01522   =>   CDf =  0.00520    CDp =  0.01002

 Side 1  free  transition at x/c =  0.2542   50
 Side 2  free  transition at x/c =  0.7253   49

  99   rms: 0.5630E-02   max: -.1228E+00   C at   49  2
       a = 10.000      CL =  0.9616
      Cm =  0.0108     CD =  0.01522   =>   CDf =  0.00520    CDp =  0.01002

 Side 1  free  transition at x/c =  0.2542   50
 Side 2  free  transition at x/c =  0.7253   49

 100   rms: 0.5630E-02   max: -.1228E+00   C at   49  2
       a = 10.000      CL =  0.9616
      Cm =  0.0108     CD =  0.01522   =>   CDf =  0.00520    CDp =  0.01002

 Side 1  free  transition at x/c =  0.2542   50
 Side 2  free  transition at x/c =  0.7253   49

 101   rms: 0.5630E-02   max: -.1228E+00   C at   49  2
       a = 10.000      CL =  0.9616
      Cm =  0.0108     CD =  0.01522   =>   CDf =  0.00520    CDp =  0.01002

 Side 1  free  transition at x/c =  0.2542   50
 Side 2  free  transition at x/c =  0.7253   49

 102   rms: 0.5630E-02   max: -.1228E+00   C at   49  2
       a = 10.000      CL =  0.9616
      Cm =  0.0108     CD =  0.01522   =>   CDf =  0.00520    CDp =  0.01002

 Side 1  free  transition at x/c =  0.2542   50
 Side 2  free  transition at x/c =  0.7253   49

 103   rms: 0.5630E-02   max: -.1228E+00   C at   49  2
       a = 10.000      CL =  0.9616
      Cm =  0.0108     CD =  0.01522   =>   CDf =  0.00520    CDp =  0.01002

 Side 1  free  transition at x/c =  0.2542   50
 Side 2  free  transition at x/c =  0.7253   49

 104   rms: 0.5630E-02   max: -.1228E+00   C at   49  2
       a = 10.000      CL =  0.9616
      Cm =  0.0108     CD =  0.01522   =>   CDf =  0.00520    CDp =  0.01002

 Side 1  free  transition at x/c =  0.2542   50
 Side 2  free  transition at x/c =  0.7253   49

 105   rms: 0.5630E-02   max: -.1228E+00   C at   49  2
       a = 10.000      CL =  0.9616
      Cm =  0.0108     CD =  0.01522   =>   CDf =  0.00520    CDp =  0.01002

 Side 1  free  transition at x/c =  0.2542   50
 Side 2  free  transition at x/c =  0.7253   49

 106   rms: 0.5630E-02   max: -.1228E+00   C at   49  2
       a = 10.000      CL =  0.9616
      Cm =  0.0108     CD =  0.01522   =>   CDf =  0.00520    CDp =  0.01002

 Side 1  free  transition at x/c =  0.2542   50
 Side 2  free  transition at x/c =  0.7253   49

 107   rms: 0.5629E-02   max: -.1228E+00   C at   49  2
       a = 10.000      CL =  0.9616
      Cm =  0.0108     CD =  0.01522   =>   CDf =  0.00520    CDp =  0.01002

 Side 1  free  transition at x/c =  0.2542   50
 Side 2  free  transition at x/c =  0.7253   49

 108   rms: 0.5629E-02   max: -.1228E+00   C at   49  2
       a = 10.000      CL =  0.9616
      Cm =  0.0108     CD =  0.01522   =>   CDf =  0.00520    CDp =  0.01002

 Side 1  free  transition at x/c =  0.2542   50
 Side 2  free  transition at x/c =  0.7253   49

 109   rms: 0.5630E-02   max: -.1228E+00   C at   49  2
       a = 10.000      CL =  0.9616
      Cm =  0.0108     CD =  0.01522   =>   CDf =  0.00520    CDp =  0.01002

 Side 1  free  transition at x/c =  0.2542   50
 Side 2  free  transition at x/c =  0.7253   49

 110   rms: 0.5630E-02   max: -.1228E+00   C at   49  2
       a = 10.000      CL =  0.9616
      Cm =  0.0108     CD =  0.01522   =>   CDf =  0.00520    CDp =  0.01002

 Side 1  free  transition at x/c =  0.2542   50
 Side 2  free  transition at x/c =  0.7253   49

 111   rms: 0.5630E-02   max: -.1228E+00   C at   49  2
       a = 10.000      CL =  0.9616
      Cm =  0.0108     CD =  0.01522   =>   CDf =  0.00520    CDp =  0.01002

 Side 1  free  transition at x/c =  0.2542   50
 Side 2  free  transition at x/c =  0.7253   49

 112   rms: 0.5630E-02   max: -.1228E+00   C at   49  2
       a = 10.000      CL =  0.9616
      Cm =  0.0108     CD =  0.01522   =>   CDf =  0.00520    CDp =  0.01002

 Side 1  free  transition at x/c =  0.2542   50
 Side 2  free  transition at x/c =  0.7253   49

 113   rms: 0.5630E-02   max: -.1228E+00   C at   49  2
       a = 10.000      CL =  0.9616
      Cm =  0.0108     CD =  0.01522   =>   CDf =  0.00520    CDp =  0.01002

 Side 1  free  transition at x/c =  0.2542   50
 Side 2  free  transition at x/c =  0.7253   49

 114   rms: 0.5630E-02   max: -.1228E+00   C at   49  2
       a = 10.000      CL =  0.9616
      Cm =  0.0108     CD =  0.01522   =>   CDf =  0.00520    CDp =  0.01002

 Side 1  free  transition at x/c =  0.2542   50
 Side 2  free  transition at x/c =  0.7253   49

 115   rms: 0.5630E-02   max: -.1228E+00   C at   49  2
       a = 10.000      CL =  0.9616
      Cm =  0.0108     CD =  0.01522   =>   CDf =  0.00520    CDp =  0.01002

 Side 1  free  transition at x/c =  0.2542   50
 Side 2  free  transition at x/c =  0.7253   49

 116   rms: 0.5630E-02   max: -.1228E+00   C at   49  2
       a = 10.000      CL =  0.9616
      Cm =  0.0108     CD =  0.01522   =>   CDf =  0.00520    CDp =  0.01002

 Side 1  free  transition at x/c =  0.2542   50
 Side 2  free  transition at x/c =  0.7253   49

 117   rms: 0.5630E-02   max: -.1228E+00   C at   49  2
       a = 10.000      CL =  0.9616
      Cm =  0.0108     CD =  0.01522   =>   CDf =  0.00520    CDp =  0.01002

 Side 1  free  transition at x/c =  0.2542   50
 Side 2  free  transition at x/c =  0.7253   49

 118   rms: 0.5630E-02   max: -.1228E+00   C at   49  2
       a = 10.000      CL =  0.9616
      Cm =  0.0108     CD =  0.01522   =>   CDf =  0.00520    CDp =  0.01002

 Side 1  free  transition at x/c =  0.2542   50
 Side 2  free  transition at x/c =  0.7253   49

 119   rms: 0.5630E-02   max: -.1228E+00   C at   49  2
       a = 10.000      CL =  0.9616
      Cm =  0.0108     CD =  0.01522   =>   CDf =  0.00520    CDp =  0.01002

 Side 1  free  transition at x/c =  0.2542   50
 Side 2  free  transition at x/c =  0.7253   49

 120   rms: 0.5629E-02   max: -.1228E+00   C at   49  2
       a = 10.000      CL =  0.9616
      Cm =  0.0108     CD =  0.01522   =>   CDf =  0.00520    CDp =  0.01002

 Side 1  free  transition at x/c =  0.2542   50
 Side 2  free  transition at x/c =  0.7253   49

 121   rms: 0.5629E-02   max: -.1228E+00   C at   49  2
       a = 10.000      CL =  0.9616
      Cm =  0.0108     CD =  0.01522   =>   CDf =  0.00520    CDp =  0.01002

 Side 1  free  transition at x/c =  0.2542   50
 Side 2  free  transition at x/c =  0.7253   49

 122   rms: 0.5630E-02   max: -.1228E+00   C at   49  2
       a = 10.000      CL =  0.9616
      Cm =  0.0108     CD =  0.01522   =>   CDf =  0.00520    CDp =  0.01002

 Side 1  free  transition at x/c =  0.2542   50
 Side 2  free  transition at x/c =  0.7253   49

 123   rms: 0.5630E-02   max: -.1228E+00   C at   49  2
       a = 10.000      CL =  0.9616
      Cm =  0.0108     CD =  0.01522   =>   CDf =  0.00520    CDp =  0.01002

 Side 1  free  transition at x/c =  0.2542   50
 Side 2  free  transition at x/c =  0.7253   49

 124   rms: 0.5629E-02   max: -.1228E+00   C at   49  2
       a = 10.000      CL =  0.9616
      Cm =  0.0108     CD =  0.01522   =>   CDf =  0.00520    CDp =  0.01002

 Side 1  free  transition at x/c =  0.2542   50
 Side 2  free  transition at x/c =  0.7253   49

 125   rms: 0.5630E-02   max: -.1228E+00   C at   49  2
       a = 10.000      CL =  0.9616
      Cm =  0.0108     CD =  0.01522   =>   CDf =  0.00520    CDp =  0.01002

 Side 1  free  transition at x/c =  0.2542   50
 Side 2  free  transition at x/c =  0.7253   49

 126   rms: 0.5630E-02   max: -.1228E+00   C at   49  2
       a = 10.000      CL =  0.9616
      Cm =  0.0108     CD =  0.01522   =>   CDf =  0.00520    CDp =  0.01002

 Side 1  free  transition at x/c =  0.2542   50
 Side 2  free  transition at x/c =  0.7253   49

 127   rms: 0.5630E-02   max: -.1228E+00   C at   49  2
       a = 10.000      CL =  0.9616
      Cm =  0.0108     CD =  0.01522   =>   CDf =  0.00520    CDp =  0.01002

 Side 1  free  transition at x/c =  0.2542   50
 Side 2  free  transition at x/c =  0.7253   49

 128   rms: 0.5630E-02   max: -.1228E+00   C at   49  2
       a = 10.000      CL =  0.9616
      Cm =  0.0108     CD =  0.01522   =>   CDf =  0.00520    CDp =  0.01002

 Side 1  free  transition at x/c =  0.2542   50
 Side 2  free  transition at x/c =  0.7253   49

 129   rms: 0.5630E-02   max: -.1228E+00   C at   49  2
       a = 10.000      CL =  0.9616
      Cm =  0.0108     CD =  0.01522   =>   CDf =  0.00520    CDp =  0.01002

 Side 1  free  transition at x/c =  0.2542   50
 Side 2  free  transition at x/c =  0.7253   49

 130   rms: 0.5630E-02   max: -.1228E+00   C at   49  2
       a = 10.000      CL =  0.9616
      Cm =  0.0108     CD =  0.01522   =>   CDf =  0.00520    CDp =  0.01002

 Side 1  free  transition at x/c =  0.2542   50
 Side 2  free  transition at x/c =  0.7253   49

 131   rms: 0.5630E-02   max: -.1228E+00   C at   49  2
       a = 10.000      CL =  0.9616
      Cm =  0.0108     CD =  0.01522   =>   CDf =  0.00520    CDp =  0.01002

 Side 1  free  transition at x/c =  0.2542   50
 Side 2  free  transition at x/c =  0.7253   49

 132   rms: 0.5630E-02   max: -.1228E+00   C at   49  2
       a = 10.000      CL =  0.9616
      Cm =  0.0108     CD =  0.01522   =>   CDf =  0.00520    CDp =  0.01002

 Side 1  free  transition at x/c =  0.2542   50
 Side 2  free  transition at x/c =  0.7253   49

 133   rms: 0.5630E-02   max: -.1228E+00   C at   49  2
       a = 10.000      CL =  0.9616
      Cm =  0.0108     CD =  0.01522   =>   CDf =  0.00520    CDp =  0.01002

 Side 1  free  transition at x/c =  0.2542   50
 Side 2  free  transition at x/c =  0.7253   49

 134   rms: 0.5629E-02   max: -.1228E+00   C at   49  2
       a = 10.000      CL =  0.9616
      Cm =  0.0108     CD =  0.01522   =>   CDf =  0.00520    CDp =  0.01002

 Side 1  free  transition at x/c =  0.2542   50
 Side 2  free  transition at x/c =  0.7253   49

 135   rms: 0.5630E-02   max: -.1228E+00   C at   49  2
       a = 10.000      CL =  0.9616
      Cm =  0.0108     CD =  0.01522   =>   CDf =  0.00520    CDp =  0.01002

 Side 1  free  transition at x/c =  0.2542   50
 Side 2  free  transition at x/c =  0.7253   49

 136   rms: 0.5630E-02   max: -.1228E+00   C at   49  2
       a = 10.000      CL =  0.9616
      Cm =  0.0108     CD =  0.01522   =>   CDf =  0.00520    CDp =  0.01002

 Side 1  free  transition at x/c =  0.2542   50
 Side 2  free  transition at x/c =  0.7253   49

 137   rms: 0.5630E-02   max: -.1228E+00   C at   49  2
       a = 10.000      CL =  0.9616
      Cm =  0.0108     CD =  0.01522   =>   CDf =  0.00520    CDp =  0.01002

 Side 1  free  transition at x/c =  0.2542   50
 Side 2  free  transition at x/c =  0.7253   49

 138   rms: 0.5630E-02   max: -.1228E+00   C at   49  2
       a = 10.000      CL =  0.9616
      Cm =  0.0108     CD =  0.01522   =>   CDf =  0.00520    CDp =  0.01002

 Side 1  free  transition at x/c =  0.2542   50
 Side 2  free  transition at x/c =  0.7253   49

 139   rms: 0.5630E-02   max: -.1228E+00   C at   49  2
       a = 10.000      CL =  0.9616
      Cm =  0.0108     CD =  0.01522   =>   CDf =  0.00520    CDp =  0.01002

 Side 1  free  transition at x/c =  0.2542   50
 Side 2  free  transition at x/c =  0.7253   49

 140   rms: 0.5630E-02   max: -.1228E+00   C at   49  2
       a = 10.000      CL =  0.9616
      Cm =  0.0108     CD =  0.01522   =>   CDf =  0.00520    CDp =  0.01002

 Side 1  free  transition at x/c =  0.2542   50
 Side 2  free  transition at x/c =  0.7253   49

 141   rms: 0.5630E-02   max: -.1228E+00   C at   49  2
       a = 10.000      CL =  0.9616
      Cm =  0.0108     CD =  0.01522   =>   CDf =  0.00520    CDp =  0.01002

 Side 1  free  transition at x/c =  0.2542   50
 Side 2  free  transition at x/c =  0.7253   49

 142   rms: 0.5630E-02   max: -.1228E+00   C at   49  2
       a = 10.000      CL =  0.9616
      Cm =  0.0108     CD =  0.01522   =>   CDf =  0.00520    CDp =  0.01002

 Side 1  free  transition at x/c =  0.2542   50
 Side 2  free  transition at x/c =  0.7253   49

 143   rms: 0.5630E-02   max: -.1228E+00   C at   49  2
       a = 10.000      CL =  0.9616
      Cm =  0.0108     CD =  0.01522   =>   CDf =  0.00520    CDp =  0.01002

 Side 1  free  transition at x/c =  0.2542   50
 Side 2  free  transition at x/c =  0.7253   49

 144   rms: 0.5629E-02   max: -.1228E+00   C at   49  2
       a = 10.000      CL =  0.9616
      Cm =  0.0108     CD =  0.01522   =>   CDf =  0.00520    CDp =  0.01002

 Side 1  free  transition at x/c =  0.2542   50
 Side 2  free  transition at x/c =  0.7253   49

 145   rms: 0.5630E-02   max: -.1228E+00   C at   49  2
       a = 10.000      CL =  0.9616
      Cm =  0.0108     CD =  0.01522   =>   CDf =  0.00520    CDp =  0.01002

 Side 1  free  transition at x/c =  0.2542   50
 Side 2  free  transition at x/c =  0.7253   49

 146   rms: 0.5630E-02   max: -.1228E+00   C at   49  2
       a = 10.000      CL =  0.9616
      Cm =  0.0108     CD =  0.01522   =>   CDf =  0.00520    CDp =  0.01002

 Side 1  free  transition at x/c =  0.2542   50
 Side 2  free  transition at x/c =  0.7253   49

 147   rms: 0.5630E-02   max: -.1228E+00   C at   49  2
       a = 10.000      CL =  0.9616
      Cm =  0.0108     CD =  0.01522   =>   CDf =  0.00520    CDp =  0.01002

 Side 1  free  transition at x/c =  0.2542   50
 Side 2  free  transition at x/c =  0.7253   49

 148   rms: 0.5630E-02   max: -.1228E+00   C at   49  2
       a = 10.000      CL =  0.9616
      Cm =  0.0108     CD =  0.01522   =>   CDf =  0.00520    CDp =  0.01002

 Side 1  free  transition at x/c =  0.2542   50
 Side 2  free  transition at x/c =  0.7253   49

 149   rms: 0.5630E-02   max: -.1228E+00   C at   49  2
       a = 10.000      CL =  0.9616
      Cm =  0.0108     CD =  0.01522   =>   CDf =  0.00520    CDp =  0.01002

 Side 1  free  transition at x/c =  0.2542   50
 Side 2  free  transition at x/c =  0.7253   49

 150   rms: 0.5629E-02   max: -.1228E+00   C at   49  2
       a = 10.000      CL =  0.9616
      Cm =  0.0108     CD =  0.01522   =>   CDf =  0.00520    CDp =  0.01002

 Side 1  free  transition at x/c =  0.2542   50
 Side 2  free  transition at x/c =  0.7253   49

 151   rms: 0.5630E-02   max: -.1228E+00   C at   49  2
       a = 10.000      CL =  0.9616
      Cm =  0.0108     CD =  0.01522   =>   CDf =  0.00520    CDp =  0.01002

 Side 1  free  transition at x/c =  0.2542   50
 Side 2  free  transition at x/c =  0.7253   49

 152   rms: 0.5630E-02   max: -.1228E+00   C at   49  2
       a = 10.000      CL =  0.9616
      Cm =  0.0108     CD =  0.01522   =>   CDf =  0.00520    CDp =  0.01002

 Side 1  free  transition at x/c =  0.2542   50
 Side 2  free  transition at x/c =  0.7253   49

 153   rms: 0.5630E-02   max: -.1228E+00   C at   49  2
       a = 10.000      CL =  0.9616
      Cm =  0.0108     CD =  0.01522   =>   CDf =  0.00520    CDp =  0.01002

 Side 1  free  transition at x/c =  0.2542   50
 Side 2  free  transition at x/c =  0.7253   49

 154   rms: 0.5630E-02   max: -.1228E+00   C at   49  2
       a = 10.000      CL =  0.9616
      Cm =  0.0108     CD =  0.01522   =>   CDf =  0.00520    CDp =  0.01002

 Side 1  free  transition at x/c =  0.2542   50
 Side 2  free  transition at x/c =  0.7253   49

 155   rms: 0.5630E-02   max: -.1228E+00   C at   49  2
       a = 10.000      CL =  0.9616
      Cm =  0.0108     CD =  0.01522   =>   CDf =  0.00520    CDp =  0.01002

 Side 1  free  transition at x/c =  0.2542   50
 Side 2  free  transition at x/c =  0.7253   49

 156   rms: 0.5630E-02   max: -.1228E+00   C at   49  2
       a = 10.000      CL =  0.9616
      Cm =  0.0108     CD =  0.01522   =>   CDf =  0.00520    CDp =  0.01002

 Side 1  free  transition at x/c =  0.2542   50
 Side 2  free  transition at x/c =  0.7253   49

 157   rms: 0.5630E-02   max: -.1228E+00   C at   49  2
       a = 10.000      CL =  0.9616
      Cm =  0.0108     CD =  0.01522   =>   CDf =  0.00520    CDp =  0.01002

 Side 1  free  transition at x/c =  0.2542   50
 Side 2  free  transition at x/c =  0.7253   49

 158   rms: 0.5630E-02   max: -.1228E+00   C at   49  2
       a = 10.000      CL =  0.9616
      Cm =  0.0108     CD =  0.01522   =>   CDf =  0.00520    CDp =  0.01002

 Side 1  free  transition at x/c =  0.2542   50
 Side 2  free  transition at x/c =  0.7253   49

 159   rms: 0.5630E-02   max: -.1228E+00   C at   49  2
       a = 10.000      CL =  0.9616
      Cm =  0.0108     CD =  0.01522   =>   CDf =  0.00520    CDp =  0.01002

 Side 1  free  transition at x/c =  0.2542   50
 Side 2  free  transition at x/c =  0.7253   49

 160   rms: 0.5630E-02   max: -.1228E+00   C at   49  2
       a = 10.000      CL =  0.9616
      Cm =  0.0108     CD =  0.01522   =>   CDf =  0.00520    CDp =  0.01002

 Side 1  free  transition at x/c =  0.2542   50
 Side 2  free  transition at x/c =  0.7253   49

 161   rms: 0.5630E-02   max: -.1228E+00   C at   49  2
       a = 10.000      CL =  0.9616
      Cm =  0.0108     CD =  0.01522   =>   CDf =  0.00520    CDp =  0.01002

 Side 1  free  transition at x/c =  0.2542   50
 Side 2  free  transition at x/c =  0.7253   49

 162   rms: 0.5630E-02   max: -.1228E+00   C at   49  2
       a = 10.000      CL =  0.9616
      Cm =  0.0108     CD =  0.01522   =>   CDf =  0.00520    CDp =  0.01002

 Side 1  free  transition at x/c =  0.2542   50
 Side 2  free  transition at x/c =  0.7253   49

 163   rms: 0.5630E-02   max: -.1228E+00   C at   49  2
       a = 10.000      CL =  0.9616
      Cm =  0.0108     CD =  0.01522   =>   CDf =  0.00520    CDp =  0.01002

 Side 1  free  transition at x/c =  0.2542   50
 Side 2  free  transition at x/c =  0.7253   49

 164   rms: 0.5629E-02   max: -.1228E+00   C at   49  2
       a = 10.000      CL =  0.9616
      Cm =  0.0108     CD =  0.01522   =>   CDf =  0.00520    CDp =  0.01002

 Side 1  free  transition at x/c =  0.2542   50
 Side 2  free  transition at x/c =  0.7253   49

 165   rms: 0.5630E-02   max: -.1228E+00   C at   49  2
       a = 10.000      CL =  0.9616
      Cm =  0.0108     CD =  0.01522   =>   CDf =  0.00520    CDp =  0.01002

 Side 1  free  transition at x/c =  0.2542   50
 Side 2  free  transition at x/c =  0.7253   49

 166   rms: 0.5630E-02   max: -.1228E+00   C at   49  2
       a = 10.000      CL =  0.9616
      Cm =  0.0108     CD =  0.01522   =>   CDf =  0.00520    CDp =  0.01002

 Side 1  free  transition at x/c =  0.2542   50
 Side 2  free  transition at x/c =  0.7253   49

 167   rms: 0.5630E-02   max: -.1228E+00   C at   49  2
       a = 10.000      CL =  0.9616
      Cm =  0.0108     CD =  0.01522   =>   CDf =  0.00520    CDp =  0.01002

 Side 1  free  transition at x/c =  0.2542   50
 Side 2  free  transition at x/c =  0.7253   49

 168   rms: 0.5629E-02   max: -.1228E+00   C at   49  2
       a = 10.000      CL =  0.9616
      Cm =  0.0108     CD =  0.01522   =>   CDf =  0.00520    CDp =  0.01002

 Side 1  free  transition at x/c =  0.2542   50
 Side 2  free  transition at x/c =  0.7253   49

 169   rms: 0.5630E-02   max: -.1228E+00   C at   49  2
       a = 10.000      CL =  0.9616
      Cm =  0.0108     CD =  0.01522   =>   CDf =  0.00520    CDp =  0.01002

 Side 1  free  transition at x/c =  0.2542   50
 Side 2  free  transition at x/c =  0.7253   49

 170   rms: 0.5630E-02   max: -.1228E+00   C at   49  2
       a = 10.000      CL =  0.9616
      Cm =  0.0108     CD =  0.01522   =>   CDf =  0.00520    CDp =  0.01002

 Side 1  free  transition at x/c =  0.2542   50
 Side 2  free  transition at x/c =  0.7253   49

 171   rms: 0.5630E-02   max: -.1228E+00   C at   49  2
       a = 10.000      CL =  0.9616
      Cm =  0.0108     CD =  0.01522   =>   CDf =  0.00520    CDp =  0.01002

 Side 1  free  transition at x/c =  0.2542   50
 Side 2  free  transition at x/c =  0.7253   49

 172   rms: 0.5630E-02   max: -.1228E+00   C at   49  2
       a = 10.000      CL =  0.9616
      Cm =  0.0108     CD =  0.01522   =>   CDf =  0.00520    CDp =  0.01002

 Side 1  free  transition at x/c =  0.2542   50
 Side 2  free  transition at x/c =  0.7253   49

 173   rms: 0.5630E-02   max: -.1228E+00   C at   49  2
       a = 10.000      CL =  0.9616
      Cm =  0.0108     CD =  0.01522   =>   CDf =  0.00520    CDp =  0.01002

 Side 1  free  transition at x/c =  0.2542   50
 Side 2  free  transition at x/c =  0.7253   49

 174   rms: 0.5630E-02   max: -.1228E+00   C at   49  2
       a = 10.000      CL =  0.9616
      Cm =  0.0108     CD =  0.01522   =>   CDf =  0.00520    CDp =  0.01002

 Side 1  free  transition at x/c =  0.2542   50
 Side 2  free  transition at x/c =  0.7253   49

 175   rms: 0.5630E-02   max: -.1228E+00   C at   49  2
       a = 10.000      CL =  0.9616
      Cm =  0.0108     CD =  0.01522   =>   CDf =  0.00520    CDp =  0.01002

 Side 1  free  transition at x/c =  0.2542   50
 Side 2  free  transition at x/c =  0.7253   49

 176   rms: 0.5630E-02   max: -.1228E+00   C at   49  2
       a = 10.000      CL =  0.9616
      Cm =  0.0108     CD =  0.01522   =>   CDf =  0.00520    CDp =  0.01002

 Side 1  free  transition at x/c =  0.2542   50
 Side 2  free  transition at x/c =  0.7253   49

 177   rms: 0.5630E-02   max: -.1228E+00   C at   49  2
       a = 10.000      CL =  0.9616
      Cm =  0.0108     CD =  0.01522   =>   CDf =  0.00520    CDp =  0.01002

 Side 1  free  transition at x/c =  0.2542   50
 Side 2  free  transition at x/c =  0.7253   49

 178   rms: 0.5630E-02   max: -.1228E+00   C at   49  2
       a = 10.000      CL =  0.9616
      Cm =  0.0108     CD =  0.01522   =>   CDf =  0.00520    CDp =  0.01002

 Side 1  free  transition at x/c =  0.2542   50
 Side 2  free  transition at x/c =  0.7253   49

 179   rms: 0.5630E-02   max: -.1228E+00   C at   49  2
       a = 10.000      CL =  0.9616
      Cm =  0.0108     CD =  0.01522   =>   CDf =  0.00520    CDp =  0.01002

 Side 1  free  transition at x/c =  0.2542   50
 Side 2  free  transition at x/c =  0.7253   49

 180   rms: 0.5630E-02   max: -.1228E+00   C at   49  2
       a = 10.000      CL =  0.9616
      Cm =  0.0108     CD =  0.01522   =>   CDf =  0.00520    CDp =  0.01002

 Side 1  free  transition at x/c =  0.2542   50
 Side 2  free  transition at x/c =  0.7253   49

 181   rms: 0.5630E-02   max: -.1228E+00   C at   49  2
       a = 10.000      CL =  0.9616
      Cm =  0.0108     CD =  0.01522   =>   CDf =  0.00520    CDp =  0.01002

 Side 1  free  transition at x/c =  0.2542   50
 Side 2  free  transition at x/c =  0.7253   49

 182   rms: 0.5630E-02   max: -.1228E+00   C at   49  2
       a = 10.000      CL =  0.9616
      Cm =  0.0108     CD =  0.01522   =>   CDf =  0.00520    CDp =  0.01002

 Side 1  free  transition at x/c =  0.2542   50
 Side 2  free  transition at x/c =  0.7253   49

 183   rms: 0.5630E-02   max: -.1228E+00   C at   49  2
       a = 10.000      CL =  0.9616
      Cm =  0.0108     CD =  0.01522   =>   CDf =  0.00520    CDp =  0.01002

 Side 1  free  transition at x/c =  0.2542   50
 Side 2  free  transition at x/c =  0.7253   49

 184   rms: 0.5630E-02   max: -.1228E+00   C at   49  2
       a = 10.000      CL =  0.9616
      Cm =  0.0108     CD =  0.01522   =>   CDf =  0.00520    CDp =  0.01002

 Side 1  free  transition at x/c =  0.2542   50
 Side 2  free  transition at x/c =  0.7253   49

 185   rms: 0.5630E-02   max: -.1228E+00   C at   49  2
       a = 10.000      CL =  0.9616
      Cm =  0.0108     CD =  0.01522   =>   CDf =  0.00520    CDp =  0.01002

 Side 1  free  transition at x/c =  0.2542   50
 Side 2  free  transition at x/c =  0.7253   49

 186   rms: 0.5630E-02   max: -.1228E+00   C at   49  2
       a = 10.000      CL =  0.9616
      Cm =  0.0108     CD =  0.01522   =>   CDf =  0.00520    CDp =  0.01002

 Side 1  free  transition at x/c =  0.2542   50
 Side 2  free  transition at x/c =  0.7253   49

 187   rms: 0.5630E-02   max: -.1228E+00   C at   49  2
       a = 10.000      CL =  0.9616
      Cm =  0.0108     CD =  0.01522   =>   CDf =  0.00520    CDp =  0.01002

 Side 1  free  transition at x/c =  0.2542   50
 Side 2  free  transition at x/c =  0.7253   49

 188   rms: 0.5630E-02   max: -.1228E+00   C at   49  2
       a = 10.000      CL =  0.9616
      Cm =  0.0108     CD =  0.01522   =>   CDf =  0.00520    CDp =  0.01002

 Side 1  free  transition at x/c =  0.2542   50
 Side 2  free  transition at x/c =  0.7253   49

 189   rms: 0.5630E-02   max: -.1228E+00   C at   49  2
       a = 10.000      CL =  0.9616
      Cm =  0.0108     CD =  0.01522   =>   CDf =  0.00520    CDp =  0.01002

 Side 1  free  transition at x/c =  0.2542   50
 Side 2  free  transition at x/c =  0.7253   49

 190   rms: 0.5630E-02   max: -.1228E+00   C at   49  2
       a = 10.000      CL =  0.9616
      Cm =  0.0108     CD =  0.01522   =>   CDf =  0.00520    CDp =  0.01002

 Side 1  free  transition at x/c =  0.2542   50
 Side 2  free  transition at x/c =  0.7253   49

 191   rms: 0.5630E-02   max: -.1228E+00   C at   49  2
       a = 10.000      CL =  0.9616
      Cm =  0.0108     CD =  0.01522   =>   CDf =  0.00520    CDp =  0.01002

 Side 1  free  transition at x/c =  0.2542   50
 Side 2  free  transition at x/c =  0.7253   49

 192   rms: 0.5630E-02   max: -.1228E+00   C at   49  2
       a = 10.000      CL =  0.9616
      Cm =  0.0108     CD =  0.01522   =>   CDf =  0.00520    CDp =  0.01002

 Side 1  free  transition at x/c =  0.2542   50
 Side 2  free  transition at x/c =  0.7253   49

 193   rms: 0.5630E-02   max: -.1228E+00   C at   49  2
       a = 10.000      CL =  0.9616
      Cm =  0.0108     CD =  0.01522   =>   CDf =  0.00520    CDp =  0.01002

 Side 1  free  transition at x/c =  0.2542   50
 Side 2  free  transition at x/c =  0.7253   49

 194   rms: 0.5630E-02   max: -.1228E+00   C at   49  2
       a = 10.000      CL =  0.9616
      Cm =  0.0108     CD =  0.01522   =>   CDf =  0.00520    CDp =  0.01002

 Side 1  free  transition at x/c =  0.2542   50
 Side 2  free  transition at x/c =  0.7253   49

 195   rms: 0.5630E-02   max: -.1228E+00   C at   49  2
       a = 10.000      CL =  0.9616
      Cm =  0.0108     CD =  0.01522   =>   CDf =  0.00520    CDp =  0.01002

 Side 1  free  transition at x/c =  0.2542   50
 Side 2  free  transition at x/c =  0.7253   49

 196   rms: 0.5629E-02   max: -.1228E+00   C at   49  2
       a = 10.000      CL =  0.9616
      Cm =  0.0108     CD =  0.01522   =>   CDf =  0.00520    CDp =  0.01002

 Side 1  free  transition at x/c =  0.2542   50
 Side 2  free  transition at x/c =  0.7253   49

 197   rms: 0.5630E-02   max: -.1228E+00   C at   49  2
       a = 10.000      CL =  0.9616
      Cm =  0.0108     CD =  0.01522   =>   CDf =  0.00520    CDp =  0.01002

 Side 1  free  transition at x/c =  0.2542   50
 Side 2  free  transition at x/c =  0.7253   49

 198   rms: 0.5630E-02   max: -.1228E+00   C at   49  2
       a = 10.000      CL =  0.9616
      Cm =  0.0108     CD =  0.01522   =>   CDf =  0.00520    CDp =  0.01002

 Side 1  free  transition at x/c =  0.2542   50
 Side 2  free  transition at x/c =  0.7253   49

 199   rms: 0.5630E-02   max: -.1228E+00   C at   49  2
       a = 10.000      CL =  0.9616
      Cm =  0.0108     CD =  0.01522   =>   CDf =  0.00520    CDp =  0.01002

 Side 1  free  transition at x/c =  0.2542   50
 Side 2  free  transition at x/c =  0.7253   49

 200   rms: 0.5630E-02   max: -.1228E+00   C at   49  2
       a = 10.000      CL =  0.9616
      Cm =  0.0108     CD =  0.01522   =>   CDf =  0.00520    CDp =  0.01002

 Side 1  free  transition at x/c =  0.2542   50
 Side 2  free  transition at x/c =  0.7253   49

 201   rms: 0.5630E-02   max: -.1228E+00   C at   49  2
       a = 10.000      CL =  0.9616
      Cm =  0.0108     CD =  0.01522   =>   CDf =  0.00520    CDp =  0.01002

 Side 1  free  transition at x/c =  0.2542   50
 Side 2  free  transition at x/c =  0.7253   49

 202   rms: 0.5630E-02   max: -.1228E+00   C at   49  2
       a = 10.000      CL =  0.9616
      Cm =  0.0108     CD =  0.01522   =>   CDf =  0.00520    CDp =  0.01002

 Side 1  free  transition at x/c =  0.2542   50
 Side 2  free  transition at x/c =  0.7253   49

 203   rms: 0.5629E-02   max: -.1228E+00   C at   49  2
       a = 10.000      CL =  0.9616
      Cm =  0.0108     CD =  0.01522   =>   CDf =  0.00520    CDp =  0.01002

 Side 1  free  transition at x/c =  0.2542   50
 Side 2  free  transition at x/c =  0.7253   49

 204   rms: 0.5629E-02   max: -.1228E+00   C at   49  2
       a = 10.000      CL =  0.9616
      Cm =  0.0108     CD =  0.01522   =>   CDf =  0.00520    CDp =  0.01002

 Side 1  free  transition at x/c =  0.2542   50
 Side 2  free  transition at x/c =  0.7253   49

 205   rms: 0.5630E-02   max: -.1228E+00   C at   49  2
       a = 10.000      CL =  0.9616
      Cm =  0.0108     CD =  0.01522   =>   CDf =  0.00520    CDp =  0.01002

 Side 1  free  transition at x/c =  0.2542   50
 Side 2  free  transition at x/c =  0.7253   49

 206   rms: 0.5630E-02   max: -.1228E+00   C at   49  2
       a = 10.000      CL =  0.9616
      Cm =  0.0108     CD =  0.01522   =>   CDf =  0.00520    CDp =  0.01002

 Side 1  free  transition at x/c =  0.2542   50
 Side 2  free  transition at x/c =  0.7253   49

 207   rms: 0.5630E-02   max: -.1228E+00   C at   49  2
       a = 10.000      CL =  0.9616
      Cm =  0.0108     CD =  0.01522   =>   CDf =  0.00520    CDp =  0.01002

 Side 1  free  transition at x/c =  0.2542   50
 Side 2  free  transition at x/c =  0.7253   49

 208   rms: 0.5630E-02   max: -.1228E+00   C at   49  2
       a = 10.000      CL =  0.9616
      Cm =  0.0108     CD =  0.01522   =>   CDf =  0.00520    CDp =  0.01002

 Side 1  free  transition at x/c =  0.2542   50
 Side 2  free  transition at x/c =  0.7253   49

 209   rms: 0.5629E-02   max: -.1228E+00   C at   49  2
       a = 10.000      CL =  0.9616
      Cm =  0.0108     CD =  0.01522   =>   CDf =  0.00520    CDp =  0.01002

 Side 1  free  transition at x/c =  0.2542   50
 Side 2  free  transition at x/c =  0.7253   49

 210   rms: 0.5629E-02   max: -.1228E+00   C at   49  2
       a = 10.000      CL =  0.9616
      Cm =  0.0108     CD =  0.01522   =>   CDf =  0.00520    CDp =  0.01002

 Side 1  free  transition at x/c =  0.2542   50
 Side 2  free  transition at x/c =  0.7253   49

 211   rms: 0.5630E-02   max: -.1228E+00   C at   49  2
       a = 10.000      CL =  0.9616
      Cm =  0.0108     CD =  0.01522   =>   CDf =  0.00520    CDp =  0.01002

 Side 1  free  transition at x/c =  0.2542   50
 Side 2  free  transition at x/c =  0.7253   49

 212   rms: 0.5630E-02   max: -.1228E+00   C at   49  2
       a = 10.000      CL =  0.9616
      Cm =  0.0108     CD =  0.01522   =>   CDf =  0.00520    CDp =  0.01002

 Side 1  free  transition at x/c =  0.2542   50
 Side 2  free  transition at x/c =  0.7253   49

 213   rms: 0.5630E-02   max: -.1228E+00   C at   49  2
       a = 10.000      CL =  0.9616
      Cm =  0.0108     CD =  0.01522   =>   CDf =  0.00520    CDp =  0.01002

 Side 1  free  transition at x/c =  0.2542   50
 Side 2  free  transition at x/c =  0.7253   49

 214   rms: 0.5630E-02   max: -.1228E+00   C at   49  2
       a = 10.000      CL =  0.9616
      Cm =  0.0108     CD =  0.01522   =>   CDf =  0.00520    CDp =  0.01002

 Side 1  free  transition at x/c =  0.2542   50
 Side 2  free  transition at x/c =  0.7253   49

 215   rms: 0.5630E-02   max: -.1228E+00   C at   49  2
       a = 10.000      CL =  0.9616
      Cm =  0.0108     CD =  0.01522   =>   CDf =  0.00520    CDp =  0.01002

 Side 1  free  transition at x/c =  0.2542   50
 Side 2  free  transition at x/c =  0.7253   49

 216   rms: 0.5630E-02   max: -.1228E+00   C at   49  2
       a = 10.000      CL =  0.9616
      Cm =  0.0108     CD =  0.01522   =>   CDf =  0.00520    CDp =  0.01002

 Side 1  free  transition at x/c =  0.2542   50
 Side 2  free  transition at x/c =  0.7253   49

 217   rms: 0.5630E-02   max: -.1228E+00   C at   49  2
       a = 10.000      CL =  0.9616
      Cm =  0.0108     CD =  0.01522   =>   CDf =  0.00520    CDp =  0.01002

 Side 1  free  transition at x/c =  0.2542   50
 Side 2  free  transition at x/c =  0.7253   49

 218   rms: 0.5630E-02   max: -.1228E+00   C at   49  2
       a = 10.000      CL =  0.9616
      Cm =  0.0108     CD =  0.01522   =>   CDf =  0.00520    CDp =  0.01002

 Side 1  free  transition at x/c =  0.2542   50
 Side 2  free  transition at x/c =  0.7253   49

 219   rms: 0.5630E-02   max: -.1228E+00   C at   49  2
       a = 10.000      CL =  0.9616
      Cm =  0.0108     CD =  0.01522   =>   CDf =  0.00520    CDp =  0.01002

 Side 1  free  transition at x/c =  0.2542   50
 Side 2  free  transition at x/c =  0.7253   49

 220   rms: 0.5630E-02   max: -.1228E+00   C at   49  2
       a = 10.000      CL =  0.9616
      Cm =  0.0108     CD =  0.01522   =>   CDf =  0.00520    CDp =  0.01002

 Side 1  free  transition at x/c =  0.2542   50
 Side 2  free  transition at x/c =  0.7253   49

 221   rms: 0.5629E-02   max: -.1228E+00   C at   49  2
       a = 10.000      CL =  0.9616
      Cm =  0.0108     CD =  0.01522   =>   CDf =  0.00520    CDp =  0.01002

 Side 1  free  transition at x/c =  0.2542   50
 Side 2  free  transition at x/c =  0.7253   49

 222   rms: 0.5630E-02   max: -.1228E+00   C at   49  2
       a = 10.000      CL =  0.9616
      Cm =  0.0108     CD =  0.01522   =>   CDf =  0.00520    CDp =  0.01002

 Side 1  free  transition at x/c =  0.2542   50
 Side 2  free  transition at x/c =  0.7253   49

 223   rms: 0.5630E-02   max: -.1228E+00   C at   49  2
       a = 10.000      CL =  0.9616
      Cm =  0.0108     CD =  0.01522   =>   CDf =  0.00520    CDp =  0.01002

 Side 1  free  transition at x/c =  0.2542   50
 Side 2  free  transition at x/c =  0.7253   49

 224   rms: 0.5630E-02   max: -.1228E+00   C at   49  2
       a = 10.000      CL =  0.9616
      Cm =  0.0108     CD =  0.01522   =>   CDf =  0.00520    CDp =  0.01002

 Side 1  free  transition at x/c =  0.2542   50
 Side 2  free  transition at x/c =  0.7253   49

 225   rms: 0.5629E-02   max: -.1228E+00   C at   49  2
       a = 10.000      CL =  0.9616
      Cm =  0.0108     CD =  0.01522   =>   CDf =  0.00520    CDp =  0.01002

 Side 1  free  transition at x/c =  0.2542   50
 Side 2  free  transition at x/c =  0.7253   49

 226   rms: 0.5630E-02   max: -.1228E+00   C at   49  2
       a = 10.000      CL =  0.9616
      Cm =  0.0108     CD =  0.01522   =>   CDf =  0.00520    CDp =  0.01002

 Side 1  free  transition at x/c =  0.2542   50
 Side 2  free  transition at x/c =  0.7253   49

 227   rms: 0.5630E-02   max: -.1228E+00   C at   49  2
       a = 10.000      CL =  0.9616
      Cm =  0.0108     CD =  0.01522   =>   CDf =  0.00520    CDp =  0.01002

 Side 1  free  transition at x/c =  0.2542   50
 Side 2  free  transition at x/c =  0.7253   49

 228   rms: 0.5629E-02   max: -.1228E+00   C at   49  2
       a = 10.000      CL =  0.9616
      Cm =  0.0108     CD =  0.01522   =>   CDf =  0.00520    CDp =  0.01002

 Side 1  free  transition at x/c =  0.2542   50
 Side 2  free  transition at x/c =  0.7253   49

 229   rms: 0.5629E-02   max: -.1228E+00   C at   49  2
       a = 10.000      CL =  0.9616
      Cm =  0.0108     CD =  0.01522   =>   CDf =  0.00520    CDp =  0.01002

 Side 1  free  transition at x/c =  0.2542   50
 Side 2  free  transition at x/c =  0.7253   49

 230   rms: 0.5629E-02   max: -.1228E+00   C at   49  2
       a = 10.000      CL =  0.9616
      Cm =  0.0108     CD =  0.01522   =>   CDf =  0.00520    CDp =  0.01002

 Side 1  free  transition at x/c =  0.2542   50
 Side 2  free  transition at x/c =  0.7253   49

 231   rms: 0.5630E-02   max: -.1228E+00   C at   49  2
       a = 10.000      CL =  0.9616
      Cm =  0.0108     CD =  0.01522   =>   CDf =  0.00520    CDp =  0.01002

 Side 1  free  transition at x/c =  0.2542   50
 Side 2  free  transition at x/c =  0.7253   49

 232   rms: 0.5630E-02   max: -.1228E+00   C at   49  2
       a = 10.000      CL =  0.9616
      Cm =  0.0108     CD =  0.01522   =>   CDf =  0.00520    CDp =  0.01002

 Side 1  free  transition at x/c =  0.2542   50
 Side 2  free  transition at x/c =  0.7253   49

 233   rms: 0.5630E-02   max: -.1228E+00   C at   49  2
       a = 10.000      CL =  0.9616
      Cm =  0.0108     CD =  0.01522   =>   CDf =  0.00520    CDp =  0.01002

 Side 1  free  transition at x/c =  0.2542   50
 Side 2  free  transition at x/c =  0.7253   49

 234   rms: 0.5629E-02   max: -.1228E+00   C at   49  2
       a = 10.000      CL =  0.9616
      Cm =  0.0108     CD =  0.01522   =>   CDf =  0.00520    CDp =  0.01002

 Side 1  free  transition at x/c =  0.2542   50
 Side 2  free  transition at x/c =  0.7253   49

 235   rms: 0.5630E-02   max: -.1228E+00   C at   49  2
       a = 10.000      CL =  0.9616
      Cm =  0.0108     CD =  0.01522   =>   CDf =  0.00520    CDp =  0.01002

 Side 1  free  transition at x/c =  0.2542   50
 Side 2  free  transition at x/c =  0.7253   49

 236   rms: 0.5630E-02   max: -.1228E+00   C at   49  2
       a = 10.000      CL =  0.9616
      Cm =  0.0108     CD =  0.01522   =>   CDf =  0.00520    CDp =  0.01002

 Side 1  free  transition at x/c =  0.2542   50
 Side 2  free  transition at x/c =  0.7253   49

 237   rms: 0.5630E-02   max: -.1228E+00   C at   49  2
       a = 10.000      CL =  0.9616
      Cm =  0.0108     CD =  0.01522   =>   CDf =  0.00520    CDp =  0.01002

 Side 1  free  transition at x/c =  0.2542   50
 Side 2  free  transition at x/c =  0.7253   49

 238   rms: 0.5630E-02   max: -.1228E+00   C at   49  2
       a = 10.000      CL =  0.9616
      Cm =  0.0108     CD =  0.01522   =>   CDf =  0.00520    CDp =  0.01002

 Side 1  free  transition at x/c =  0.2542   50
 Side 2  free  transition at x/c =  0.7253   49

 239   rms: 0.5630E-02   max: -.1228E+00   C at   49  2
       a = 10.000      CL =  0.9616
      Cm =  0.0108     CD =  0.01522   =>   CDf =  0.00520    CDp =  0.01002

 Side 1  free  transition at x/c =  0.2542   50
 Side 2  free  transition at x/c =  0.7253   49

 240   rms: 0.5630E-02   max: -.1228E+00   C at   49  2
       a = 10.000      CL =  0.9616
      Cm =  0.0108     CD =  0.01522   =>   CDf =  0.00520    CDp =  0.01002

 Side 1  free  transition at x/c =  0.2542   50
 Side 2  free  transition at x/c =  0.7253   49

 241   rms: 0.5630E-02   max: -.1228E+00   C at   49  2
       a = 10.000      CL =  0.9616
      Cm =  0.0108     CD =  0.01522   =>   CDf =  0.00520    CDp =  0.01002

 Side 1  free  transition at x/c =  0.2542   50
 Side 2  free  transition at x/c =  0.7253   49

 242   rms: 0.5629E-02   max: -.1228E+00   C at   49  2
       a = 10.000      CL =  0.9616
      Cm =  0.0108     CD =  0.01522   =>   CDf =  0.00520    CDp =  0.01002

 Side 1  free  transition at x/c =  0.2542   50
 Side 2  free  transition at x/c =  0.7253   49

 243   rms: 0.5629E-02   max: -.1228E+00   C at   49  2
       a = 10.000      CL =  0.9616
      Cm =  0.0108     CD =  0.01522   =>   CDf =  0.00520    CDp =  0.01002

 Side 1  free  transition at x/c =  0.2542   50
 Side 2  free  transition at x/c =  0.7253   49

 244   rms: 0.5630E-02   max: -.1228E+00   C at   49  2
       a = 10.000      CL =  0.9616
      Cm =  0.0108     CD =  0.01522   =>   CDf =  0.00520    CDp =  0.01002

 Side 1  free  transition at x/c =  0.2542   50
 Side 2  free  transition at x/c =  0.7253   49

 245   rms: 0.5630E-02   max: -.1228E+00   C at   49  2
       a = 10.000      CL =  0.9616
      Cm =  0.0108     CD =  0.01522   =>   CDf =  0.00520    CDp =  0.01002

 Side 1  free  transition at x/c =  0.2542   50
 Side 2  free  transition at x/c =  0.7253   49

 246   rms: 0.5630E-02   max: -.1228E+00   C at   49  2
       a = 10.000      CL =  0.9616
      Cm =  0.0108     CD =  0.01522   =>   CDf =  0.00520    CDp =  0.01002

 Side 1  free  transition at x/c =  0.2542   50
 Side 2  free  transition at x/c =  0.7253   49

 247   rms: 0.5630E-02   max: -.1228E+00   C at   49  2
       a = 10.000      CL =  0.9616
      Cm =  0.0108     CD =  0.01522   =>   CDf =  0.00520    CDp =  0.01002

 Side 1  free  transition at x/c =  0.2542   50
 Side 2  free  transition at x/c =  0.7253   49

 248   rms: 0.5630E-02   max: -.1228E+00   C at   49  2
       a = 10.000      CL =  0.9616
      Cm =  0.0108     CD =  0.01522   =>   CDf =  0.00520    CDp =  0.01002

 Side 1  free  transition at x/c =  0.2542   50
 Side 2  free  transition at x/c =  0.7253   49

 249   rms: 0.5630E-02   max: -.1228E+00   C at   49  2
       a = 10.000      CL =  0.9616
      Cm =  0.0108     CD =  0.01522   =>   CDf =  0.00520    CDp =  0.01002

 Side 1  free  transition at x/c =  0.2542   50
 Side 2  free  transition at x/c =  0.7253   49

 250   rms: 0.5630E-02   max: -.1228E+00   C at   49  2
       a = 10.000      CL =  0.9616
      Cm =  0.0108     CD =  0.01522   =>   CDf =  0.00520    CDp =  0.01002

 Side 1  free  transition at x/c =  0.2542   50
 Side 2  free  transition at x/c =  0.7253   49

 251   rms: 0.5630E-02   max: -.1228E+00   C at   49  2
       a = 10.000      CL =  0.9616
      Cm =  0.0108     CD =  0.01522   =>   CDf =  0.00520    CDp =  0.01002

 Side 1  free  transition at x/c =  0.2542   50
 Side 2  free  transition at x/c =  0.7253   49

 252   rms: 0.5630E-02   max: -.1228E+00   C at   49  2
       a = 10.000      CL =  0.9616
      Cm =  0.0108     CD =  0.01522   =>   CDf =  0.00520    CDp =  0.01002

 Side 1  free  transition at x/c =  0.2542   50
 Side 2  free  transition at x/c =  0.7253   49

 253   rms: 0.5630E-02   max: -.1228E+00   C at   49  2
       a = 10.000      CL =  0.9616
      Cm =  0.0108     CD =  0.01522   =>   CDf =  0.00520    CDp =  0.01002

 Side 1  free  transition at x/c =  0.2542   50
 Side 2  free  transition at x/c =  0.7253   49

 254   rms: 0.5630E-02   max: -.1228E+00   C at   49  2
       a = 10.000      CL =  0.9616
      Cm =  0.0108     CD =  0.01522   =>   CDf =  0.00520    CDp =  0.01002

 Side 1  free  transition at x/c =  0.2542   50
 Side 2  free  transition at x/c =  0.7253   49

 255   rms: 0.5629E-02   max: -.1228E+00   C at   49  2
       a = 10.000      CL =  0.9616
      Cm =  0.0108     CD =  0.01522   =>   CDf =  0.00520    CDp =  0.01002

 Side 1  free  transition at x/c =  0.2542   50
 Side 2  free  transition at x/c =  0.7253   49

 256   rms: 0.5630E-02   max: -.1228E+00   C at   49  2
       a = 10.000      CL =  0.9616
      Cm =  0.0108     CD =  0.01522   =>   CDf =  0.00520    CDp =  0.01002

 Side 1  free  transition at x/c =  0.2542   50
 Side 2  free  transition at x/c =  0.7253   49

 257   rms: 0.5630E-02   max: -.1228E+00   C at   49  2
       a = 10.000      CL =  0.9616
      Cm =  0.0108     CD =  0.01522   =>   CDf =  0.00520    CDp =  0.01002

 Side 1  free  transition at x/c =  0.2542   50
 Side 2  free  transition at x/c =  0.7253   49

 258   rms: 0.5630E-02   max: -.1228E+00   C at   49  2
       a = 10.000      CL =  0.9616
      Cm =  0.0108     CD =  0.01522   =>   CDf =  0.00520    CDp =  0.01002

 Side 1  free  transition at x/c =  0.2542   50
 Side 2  free  transition at x/c =  0.7253   49

 259   rms: 0.5629E-02   max: -.1228E+00   C at   49  2
       a = 10.000      CL =  0.9616
      Cm =  0.0108     CD =  0.01522   =>   CDf =  0.00520    CDp =  0.01002

 Side 1  free  transition at x/c =  0.2542   50
 Side 2  free  transition at x/c =  0.7253   49

 260   rms: 0.5630E-02   max: -.1228E+00   C at   49  2
       a = 10.000      CL =  0.9616
      Cm =  0.0108     CD =  0.01522   =>   CDf =  0.00520    CDp =  0.01002

 Side 1  free  transition at x/c =  0.2542   50
 Side 2  free  transition at x/c =  0.7253   49

 261   rms: 0.5630E-02   max: -.1228E+00   C at   49  2
       a = 10.000      CL =  0.9616
      Cm =  0.0108     CD =  0.01522   =>   CDf =  0.00520    CDp =  0.01002

 Side 1  free  transition at x/c =  0.2542   50
 Side 2  free  transition at x/c =  0.7253   49

 262   rms: 0.5630E-02   max: -.1228E+00   C at   49  2
       a = 10.000      CL =  0.9616
      Cm =  0.0108     CD =  0.01522   =>   CDf =  0.00520    CDp =  0.01002

 Side 1  free  transition at x/c =  0.2542   50
 Side 2  free  transition at x/c =  0.7253   49

 263   rms: 0.5630E-02   max: -.1228E+00   C at   49  2
       a = 10.000      CL =  0.9616
      Cm =  0.0108     CD =  0.01522   =>   CDf =  0.00520    CDp =  0.01002

 Side 1  free  transition at x/c =  0.2542   50
 Side 2  free  transition at x/c =  0.7253   49

 264   rms: 0.5630E-02   max: -.1228E+00   C at   49  2
       a = 10.000      CL =  0.9616
      Cm =  0.0108     CD =  0.01522   =>   CDf =  0.00520    CDp =  0.01002

 Side 1  free  transition at x/c =  0.2542   50
 Side 2  free  transition at x/c =  0.7253   49

 265   rms: 0.5630E-02   max: -.1228E+00   C at   49  2
       a = 10.000      CL =  0.9616
      Cm =  0.0108     CD =  0.01522   =>   CDf =  0.00520    CDp =  0.01002
 VISCAL:  Convergence failed
 Calculating wake trajectory ...
 Calculating source influence matrix ...

 Solving BL system ...

 Side 1  free  transition at x/c =  0.2542   50
 Side 2  free  transition at x/c =  0.7253   49

   1   rms: 0.2666E+00   max: 0.3479E+01   C at   50  1   RLX: 0.258
       a = 11.000      CL =  0.9603
      Cm =  0.0139     CD =  0.01672   =>   CDf =  0.00520    CDp =  0.01152

 Side 1  free  transition at x/c =  0.2301   48
 Side 2  free  transition at x/c =  0.7330   50

   2   rms: 0.1575E+00   max: 0.2707E+01   C at   48  1   RLX: 0.554
       a = 11.000      CL =  0.9799
      Cm =  0.0161     CD =  0.01801   =>   CDf =  0.00515    CDp =  0.01286

 Side 1  free  transition at x/c =  0.1922   47
 Side 2  free  transition at x/c =  0.7437   49

   3   rms: 0.9636E-01   max: -.1103E+01   D at    2  1   RLX: 0.453
       a = 11.000      CL =  0.9811
      Cm =  0.0164     CD =  0.01899   =>   CDf =  0.00544    CDp =  0.01356

 Side 1  free  transition at x/c =  0.1828   47
 Side 2  free  transition at x/c =  0.7479   50

   4   rms: 0.4433E-01   max: 0.2450E+00   D at   78  1
       a = 11.000      CL =  0.9712
      Cm =  0.0200     CD =  0.02047   =>   CDf =  0.00547    CDp =  0.01500

 Side 1  free  transition at x/c =  0.1752   46
 Side 2  free  transition at x/c =  0.7632   50

   5   rms: 0.5914E-02   max: 0.1103E+00   C at   50  2
       a = 11.000      CL =  0.9712
      Cm =  0.0201     CD =  0.02035   =>   CDf =  0.00539    CDp =  0.01495

 Side 1  free  transition at x/c =  0.1759   46
 Side 2  free  transition at x/c =  0.7600   50

   6   rms: 0.2913E-03   max: -.2690E-02   D at   77  1
       a = 11.000      CL =  0.9713
      Cm =  0.0201     CD =  0.02034   =>   CDf =  0.00540    CDp =  0.01494

 Side 1  free  transition at x/c =  0.1759   46
 Side 2  free  transition at x/c =  0.7601   50

   7   rms: 0.1214E-04   max: 0.1790E-03   C at   46  1
       a = 11.000      CL =  0.9713
      Cm =  0.0201     CD =  0.02034   =>   CDf =  0.00540    CDp =  0.01494
 plradd ia,ip,cpol           11           0  4.94164089E-03

 Point added to stored polar  1
 Point written to save file  polar.txt                                       
 Dump file unspecified or not available
 Calculating wake trajectory ...
 Calculating source influence matrix ...

 Solving BL system ...

 Side 1  free  transition at x/c =  0.1759   46
 Side 2  free  transition at x/c =  0.7601   50

   1   rms: 0.1892E+00   max: 0.2675E+01   C at   46  1   RLX: 0.560
       a = 12.000      CL =  0.9937
      Cm =  0.0227     CD =  0.02287   =>   CDf =  0.00540    CDp =  0.01747

 Side 1  free  transition at x/c =  0.1479   44
 Side 2  free  transition at x/c =  0.7775   51

   2   rms: 0.7327E-01   max: -.6812E+00   C at   51  2   RLX: 0.734
       a = 12.000      CL =  1.0059
      Cm =  0.0238     CD =  0.02436   =>   CDf =  0.00533    CDp =  0.01903

 Side 1  free  transition at x/c =  0.1311   44
 Side 2  free  transition at x/c =  0.7912   51

   3   rms: 0.1984E+00   max: 0.3457E+01   D at    2  1   RLX: 0.340
       a = 12.000      CL =  1.0046
      Cm =  0.0233     CD =  0.02475   =>   CDf =  0.00549    CDp =  0.01926

 Side 1  free  transition at x/c =  0.1307   44
 Side 2  free  transition at x/c =  0.7956   51

   4   rms: 0.2588E-01   max: -.4012E+00   C at   51  2
       a = 12.000      CL =  0.9956
      Cm =  0.0258     CD =  0.02569   =>   CDf =  0.00546    CDp =  0.02024

 Side 1  free  transition at x/c =  0.1301   44
 Side 2  free  transition at x/c =  0.8041   52

   5   rms: 0.9320E-02   max: -.1727E+00   C at   52  2
       a = 12.000      CL =  0.9946
      Cm =  0.0260     CD =  0.02561   =>   CDf =  0.00541    CDp =  0.02020

 Side 1  free  transition at x/c =  0.1303   44
 Side 2  free  transition at x/c =  0.8082   52

   6   rms: 0.8642E-03   max: 0.1763E-01   C at   52  2
       a = 12.000      CL =  0.9945
      Cm =  0.0260     CD =  0.02561   =>   CDf =  0.00537    CDp =  0.02024

 Side 1  free  transition at x/c =  0.1303   44
 Side 2  free  transition at x/c =  0.8079   52

   7   rms: 0.3358E-05   max: -.4421E-04   D at   53  2
       a = 12.000      CL =  0.9945
      Cm =  0.0260     CD =  0.02561   =>   CDf =  0.00538    CDp =  0.02023
 plradd ia,ip,cpol           12           0  4.94164089E-03

 Point added to stored polar  1
 Point written to save file  polar.txt                                       
 Dump file unspecified or not available
 Calculating wake trajectory ...
 Calculating source influence matrix ...

 Solving BL system ...

 Side 1  free  transition at x/c =  0.1303   44
 Side 2  free  transition at x/c =  0.8079   52

   1   rms: 0.2068E+00   max: -.2717E+01   C at   52  2   RLX: 0.184
       a = 13.000      CL =  1.0015
      Cm =  0.0266     CD =  0.02656   =>   CDf =  0.00538    CDp =  0.02119

 Side 1  free  transition at x/c =  0.1219   44
 Side 2  free  transition at x/c =  0.8174   53

   2   rms: 0.1677E+00   max: -.2181E+01   C at   53  2   RLX: 0.229
       a = 13.000      CL =  1.0074
      Cm =  0.0269     CD =  0.02764   =>   CDf =  0.00540    CDp =  0.02224

 Side 1  free  transition at x/c =  0.1156   43
 Side 2  free  transition at x/c =  0.8336   54

   3   rms: 0.1845E+00   max: -.3411E+01   C at   54  2   RLX: 0.147
       a = 13.000      CL =  1.0092
      Cm =  0.0273     CD =  0.02811   =>   CDf =  0.00532    CDp =  0.02279

 Side 1  free  transition at x/c =  0.1122   43
 Side 2  free  transition at x/c =  0.8433   55

   4   rms: 0.1686E+00   max: -.3195E+01   C at   55  2   RLX: 0.157
       a = 13.000      CL =  1.0110
      Cm =  0.0276     CD =  0.02863   =>   CDf =  0.00532    CDp =  0.02330

 Side 1  free  transition at x/c =  0.1087   42
 Side 2  free  transition at x/c =  0.8542   55

   5   rms: 0.2815E+00   max: -.5990E+01   C at   55  2   RLX: 0.083
       a = 13.000      CL =  1.0126
      Cm =  0.0277     CD =  0.02873   =>   CDf =  0.00528    CDp =  0.02346

 Side 1  free  transition at x/c =  0.1076   42
 Side 2  free  transition at x/c =  0.8586   56

   6   rms: 0.2229E+00   max: -.4964E+01   C at   56  2   RLX: 0.101
       a = 13.000      CL =  1.0141
      Cm =  0.0277     CD =  0.02895   =>   CDf =  0.00527    CDp =  0.02368

 Side 1  free  transition at x/c =  0.1060   42
 Side 2  free  transition at x/c =  0.8680   56

   7   rms: 0.3928E+00   max: -.8378E+01   C at   56  2   RLX: 0.060
       a = 13.000      CL =  1.0145
      Cm =  0.0278     CD =  0.02905   =>   CDf =  0.00521    CDp =  0.02384

 Side 1  free  transition at x/c =  0.1051   42
 Side 2  free  transition at x/c =  0.8768   57

   8   rms: 0.4516E+00   max: -.1017E+02   C at   57  2   RLX: 0.049
       a = 13.000      CL =  1.0149
      Cm =  0.0279     CD =  0.02914   =>   CDf =  0.00518    CDp =  0.02395

 Side 1  free  transition at x/c =  0.1043   42
 Side 2  free  transition at x/c =  0.8872   58

   9   rms: 0.6479E+00   max: -.1490E+02   C at   58  2   RLX: 0.034
       a = 13.000      CL =  1.0152
      Cm =  0.0279     CD =  0.02918   =>   CDf =  0.00514    CDp =  0.02403

 Side 1  free  transition at x/c =  0.1037   42
 Side 2  free  transition at x/c =  0.9011   59

  10   rms: 0.7383E+00   max: -.1693E+02   C at   59  2   RLX: 0.030
       a = 13.000      CL =  1.0160
      Cm =  0.0278     CD =  0.02921   =>   CDf =  0.00510    CDp =  0.02411

 Side 1  free  transition at x/c =  0.1031   42
 Side 2  free  transition at x/c =  0.9161   59

  11   rms: 0.9399E+00   max: -.1958E+02   C at   59  2   RLX: 0.026
       a = 13.000      CL =  1.0175
      Cm =  0.0275     CD =  0.02927   =>   CDf =  0.00506    CDp =  0.02421

 Side 1  free  transition at x/c =  0.1025   42
 Side 2  free  transition at x/c =  0.9298   60

  12   rms: 0.6361E+00   max: -.1290E+02   C at   60  2   RLX: 0.039
       a = 13.000      CL =  1.0208
      Cm =  0.0269     CD =  0.02938   =>   CDf =  0.00503    CDp =  0.02436

 Side 1  free  transition at x/c =  0.1013   42
 Side 2  free  transition at x/c =  0.9432   61

  13   rms: 0.3567E+00   max: -.6530E+01   C at   61  2   RLX: 0.077
       a = 13.000      CL =  1.0280
      Cm =  0.0254     CD =  0.02970   =>   CDf =  0.00500    CDp =  0.02470

 Side 1  free  transition at x/c =  0.0988   42
 Side 2  free  transition at x/c =  0.9554   62

  14   rms: 0.2334E+00   max: -.3716E+01   C at   62  2   RLX: 0.135
       a = 13.000      CL =  1.0395
      Cm =  0.0229     CD =  0.03024   =>   CDf =  0.00500    CDp =  0.02525

 Side 1  free  transition at x/c =  0.0960   41
 Side 2  free  transition at x/c =  0.9658   63

  15   rms: 0.2049E+00   max: -.3198E+01   C at   63  2   RLX: 0.156
       a = 13.000      CL =  1.0524
      Cm =  0.0206     CD =  0.03057   =>   CDf =  0.00500    CDp =  0.02557

 Side 1  free  transition at x/c =  0.0932   41
 Side 2  free  transition at x/c =  0.9244   60

  16   rms: 0.4332E+00   max: -.9541E+01   C at   60  2   RLX: 0.052
       a = 13.000      CL =  1.0520
      Cm =  0.0206     CD =  0.03092   =>   CDf =  0.00510    CDp =  0.02582

 Side 1  free  transition at x/c =  0.0930   41
 Side 2  free  transition at x/c =  0.9359   61

  17   rms: 0.3687E+00   max: -.7973E+01   C at   61  2   RLX: 0.063
       a = 13.000      CL =  1.0527
      Cm =  0.0206     CD =  0.03097   =>   CDf =  0.00507    CDp =  0.02590

 Side 1  free  transition at x/c =  0.0925   41
 Side 2  free  transition at x/c =  0.9468   61

  18   rms: 0.3439E+00   max: -.6552E+01   C at   61  2   RLX: 0.076
       a = 13.000      CL =  1.0551
      Cm =  0.0202     CD =  0.03106   =>   CDf =  0.00505    CDp =  0.02602

 Side 1  free  transition at x/c =  0.0917   41
 Side 2  free  transition at x/c =  0.9665   63

  19   rms: 0.2823E+00   max: -.4892E+01   C at   63  2   RLX: 0.102
       a = 13.000      CL =  1.0591
      Cm =  0.0195     CD =  0.03107   =>   CDf =  0.00502    CDp =  0.02605

 Side 1  free  transition at x/c =  0.0907   41
 Side 2  free  transition at x/c =  0.9727   63

  20   rms: 0.3408E+00   max: -.5543E+01   C at   63  2   RLX: 0.090
       a = 13.000      CL =  1.0621
      Cm =  0.0189     CD =  0.03121   =>   CDf =  0.00503    CDp =  0.02618

 Side 1  free  transition at x/c =  0.0899   41
 Side 2  free  transition at x/c =  0.9798   64

  21   rms: 0.7106E+00   max: -.1245E+02   C at   64  2   RLX: 0.040
       a = 13.000      CL =  1.0599
      Cm =  0.0194     CD =  0.03122   =>   CDf =  0.00503    CDp =  0.02619

 Side 1  free  transition at x/c =  0.0901   41
 Side 2  free  transition at x/c =  0.9952   66

  22   rms: 0.1054E+00   max: -.2077E+01   C at   66  2   RLX: 0.241
       a = 13.000      CL =  1.0685
      Cm =  0.0177     CD =  0.03201   =>   CDf =  0.00489    CDp =  0.02712

 Side 1  free  transition at x/c =  0.0881   42
 Side 2  free  transition at x/c =  0.9910   64

  23   rms: 0.8300E-01   max: 0.1692E+01   C at   64  2   RLX: 0.887
       a = 13.000      CL =  1.0673
      Cm =  0.0189     CD =  0.03262   =>   CDf =  0.00504    CDp =  0.02758

 Side 1  free  transition at x/c =  0.0858   41
 Side 2 forced transition at x/c =  1.0000   65

  24   rms: 0.1691E-01   max: 0.2764E+00   D at   64  2
       a = 13.000      CL =  1.0560
      Cm =  0.0219     CD =  0.03266   =>   CDf =  0.00505    CDp =  0.02761

 Side 1  free  transition at x/c =  0.0856   41
 Side 2 forced transition at x/c =  1.0000   65

  25   rms: 0.1138E-01   max: 0.1523E+00   D at   64  2
       a = 13.000      CL =  1.0663
      Cm =  0.0197     CD =  0.03276   =>   CDf =  0.00507    CDp =  0.02770

 Side 1  free  transition at x/c =  0.0855   41
 Side 2 forced transition at x/c =  1.0000   65

  26   rms: 0.1909E-02   max: 0.3039E-01   D at   64  2
       a = 13.000      CL =  1.0681
      Cm =  0.0193     CD =  0.03281   =>   CDf =  0.00506    CDp =  0.02775

 Side 1  free  transition at x/c =  0.0854   41
 Side 2 forced transition at x/c =  1.0000   65

  27   rms: 0.4867E-04   max: 0.8053E-03   D at   64  2
       a = 13.000      CL =  1.0682
      Cm =  0.0193     CD =  0.03281   =>   CDf =  0.00506    CDp =  0.02775
 plradd ia,ip,cpol           13           0  1.29907194E-03

 Point added to stored polar  1
 Point written to save file  polar.txt                                       
 Dump file unspecified or not available
 Calculating wake trajectory ...
 Calculating source influence matrix ...

 Solving BL system ...

 Side 1  free  transition at x/c =  0.0854   41
 Side 2 forced transition at x/c =  1.0000   65

   1   rms: 0.1231E+00   max: 0.6069E+00   C at   41  1   RLX: 0.552
       a = 14.000      CL =  1.0927
      Cm =  0.0210     CD =  0.03553   =>   CDf =  0.00506    CDp =  0.03047

 Side 1  free  transition at x/c =  0.0805   41
 Side 2 forced transition at x/c =  1.0000   65

   2   rms: 0.5926E-01   max: 0.3078E+00   C at   41  1
       a = 14.000      CL =  1.1024
      Cm =  0.0229     CD =  0.03849   =>   CDf =  0.00504    CDp =  0.03346

 Side 1  free  transition at x/c =  0.0748   40
 Side 2 forced transition at x/c =  1.0000   65

   3   rms: 0.6597E-02   max: 0.8864E-01   D at   72  1
       a = 14.000      CL =  1.0994
      Cm =  0.0230     CD =  0.03844   =>   CDf =  0.00501    CDp =  0.03343

 Side 1  free  transition at x/c =  0.0749   40
 Side 2 forced transition at x/c =  1.0000   65

   4   rms: 0.1079E-02   max: -.1207E-01   D at   72  1
       a = 14.000      CL =  1.1000
      Cm =  0.0230     CD =  0.03831   =>   CDf =  0.00500    CDp =  0.03331

 Side 1  free  transition at x/c =  0.0749   40
 Side 2 forced transition at x/c =  1.0000   65

   5   rms: 0.7914E-04   max: -.3878E-03   D at   76  2
       a = 14.000      CL =  1.1001
      Cm =  0.0230     CD =  0.03832   =>   CDf =  0.00501    CDp =  0.03331
 plradd ia,ip,cpol           14           0  4.94164089E-03

 Point added to stored polar  1
 Point written to save file  polar.txt                                       
 Dump file unspecified or not available
 Calculating wake trajectory ...
 Calculating source influence matrix ...

 Solving BL system ...

 Side 1  free  transition at x/c =  0.0749   40
 Side 2 forced transition at x/c =  1.0000   65

   1   rms: 0.1187E+00   max: -.4285E+00   D at   40  1   RLX: 0.499
       a = 15.000      CL =  1.1217
      Cm =  0.0242     CD =  0.04105   =>   CDf =  0.00485    CDp =  0.03620

 Side 1  free  transition at x/c =  0.0657   40
 Side 2 forced transition at x/c =  1.0000   64

   2   rms: 0.6282E-01   max: 0.3165E+00   D at   72  1
       a = 15.000      CL =  1.1286
      Cm =  0.0257     CD =  0.04514   =>   CDf =  0.00504    CDp =  0.04009

 Side 1  free  transition at x/c =  0.0568   39
 Side 2 forced transition at x/c =  1.0000   64

   3   rms: 0.1037E-01   max: -.1263E+00   C at   39  1
       a = 15.000      CL =  1.1224
      Cm =  0.0262     CD =  0.04509   =>   CDf =  0.00505    CDp =  0.04004

 Side 1  free  transition at x/c =  0.0579   39
 Side 2 forced transition at x/c =  1.0000   64

   4   rms: 0.4957E-03   max: -.4254E-02   C at   39  1
       a = 15.000      CL =  1.1225
      Cm =  0.0262     CD =  0.04499   =>   CDf =  0.00502    CDp =  0.03997

 Side 1  free  transition at x/c =  0.0579   39
 Side 2 forced transition at x/c =  1.0000   64

   5   rms: 0.3707E-04   max: -.1904E-03   D at   76  2
       a = 15.000      CL =  1.1226
      Cm =  0.0262     CD =  0.04500   =>   CDf =  0.00503    CDp =  0.03997
 plradd ia,ip,cpol           15           0  1.29907194E-03

 Point added to stored polar  1
 Point written to save file  polar.txt                                       
 Dump file unspecified or not available
 Calculating wake trajectory ...
 Calculating source influence matrix ...

 Solving BL system ...

 Side 1  free  transition at x/c =  0.0579   39
 Side 2 forced transition at x/c =  1.0000   64

   1   rms: 0.1149E+00   max: 0.3746E+00   C at   39  1   RLX: 0.451
       a = 16.000      CL =  1.1412
      Cm =  0.0269     CD =  0.04785   =>   CDf =  0.00503    CDp =  0.04282

 Side 1  free  transition at x/c =  0.0525   39
 Side 2 forced transition at x/c =  1.0000   64

   2   rms: 0.6642E-01   max: 0.3066E+00   D at   70  1
       a = 16.000      CL =  1.1489
      Cm =  0.0281     CD =  0.05251   =>   CDf =  0.00484    CDp =  0.04767

 Side 1  free  transition at x/c =  0.0469   39
 Side 2 forced transition at x/c =  1.0000   63

   3   rms: 0.1262E-01   max: -.1301E+00   D at    3  1
       a = 16.000      CL =  1.1508
      Cm =  0.0283     CD =  0.05161   =>   CDf =  0.00499    CDp =  0.04661

 Side 1  free  transition at x/c =  0.0478   39
 Side 2 forced transition at x/c =  1.0000   63

   4   rms: 0.1547E-02   max: 0.1188E-01   D at   70  1
       a = 16.000      CL =  1.1502
      Cm =  0.0282     CD =  0.05170   =>   CDf =  0.00498    CDp =  0.04672

 Side 1  free  transition at x/c =  0.0477   39
 Side 2 forced transition at x/c =  1.0000   63

   5   rms: 0.1302E-03   max: 0.7515E-03   D at   70  1
       a = 16.000      CL =  1.1501
      Cm =  0.0283     CD =  0.05170   =>   CDf =  0.00498    CDp =  0.04672

 Side 1  free  transition at x/c =  0.0477   39
 Side 2 forced transition at x/c =  1.0000   63

   6   rms: 0.6596E-05   max: 0.4837E-04   D at   76  2
       a = 16.000      CL =  1.1501
      Cm =  0.0283     CD =  0.05170   =>   CDf =  0.00498    CDp =  0.04672
 plradd ia,ip,cpol           16           0  1.29907194E-03

 Point added to stored polar  1
 Point written to save file  polar.txt                                       
 Dump file unspecified or not available
 Calculating wake trajectory ...
 Calculating source influence matrix ...

 Solving BL system ...

 Side 1  free  transition at x/c =  0.0477   39
 Side 2 forced transition at x/c =  1.0000   63

   1   rms: 0.1266E+00   max: -.4796E+00   D at   39  1   RLX: 0.410
       a = 17.000      CL =  1.1610
      Cm =  0.0286     CD =  0.05516   =>   CDf =  0.00498    CDp =  0.05017

 Side 1  free  transition at x/c =  0.0452   38
 Side 2 forced transition at x/c =  1.0000   63

   2   rms: 0.6811E-01   max: -.2106E+00   D at    4  2
       a = 17.000      CL =  1.1859
      Cm =  0.0291     CD =  0.05855   =>   CDf =  0.00473    CDp =  0.05381

 Side 1  free  transition at x/c =  0.0387   38
 Side 2 forced transition at x/c =  1.0000   62

   3   rms: 0.1668E-01   max: -.1259E+00   C at   38  1
       a = 17.000      CL =  1.1731
      Cm =  0.0294     CD =  0.05941   =>   CDf =  0.00496    CDp =  0.05445

 Side 1  free  transition at x/c =  0.0395   39
 Side 2 forced transition at x/c =  1.0000   62

   4   rms: 0.1393E-02   max: -.1386E-01   D at   70  1
       a = 17.000      CL =  1.1735
      Cm =  0.0295     CD =  0.05910   =>   CDf =  0.00492    CDp =  0.05418

 Side 1  free  transition at x/c =  0.0396   39
 Side 2 forced transition at x/c =  1.0000   62

   5   rms: 0.1235E-03   max: -.6224E-03   D at   39  1
       a = 17.000      CL =  1.1735
      Cm =  0.0295     CD =  0.05910   =>   CDf =  0.00492    CDp =  0.05418

 Side 1  free  transition at x/c =  0.0396   39
 Side 2 forced transition at x/c =  1.0000   62

   6   rms: 0.6409E-05   max: -.4188E-04   D at   75  2
       a = 17.000      CL =  1.1735
      Cm =  0.0295     CD =  0.05910   =>   CDf =  0.00492    CDp =  0.05418
 plradd ia,ip,cpol           17           0  5.51594887E-04

 Point added to stored polar  1
 Point written to save file  polar.txt                                       
 Dump file unspecified or not available
 Calculating wake trajectory ...
 Calculating source influence matrix ...

 Solving BL system ...

 Side 1  free  transition at x/c =  0.0396   39
 Side 2 forced transition at x/c =  1.0000   62

   1   rms: 0.1122E+00   max: 0.3954E+00   D at   69  1   RLX: 0.379
       a = 18.000      CL =  1.1845
      Cm =  0.0296     CD =  0.06235   =>   CDf =  0.00493    CDp =  0.05742

 Side 1  free  transition at x/c =  0.0346   38
 Side 2 forced transition at x/c =  1.0000   62

   2   rms: 0.7372E-01   max: 0.3162E+00   D at   69  1
       a = 18.000      CL =  1.1938
      Cm =  0.0297     CD =  0.06841   =>   CDf =  0.00495    CDp =  0.06346

 Side 1  free  transition at x/c =  0.0272   36
 Side 2 forced transition at x/c =  1.0000   62

   3   rms: 0.1599E-01   max: 0.5455E-01   D at   68  1
       a = 18.000      CL =  1.1911
      Cm =  0.0301     CD =  0.06748   =>   CDf =  0.00493    CDp =  0.06255

 Side 1  free  transition at x/c =  0.0282   36
 Side 2 forced transition at x/c =  1.0000   62

   4   rms: 0.2064E-02   max: 0.1902E-01   C at   36  1
       a = 18.000      CL =  1.1898
      Cm =  0.0301     CD =  0.06757   =>   CDf =  0.00490    CDp =  0.06267

 Side 1  free  transition at x/c =  0.0281   36
 Side 2 forced transition at x/c =  1.0000   62

   5   rms: 0.2523E-03   max: 0.1623E-02   D at   68  1
       a = 18.000      CL =  1.1896
      Cm =  0.0301     CD =  0.06756   =>   CDf =  0.00490    CDp =  0.06266

 Side 1  free  transition at x/c =  0.0281   36
 Side 2 forced transition at x/c =  1.0000   62

   6   rms: 0.1749E-04   max: -.1129E-03   C at   36  1
       a = 18.000      CL =  1.1896
      Cm =  0.0301     CD =  0.06755   =>   CDf =  0.00490    CDp =  0.06265
 plradd ia,ip,cpol           18           0  1.29907194E-03

 Point added to stored polar  1
 Point written to save file  polar.txt                                       
 Dump file unspecified or not available
 Calculating wake trajectory ...
 Calculating source influence matrix ...

 Solving BL system ...

 Side 1  free  transition at x/c =  0.0281   36
 Side 2 forced transition at x/c =  1.0000   62

   1   rms: 0.1098E+00   max: 0.4097E+00   D at   67  1   RLX: 0.350
       a = 19.000      CL =  1.1991
      Cm =  0.0298     CD =  0.07087   =>   CDf =  0.00491    CDp =  0.06596

 Side 1  free  transition at x/c =  0.0262   36
 Side 2 forced transition at x/c =  1.0000   62

   2   rms: 0.6949E-01   max: 0.2874E+00   D at   67  1
       a = 19.000      CL =  1.2104
      Cm =  0.0295     CD =  0.07730   =>   CDf =  0.00462    CDp =  0.07268

 Side 1  free  transition at x/c =  0.0237   36
 Side 2 forced transition at x/c =  1.0000   61

   3   rms: 0.1547E-01   max: -.1340E+00   C at   36  1
       a = 19.000      CL =  1.2054
      Cm =  0.0297     CD =  0.07678   =>   CDf =  0.00477    CDp =  0.07202

 Side 1  free  transition at x/c =  0.0242   36
 Side 2 forced transition at x/c =  1.0000   61

   4   rms: 0.1782E-02   max: -.1743E-01   D at    4  1
       a = 19.000      CL =  1.2056
      Cm =  0.0298     CD =  0.07650   =>   CDf =  0.00475    CDp =  0.07175

 Side 1  free  transition at x/c =  0.0241   36
 Side 2 forced transition at x/c =  1.0000   61

   5   rms: 0.7936E-04   max: -.2976E-03   D at   72  2
       a = 19.000      CL =  1.2056
      Cm =  0.0298     CD =  0.07651   =>   CDf =  0.00476    CDp =  0.07175
 plradd ia,ip,cpol           19           0  5.51594887E-04

 Point added to stored polar  1
 Point written to save file  polar.txt                                       
 Dump file unspecified or not available
 Calculating wake trajectory ...
 Calculating source influence matrix ...

 Solving BL system ...

 Side 1  free  transition at x/c =  0.0241   36
 Side 2 forced transition at x/c =  1.0000   61

   1   rms: 0.1172E+00   max: 0.6846E+00   C at   36  1   RLX: 0.323
       a = 20.000      CL =  1.2111
      Cm =  0.0293     CD =  0.08012   =>   CDf =  0.00477    CDp =  0.07536

 Side 1  free  transition at x/c =  0.0216   35
 Side 2 forced transition at x/c =  1.0000   61

   2   rms: 0.7525E-01   max: -.4510E+00   D at   35  1
       a = 20.000      CL =  1.2262
      Cm =  0.0284     CD =  0.08683   =>   CDf =  0.00448    CDp =  0.08235

 Side 1  free  transition at x/c =  0.0168   35
 Side 2 forced transition at x/c =  1.0000   60
 idif Ue xi dudx           1  7.83350021E-02  8.74376297E-03   8.9589577    
 Uenew xinew           2  5.01208147E-03  5.59449196E-04

   3   rms: 0.2991E-01   max: -.4082E+00   D at   35  1
       a = 20.000      CL =  1.2100
      Cm =  0.0285     CD =  0.08740   =>   CDf =  0.00499    CDp =  0.08241

 Side 1  free  transition at x/c =  0.0169   34
 Side 2 forced transition at x/c =  1.0000   61

   4   rms: 0.7798E-02   max: 0.5593E-01   D at   66  1
       a = 20.000      CL =  1.2044
      Cm =  0.0285     CD =  0.08788   =>   CDf =  0.00469    CDp =  0.08319

 Side 1  free  transition at x/c =  0.0167   34
 Side 2 forced transition at x/c =  1.0000   61

   5   rms: 0.6825E-03   max: 0.3286E-02   D at   77  2
       a = 20.000      CL =  1.2039
      Cm =  0.0286     CD =  0.08777   =>   CDf =  0.00468    CDp =  0.08309

 Side 1  free  transition at x/c =  0.0167   34
 Side 2 forced transition at x/c =  1.0000   61

   6   rms: 0.5220E-04   max: 0.3730E-03   D at   77  2
       a = 20.000      CL =  1.2038
      Cm =  0.0286     CD =  0.08776   =>   CDf =  0.00468    CDp =  0.08308
 plradd ia,ip,cpol           20           0  5.51594887E-04

 Point added to stored polar  1
 Point written to save file  polar.txt                                       
 Dump file unspecified or not available
 Calculating wake trajectory ...
 Calculating source influence matrix ...

 Solving BL system ...

 Side 1  free  transition at x/c =  0.0167   34
 Side 2 forced transition at x/c =  1.0000   61

   1   rms: 0.1127E+00   max: 0.8343E+00   D at   34  1   RLX: 0.300
       a = 21.000      CL =  1.2113
      Cm =  0.0278     CD =  0.09105   =>   CDf =  0.00441    CDp =  0.08665

 Side 1  free  transition at x/c =  0.0169   35
 Side 2 forced transition at x/c =  1.0000   60

   2   rms: 0.6881E-01   max: 0.3104E+00   D at   66  1
       a = 21.000      CL =  1.2216
      Cm =  0.0260     CD =  0.09930   =>   CDf =  0.00461    CDp =  0.09469

 Side 1  free  transition at x/c =  0.0157   34
 Side 2 forced transition at x/c =  1.0000   60

   3   rms: 0.2412E-01   max: 0.1991E+00   D at   66  1
       a = 21.000      CL =  1.2039
      Cm =  0.0259     CD =  0.10016   =>   CDf =  0.00452    CDp =  0.09564

 Side 1  free  transition at x/c =  0.0160   35
 Side 2 forced transition at x/c =  1.0000   60

   4   rms: 0.5761E-02   max: 0.7172E-01   D at   34  1
       a = 21.000      CL =  1.2064
      Cm =  0.0262     CD =  0.09901   =>   CDf =  0.00446    CDp =  0.09455

 Side 1  free  transition at x/c =  0.0159   35
 Side 2 forced transition at x/c =  1.0000   60

   5   rms: 0.3910E-03   max: -.3936E-02   D at   35  1
       a = 21.000      CL =  1.2063
      Cm =  0.0262     CD =  0.09906   =>   CDf =  0.00447    CDp =  0.09458

 Side 1  free  transition at x/c =  0.0159   35
 Side 2 forced transition at x/c =  1.0000   60

   6   rms: 0.1910E-04   max: 0.8904E-04   D at   78  2
       a = 21.000      CL =  1.2063
      Cm =  0.0262     CD =  0.09906   =>   CDf =  0.00448    CDp =  0.09458
 plradd ia,ip,cpol           21           0  3.53916839E-05

 Point added to stored polar  1
 Point written to save file  polar.txt                                       
 Dump file unspecified or not available
 Calculating wake trajectory ...
 Calculating source influence matrix ...

 Solving BL system ...

 Side 1  free  transition at x/c =  0.0159   35
 Side 2 forced transition at x/c =  1.0000   60

   1   rms: 0.1081E+00   max: 0.5878E+00   D at   64  1   RLX: 0.276
       a = 22.000      CL =  1.2054
      Cm =  0.0250     CD =  0.10352   =>   CDf =  0.00449    CDp =  0.09903

 Side 1  free  transition at x/c =  0.0155   34
 Side 2 forced transition at x/c =  1.0000   60

   2   rms: 0.7117E-01   max: 0.3407E+00   D at   64  1
       a = 22.000      CL =  1.2163
      Cm =  0.0222     CD =  0.11268   =>   CDf =  0.00441    CDp =  0.10827

 Side 1  free  transition at x/c =  0.0144   34
 Side 2 forced transition at x/c =  1.0000   60

   3   rms: 0.1857E-01   max: 0.1789E+00   D at   64  1
       a = 22.000      CL =  1.2054
      Cm =  0.0224     CD =  0.11196   =>   CDf =  0.00426    CDp =  0.10770

 Side 1  free  transition at x/c =  0.0144   34
 Side 2 forced transition at x/c =  1.0000   60

   4   rms: 0.3903E-02   max: -.4043E-01   D at   64  1
       a = 22.000      CL =  1.2075
      Cm =  0.0227     CD =  0.11091   =>   CDf =  0.00424    CDp =  0.10667

 Side 1  free  transition at x/c =  0.0143   34
 Side 2 forced transition at x/c =  1.0000   60

   5   rms: 0.3860E-03   max: -.1403E-02   D at   79  2
       a = 22.000      CL =  1.2078
      Cm =  0.0226     CD =  0.11095   =>   CDf =  0.00425    CDp =  0.10670

 Side 1  free  transition at x/c =  0.0143   34
 Side 2 forced transition at x/c =  1.0000   60

   6   rms: 0.3773E-04   max: -.2569E-03   D at   77  2
       a = 22.000      CL =  1.2078
      Cm =  0.0226     CD =  0.11096   =>   CDf =  0.00425    CDp =  0.10671
 plradd ia,ip,cpol           22           0  3.53916839E-05

 Point added to stored polar  1
 Point written to save file  polar.txt                                       
 Dump file unspecified or not available
 Calculating wake trajectory ...
 Calculating source influence matrix ...

 Solving BL system ...

 Side 1  free  transition at x/c =  0.0143   34
 Side 2 forced transition at x/c =  1.0000   60

   1   rms: 0.9709E-01   max: 0.5127E+00   D at   62  1   RLX: 0.259
       a = 23.000      CL =  1.2086
      Cm =  0.0213     CD =  0.11499   =>   CDf =  0.00427    CDp =  0.11073

 Side 1  free  transition at x/c =  0.0140   34
 Side 2 forced transition at x/c =  1.0000   60

   2   rms: 0.8666E-01   max: 0.5636E+00   D at   63  1
       a = 23.000      CL =  1.1945
      Cm =  0.0163     CD =  0.13019   =>   CDf =  0.00391    CDp =  0.12628

 Side 1  free  transition at x/c =  0.0136   35
 Side 2 forced transition at x/c =  1.0000   59

   3   rms: 0.2257E-01   max: 0.3061E+00   D at   63  1
       a = 23.000      CL =  1.1843
      Cm =  0.0165     CD =  0.12805   =>   CDf =  0.00399    CDp =  0.12406

 Side 1  free  transition at x/c =  0.0135   35
 Side 2 forced transition at x/c =  1.0000   59

   4   rms: 0.8682E-02   max: -.8401E-01   D at   63  1
       a = 23.000      CL =  1.1898
      Cm =  0.0172     CD =  0.12561   =>   CDf =  0.00396    CDp =  0.12165

 Side 1  free  transition at x/c =  0.0135   35
 Side 2 forced transition at x/c =  1.0000   59

   5   rms: 0.6686E-03   max: -.3194E-02   D at   78  2
       a = 23.000      CL =  1.1903
      Cm =  0.0172     CD =  0.12573   =>   CDf =  0.00398    CDp =  0.12174

 Side 1  free  transition at x/c =  0.0135   35
 Side 2 forced transition at x/c =  1.0000   59

   6   rms: 0.6047E-04   max: -.5357E-03   D at   76  2
       a = 23.000      CL =  1.1903
      Cm =  0.0172     CD =  0.12576   =>   CDf =  0.00398    CDp =  0.12178
 plradd ia,ip,cpol           23           0  3.53916839E-05

 Point added to stored polar  1
 Point written to save file  polar.txt                                       
 Dump file unspecified or not available
 Calculating wake trajectory ...
 Calculating source influence matrix ...

 Solving BL system ...

 Side 1  free  transition at x/c =  0.0135   35
 Side 2 forced transition at x/c =  1.0000   59

   1   rms: 0.1084E+00   max: 0.6864E+00   D at   61  1   RLX: 0.240
       a = 24.000      CL =  1.1866
      Cm =  0.0153     CD =  0.13073   =>   CDf =  0.00400    CDp =  0.12673

 Side 1  free  transition at x/c =  0.0134   35
 Side 2 forced transition at x/c =  1.0000   59

   2   rms: 0.7342E-01   max: 0.4391E+00   D at   61  1
       a = 24.000      CL =  1.1878
      Cm =  0.0102     CD =  0.14345   =>   CDf =  0.00393    CDp =  0.13952

 Side 1  free  transition at x/c =  0.0130   34
 Side 2 forced transition at x/c =  1.0000   59

   3   rms: 0.1960E-01   max: 0.1642E+00   D at   61  1
       a = 24.000      CL =  1.1793
      Cm =  0.0104     CD =  0.14098   =>   CDf =  0.00376    CDp =  0.13723

 Side 1  free  transition at x/c =  0.0130   34
 Side 2 forced transition at x/c =  1.0000   59

   4   rms: 0.8112E-02   max: 0.8279E-01   D at   60  1
       a = 24.000      CL =  1.1745
      Cm =  0.0101     CD =  0.14128   =>   CDf =  0.00373    CDp =  0.13755

 Side 1  free  transition at x/c =  0.0131   34
 Side 2 forced transition at x/c =  1.0000   59

   5   rms: 0.1215E-02   max: -.1253E-01   D at   60  1
       a = 24.000      CL =  1.1747
      Cm =  0.0102     CD =  0.14077   =>   CDf =  0.00372    CDp =  0.13705

 Side 1  free  transition at x/c =  0.0131   34
 Side 2 forced transition at x/c =  1.0000   59

   6   rms: 0.1009E-03   max: -.4392E-03   D at   60  1
       a = 24.000      CL =  1.1747
      Cm =  0.0102     CD =  0.14074   =>   CDf =  0.00372    CDp =  0.13702

 Side 1  free  transition at x/c =  0.0131   34
 Side 2 forced transition at x/c =  1.0000   59

   7   rms: 0.1898E-04   max: -.1319E-03   D at   77  2
       a = 24.000      CL =  1.1747
      Cm =  0.0102     CD =  0.14074   =>   CDf =  0.00372    CDp =  0.13702
 plradd ia,ip,cpol           24           0  1.29907194E-03

 Point added to stored polar  1
 Point written to save file  polar.txt                                       
 Dump file unspecified or not available
 Calculating wake trajectory ...
 Calculating source influence matrix ...

 Solving BL system ...

 Side 1  free  transition at x/c =  0.0131   34
 Side 2 forced transition at x/c =  1.0000   59

   1   rms: 0.1008E+00   max: 0.6318E+00   D at   59  1   RLX: 0.225
       a = 25.000      CL =  1.1721
      Cm =  0.0083     CD =  0.14542   =>   CDf =  0.00373    CDp =  0.14169

 Side 1  free  transition at x/c =  0.0131   34
 Side 2 forced transition at x/c =  1.0000   59

   2   rms: 0.7664E-01   max: 0.4948E+00   D at   59  1
       a = 25.000      CL =  1.1687
      Cm =  0.0016     CD =  0.16081   =>   CDf =  0.00338    CDp =  0.15743

 Side 1  free  transition at x/c =  0.0128   35
 Side 2 forced transition at x/c =  1.0000   58

   3   rms: 0.2058E-01   max: 0.2256E+00   D at   59  1
       a = 25.000      CL =  1.1601
      Cm =  0.0018     CD =  0.15733   =>   CDf =  0.00348    CDp =  0.15385

 Side 1  free  transition at x/c =  0.0128   35
 Side 2 forced transition at x/c =  1.0000   58

   4   rms: 0.6287E-02   max: 0.5639E-01   D at   59  1
       a = 25.000      CL =  1.1564
      Cm =  0.0016     CD =  0.15700   =>   CDf =  0.00345    CDp =  0.15355

 Side 1  free  transition at x/c =  0.0128   35
 Side 2 forced transition at x/c =  1.0000   58

   5   rms: 0.7195E-03   max: 0.3730E-02   D at   78  2
       a = 25.000      CL =  1.1559
      Cm =  0.0017     CD =  0.15668   =>   CDf =  0.00344    CDp =  0.15324

 Side 1  free  transition at x/c =  0.0128   35
 Side 2 forced transition at x/c =  1.0000   58

   6   rms: 0.7897E-04   max: 0.6186E-03   D at   76  2
       a = 25.000      CL =  1.1559
      Cm =  0.0017     CD =  0.15661   =>   CDf =  0.00344    CDp =  0.15318
 plradd ia,ip,cpol           25           0  3.53916839E-05

 Point added to stored polar  1
 Point written to save file  polar.txt                                       
 Dump file unspecified or not available

.OPERva   c>  
 Polar accumulation disabled

.OPERv   c>  
 XFOIL   c>  