
 ===================================================
  XFOIL Version 6.99
  Copyright (C) 2000   Mark Drela, Harold Youngren

  This software comes with ABSOLUTELY NO WARRANTY,
    subject to the GNU General Public License.

  Caveat computor
 ===================================================

 File  xfoil.def  not found

   QUIT    Exit program

  .OPER    Direct operating point(s)
  .MDES    Complex mapping design routine
  .QDES    Surface speed design routine
  .GDES    Geometry design routine

   SAVE f  Write airfoil to labeled coordinate file
   PSAV f  Write airfoil to plain coordinate file
   ISAV f  Write airfoil to ISES coordinate file
   MSAV f  Write airfoil to MSES coordinate file
   REVE    Reverse written-airfoil node ordering

   LOAD f  Read buffer airfoil from coordinate file
   NACA i  Set NACA 4,5-digit airfoil and buffer airfoil
   INTE    Set buffer airfoil by interpolating two airfoils
   NORM    Buffer airfoil normalization toggle
   XYCM rr Change CM reference location, currently  0.25000 0.00000

   BEND    Display structural properties of current airfoil

   PCOP    Set current-airfoil panel nodes directly from buffer airfoil points
   PANE    Set current-airfoil panel nodes ( 160 ) based on curvature
  .PPAR    Show/change paneling

  .PLOP    Plotting options

   WDEF f  Write  current-settings file
   RDEF f  Reread current-settings file
   NAME s  Specify new airfoil name
   NINC    Increment name version number

   Z       Zoom    | (available in all menus)
   U       Unzoom  | 

 XFOIL   c>  
 Labeled airfoil file.  Name:  NACA 64A223 STANDARD - PDAS/NASA TM-X-3069 6A ge

 Number of input coordinate points: 801
 Counterclockwise ordering
 Max thickness =     0.230026  at x =   0.378
 Max camber    =     0.011962  at x =   0.571

  LE  x,y  =  -0.00023   0.00291  |   Chord =   1.00024
  TE  x,y  =   1.00000   0.00000  |
 Maximum number of panel nodes  :          495
 Number of buffer airfoil points:          801
 Current airfoil cannot be set.
 Try executing PANE at Top Level instead.

 XFOIL   c>  
 Sharp trailing edge

 Paneling parameters used...
   Number of panel nodes       160
   Panel bunching parameter    1.000
   TE/LE panel density ratio   0.150
   Refined-area/LE panel density ratio    0.200
   Top    side refined area x/c limits  1.000 1.000
   Bottom side refined area x/c limits  1.000 1.000

 XFOIL   c>  
.OPERi   c>  
 M  =    0.0000
 Re =   1000000

.OPERv   c>  
 Sonic Cp =    -66.86      Sonic Q/Qinf =     9.138


.OPERv   c>  
.OPERv   c>  
 Polar  1 newly created for accumulation
 Airfoil archived with polar: NACA 64A223 STANDARD - PDAS/NASA TM-X-3069 6A ge

Enter  polar save filename  OR  <return> for no file   s>  
 New polar save file available

Enter  polar dump filename  OR  <return> for no file   s>  
 Polar dump file will NOT be written

 Polar accumulation enabled

.OPERva   c>   Calculating unit vorticity distributions ...
 Calculating wake trajectory ...
 Calculating source influence matrix ...

 Solving BL system ...

 Initializing BL ...
    side            1  ...
 MRCHUE: Inverse mode at  48     Hk =   4.593
 MRCHUE: Inverse mode at  49     Hk =   6.021
 MRCHUE: Inverse mode at  50     Hk =   7.426
 MRCHUE: Inverse mode at  51     Hk =   8.827
 MRCHUE: Inverse mode at  52     Hk =   6.368
 MRCHUE: Inverse mode at  53     Hk =   2.500
 MRCHUE: Convergence failed at  81  side 1    Res =  0.1182E+02
    side            2  ...
 MRCHUE: Inverse mode at  48     Hk =   4.512
 MRCHUE: Inverse mode at  49     Hk =   5.877
 MRCHUE: Inverse mode at  50     Hk =   7.227
 MRCHUE: Inverse mode at  51     Hk =   8.565
 MRCHUE: Inverse mode at  52     Hk =   8.404
 MRCHUE: Inverse mode at  53     Hk =   2.739
 MRCHUE: Convergence failed at  81  side 2    Res =  0.8854E+01

 MRCHDU: Convergence failed at  81  side 1    Res =  0.4787E+02
 MRCHDU: Convergence failed at  81  side 2    Res =  0.3048E+01
 Side 1  free  transition at x/c =  0.5271   52
 Side 2  free  transition at x/c =  0.5254   52

   1   rms: 0.6623E+00   max: 0.3043E+01   D at   83  2   RLX: 0.493
       a =  0.000      CL =  0.1830
      Cm = -0.0393     CD =  0.00156   =>   CDf =  0.00615    CDp = -0.00458

 Side 1  free  transition at x/c =  0.5385   53
 Side 2  free  transition at x/c =  0.5364   53

   2   rms: 0.4670E+00   max: 0.2392E+01   D at   84  2   RLX: 0.627
       a =  0.000      CL =  0.1255
      Cm = -0.0266     CD =  0.00393   =>   CDf =  0.00594    CDp = -0.00201

 Side 1  free  transition at x/c =  0.5549   54
 Side 2  free  transition at x/c =  0.5466   53
 idif Ue xi dudx           1  0.17300017      3.36110592E-03   51.471207    
 Uenew xinew           2  5.00378236E-02  9.72151756E-04

   3   rms: 0.1634E+00   max: 0.8020E+00   D at   86  2
       a =  0.000      CL =  0.0159
      Cm = -0.0025     CD =  0.00745   =>   CDf =  0.00580    CDp =  0.00165

 Side 1  free  transition at x/c =  0.5730   54
 Side 2  free  transition at x/c =  0.5552   55

   4   rms: 0.4050E-01   max: -.2164E+00   D at   87  2
       a =  0.000      CL =  0.0600
      Cm = -0.0125     CD =  0.00833   =>   CDf =  0.00554    CDp =  0.00279

 Side 1  free  transition at x/c =  0.5636   53
 Side 2  free  transition at x/c =  0.5565   55

   5   rms: 0.2391E-01   max: -.3112E+00   D at   53  1
       a =  0.000      CL =  0.0553
      Cm = -0.0114     CD =  0.00815   =>   CDf =  0.00557    CDp =  0.00257

 Side 1  free  transition at x/c =  0.5673   53
 Side 2  free  transition at x/c =  0.5564   55

   6   rms: 0.4018E-02   max: 0.3045E-01   C at   53  1
       a =  0.000      CL =  0.0600
      Cm = -0.0125     CD =  0.00816   =>   CDf =  0.00553    CDp =  0.00263

 Side 1  free  transition at x/c =  0.5665   53
 Side 2  free  transition at x/c =  0.5565   55

   7   rms: 0.5520E-04   max: -.6334E-03   D at   53  1
       a =  0.000      CL =  0.0600
      Cm = -0.0125     CD =  0.00816   =>   CDf =  0.00553    CDp =  0.00262
 plradd ia,ip,cpol            1           0  0.37224060    

 Point added to stored polar  1
 Point written to save file  polar.txt                                       
 Dump file unspecified or not available
 Calculating wake trajectory ...
 Calculating source influence matrix ...

 Solving BL system ...

 Side 1  free  transition at x/c =  0.5665   53
 Side 2  free  transition at x/c =  0.5565   55

   1   rms: 0.1296E+00   max: -.2400E+00   T at   55  2
       a =  1.000      CL =  0.1592
      Cm = -0.0103     CD =  0.00818   =>   CDf =  0.00548    CDp =  0.00270

 Side 1  free  transition at x/c =  0.5545   55
 Side 2  free  transition at x/c =  0.5656   53

   2   rms: 0.1310E-01   max: -.1384E+00   D at    4  1
       a =  1.000      CL =  0.1574
      Cm = -0.0100     CD =  0.00837   =>   CDf =  0.00565    CDp =  0.00272

 Side 1  free  transition at x/c =  0.5535   55
 Side 2  free  transition at x/c =  0.5659   53

   3   rms: 0.4394E-02   max: -.6459E-01   C at   53  2
       a =  1.000      CL =  0.1574
      Cm = -0.0100     CD =  0.00837   =>   CDf =  0.00565    CDp =  0.00272

 Side 1  free  transition at x/c =  0.5534   55
 Side 2  free  transition at x/c =  0.5659   53

   4   rms: 0.4321E-02   max: -.6511E-01   C at   53  2
       a =  1.000      CL =  0.1574
      Cm = -0.0100     CD =  0.00837   =>   CDf =  0.00565    CDp =  0.00271

 Side 1  free  transition at x/c =  0.5534   55
 Side 2  free  transition at x/c =  0.5659   53

   5   rms: 0.4321E-02   max: -.6509E-01   C at   53  2
       a =  1.000      CL =  0.1574
      Cm = -0.0100     CD =  0.00837   =>   CDf =  0.00565    CDp =  0.00271

 Side 1  free  transition at x/c =  0.5534   55
 Side 2  free  transition at x/c =  0.5659   53

   6   rms: 0.4321E-02   max: -.6510E-01   C at   53  2
       a =  1.000      CL =  0.1574
      Cm = -0.0100     CD =  0.00837   =>   CDf =  0.00565    CDp =  0.00271

 Side 1  free  transition at x/c =  0.5534   55
 Side 2  free  transition at x/c =  0.5659   53

   7   rms: 0.4321E-02   max: -.6510E-01   C at   53  2
       a =  1.000      CL =  0.1574
      Cm = -0.0100     CD =  0.00837   =>   CDf =  0.00565    CDp =  0.00271

 Side 1  free  transition at x/c =  0.5534   55
 Side 2  free  transition at x/c =  0.5659   53

   8   rms: 0.4321E-02   max: -.6510E-01   C at   53  2
       a =  1.000      CL =  0.1574
      Cm = -0.0100     CD =  0.00837   =>   CDf =  0.00565    CDp =  0.00271

 Side 1  free  transition at x/c =  0.5534   55
 Side 2  free  transition at x/c =  0.5659   53

   9   rms: 0.4321E-02   max: -.6510E-01   C at   53  2
       a =  1.000      CL =  0.1574
      Cm = -0.0100     CD =  0.00837   =>   CDf =  0.00565    CDp =  0.00271

 Side 1  free  transition at x/c =  0.5534   55
 Side 2  free  transition at x/c =  0.5659   53

  10   rms: 0.4321E-02   max: -.6510E-01   C at   53  2
       a =  1.000      CL =  0.1574
      Cm = -0.0100     CD =  0.00837   =>   CDf =  0.00565    CDp =  0.00271

 Side 1  free  transition at x/c =  0.5534   55
 Side 2  free  transition at x/c =  0.5659   53

  11   rms: 0.4321E-02   max: -.6510E-01   C at   53  2
       a =  1.000      CL =  0.1574
      Cm = -0.0100     CD =  0.00837   =>   CDf =  0.00565    CDp =  0.00271

 Side 1  free  transition at x/c =  0.5534   55
 Side 2  free  transition at x/c =  0.5659   53

  12   rms: 0.4321E-02   max: -.6510E-01   C at   53  2
       a =  1.000      CL =  0.1574
      Cm = -0.0100     CD =  0.00837   =>   CDf =  0.00565    CDp =  0.00271

 Side 1  free  transition at x/c =  0.5534   55
 Side 2  free  transition at x/c =  0.5659   53

  13   rms: 0.4321E-02   max: -.6510E-01   C at   53  2
       a =  1.000      CL =  0.1574
      Cm = -0.0100     CD =  0.00837   =>   CDf =  0.00565    CDp =  0.00271

 Side 1  free  transition at x/c =  0.5534   55
 Side 2  free  transition at x/c =  0.5659   53

  14   rms: 0.4321E-02   max: -.6511E-01   C at   53  2
       a =  1.000      CL =  0.1574
      Cm = -0.0100     CD =  0.00837   =>   CDf =  0.00565    CDp =  0.00271

 Side 1  free  transition at x/c =  0.5534   55
 Side 2  free  transition at x/c =  0.5659   53

  15   rms: 0.4321E-02   max: -.6510E-01   C at   53  2
       a =  1.000      CL =  0.1574
      Cm = -0.0100     CD =  0.00837   =>   CDf =  0.00565    CDp =  0.00271

 Side 1  free  transition at x/c =  0.5534   55
 Side 2  free  transition at x/c =  0.5659   53

  16   rms: 0.4321E-02   max: -.6510E-01   C at   53  2
       a =  1.000      CL =  0.1574
      Cm = -0.0100     CD =  0.00837   =>   CDf =  0.00565    CDp =  0.00271

 Side 1  free  transition at x/c =  0.5534   55
 Side 2  free  transition at x/c =  0.5659   53

  17   rms: 0.4321E-02   max: -.6510E-01   C at   53  2
       a =  1.000      CL =  0.1574
      Cm = -0.0100     CD =  0.00837   =>   CDf =  0.00565    CDp =  0.00271

 Side 1  free  transition at x/c =  0.5534   55
 Side 2  free  transition at x/c =  0.5659   53

  18   rms: 0.4321E-02   max: -.6510E-01   C at   53  2
       a =  1.000      CL =  0.1574
      Cm = -0.0100     CD =  0.00837   =>   CDf =  0.00565    CDp =  0.00271

 Side 1  free  transition at x/c =  0.5534   55
 Side 2  free  transition at x/c =  0.5659   53

  19   rms: 0.4321E-02   max: -.6510E-01   C at   53  2
       a =  1.000      CL =  0.1574
      Cm = -0.0100     CD =  0.00837   =>   CDf =  0.00565    CDp =  0.00271

 Side 1  free  transition at x/c =  0.5534   55
 Side 2  free  transition at x/c =  0.5659   53

  20   rms: 0.4321E-02   max: -.6510E-01   C at   53  2
       a =  1.000      CL =  0.1574
      Cm = -0.0100     CD =  0.00837   =>   CDf =  0.00565    CDp =  0.00271

 Side 1  free  transition at x/c =  0.5534   55
 Side 2  free  transition at x/c =  0.5659   53

  21   rms: 0.4321E-02   max: -.6510E-01   C at   53  2
       a =  1.000      CL =  0.1574
      Cm = -0.0100     CD =  0.00837   =>   CDf =  0.00565    CDp =  0.00271

 Side 1  free  transition at x/c =  0.5534   55
 Side 2  free  transition at x/c =  0.5659   53

  22   rms: 0.4321E-02   max: -.6510E-01   C at   53  2
       a =  1.000      CL =  0.1574
      Cm = -0.0100     CD =  0.00837   =>   CDf =  0.00565    CDp =  0.00271

 Side 1  free  transition at x/c =  0.5534   55
 Side 2  free  transition at x/c =  0.5659   53

  23   rms: 0.4321E-02   max: -.6510E-01   C at   53  2
       a =  1.000      CL =  0.1574
      Cm = -0.0100     CD =  0.00837   =>   CDf =  0.00565    CDp =  0.00271

 Side 1  free  transition at x/c =  0.5534   55
 Side 2  free  transition at x/c =  0.5659   53

  24   rms: 0.4321E-02   max: -.6510E-01   C at   53  2
       a =  1.000      CL =  0.1574
      Cm = -0.0100     CD =  0.00837   =>   CDf =  0.00565    CDp =  0.00271

 Side 1  free  transition at x/c =  0.5534   55
 Side 2  free  transition at x/c =  0.5659   53

  25   rms: 0.4321E-02   max: -.6510E-01   C at   53  2
       a =  1.000      CL =  0.1574
      Cm = -0.0100     CD =  0.00837   =>   CDf =  0.00565    CDp =  0.00271

 Side 1  free  transition at x/c =  0.5534   55
 Side 2  free  transition at x/c =  0.5659   53

  26   rms: 0.4320E-02   max: -.6510E-01   C at   53  2
       a =  1.000      CL =  0.1574
      Cm = -0.0100     CD =  0.00837   =>   CDf =  0.00565    CDp =  0.00271

 Side 1  free  transition at x/c =  0.5534   55
 Side 2  free  transition at x/c =  0.5659   53

  27   rms: 0.4321E-02   max: -.6510E-01   C at   53  2
       a =  1.000      CL =  0.1574
      Cm = -0.0100     CD =  0.00837   =>   CDf =  0.00565    CDp =  0.00271

 Side 1  free  transition at x/c =  0.5534   55
 Side 2  free  transition at x/c =  0.5659   53

  28   rms: 0.4321E-02   max: -.6510E-01   C at   53  2
       a =  1.000      CL =  0.1574
      Cm = -0.0100     CD =  0.00837   =>   CDf =  0.00565    CDp =  0.00271

 Side 1  free  transition at x/c =  0.5534   55
 Side 2  free  transition at x/c =  0.5659   53

  29   rms: 0.4321E-02   max: -.6510E-01   C at   53  2
       a =  1.000      CL =  0.1574
      Cm = -0.0100     CD =  0.00837   =>   CDf =  0.00565    CDp =  0.00271

 Side 1  free  transition at x/c =  0.5534   55
 Side 2  free  transition at x/c =  0.5659   53

  30   rms: 0.4321E-02   max: -.6510E-01   C at   53  2
       a =  1.000      CL =  0.1574
      Cm = -0.0100     CD =  0.00837   =>   CDf =  0.00565    CDp =  0.00271

 Side 1  free  transition at x/c =  0.5534   55
 Side 2  free  transition at x/c =  0.5659   53

  31   rms: 0.4320E-02   max: -.6510E-01   C at   53  2
       a =  1.000      CL =  0.1574
      Cm = -0.0100     CD =  0.00837   =>   CDf =  0.00565    CDp =  0.00271

 Side 1  free  transition at x/c =  0.5534   55
 Side 2  free  transition at x/c =  0.5659   53

  32   rms: 0.4321E-02   max: -.6510E-01   C at   53  2
       a =  1.000      CL =  0.1574
      Cm = -0.0100     CD =  0.00837   =>   CDf =  0.00565    CDp =  0.00271

 Side 1  free  transition at x/c =  0.5534   55
 Side 2  free  transition at x/c =  0.5659   53

  33   rms: 0.4321E-02   max: -.6510E-01   C at   53  2
       a =  1.000      CL =  0.1574
      Cm = -0.0100     CD =  0.00837   =>   CDf =  0.00565    CDp =  0.00271

 Side 1  free  transition at x/c =  0.5534   55
 Side 2  free  transition at x/c =  0.5659   53

  34   rms: 0.4321E-02   max: -.6510E-01   C at   53  2
       a =  1.000      CL =  0.1574
      Cm = -0.0100     CD =  0.00837   =>   CDf =  0.00565    CDp =  0.00271

 Side 1  free  transition at x/c =  0.5534   55
 Side 2  free  transition at x/c =  0.5659   53

  35   rms: 0.4321E-02   max: -.6510E-01   C at   53  2
       a =  1.000      CL =  0.1574
      Cm = -0.0100     CD =  0.00837   =>   CDf =  0.00565    CDp =  0.00271

 Side 1  free  transition at x/c =  0.5534   55
 Side 2  free  transition at x/c =  0.5659   53

  36   rms: 0.4321E-02   max: -.6510E-01   C at   53  2
       a =  1.000      CL =  0.1574
      Cm = -0.0100     CD =  0.00837   =>   CDf =  0.00565    CDp =  0.00271

 Side 1  free  transition at x/c =  0.5534   55
 Side 2  free  transition at x/c =  0.5659   53

  37   rms: 0.4320E-02   max: -.6510E-01   C at   53  2
       a =  1.000      CL =  0.1574
      Cm = -0.0100     CD =  0.00837   =>   CDf =  0.00565    CDp =  0.00271

 Side 1  free  transition at x/c =  0.5534   55
 Side 2  free  transition at x/c =  0.5659   53

  38   rms: 0.4321E-02   max: -.6510E-01   C at   53  2
       a =  1.000      CL =  0.1574
      Cm = -0.0100     CD =  0.00837   =>   CDf =  0.00565    CDp =  0.00271

 Side 1  free  transition at x/c =  0.5534   55
 Side 2  free  transition at x/c =  0.5659   53

  39   rms: 0.4321E-02   max: -.6510E-01   C at   53  2
       a =  1.000      CL =  0.1574
      Cm = -0.0100     CD =  0.00837   =>   CDf =  0.00565    CDp =  0.00271

 Side 1  free  transition at x/c =  0.5534   55
 Side 2  free  transition at x/c =  0.5659   53

  40   rms: 0.4321E-02   max: -.6510E-01   C at   53  2
       a =  1.000      CL =  0.1574
      Cm = -0.0100     CD =  0.00837   =>   CDf =  0.00565    CDp =  0.00271

 Side 1  free  transition at x/c =  0.5534   55
 Side 2  free  transition at x/c =  0.5659   53

  41   rms: 0.4321E-02   max: -.6510E-01   C at   53  2
       a =  1.000      CL =  0.1574
      Cm = -0.0100     CD =  0.00837   =>   CDf =  0.00565    CDp =  0.00271

 Side 1  free  transition at x/c =  0.5534   55
 Side 2  free  transition at x/c =  0.5659   53

  42   rms: 0.4321E-02   max: -.6510E-01   C at   53  2
       a =  1.000      CL =  0.1574
      Cm = -0.0100     CD =  0.00837   =>   CDf =  0.00565    CDp =  0.00271

 Side 1  free  transition at x/c =  0.5534   55
 Side 2  free  transition at x/c =  0.5659   53

  43   rms: 0.4321E-02   max: -.6510E-01   C at   53  2
       a =  1.000      CL =  0.1574
      Cm = -0.0100     CD =  0.00837   =>   CDf =  0.00565    CDp =  0.00271

 Side 1  free  transition at x/c =  0.5534   55
 Side 2  free  transition at x/c =  0.5659   53

  44   rms: 0.4321E-02   max: -.6510E-01   C at   53  2
       a =  1.000      CL =  0.1574
      Cm = -0.0100     CD =  0.00837   =>   CDf =  0.00565    CDp =  0.00271

 Side 1  free  transition at x/c =  0.5534   55
 Side 2  free  transition at x/c =  0.5659   53

  45   rms: 0.4321E-02   max: -.6510E-01   C at   53  2
       a =  1.000      CL =  0.1574
      Cm = -0.0100     CD =  0.00837   =>   CDf =  0.00565    CDp =  0.00271

 Side 1  free  transition at x/c =  0.5534   55
 Side 2  free  transition at x/c =  0.5659   53

  46   rms: 0.4321E-02   max: -.6510E-01   C at   53  2
       a =  1.000      CL =  0.1574
      Cm = -0.0100     CD =  0.00837   =>   CDf =  0.00565    CDp =  0.00271

 Side 1  free  transition at x/c =  0.5534   55
 Side 2  free  transition at x/c =  0.5659   53

  47   rms: 0.4321E-02   max: -.6510E-01   C at   53  2
       a =  1.000      CL =  0.1574
      Cm = -0.0100     CD =  0.00837   =>   CDf =  0.00565    CDp =  0.00271

 Side 1  free  transition at x/c =  0.5534   55
 Side 2  free  transition at x/c =  0.5659   53

  48   rms: 0.4321E-02   max: -.6510E-01   C at   53  2
       a =  1.000      CL =  0.1574
      Cm = -0.0100     CD =  0.00837   =>   CDf =  0.00565    CDp =  0.00271

 Side 1  free  transition at x/c =  0.5534   55
 Side 2  free  transition at x/c =  0.5659   53

  49   rms: 0.4321E-02   max: -.6510E-01   C at   53  2
       a =  1.000      CL =  0.1574
      Cm = -0.0100     CD =  0.00837   =>   CDf =  0.00565    CDp =  0.00271

 Side 1  free  transition at x/c =  0.5534   55
 Side 2  free  transition at x/c =  0.5659   53

  50   rms: 0.4321E-02   max: -.6510E-01   C at   53  2
       a =  1.000      CL =  0.1574
      Cm = -0.0100     CD =  0.00837   =>   CDf =  0.00565    CDp =  0.00271

 Side 1  free  transition at x/c =  0.5534   55
 Side 2  free  transition at x/c =  0.5659   53

  51   rms: 0.4321E-02   max: -.6510E-01   C at   53  2
       a =  1.000      CL =  0.1574
      Cm = -0.0100     CD =  0.00837   =>   CDf =  0.00565    CDp =  0.00271

 Side 1  free  transition at x/c =  0.5534   55
 Side 2  free  transition at x/c =  0.5659   53

  52   rms: 0.4321E-02   max: -.6510E-01   C at   53  2
       a =  1.000      CL =  0.1574
      Cm = -0.0100     CD =  0.00837   =>   CDf =  0.00565    CDp =  0.00271

 Side 1  free  transition at x/c =  0.5534   55
 Side 2  free  transition at x/c =  0.5659   53

  53   rms: 0.4321E-02   max: -.6510E-01   C at   53  2
       a =  1.000      CL =  0.1574
      Cm = -0.0100     CD =  0.00837   =>   CDf =  0.00565    CDp =  0.00271

 Side 1  free  transition at x/c =  0.5534   55
 Side 2  free  transition at x/c =  0.5659   53

  54   rms: 0.4321E-02   max: -.6510E-01   C at   53  2
       a =  1.000      CL =  0.1574
      Cm = -0.0100     CD =  0.00837   =>   CDf =  0.00565    CDp =  0.00271

 Side 1  free  transition at x/c =  0.5534   55
 Side 2  free  transition at x/c =  0.5659   53

  55   rms: 0.4321E-02   max: -.6510E-01   C at   53  2
       a =  1.000      CL =  0.1574
      Cm = -0.0100     CD =  0.00837   =>   CDf =  0.00565    CDp =  0.00271

 Side 1  free  transition at x/c =  0.5534   55
 Side 2  free  transition at x/c =  0.5659   53

  56   rms: 0.4321E-02   max: -.6510E-01   C at   53  2
       a =  1.000      CL =  0.1574
      Cm = -0.0100     CD =  0.00837   =>   CDf =  0.00565    CDp =  0.00271

 Side 1  free  transition at x/c =  0.5534   55
 Side 2  free  transition at x/c =  0.5659   53

  57   rms: 0.4321E-02   max: -.6510E-01   C at   53  2
       a =  1.000      CL =  0.1574
      Cm = -0.0100     CD =  0.00837   =>   CDf =  0.00565    CDp =  0.00271

 Side 1  free  transition at x/c =  0.5534   55
 Side 2  free  transition at x/c =  0.5659   53

  58   rms: 0.4321E-02   max: -.6510E-01   C at   53  2
       a =  1.000      CL =  0.1574
      Cm = -0.0100     CD =  0.00837   =>   CDf =  0.00565    CDp =  0.00271

 Side 1  free  transition at x/c =  0.5534   55
 Side 2  free  transition at x/c =  0.5659   53

  59   rms: 0.4321E-02   max: -.6510E-01   C at   53  2
       a =  1.000      CL =  0.1574
      Cm = -0.0100     CD =  0.00837   =>   CDf =  0.00565    CDp =  0.00271

 Side 1  free  transition at x/c =  0.5534   55
 Side 2  free  transition at x/c =  0.5659   53

  60   rms: 0.4321E-02   max: -.6510E-01   C at   53  2
       a =  1.000      CL =  0.1574
      Cm = -0.0100     CD =  0.00837   =>   CDf =  0.00565    CDp =  0.00271

 Side 1  free  transition at x/c =  0.5534   55
 Side 2  free  transition at x/c =  0.5659   53

  61   rms: 0.4321E-02   max: -.6510E-01   C at   53  2
       a =  1.000      CL =  0.1574
      Cm = -0.0100     CD =  0.00837   =>   CDf =  0.00565    CDp =  0.00271

 Side 1  free  transition at x/c =  0.5534   55
 Side 2  free  transition at x/c =  0.5659   53

  62   rms: 0.4321E-02   max: -.6510E-01   C at   53  2
       a =  1.000      CL =  0.1574
      Cm = -0.0100     CD =  0.00837   =>   CDf =  0.00565    CDp =  0.00271

 Side 1  free  transition at x/c =  0.5534   55
 Side 2  free  transition at x/c =  0.5659   53

  63   rms: 0.4321E-02   max: -.6510E-01   C at   53  2
       a =  1.000      CL =  0.1574
      Cm = -0.0100     CD =  0.00837   =>   CDf =  0.00565    CDp =  0.00271

 Side 1  free  transition at x/c =  0.5534   55
 Side 2  free  transition at x/c =  0.5659   53

  64   rms: 0.4321E-02   max: -.6510E-01   C at   53  2
       a =  1.000      CL =  0.1574
      Cm = -0.0100     CD =  0.00837   =>   CDf =  0.00565    CDp =  0.00271

 Side 1  free  transition at x/c =  0.5534   55
 Side 2  free  transition at x/c =  0.5659   53

  65   rms: 0.4321E-02   max: -.6510E-01   C at   53  2
       a =  1.000      CL =  0.1574
      Cm = -0.0100     CD =  0.00837   =>   CDf =  0.00565    CDp =  0.00271

 Side 1  free  transition at x/c =  0.5534   55
 Side 2  free  transition at x/c =  0.5659   53

  66   rms: 0.4321E-02   max: -.6510E-01   C at   53  2
       a =  1.000      CL =  0.1574
      Cm = -0.0100     CD =  0.00837   =>   CDf =  0.00565    CDp =  0.00271

 Side 1  free  transition at x/c =  0.5534   55
 Side 2  free  transition at x/c =  0.5659   53

  67   rms: 0.4321E-02   max: -.6509E-01   C at   53  2
       a =  1.000      CL =  0.1574
      Cm = -0.0100     CD =  0.00837   =>   CDf =  0.00565    CDp =  0.00271

 Side 1  free  transition at x/c =  0.5534   55
 Side 2  free  transition at x/c =  0.5659   53

  68   rms: 0.4321E-02   max: -.6510E-01   C at   53  2
       a =  1.000      CL =  0.1574
      Cm = -0.0100     CD =  0.00837   =>   CDf =  0.00565    CDp =  0.00271

 Side 1  free  transition at x/c =  0.5534   55
 Side 2  free  transition at x/c =  0.5659   53

  69   rms: 0.4321E-02   max: -.6510E-01   C at   53  2
       a =  1.000      CL =  0.1574
      Cm = -0.0100     CD =  0.00837   =>   CDf =  0.00565    CDp =  0.00271

 Side 1  free  transition at x/c =  0.5534   55
 Side 2  free  transition at x/c =  0.5659   53

  70   rms: 0.4321E-02   max: -.6510E-01   C at   53  2
       a =  1.000      CL =  0.1574
      Cm = -0.0100     CD =  0.00837   =>   CDf =  0.00565    CDp =  0.00271

 Side 1  free  transition at x/c =  0.5534   55
 Side 2  free  transition at x/c =  0.5659   53

  71   rms: 0.4321E-02   max: -.6510E-01   C at   53  2
       a =  1.000      CL =  0.1574
      Cm = -0.0100     CD =  0.00837   =>   CDf =  0.00565    CDp =  0.00271

 Side 1  free  transition at x/c =  0.5534   55
 Side 2  free  transition at x/c =  0.5659   53

  72   rms: 0.4321E-02   max: -.6510E-01   C at   53  2
       a =  1.000      CL =  0.1574
      Cm = -0.0100     CD =  0.00837   =>   CDf =  0.00565    CDp =  0.00271

 Side 1  free  transition at x/c =  0.5534   55
 Side 2  free  transition at x/c =  0.5659   53

  73   rms: 0.4321E-02   max: -.6510E-01   C at   53  2
       a =  1.000      CL =  0.1574
      Cm = -0.0100     CD =  0.00837   =>   CDf =  0.00565    CDp =  0.00271

 Side 1  free  transition at x/c =  0.5534   55
 Side 2  free  transition at x/c =  0.5659   53

  74   rms: 0.4321E-02   max: -.6510E-01   C at   53  2
       a =  1.000      CL =  0.1574
      Cm = -0.0100     CD =  0.00837   =>   CDf =  0.00565    CDp =  0.00271

 Side 1  free  transition at x/c =  0.5534   55
 Side 2  free  transition at x/c =  0.5659   53

  75   rms: 0.4321E-02   max: -.6510E-01   C at   53  2
       a =  1.000      CL =  0.1574
      Cm = -0.0100     CD =  0.00837   =>   CDf =  0.00565    CDp =  0.00271

 Side 1  free  transition at x/c =  0.5534   55
 Side 2  free  transition at x/c =  0.5659   53

  76   rms: 0.4321E-02   max: -.6510E-01   C at   53  2
       a =  1.000      CL =  0.1574
      Cm = -0.0100     CD =  0.00837   =>   CDf =  0.00565    CDp =  0.00271

 Side 1  free  transition at x/c =  0.5534   55
 Side 2  free  transition at x/c =  0.5659   53

  77   rms: 0.4321E-02   max: -.6510E-01   C at   53  2
       a =  1.000      CL =  0.1574
      Cm = -0.0100     CD =  0.00837   =>   CDf =  0.00565    CDp =  0.00271

 Side 1  free  transition at x/c =  0.5534   55
 Side 2  free  transition at x/c =  0.5659   53

  78   rms: 0.4321E-02   max: -.6510E-01   C at   53  2
       a =  1.000      CL =  0.1574
      Cm = -0.0100     CD =  0.00837   =>   CDf =  0.00565    CDp =  0.00271

 Side 1  free  transition at x/c =  0.5534   55
 Side 2  free  transition at x/c =  0.5659   53

  79   rms: 0.4321E-02   max: -.6510E-01   C at   53  2
       a =  1.000      CL =  0.1574
      Cm = -0.0100     CD =  0.00837   =>   CDf =  0.00565    CDp =  0.00271

 Side 1  free  transition at x/c =  0.5534   55
 Side 2  free  transition at x/c =  0.5659   53

  80   rms: 0.4321E-02   max: -.6510E-01   C at   53  2
       a =  1.000      CL =  0.1574
      Cm = -0.0100     CD =  0.00837   =>   CDf =  0.00565    CDp =  0.00271

 Side 1  free  transition at x/c =  0.5534   55
 Side 2  free  transition at x/c =  0.5659   53

  81   rms: 0.4320E-02   max: -.6510E-01   C at   53  2
       a =  1.000      CL =  0.1574
      Cm = -0.0100     CD =  0.00837   =>   CDf =  0.00565    CDp =  0.00271

 Side 1  free  transition at x/c =  0.5534   55
 Side 2  free  transition at x/c =  0.5659   53

  82   rms: 0.4321E-02   max: -.6510E-01   C at   53  2
       a =  1.000      CL =  0.1574
      Cm = -0.0100     CD =  0.00837   =>   CDf =  0.00565    CDp =  0.00271

 Side 1  free  transition at x/c =  0.5534   55
 Side 2  free  transition at x/c =  0.5659   53

  83   rms: 0.4321E-02   max: -.6510E-01   C at   53  2
       a =  1.000      CL =  0.1574
      Cm = -0.0100     CD =  0.00837   =>   CDf =  0.00565    CDp =  0.00271

 Side 1  free  transition at x/c =  0.5534   55
 Side 2  free  transition at x/c =  0.5659   53

  84   rms: 0.4321E-02   max: -.6510E-01   C at   53  2
       a =  1.000      CL =  0.1574
      Cm = -0.0100     CD =  0.00837   =>   CDf =  0.00565    CDp =  0.00271

 Side 1  free  transition at x/c =  0.5534   55
 Side 2  free  transition at x/c =  0.5659   53

  85   rms: 0.4321E-02   max: -.6510E-01   C at   53  2
       a =  1.000      CL =  0.1574
      Cm = -0.0100     CD =  0.00837   =>   CDf =  0.00565    CDp =  0.00271

 Side 1  free  transition at x/c =  0.5534   55
 Side 2  free  transition at x/c =  0.5659   53

  86   rms: 0.4321E-02   max: -.6510E-01   C at   53  2
       a =  1.000      CL =  0.1574
      Cm = -0.0100     CD =  0.00837   =>   CDf =  0.00565    CDp =  0.00271

 Side 1  free  transition at x/c =  0.5534   55
 Side 2  free  transition at x/c =  0.5659   53

  87   rms: 0.4321E-02   max: -.6509E-01   C at   53  2
       a =  1.000      CL =  0.1574
      Cm = -0.0100     CD =  0.00837   =>   CDf =  0.00565    CDp =  0.00271

 Side 1  free  transition at x/c =  0.5534   55
 Side 2  free  transition at x/c =  0.5659   53

  88   rms: 0.4321E-02   max: -.6510E-01   C at   53  2
       a =  1.000      CL =  0.1574
      Cm = -0.0100     CD =  0.00837   =>   CDf =  0.00565    CDp =  0.00271

 Side 1  free  transition at x/c =  0.5534   55
 Side 2  free  transition at x/c =  0.5659   53

  89   rms: 0.4320E-02   max: -.6510E-01   C at   53  2
       a =  1.000      CL =  0.1574
      Cm = -0.0100     CD =  0.00837   =>   CDf =  0.00565    CDp =  0.00271

 Side 1  free  transition at x/c =  0.5534   55
 Side 2  free  transition at x/c =  0.5659   53

  90   rms: 0.4321E-02   max: -.6510E-01   C at   53  2
       a =  1.000      CL =  0.1574
      Cm = -0.0100     CD =  0.00837   =>   CDf =  0.00565    CDp =  0.00271

 Side 1  free  transition at x/c =  0.5534   55
 Side 2  free  transition at x/c =  0.5659   53

  91   rms: 0.4320E-02   max: -.6509E-01   C at   53  2
       a =  1.000      CL =  0.1574
      Cm = -0.0100     CD =  0.00837   =>   CDf =  0.00565    CDp =  0.00271

 Side 1  free  transition at x/c =  0.5534   55
 Side 2  free  transition at x/c =  0.5659   53

  92   rms: 0.4321E-02   max: -.6510E-01   C at   53  2
       a =  1.000      CL =  0.1574
      Cm = -0.0100     CD =  0.00837   =>   CDf =  0.00565    CDp =  0.00271

 Side 1  free  transition at x/c =  0.5534   55
 Side 2  free  transition at x/c =  0.5659   53

  93   rms: 0.4321E-02   max: -.6510E-01   C at   53  2
       a =  1.000      CL =  0.1574
      Cm = -0.0100     CD =  0.00837   =>   CDf =  0.00565    CDp =  0.00271

 Side 1  free  transition at x/c =  0.5534   55
 Side 2  free  transition at x/c =  0.5659   53

  94   rms: 0.4321E-02   max: -.6510E-01   C at   53  2
       a =  1.000      CL =  0.1574
      Cm = -0.0100     CD =  0.00837   =>   CDf =  0.00565    CDp =  0.00271

 Side 1  free  transition at x/c =  0.5534   55
 Side 2  free  transition at x/c =  0.5659   53

  95   rms: 0.4321E-02   max: -.6510E-01   C at   53  2
       a =  1.000      CL =  0.1574
      Cm = -0.0100     CD =  0.00837   =>   CDf =  0.00565    CDp =  0.00271

 Side 1  free  transition at x/c =  0.5534   55
 Side 2  free  transition at x/c =  0.5659   53

  96   rms: 0.4321E-02   max: -.6509E-01   C at   53  2
       a =  1.000      CL =  0.1574
      Cm = -0.0100     CD =  0.00837   =>   CDf =  0.00565    CDp =  0.00271

 Side 1  free  transition at x/c =  0.5534   55
 Side 2  free  transition at x/c =  0.5659   53

  97   rms: 0.4321E-02   max: -.6509E-01   C at   53  2
       a =  1.000      CL =  0.1574
      Cm = -0.0100     CD =  0.00837   =>   CDf =  0.00565    CDp =  0.00271

 Side 1  free  transition at x/c =  0.5534   55
 Side 2  free  transition at x/c =  0.5659   53

  98   rms: 0.4320E-02   max: -.6509E-01   C at   53  2
       a =  1.000      CL =  0.1574
      Cm = -0.0100     CD =  0.00837   =>   CDf =  0.00565    CDp =  0.00271

 Side 1  free  transition at x/c =  0.5534   55
 Side 2  free  transition at x/c =  0.5659   53

  99   rms: 0.4321E-02   max: -.6510E-01   C at   53  2
       a =  1.000      CL =  0.1574
      Cm = -0.0100     CD =  0.00837   =>   CDf =  0.00565    CDp =  0.00271

 Side 1  free  transition at x/c =  0.5534   55
 Side 2  free  transition at x/c =  0.5659   53

 100   rms: 0.4321E-02   max: -.6510E-01   C at   53  2
       a =  1.000      CL =  0.1574
      Cm = -0.0100     CD =  0.00837   =>   CDf =  0.00565    CDp =  0.00271

 Side 1  free  transition at x/c =  0.5534   55
 Side 2  free  transition at x/c =  0.5659   53

 101   rms: 0.4321E-02   max: -.6510E-01   C at   53  2
       a =  1.000      CL =  0.1574
      Cm = -0.0100     CD =  0.00837   =>   CDf =  0.00565    CDp =  0.00271

 Side 1  free  transition at x/c =  0.5534   55
 Side 2  free  transition at x/c =  0.5659   53

 102   rms: 0.4321E-02   max: -.6510E-01   C at   53  2
       a =  1.000      CL =  0.1574
      Cm = -0.0100     CD =  0.00837   =>   CDf =  0.00565    CDp =  0.00271

 Side 1  free  transition at x/c =  0.5534   55
 Side 2  free  transition at x/c =  0.5659   53

 103   rms: 0.4321E-02   max: -.6510E-01   C at   53  2
       a =  1.000      CL =  0.1574
      Cm = -0.0100     CD =  0.00837   =>   CDf =  0.00565    CDp =  0.00271

 Side 1  free  transition at x/c =  0.5534   55
 Side 2  free  transition at x/c =  0.5659   53

 104   rms: 0.4321E-02   max: -.6510E-01   C at   53  2
       a =  1.000      CL =  0.1574
      Cm = -0.0100     CD =  0.00837   =>   CDf =  0.00565    CDp =  0.00271

 Side 1  free  transition at x/c =  0.5534   55
 Side 2  free  transition at x/c =  0.5659   53

 105   rms: 0.4321E-02   max: -.6510E-01   C at   53  2
       a =  1.000      CL =  0.1574
      Cm = -0.0100     CD =  0.00837   =>   CDf =  0.00565    CDp =  0.00271

 Side 1  free  transition at x/c =  0.5534   55
 Side 2  free  transition at x/c =  0.5659   53

 106   rms: 0.4321E-02   max: -.6510E-01   C at   53  2
       a =  1.000      CL =  0.1574
      Cm = -0.0100     CD =  0.00837   =>   CDf =  0.00565    CDp =  0.00271

 Side 1  free  transition at x/c =  0.5534   55
 Side 2  free  transition at x/c =  0.5659   53

 107   rms: 0.4321E-02   max: -.6510E-01   C at   53  2
       a =  1.000      CL =  0.1574
      Cm = -0.0100     CD =  0.00837   =>   CDf =  0.00565    CDp =  0.00271

 Side 1  free  transition at x/c =  0.5534   55
 Side 2  free  transition at x/c =  0.5659   53

 108   rms: 0.4321E-02   max: -.6510E-01   C at   53  2
       a =  1.000      CL =  0.1574
      Cm = -0.0100     CD =  0.00837   =>   CDf =  0.00565    CDp =  0.00271

 Side 1  free  transition at x/c =  0.5534   55
 Side 2  free  transition at x/c =  0.5659   53

 109   rms: 0.4320E-02   max: -.6510E-01   C at   53  2
       a =  1.000      CL =  0.1574
      Cm = -0.0100     CD =  0.00837   =>   CDf =  0.00565    CDp =  0.00271

 Side 1  free  transition at x/c =  0.5534   55
 Side 2  free  transition at x/c =  0.5659   53

 110   rms: 0.4321E-02   max: -.6510E-01   C at   53  2
       a =  1.000      CL =  0.1574
      Cm = -0.0100     CD =  0.00837   =>   CDf =  0.00565    CDp =  0.00271

 Side 1  free  transition at x/c =  0.5534   55
 Side 2  free  transition at x/c =  0.5659   53

 111   rms: 0.4321E-02   max: -.6510E-01   C at   53  2
       a =  1.000      CL =  0.1574
      Cm = -0.0100     CD =  0.00837   =>   CDf =  0.00565    CDp =  0.00271

 Side 1  free  transition at x/c =  0.5534   55
 Side 2  free  transition at x/c =  0.5659   53

 112   rms: 0.4321E-02   max: -.6510E-01   C at   53  2
       a =  1.000      CL =  0.1574
      Cm = -0.0100     CD =  0.00837   =>   CDf =  0.00565    CDp =  0.00271

 Side 1  free  transition at x/c =  0.5534   55
 Side 2  free  transition at x/c =  0.5659   53

 113   rms: 0.4321E-02   max: -.6510E-01   C at   53  2
       a =  1.000      CL =  0.1574
      Cm = -0.0100     CD =  0.00837   =>   CDf =  0.00565    CDp =  0.00271

 Side 1  free  transition at x/c =  0.5534   55
 Side 2  free  transition at x/c =  0.5659   53

 114   rms: 0.4321E-02   max: -.6510E-01   C at   53  2
       a =  1.000      CL =  0.1574
      Cm = -0.0100     CD =  0.00837   =>   CDf =  0.00565    CDp =  0.00271

 Side 1  free  transition at x/c =  0.5534   55
 Side 2  free  transition at x/c =  0.5659   53

 115   rms: 0.4321E-02   max: -.6510E-01   C at   53  2
       a =  1.000      CL =  0.1574
      Cm = -0.0100     CD =  0.00837   =>   CDf =  0.00565    CDp =  0.00271

 Side 1  free  transition at x/c =  0.5534   55
 Side 2  free  transition at x/c =  0.5659   53

 116   rms: 0.4321E-02   max: -.6510E-01   C at   53  2
       a =  1.000      CL =  0.1574
      Cm = -0.0100     CD =  0.00837   =>   CDf =  0.00565    CDp =  0.00271

 Side 1  free  transition at x/c =  0.5534   55
 Side 2  free  transition at x/c =  0.5659   53

 117   rms: 0.4321E-02   max: -.6510E-01   C at   53  2
       a =  1.000      CL =  0.1574
      Cm = -0.0100     CD =  0.00837   =>   CDf =  0.00565    CDp =  0.00271

 Side 1  free  transition at x/c =  0.5534   55
 Side 2  free  transition at x/c =  0.5659   53

 118   rms: 0.4321E-02   max: -.6510E-01   C at   53  2
       a =  1.000      CL =  0.1574
      Cm = -0.0100     CD =  0.00837   =>   CDf =  0.00565    CDp =  0.00271

 Side 1  free  transition at x/c =  0.5534   55
 Side 2  free  transition at x/c =  0.5659   53

 119   rms: 0.4321E-02   max: -.6510E-01   C at   53  2
       a =  1.000      CL =  0.1574
      Cm = -0.0100     CD =  0.00837   =>   CDf =  0.00565    CDp =  0.00271

 Side 1  free  transition at x/c =  0.5534   55
 Side 2  free  transition at x/c =  0.5659   53

 120   rms: 0.4321E-02   max: -.6510E-01   C at   53  2
       a =  1.000      CL =  0.1574
      Cm = -0.0100     CD =  0.00837   =>   CDf =  0.00565    CDp =  0.00271

 Side 1  free  transition at x/c =  0.5534   55
 Side 2  free  transition at x/c =  0.5659   53

 121   rms: 0.4321E-02   max: -.6510E-01   C at   53  2
       a =  1.000      CL =  0.1574
      Cm = -0.0100     CD =  0.00837   =>   CDf =  0.00565    CDp =  0.00271

 Side 1  free  transition at x/c =  0.5534   55
 Side 2  free  transition at x/c =  0.5659   53

 122   rms: 0.4321E-02   max: -.6510E-01   C at   53  2
       a =  1.000      CL =  0.1574
      Cm = -0.0100     CD =  0.00837   =>   CDf =  0.00565    CDp =  0.00271

 Side 1  free  transition at x/c =  0.5534   55
 Side 2  free  transition at x/c =  0.5659   53

 123   rms: 0.4321E-02   max: -.6510E-01   C at   53  2
       a =  1.000      CL =  0.1574
      Cm = -0.0100     CD =  0.00837   =>   CDf =  0.00565    CDp =  0.00271

 Side 1  free  transition at x/c =  0.5534   55
 Side 2  free  transition at x/c =  0.5659   53

 124   rms: 0.4321E-02   max: -.6510E-01   C at   53  2
       a =  1.000      CL =  0.1574
      Cm = -0.0100     CD =  0.00837   =>   CDf =  0.00565    CDp =  0.00271

 Side 1  free  transition at x/c =  0.5534   55
 Side 2  free  transition at x/c =  0.5659   53

 125   rms: 0.4321E-02   max: -.6510E-01   C at   53  2
       a =  1.000      CL =  0.1574
      Cm = -0.0100     CD =  0.00837   =>   CDf =  0.00565    CDp =  0.00271

 Side 1  free  transition at x/c =  0.5534   55
 Side 2  free  transition at x/c =  0.5659   53

 126   rms: 0.4321E-02   max: -.6510E-01   C at   53  2
       a =  1.000      CL =  0.1574
      Cm = -0.0100     CD =  0.00837   =>   CDf =  0.00565    CDp =  0.00271

 Side 1  free  transition at x/c =  0.5534   55
 Side 2  free  transition at x/c =  0.5659   53

 127   rms: 0.4321E-02   max: -.6510E-01   C at   53  2
       a =  1.000      CL =  0.1574
      Cm = -0.0100     CD =  0.00837   =>   CDf =  0.00565    CDp =  0.00271

 Side 1  free  transition at x/c =  0.5534   55
 Side 2  free  transition at x/c =  0.5659   53

 128   rms: 0.4321E-02   max: -.6509E-01   C at   53  2
       a =  1.000      CL =  0.1574
      Cm = -0.0100     CD =  0.00837   =>   CDf =  0.00565    CDp =  0.00271

 Side 1  free  transition at x/c =  0.5534   55
 Side 2  free  transition at x/c =  0.5659   53

 129   rms: 0.4321E-02   max: -.6510E-01   C at   53  2
       a =  1.000      CL =  0.1574
      Cm = -0.0100     CD =  0.00837   =>   CDf =  0.00565    CDp =  0.00271

 Side 1  free  transition at x/c =  0.5534   55
 Side 2  free  transition at x/c =  0.5659   53

 130   rms: 0.4321E-02   max: -.6510E-01   C at   53  2
       a =  1.000      CL =  0.1574
      Cm = -0.0100     CD =  0.00837   =>   CDf =  0.00565    CDp =  0.00271

 Side 1  free  transition at x/c =  0.5534   55
 Side 2  free  transition at x/c =  0.5659   53

 131   rms: 0.4321E-02   max: -.6510E-01   C at   53  2
       a =  1.000      CL =  0.1574
      Cm = -0.0100     CD =  0.00837   =>   CDf =  0.00565    CDp =  0.00271

 Side 1  free  transition at x/c =  0.5534   55
 Side 2  free  transition at x/c =  0.5659   53

 132   rms: 0.4321E-02   max: -.6510E-01   C at   53  2
       a =  1.000      CL =  0.1574
      Cm = -0.0100     CD =  0.00837   =>   CDf =  0.00565    CDp =  0.00271

 Side 1  free  transition at x/c =  0.5534   55
 Side 2  free  transition at x/c =  0.5659   53

 133   rms: 0.4321E-02   max: -.6510E-01   C at   53  2
       a =  1.000      CL =  0.1574
      Cm = -0.0100     CD =  0.00837   =>   CDf =  0.00565    CDp =  0.00271

 Side 1  free  transition at x/c =  0.5534   55
 Side 2  free  transition at x/c =  0.5659   53

 134   rms: 0.4321E-02   max: -.6510E-01   C at   53  2
       a =  1.000      CL =  0.1574
      Cm = -0.0100     CD =  0.00837   =>   CDf =  0.00565    CDp =  0.00271

 Side 1  free  transition at x/c =  0.5534   55
 Side 2  free  transition at x/c =  0.5659   53

 135   rms: 0.4321E-02   max: -.6510E-01   C at   53  2
       a =  1.000      CL =  0.1574
      Cm = -0.0100     CD =  0.00837   =>   CDf =  0.00565    CDp =  0.00271

 Side 1  free  transition at x/c =  0.5534   55
 Side 2  free  transition at x/c =  0.5659   53

 136   rms: 0.4321E-02   max: -.6510E-01   C at   53  2
       a =  1.000      CL =  0.1574
      Cm = -0.0100     CD =  0.00837   =>   CDf =  0.00565    CDp =  0.00271

 Side 1  free  transition at x/c =  0.5534   55
 Side 2  free  transition at x/c =  0.5659   53

 137   rms: 0.4321E-02   max: -.6510E-01   C at   53  2
       a =  1.000      CL =  0.1574
      Cm = -0.0100     CD =  0.00837   =>   CDf =  0.00565    CDp =  0.00271

 Side 1  free  transition at x/c =  0.5534   55
 Side 2  free  transition at x/c =  0.5659   53

 138   rms: 0.4321E-02   max: -.6510E-01   C at   53  2
       a =  1.000      CL =  0.1574
      Cm = -0.0100     CD =  0.00837   =>   CDf =  0.00565    CDp =  0.00271

 Side 1  free  transition at x/c =  0.5534   55
 Side 2  free  transition at x/c =  0.5659   53

 139   rms: 0.4321E-02   max: -.6509E-01   C at   53  2
       a =  1.000      CL =  0.1574
      Cm = -0.0100     CD =  0.00837   =>   CDf =  0.00565    CDp =  0.00271

 Side 1  free  transition at x/c =  0.5534   55
 Side 2  free  transition at x/c =  0.5659   53

 140   rms: 0.4321E-02   max: -.6510E-01   C at   53  2
       a =  1.000      CL =  0.1574
      Cm = -0.0100     CD =  0.00837   =>   CDf =  0.00565    CDp =  0.00271

 Side 1  free  transition at x/c =  0.5534   55
 Side 2  free  transition at x/c =  0.5659   53

 141   rms: 0.4321E-02   max: -.6510E-01   C at   53  2
       a =  1.000      CL =  0.1574
      Cm = -0.0100     CD =  0.00837   =>   CDf =  0.00565    CDp =  0.00271

 Side 1  free  transition at x/c =  0.5534   55
 Side 2  free  transition at x/c =  0.5659   53

 142   rms: 0.4320E-02   max: -.6510E-01   C at   53  2
       a =  1.000      CL =  0.1574
      Cm = -0.0100     CD =  0.00837   =>   CDf =  0.00565    CDp =  0.00271

 Side 1  free  transition at x/c =  0.5534   55
 Side 2  free  transition at x/c =  0.5659   53

 143   rms: 0.4321E-02   max: -.6510E-01   C at   53  2
       a =  1.000      CL =  0.1574
      Cm = -0.0100     CD =  0.00837   =>   CDf =  0.00565    CDp =  0.00271

 Side 1  free  transition at x/c =  0.5534   55
 Side 2  free  transition at x/c =  0.5659   53

 144   rms: 0.4321E-02   max: -.6510E-01   C at   53  2
       a =  1.000      CL =  0.1574
      Cm = -0.0100     CD =  0.00837   =>   CDf =  0.00565    CDp =  0.00271

 Side 1  free  transition at x/c =  0.5534   55
 Side 2  free  transition at x/c =  0.5659   53

 145   rms: 0.4320E-02   max: -.6509E-01   C at   53  2
       a =  1.000      CL =  0.1574
      Cm = -0.0100     CD =  0.00837   =>   CDf =  0.00565    CDp =  0.00271

 Side 1  free  transition at x/c =  0.5534   55
 Side 2  free  transition at x/c =  0.5659   53

 146   rms: 0.4321E-02   max: -.6510E-01   C at   53  2
       a =  1.000      CL =  0.1574
      Cm = -0.0100     CD =  0.00837   =>   CDf =  0.00565    CDp =  0.00271

 Side 1  free  transition at x/c =  0.5534   55
 Side 2  free  transition at x/c =  0.5659   53

 147   rms: 0.4321E-02   max: -.6510E-01   C at   53  2
       a =  1.000      CL =  0.1574
      Cm = -0.0100     CD =  0.00837   =>   CDf =  0.00565    CDp =  0.00271

 Side 1  free  transition at x/c =  0.5534   55
 Side 2  free  transition at x/c =  0.5659   53

 148   rms: 0.4321E-02   max: -.6510E-01   C at   53  2
       a =  1.000      CL =  0.1574
      Cm = -0.0100     CD =  0.00837   =>   CDf =  0.00565    CDp =  0.00271

 Side 1  free  transition at x/c =  0.5534   55
 Side 2  free  transition at x/c =  0.5659   53

 149   rms: 0.4321E-02   max: -.6510E-01   C at   53  2
       a =  1.000      CL =  0.1574
      Cm = -0.0100     CD =  0.00837   =>   CDf =  0.00565    CDp =  0.00271

 Side 1  free  transition at x/c =  0.5534   55
 Side 2  free  transition at x/c =  0.5659   53

 150   rms: 0.4321E-02   max: -.6510E-01   C at   53  2
       a =  1.000      CL =  0.1574
      Cm = -0.0100     CD =  0.00837   =>   CDf =  0.00565    CDp =  0.00271

 Side 1  free  transition at x/c =  0.5534   55
 Side 2  free  transition at x/c =  0.5659   53

 151   rms: 0.4321E-02   max: -.6510E-01   C at   53  2
       a =  1.000      CL =  0.1574
      Cm = -0.0100     CD =  0.00837   =>   CDf =  0.00565    CDp =  0.00271

 Side 1  free  transition at x/c =  0.5534   55
 Side 2  free  transition at x/c =  0.5659   53

 152   rms: 0.4321E-02   max: -.6510E-01   C at   53  2
       a =  1.000      CL =  0.1574
      Cm = -0.0100     CD =  0.00837   =>   CDf =  0.00565    CDp =  0.00271

 Side 1  free  transition at x/c =  0.5534   55
 Side 2  free  transition at x/c =  0.5659   53

 153   rms: 0.4321E-02   max: -.6509E-01   C at   53  2
       a =  1.000      CL =  0.1574
      Cm = -0.0100     CD =  0.00837   =>   CDf =  0.00565    CDp =  0.00271

 Side 1  free  transition at x/c =  0.5534   55
 Side 2  free  transition at x/c =  0.5659   53

 154   rms: 0.4321E-02   max: -.6510E-01   C at   53  2
       a =  1.000      CL =  0.1574
      Cm = -0.0100     CD =  0.00837   =>   CDf =  0.00565    CDp =  0.00271

 Side 1  free  transition at x/c =  0.5534   55
 Side 2  free  transition at x/c =  0.5659   53

 155   rms: 0.4321E-02   max: -.6510E-01   C at   53  2
       a =  1.000      CL =  0.1574
      Cm = -0.0100     CD =  0.00837   =>   CDf =  0.00565    CDp =  0.00271

 Side 1  free  transition at x/c =  0.5534   55
 Side 2  free  transition at x/c =  0.5659   53

 156   rms: 0.4321E-02   max: -.6510E-01   C at   53  2
       a =  1.000      CL =  0.1574
      Cm = -0.0100     CD =  0.00837   =>   CDf =  0.00565    CDp =  0.00271

 Side 1  free  transition at x/c =  0.5534   55
 Side 2  free  transition at x/c =  0.5659   53

 157   rms: 0.4321E-02   max: -.6510E-01   C at   53  2
       a =  1.000      CL =  0.1574
      Cm = -0.0100     CD =  0.00837   =>   CDf =  0.00565    CDp =  0.00271

 Side 1  free  transition at x/c =  0.5534   55
 Side 2  free  transition at x/c =  0.5659   53

 158   rms: 0.4321E-02   max: -.6510E-01   C at   53  2
       a =  1.000      CL =  0.1574
      Cm = -0.0100     CD =  0.00837   =>   CDf =  0.00565    CDp =  0.00271

 Side 1  free  transition at x/c =  0.5534   55
 Side 2  free  transition at x/c =  0.5659   53

 159   rms: 0.4321E-02   max: -.6510E-01   C at   53  2
       a =  1.000      CL =  0.1574
      Cm = -0.0100     CD =  0.00837   =>   CDf =  0.00565    CDp =  0.00271

 Side 1  free  transition at x/c =  0.5534   55
 Side 2  free  transition at x/c =  0.5659   53

 160   rms: 0.4321E-02   max: -.6510E-01   C at   53  2
       a =  1.000      CL =  0.1574
      Cm = -0.0100     CD =  0.00837   =>   CDf =  0.00565    CDp =  0.00271

 Side 1  free  transition at x/c =  0.5534   55
 Side 2  free  transition at x/c =  0.5659   53

 161   rms: 0.4321E-02   max: -.6510E-01   C at   53  2
       a =  1.000      CL =  0.1574
      Cm = -0.0100     CD =  0.00837   =>   CDf =  0.00565    CDp =  0.00271

 Side 1  free  transition at x/c =  0.5534   55
 Side 2  free  transition at x/c =  0.5659   53

 162   rms: 0.4321E-02   max: -.6510E-01   C at   53  2
       a =  1.000      CL =  0.1574
      Cm = -0.0100     CD =  0.00837   =>   CDf =  0.00565    CDp =  0.00271

 Side 1  free  transition at x/c =  0.5534   55
 Side 2  free  transition at x/c =  0.5659   53

 163   rms: 0.4321E-02   max: -.6510E-01   C at   53  2
       a =  1.000      CL =  0.1574
      Cm = -0.0100     CD =  0.00837   =>   CDf =  0.00565    CDp =  0.00271

 Side 1  free  transition at x/c =  0.5534   55
 Side 2  free  transition at x/c =  0.5659   53

 164   rms: 0.4321E-02   max: -.6510E-01   C at   53  2
       a =  1.000      CL =  0.1574
      Cm = -0.0100     CD =  0.00837   =>   CDf =  0.00565    CDp =  0.00271

 Side 1  free  transition at x/c =  0.5534   55
 Side 2  free  transition at x/c =  0.5659   53

 165   rms: 0.4321E-02   max: -.6510E-01   C at   53  2
       a =  1.000      CL =  0.1574
      Cm = -0.0100     CD =  0.00837   =>   CDf =  0.00565    CDp =  0.00271

 Side 1  free  transition at x/c =  0.5534   55
 Side 2  free  transition at x/c =  0.5659   53

 166   rms: 0.4321E-02   max: -.6510E-01   C at   53  2
       a =  1.000      CL =  0.1574
      Cm = -0.0100     CD =  0.00837   =>   CDf =  0.00565    CDp =  0.00271

 Side 1  free  transition at x/c =  0.5534   55
 Side 2  free  transition at x/c =  0.5659   53

 167   rms: 0.4321E-02   max: -.6510E-01   C at   53  2
       a =  1.000      CL =  0.1574
      Cm = -0.0100     CD =  0.00837   =>   CDf =  0.00565    CDp =  0.00271

 Side 1  free  transition at x/c =  0.5534   55
 Side 2  free  transition at x/c =  0.5659   53

 168   rms: 0.4321E-02   max: -.6510E-01   C at   53  2
       a =  1.000      CL =  0.1574
      Cm = -0.0100     CD =  0.00837   =>   CDf =  0.00565    CDp =  0.00271

 Side 1  free  transition at x/c =  0.5534   55
 Side 2  free  transition at x/c =  0.5659   53

 169   rms: 0.4321E-02   max: -.6510E-01   C at   53  2
       a =  1.000      CL =  0.1574
      Cm = -0.0100     CD =  0.00837   =>   CDf =  0.00565    CDp =  0.00271

 Side 1  free  transition at x/c =  0.5534   55
 Side 2  free  transition at x/c =  0.5659   53

 170   rms: 0.4321E-02   max: -.6510E-01   C at   53  2
       a =  1.000      CL =  0.1574
      Cm = -0.0100     CD =  0.00837   =>   CDf =  0.00565    CDp =  0.00271

 Side 1  free  transition at x/c =  0.5534   55
 Side 2  free  transition at x/c =  0.5659   53

 171   rms: 0.4321E-02   max: -.6510E-01   C at   53  2
       a =  1.000      CL =  0.1574
      Cm = -0.0100     CD =  0.00837   =>   CDf =  0.00565    CDp =  0.00271

 Side 1  free  transition at x/c =  0.5534   55
 Side 2  free  transition at x/c =  0.5659   53

 172   rms: 0.4321E-02   max: -.6510E-01   C at   53  2
       a =  1.000      CL =  0.1574
      Cm = -0.0100     CD =  0.00837   =>   CDf =  0.00565    CDp =  0.00271

 Side 1  free  transition at x/c =  0.5534   55
 Side 2  free  transition at x/c =  0.5659   53

 173   rms: 0.4321E-02   max: -.6510E-01   C at   53  2
       a =  1.000      CL =  0.1574
      Cm = -0.0100     CD =  0.00837   =>   CDf =  0.00565    CDp =  0.00271

 Side 1  free  transition at x/c =  0.5534   55
 Side 2  free  transition at x/c =  0.5659   53

 174   rms: 0.4321E-02   max: -.6510E-01   C at   53  2
       a =  1.000      CL =  0.1574
      Cm = -0.0100     CD =  0.00837   =>   CDf =  0.00565    CDp =  0.00271

 Side 1  free  transition at x/c =  0.5534   55
 Side 2  free  transition at x/c =  0.5659   53

 175   rms: 0.4321E-02   max: -.6510E-01   C at   53  2
       a =  1.000      CL =  0.1574
      Cm = -0.0100     CD =  0.00837   =>   CDf =  0.00565    CDp =  0.00271

 Side 1  free  transition at x/c =  0.5534   55
 Side 2  free  transition at x/c =  0.5659   53

 176   rms: 0.4321E-02   max: -.6510E-01   C at   53  2
       a =  1.000      CL =  0.1574
      Cm = -0.0100     CD =  0.00837   =>   CDf =  0.00565    CDp =  0.00271

 Side 1  free  transition at x/c =  0.5534   55
 Side 2  free  transition at x/c =  0.5659   53

 177   rms: 0.4321E-02   max: -.6510E-01   C at   53  2
       a =  1.000      CL =  0.1574
      Cm = -0.0100     CD =  0.00837   =>   CDf =  0.00565    CDp =  0.00271

 Side 1  free  transition at x/c =  0.5534   55
 Side 2  free  transition at x/c =  0.5659   53

 178   rms: 0.4320E-02   max: -.6509E-01   C at   53  2
       a =  1.000      CL =  0.1574
      Cm = -0.0100     CD =  0.00837   =>   CDf =  0.00565    CDp =  0.00271

 Side 1  free  transition at x/c =  0.5534   55
 Side 2  free  transition at x/c =  0.5659   53

 179   rms: 0.4321E-02   max: -.6510E-01   C at   53  2
       a =  1.000      CL =  0.1574
      Cm = -0.0100     CD =  0.00837   =>   CDf =  0.00565    CDp =  0.00271

 Side 1  free  transition at x/c =  0.5534   55
 Side 2  free  transition at x/c =  0.5659   53

 180   rms: 0.4321E-02   max: -.6510E-01   C at   53  2
       a =  1.000      CL =  0.1574
      Cm = -0.0100     CD =  0.00837   =>   CDf =  0.00565    CDp =  0.00271

 Side 1  free  transition at x/c =  0.5534   55
 Side 2  free  transition at x/c =  0.5659   53

 181   rms: 0.4321E-02   max: -.6510E-01   C at   53  2
       a =  1.000      CL =  0.1574
      Cm = -0.0100     CD =  0.00837   =>   CDf =  0.00565    CDp =  0.00271

 Side 1  free  transition at x/c =  0.5534   55
 Side 2  free  transition at x/c =  0.5659   53

 182   rms: 0.4321E-02   max: -.6510E-01   C at   53  2
       a =  1.000      CL =  0.1574
      Cm = -0.0100     CD =  0.00837   =>   CDf =  0.00565    CDp =  0.00271

 Side 1  free  transition at x/c =  0.5534   55
 Side 2  free  transition at x/c =  0.5659   53

 183   rms: 0.4321E-02   max: -.6510E-01   C at   53  2
       a =  1.000      CL =  0.1574
      Cm = -0.0100     CD =  0.00837   =>   CDf =  0.00565    CDp =  0.00271

 Side 1  free  transition at x/c =  0.5534   55
 Side 2  free  transition at x/c =  0.5659   53

 184   rms: 0.4321E-02   max: -.6510E-01   C at   53  2
       a =  1.000      CL =  0.1574
      Cm = -0.0100     CD =  0.00837   =>   CDf =  0.00565    CDp =  0.00271

 Side 1  free  transition at x/c =  0.5534   55
 Side 2  free  transition at x/c =  0.5659   53

 185   rms: 0.4321E-02   max: -.6510E-01   C at   53  2
       a =  1.000      CL =  0.1574
      Cm = -0.0100     CD =  0.00837   =>   CDf =  0.00565    CDp =  0.00271

 Side 1  free  transition at x/c =  0.5534   55
 Side 2  free  transition at x/c =  0.5659   53

 186   rms: 0.4321E-02   max: -.6510E-01   C at   53  2
       a =  1.000      CL =  0.1574
      Cm = -0.0100     CD =  0.00837   =>   CDf =  0.00565    CDp =  0.00271

 Side 1  free  transition at x/c =  0.5534   55
 Side 2  free  transition at x/c =  0.5659   53

 187   rms: 0.4321E-02   max: -.6510E-01   C at   53  2
       a =  1.000      CL =  0.1574
      Cm = -0.0100     CD =  0.00837   =>   CDf =  0.00565    CDp =  0.00271

 Side 1  free  transition at x/c =  0.5534   55
 Side 2  free  transition at x/c =  0.5659   53

 188   rms: 0.4321E-02   max: -.6510E-01   C at   53  2
       a =  1.000      CL =  0.1574
      Cm = -0.0100     CD =  0.00837   =>   CDf =  0.00565    CDp =  0.00271

 Side 1  free  transition at x/c =  0.5534   55
 Side 2  free  transition at x/c =  0.5659   53

 189   rms: 0.4321E-02   max: -.6510E-01   C at   53  2
       a =  1.000      CL =  0.1574
      Cm = -0.0100     CD =  0.00837   =>   CDf =  0.00565    CDp =  0.00271

 Side 1  free  transition at x/c =  0.5534   55
 Side 2  free  transition at x/c =  0.5659   53

 190   rms: 0.4321E-02   max: -.6510E-01   C at   53  2
       a =  1.000      CL =  0.1574
      Cm = -0.0100     CD =  0.00837   =>   CDf =  0.00565    CDp =  0.00271

 Side 1  free  transition at x/c =  0.5534   55
 Side 2  free  transition at x/c =  0.5659   53

 191   rms: 0.4321E-02   max: -.6510E-01   C at   53  2
       a =  1.000      CL =  0.1574
      Cm = -0.0100     CD =  0.00837   =>   CDf =  0.00565    CDp =  0.00271

 Side 1  free  transition at x/c =  0.5534   55
 Side 2  free  transition at x/c =  0.5659   53

 192   rms: 0.4321E-02   max: -.6510E-01   C at   53  2
       a =  1.000      CL =  0.1574
      Cm = -0.0100     CD =  0.00837   =>   CDf =  0.00565    CDp =  0.00271

 Side 1  free  transition at x/c =  0.5534   55
 Side 2  free  transition at x/c =  0.5659   53

 193   rms: 0.4321E-02   max: -.6510E-01   C at   53  2
       a =  1.000      CL =  0.1574
      Cm = -0.0100     CD =  0.00837   =>   CDf =  0.00565    CDp =  0.00271

 Side 1  free  transition at x/c =  0.5534   55
 Side 2  free  transition at x/c =  0.5659   53

 194   rms: 0.4321E-02   max: -.6510E-01   C at   53  2
       a =  1.000      CL =  0.1574
      Cm = -0.0100     CD =  0.00837   =>   CDf =  0.00565    CDp =  0.00271

 Side 1  free  transition at x/c =  0.5534   55
 Side 2  free  transition at x/c =  0.5659   53

 195   rms: 0.4321E-02   max: -.6510E-01   C at   53  2
       a =  1.000      CL =  0.1574
      Cm = -0.0100     CD =  0.00837   =>   CDf =  0.00565    CDp =  0.00271

 Side 1  free  transition at x/c =  0.5534   55
 Side 2  free  transition at x/c =  0.5659   53

 196   rms: 0.4321E-02   max: -.6510E-01   C at   53  2
       a =  1.000      CL =  0.1574
      Cm = -0.0100     CD =  0.00837   =>   CDf =  0.00565    CDp =  0.00271

 Side 1  free  transition at x/c =  0.5534   55
 Side 2  free  transition at x/c =  0.5659   53

 197   rms: 0.4321E-02   max: -.6510E-01   C at   53  2
       a =  1.000      CL =  0.1574
      Cm = -0.0100     CD =  0.00837   =>   CDf =  0.00565    CDp =  0.00271

 Side 1  free  transition at x/c =  0.5534   55
 Side 2  free  transition at x/c =  0.5659   53

 198   rms: 0.4320E-02   max: -.6510E-01   C at   53  2
       a =  1.000      CL =  0.1574
      Cm = -0.0100     CD =  0.00837   =>   CDf =  0.00565    CDp =  0.00271

 Side 1  free  transition at x/c =  0.5534   55
 Side 2  free  transition at x/c =  0.5659   53

 199   rms: 0.4321E-02   max: -.6510E-01   C at   53  2
       a =  1.000      CL =  0.1574
      Cm = -0.0100     CD =  0.00837   =>   CDf =  0.00565    CDp =  0.00271

 Side 1  free  transition at x/c =  0.5534   55
 Side 2  free  transition at x/c =  0.5659   53

 200   rms: 0.4321E-02   max: -.6510E-01   C at   53  2
       a =  1.000      CL =  0.1574
      Cm = -0.0100     CD =  0.00837   =>   CDf =  0.00565    CDp =  0.00271

 Side 1  free  transition at x/c =  0.5534   55
 Side 2  free  transition at x/c =  0.5659   53

 201   rms: 0.4321E-02   max: -.6510E-01   C at   53  2
       a =  1.000      CL =  0.1574
      Cm = -0.0100     CD =  0.00837   =>   CDf =  0.00565    CDp =  0.00271

 Side 1  free  transition at x/c =  0.5534   55
 Side 2  free  transition at x/c =  0.5659   53

 202   rms: 0.4321E-02   max: -.6510E-01   C at   53  2
       a =  1.000      CL =  0.1574
      Cm = -0.0100     CD =  0.00837   =>   CDf =  0.00565    CDp =  0.00271

 Side 1  free  transition at x/c =  0.5534   55
 Side 2  free  transition at x/c =  0.5659   53

 203   rms: 0.4321E-02   max: -.6509E-01   C at   53  2
       a =  1.000      CL =  0.1574
      Cm = -0.0100     CD =  0.00837   =>   CDf =  0.00565    CDp =  0.00271

 Side 1  free  transition at x/c =  0.5534   55
 Side 2  free  transition at x/c =  0.5659   53

 204   rms: 0.4321E-02   max: -.6510E-01   C at   53  2
       a =  1.000      CL =  0.1574
      Cm = -0.0100     CD =  0.00837   =>   CDf =  0.00565    CDp =  0.00271

 Side 1  free  transition at x/c =  0.5534   55
 Side 2  free  transition at x/c =  0.5659   53

 205   rms: 0.4321E-02   max: -.6510E-01   C at   53  2
       a =  1.000      CL =  0.1574
      Cm = -0.0100     CD =  0.00837   =>   CDf =  0.00565    CDp =  0.00271

 Side 1  free  transition at x/c =  0.5534   55
 Side 2  free  transition at x/c =  0.5659   53

 206   rms: 0.4321E-02   max: -.6510E-01   C at   53  2
       a =  1.000      CL =  0.1574
      Cm = -0.0100     CD =  0.00837   =>   CDf =  0.00565    CDp =  0.00271

 Side 1  free  transition at x/c =  0.5534   55
 Side 2  free  transition at x/c =  0.5659   53

 207   rms: 0.4321E-02   max: -.6510E-01   C at   53  2
       a =  1.000      CL =  0.1574
      Cm = -0.0100     CD =  0.00837   =>   CDf =  0.00565    CDp =  0.00271

 Side 1  free  transition at x/c =  0.5534   55
 Side 2  free  transition at x/c =  0.5659   53

 208   rms: 0.4321E-02   max: -.6510E-01   C at   53  2
       a =  1.000      CL =  0.1574
      Cm = -0.0100     CD =  0.00837   =>   CDf =  0.00565    CDp =  0.00271

 Side 1  free  transition at x/c =  0.5534   55
 Side 2  free  transition at x/c =  0.5659   53

 209   rms: 0.4320E-02   max: -.6509E-01   C at   53  2
       a =  1.000      CL =  0.1574
      Cm = -0.0100     CD =  0.00837   =>   CDf =  0.00565    CDp =  0.00271

 Side 1  free  transition at x/c =  0.5534   55
 Side 2  free  transition at x/c =  0.5659   53

 210   rms: 0.4321E-02   max: -.6510E-01   C at   53  2
       a =  1.000      CL =  0.1574
      Cm = -0.0100     CD =  0.00837   =>   CDf =  0.00565    CDp =  0.00271

 Side 1  free  transition at x/c =  0.5534   55
 Side 2  free  transition at x/c =  0.5659   53

 211   rms: 0.4321E-02   max: -.6510E-01   C at   53  2
       a =  1.000      CL =  0.1574
      Cm = -0.0100     CD =  0.00837   =>   CDf =  0.00565    CDp =  0.00271

 Side 1  free  transition at x/c =  0.5534   55
 Side 2  free  transition at x/c =  0.5659   53

 212   rms: 0.4321E-02   max: -.6510E-01   C at   53  2
       a =  1.000      CL =  0.1574
      Cm = -0.0100     CD =  0.00837   =>   CDf =  0.00565    CDp =  0.00271

 Side 1  free  transition at x/c =  0.5534   55
 Side 2  free  transition at x/c =  0.5659   53

 213   rms: 0.4321E-02   max: -.6510E-01   C at   53  2
       a =  1.000      CL =  0.1574
      Cm = -0.0100     CD =  0.00837   =>   CDf =  0.00565    CDp =  0.00271

 Side 1  free  transition at x/c =  0.5534   55
 Side 2  free  transition at x/c =  0.5659   53

 214   rms: 0.4321E-02   max: -.6510E-01   C at   53  2
       a =  1.000      CL =  0.1574
      Cm = -0.0100     CD =  0.00837   =>   CDf =  0.00565    CDp =  0.00271

 Side 1  free  transition at x/c =  0.5534   55
 Side 2  free  transition at x/c =  0.5659   53

 215   rms: 0.4321E-02   max: -.6510E-01   C at   53  2
       a =  1.000      CL =  0.1574
      Cm = -0.0100     CD =  0.00837   =>   CDf =  0.00565    CDp =  0.00271

 Side 1  free  transition at x/c =  0.5534   55
 Side 2  free  transition at x/c =  0.5659   53

 216   rms: 0.4321E-02   max: -.6509E-01   C at   53  2
       a =  1.000      CL =  0.1574
      Cm = -0.0100     CD =  0.00837   =>   CDf =  0.00565    CDp =  0.00271

 Side 1  free  transition at x/c =  0.5534   55
 Side 2  free  transition at x/c =  0.5659   53

 217   rms: 0.4321E-02   max: -.6510E-01   C at   53  2
       a =  1.000      CL =  0.1574
      Cm = -0.0100     CD =  0.00837   =>   CDf =  0.00565    CDp =  0.00271

 Side 1  free  transition at x/c =  0.5534   55
 Side 2  free  transition at x/c =  0.5659   53

 218   rms: 0.4321E-02   max: -.6510E-01   C at   53  2
       a =  1.000      CL =  0.1574
      Cm = -0.0100     CD =  0.00837   =>   CDf =  0.00565    CDp =  0.00271

 Side 1  free  transition at x/c =  0.5534   55
 Side 2  free  transition at x/c =  0.5659   53

 219   rms: 0.4321E-02   max: -.6510E-01   C at   53  2
       a =  1.000      CL =  0.1574
      Cm = -0.0100     CD =  0.00837   =>   CDf =  0.00565    CDp =  0.00271

 Side 1  free  transition at x/c =  0.5534   55
 Side 2  free  transition at x/c =  0.5659   53

 220   rms: 0.4321E-02   max: -.6510E-01   C at   53  2
       a =  1.000      CL =  0.1574
      Cm = -0.0100     CD =  0.00837   =>   CDf =  0.00565    CDp =  0.00271

 Side 1  free  transition at x/c =  0.5534   55
 Side 2  free  transition at x/c =  0.5659   53

 221   rms: 0.4321E-02   max: -.6510E-01   C at   53  2
       a =  1.000      CL =  0.1574
      Cm = -0.0100     CD =  0.00837   =>   CDf =  0.00565    CDp =  0.00271

 Side 1  free  transition at x/c =  0.5534   55
 Side 2  free  transition at x/c =  0.5659   53

 222   rms: 0.4321E-02   max: -.6510E-01   C at   53  2
       a =  1.000      CL =  0.1574
      Cm = -0.0100     CD =  0.00837   =>   CDf =  0.00565    CDp =  0.00271

 Side 1  free  transition at x/c =  0.5534   55
 Side 2  free  transition at x/c =  0.5659   53

 223   rms: 0.4321E-02   max: -.6510E-01   C at   53  2
       a =  1.000      CL =  0.1574
      Cm = -0.0100     CD =  0.00837   =>   CDf =  0.00565    CDp =  0.00271

 Side 1  free  transition at x/c =  0.5534   55
 Side 2  free  transition at x/c =  0.5659   53

 224   rms: 0.4320E-02   max: -.6509E-01   C at   53  2
       a =  1.000      CL =  0.1574
      Cm = -0.0100     CD =  0.00837   =>   CDf =  0.00565    CDp =  0.00271

 Side 1  free  transition at x/c =  0.5534   55
 Side 2  free  transition at x/c =  0.5659   53

 225   rms: 0.4321E-02   max: -.6510E-01   C at   53  2
       a =  1.000      CL =  0.1574
      Cm = -0.0100     CD =  0.00837   =>   CDf =  0.00565    CDp =  0.00271

 Side 1  free  transition at x/c =  0.5534   55
 Side 2  free  transition at x/c =  0.5659   53

 226   rms: 0.4321E-02   max: -.6510E-01   C at   53  2
       a =  1.000      CL =  0.1574
      Cm = -0.0100     CD =  0.00837   =>   CDf =  0.00565    CDp =  0.00271

 Side 1  free  transition at x/c =  0.5534   55
 Side 2  free  transition at x/c =  0.5659   53

 227   rms: 0.4321E-02   max: -.6510E-01   C at   53  2
       a =  1.000      CL =  0.1574
      Cm = -0.0100     CD =  0.00837   =>   CDf =  0.00565    CDp =  0.00271

 Side 1  free  transition at x/c =  0.5534   55
 Side 2  free  transition at x/c =  0.5659   53

 228   rms: 0.4321E-02   max: -.6510E-01   C at   53  2
       a =  1.000      CL =  0.1574
      Cm = -0.0100     CD =  0.00837   =>   CDf =  0.00565    CDp =  0.00271

 Side 1  free  transition at x/c =  0.5534   55
 Side 2  free  transition at x/c =  0.5659   53

 229   rms: 0.4321E-02   max: -.6510E-01   C at   53  2
       a =  1.000      CL =  0.1574
      Cm = -0.0100     CD =  0.00837   =>   CDf =  0.00565    CDp =  0.00271

 Side 1  free  transition at x/c =  0.5534   55
 Side 2  free  transition at x/c =  0.5659   53

 230   rms: 0.4321E-02   max: -.6510E-01   C at   53  2
       a =  1.000      CL =  0.1574
      Cm = -0.0100     CD =  0.00837   =>   CDf =  0.00565    CDp =  0.00271

 Side 1  free  transition at x/c =  0.5534   55
 Side 2  free  transition at x/c =  0.5659   53

 231   rms: 0.4321E-02   max: -.6510E-01   C at   53  2
       a =  1.000      CL =  0.1574
      Cm = -0.0100     CD =  0.00837   =>   CDf =  0.00565    CDp =  0.00271

 Side 1  free  transition at x/c =  0.5534   55
 Side 2  free  transition at x/c =  0.5659   53

 232   rms: 0.4321E-02   max: -.6510E-01   C at   53  2
       a =  1.000      CL =  0.1574
      Cm = -0.0100     CD =  0.00837   =>   CDf =  0.00565    CDp =  0.00271

 Side 1  free  transition at x/c =  0.5534   55
 Side 2  free  transition at x/c =  0.5659   53

 233   rms: 0.4321E-02   max: -.6510E-01   C at   53  2
       a =  1.000      CL =  0.1574
      Cm = -0.0100     CD =  0.00837   =>   CDf =  0.00565    CDp =  0.00271

 Side 1  free  transition at x/c =  0.5534   55
 Side 2  free  transition at x/c =  0.5659   53

 234   rms: 0.4321E-02   max: -.6510E-01   C at   53  2
       a =  1.000      CL =  0.1574
      Cm = -0.0100     CD =  0.00837   =>   CDf =  0.00565    CDp =  0.00271

 Side 1  free  transition at x/c =  0.5534   55
 Side 2  free  transition at x/c =  0.5659   53

 235   rms: 0.4321E-02   max: -.6510E-01   C at   53  2
       a =  1.000      CL =  0.1574
      Cm = -0.0100     CD =  0.00837   =>   CDf =  0.00565    CDp =  0.00271

 Side 1  free  transition at x/c =  0.5534   55
 Side 2  free  transition at x/c =  0.5659   53

 236   rms: 0.4321E-02   max: -.6510E-01   C at   53  2
       a =  1.000      CL =  0.1574
      Cm = -0.0100     CD =  0.00837   =>   CDf =  0.00565    CDp =  0.00271

 Side 1  free  transition at x/c =  0.5534   55
 Side 2  free  transition at x/c =  0.5659   53

 237   rms: 0.4321E-02   max: -.6510E-01   C at   53  2
       a =  1.000      CL =  0.1574
      Cm = -0.0100     CD =  0.00837   =>   CDf =  0.00565    CDp =  0.00271

 Side 1  free  transition at x/c =  0.5534   55
 Side 2  free  transition at x/c =  0.5659   53

 238   rms: 0.4321E-02   max: -.6510E-01   C at   53  2
       a =  1.000      CL =  0.1574
      Cm = -0.0100     CD =  0.00837   =>   CDf =  0.00565    CDp =  0.00271

 Side 1  free  transition at x/c =  0.5534   55
 Side 2  free  transition at x/c =  0.5659   53

 239   rms: 0.4321E-02   max: -.6510E-01   C at   53  2
       a =  1.000      CL =  0.1574
      Cm = -0.0100     CD =  0.00837   =>   CDf =  0.00565    CDp =  0.00271

 Side 1  free  transition at x/c =  0.5534   55
 Side 2  free  transition at x/c =  0.5659   53

 240   rms: 0.4321E-02   max: -.6510E-01   C at   53  2
       a =  1.000      CL =  0.1574
      Cm = -0.0100     CD =  0.00837   =>   CDf =  0.00565    CDp =  0.00271

 Side 1  free  transition at x/c =  0.5534   55
 Side 2  free  transition at x/c =  0.5659   53

 241   rms: 0.4321E-02   max: -.6509E-01   C at   53  2
       a =  1.000      CL =  0.1574
      Cm = -0.0100     CD =  0.00837   =>   CDf =  0.00565    CDp =  0.00271

 Side 1  free  transition at x/c =  0.5534   55
 Side 2  free  transition at x/c =  0.5659   53

 242   rms: 0.4321E-02   max: -.6510E-01   C at   53  2
       a =  1.000      CL =  0.1574
      Cm = -0.0100     CD =  0.00837   =>   CDf =  0.00565    CDp =  0.00271

 Side 1  free  transition at x/c =  0.5534   55
 Side 2  free  transition at x/c =  0.5659   53

 243   rms: 0.4321E-02   max: -.6510E-01   C at   53  2
       a =  1.000      CL =  0.1574
      Cm = -0.0100     CD =  0.00837   =>   CDf =  0.00565    CDp =  0.00271

 Side 1  free  transition at x/c =  0.5534   55
 Side 2  free  transition at x/c =  0.5659   53

 244   rms: 0.4321E-02   max: -.6510E-01   C at   53  2
       a =  1.000      CL =  0.1574
      Cm = -0.0100     CD =  0.00837   =>   CDf =  0.00565    CDp =  0.00271

 Side 1  free  transition at x/c =  0.5534   55
 Side 2  free  transition at x/c =  0.5659   53

 245   rms: 0.4321E-02   max: -.6510E-01   C at   53  2
       a =  1.000      CL =  0.1574
      Cm = -0.0100     CD =  0.00837   =>   CDf =  0.00565    CDp =  0.00271

 Side 1  free  transition at x/c =  0.5534   55
 Side 2  free  transition at x/c =  0.5659   53

 246   rms: 0.4321E-02   max: -.6510E-01   C at   53  2
       a =  1.000      CL =  0.1574
      Cm = -0.0100     CD =  0.00837   =>   CDf =  0.00565    CDp =  0.00271

 Side 1  free  transition at x/c =  0.5534   55
 Side 2  free  transition at x/c =  0.5659   53

 247   rms: 0.4321E-02   max: -.6510E-01   C at   53  2
       a =  1.000      CL =  0.1574
      Cm = -0.0100     CD =  0.00837   =>   CDf =  0.00565    CDp =  0.00271

 Side 1  free  transition at x/c =  0.5534   55
 Side 2  free  transition at x/c =  0.5659   53

 248   rms: 0.4321E-02   max: -.6510E-01   C at   53  2
       a =  1.000      CL =  0.1574
      Cm = -0.0100     CD =  0.00837   =>   CDf =  0.00565    CDp =  0.00271

 Side 1  free  transition at x/c =  0.5534   55
 Side 2  free  transition at x/c =  0.5659   53

 249   rms: 0.4321E-02   max: -.6510E-01   C at   53  2
       a =  1.000      CL =  0.1574
      Cm = -0.0100     CD =  0.00837   =>   CDf =  0.00565    CDp =  0.00271

 Side 1  free  transition at x/c =  0.5534   55
 Side 2  free  transition at x/c =  0.5659   53

 250   rms: 0.4321E-02   max: -.6510E-01   C at   53  2
       a =  1.000      CL =  0.1574
      Cm = -0.0100     CD =  0.00837   =>   CDf =  0.00565    CDp =  0.00271

 Side 1  free  transition at x/c =  0.5534   55
 Side 2  free  transition at x/c =  0.5659   53

 251   rms: 0.4321E-02   max: -.6509E-01   C at   53  2
       a =  1.000      CL =  0.1574
      Cm = -0.0100     CD =  0.00837   =>   CDf =  0.00565    CDp =  0.00271

 Side 1  free  transition at x/c =  0.5534   55
 Side 2  free  transition at x/c =  0.5659   53

 252   rms: 0.4321E-02   max: -.6509E-01   C at   53  2
       a =  1.000      CL =  0.1574
      Cm = -0.0100     CD =  0.00837   =>   CDf =  0.00565    CDp =  0.00271

 Side 1  free  transition at x/c =  0.5534   55
 Side 2  free  transition at x/c =  0.5659   53

 253   rms: 0.4321E-02   max: -.6510E-01   C at   53  2
       a =  1.000      CL =  0.1574
      Cm = -0.0100     CD =  0.00837   =>   CDf =  0.00565    CDp =  0.00271

 Side 1  free  transition at x/c =  0.5534   55
 Side 2  free  transition at x/c =  0.5659   53

 254   rms: 0.4321E-02   max: -.6510E-01   C at   53  2
       a =  1.000      CL =  0.1574
      Cm = -0.0100     CD =  0.00837   =>   CDf =  0.00565    CDp =  0.00271

 Side 1  free  transition at x/c =  0.5534   55
 Side 2  free  transition at x/c =  0.5659   53

 255   rms: 0.4321E-02   max: -.6510E-01   C at   53  2
       a =  1.000      CL =  0.1574
      Cm = -0.0100     CD =  0.00837   =>   CDf =  0.00565    CDp =  0.00271

 Side 1  free  transition at x/c =  0.5534   55
 Side 2  free  transition at x/c =  0.5659   53

 256   rms: 0.4321E-02   max: -.6510E-01   C at   53  2
       a =  1.000      CL =  0.1574
      Cm = -0.0100     CD =  0.00837   =>   CDf =  0.00565    CDp =  0.00271

 Side 1  free  transition at x/c =  0.5534   55
 Side 2  free  transition at x/c =  0.5659   53

 257   rms: 0.4321E-02   max: -.6510E-01   C at   53  2
       a =  1.000      CL =  0.1574
      Cm = -0.0100     CD =  0.00837   =>   CDf =  0.00565    CDp =  0.00271

 Side 1  free  transition at x/c =  0.5534   55
 Side 2  free  transition at x/c =  0.5659   53

 258   rms: 0.4321E-02   max: -.6510E-01   C at   53  2
       a =  1.000      CL =  0.1574
      Cm = -0.0100     CD =  0.00837   =>   CDf =  0.00565    CDp =  0.00271

 Side 1  free  transition at x/c =  0.5534   55
 Side 2  free  transition at x/c =  0.5659   53

 259   rms: 0.4321E-02   max: -.6510E-01   C at   53  2
       a =  1.000      CL =  0.1574
      Cm = -0.0100     CD =  0.00837   =>   CDf =  0.00565    CDp =  0.00271

 Side 1  free  transition at x/c =  0.5534   55
 Side 2  free  transition at x/c =  0.5659   53

 260   rms: 0.4320E-02   max: -.6510E-01   C at   53  2
       a =  1.000      CL =  0.1574
      Cm = -0.0100     CD =  0.00837   =>   CDf =  0.00565    CDp =  0.00271

 Side 1  free  transition at x/c =  0.5534   55
 Side 2  free  transition at x/c =  0.5659   53

 261   rms: 0.4321E-02   max: -.6510E-01   C at   53  2
       a =  1.000      CL =  0.1574
      Cm = -0.0100     CD =  0.00837   =>   CDf =  0.00565    CDp =  0.00271

 Side 1  free  transition at x/c =  0.5534   55
 Side 2  free  transition at x/c =  0.5659   53

 262   rms: 0.4321E-02   max: -.6510E-01   C at   53  2
       a =  1.000      CL =  0.1574
      Cm = -0.0100     CD =  0.00837   =>   CDf =  0.00565    CDp =  0.00271

 Side 1  free  transition at x/c =  0.5534   55
 Side 2  free  transition at x/c =  0.5659   53

 263   rms: 0.4321E-02   max: -.6510E-01   C at   53  2
       a =  1.000      CL =  0.1574
      Cm = -0.0100     CD =  0.00837   =>   CDf =  0.00565    CDp =  0.00271

 Side 1  free  transition at x/c =  0.5534   55
 Side 2  free  transition at x/c =  0.5659   53

 264   rms: 0.4321E-02   max: -.6510E-01   C at   53  2
       a =  1.000      CL =  0.1574
      Cm = -0.0100     CD =  0.00837   =>   CDf =  0.00565    CDp =  0.00271

 Side 1  free  transition at x/c =  0.5534   55
 Side 2  free  transition at x/c =  0.5659   53

 265   rms: 0.4321E-02   max: -.6510E-01   C at   53  2
       a =  1.000      CL =  0.1574
      Cm = -0.0100     CD =  0.00837   =>   CDf =  0.00565    CDp =  0.00271
 VISCAL:  Convergence failed
 Calculating wake trajectory ...
 Calculating source influence matrix ...

 Solving BL system ...

 Side 1  free  transition at x/c =  0.5534   55
 Side 2  free  transition at x/c =  0.5659   53

   1   rms: 0.1461E+00   max: 0.3119E+00   C at   53  2
       a =  2.000      CL =  0.2712
      Cm = -0.0112     CD =  0.00883   =>   CDf =  0.00561    CDp =  0.00321

 MRCHDU: Convergence failed at  53  side 2    Res =  0.2125E+01
 Side 1  free  transition at x/c =  0.5404   55
 Side 2  free  transition at x/c =  0.5786   53

   2   rms: 0.5055E-01   max: -.5332E+00   D at   55  1   RLX: 0.938
       a =  2.000      CL =  0.2517
      Cm = -0.0069     CD =  0.00836   =>   CDf =  0.00553    CDp =  0.00283

 Side 1  free  transition at x/c =  0.5461   55
 Side 2  free  transition at x/c =  0.5806   53

   3   rms: 0.8022E-02   max: -.4809E-01   D at   83  1
       a =  2.000      CL =  0.2606
      Cm = -0.0089     CD =  0.00838   =>   CDf =  0.00551    CDp =  0.00287

 Side 1  free  transition at x/c =  0.5446   55
 Side 2  free  transition at x/c =  0.5808   53

   4   rms: 0.1778E-03   max: -.1901E-02   D at   55  1
       a =  2.000      CL =  0.2607
      Cm = -0.0089     CD =  0.00839   =>   CDf =  0.00552    CDp =  0.00287

 Side 1  free  transition at x/c =  0.5446   55
 Side 2  free  transition at x/c =  0.5808   53

   5   rms: 0.9116E-05   max: 0.4127E-04   D at   78  2
       a =  2.000      CL =  0.2607
      Cm = -0.0089     CD =  0.00839   =>   CDf =  0.00552    CDp =  0.00287
 plradd ia,ip,cpol            2           0  0.37224060    

 Point added to stored polar  1
 Point written to save file  polar.txt                                       
 Dump file unspecified or not available
 Calculating wake trajectory ...
 Calculating source influence matrix ...

 Solving BL system ...

 Side 1  free  transition at x/c =  0.5446   55
 Side 2  free  transition at x/c =  0.5808   53

   1   rms: 0.1306E+00   max: -.2565E+00   T at   53  2
       a =  3.000      CL =  0.3650
      Cm = -0.0081     CD =  0.00858   =>   CDf =  0.00541    CDp =  0.00318

 Side 1  free  transition at x/c =  0.5344   57
 Side 2  free  transition at x/c =  0.5937   52

   2   rms: 0.1275E-01   max: -.1301E+00   D at    4  1
       a =  3.000      CL =  0.3716
      Cm = -0.0097     CD =  0.00866   =>   CDf =  0.00552    CDp =  0.00314

 Side 1  free  transition at x/c =  0.5330   56
 Side 2  free  transition at x/c =  0.5958   52

   3   rms: 0.5464E-02   max: -.6954E-01   D at   56  1
       a =  3.000      CL =  0.3687
      Cm = -0.0090     CD =  0.00862   =>   CDf =  0.00551    CDp =  0.00311

 Side 1  free  transition at x/c =  0.5337   56
 Side 2  free  transition at x/c =  0.5957   52

   4   rms: 0.2079E-03   max: -.1293E-02   D at   84  1
       a =  3.000      CL =  0.3689
      Cm = -0.0090     CD =  0.00862   =>   CDf =  0.00550    CDp =  0.00312

 Side 1  free  transition at x/c =  0.5336   56
 Side 2  free  transition at x/c =  0.5957   52

   5   rms: 0.4716E-05   max: 0.2665E-04   D at   76  2
       a =  3.000      CL =  0.3689
      Cm = -0.0091     CD =  0.00862   =>   CDf =  0.00550    CDp =  0.00312
 plradd ia,ip,cpol            3           0  0.35496014    

 Point added to stored polar  1
 Point written to save file  polar.txt                                       
 Dump file unspecified or not available
 Calculating wake trajectory ...
 Calculating source influence matrix ...

 Solving BL system ...

 Side 1  free  transition at x/c =  0.5336   56
 Side 2  free  transition at x/c =  0.5957   52

   1   rms: 0.1362E+00   max: 0.3180E+00   D at   52  2
       a =  4.000      CL =  0.4773
      Cm = -0.0092     CD =  0.00870   =>   CDf =  0.00543    CDp =  0.00327

 Side 1  free  transition at x/c =  0.5201   57
 Side 2  free  transition at x/c =  0.6091   52

   2   rms: 0.2976E-01   max: -.3577E+00   D at   57  1
       a =  4.000      CL =  0.4771
      Cm = -0.0093     CD =  0.00872   =>   CDf =  0.00547    CDp =  0.00324

 Side 1  free  transition at x/c =  0.5236   57
 Side 2  free  transition at x/c =  0.6128   52

   3   rms: 0.5142E-02   max: -.3728E-01   D at   84  1
       a =  4.000      CL =  0.4803
      Cm = -0.0100     CD =  0.00875   =>   CDf =  0.00536    CDp =  0.00339

 Side 1  free  transition at x/c =  0.5230   57
 Side 2  free  transition at x/c =  0.6121   52

   4   rms: 0.2165E-03   max: 0.2307E-02   D at   84  1
       a =  4.000      CL =  0.4806
      Cm = -0.0100     CD =  0.00875   =>   CDf =  0.00538    CDp =  0.00337

 Side 1  free  transition at x/c =  0.5230   57
 Side 2  free  transition at x/c =  0.6121   52

   5   rms: 0.1452E-04   max: -.7157E-04   D at   75  2
       a =  4.000      CL =  0.4806
      Cm = -0.0100     CD =  0.00875   =>   CDf =  0.00538    CDp =  0.00337
 plradd ia,ip,cpol            4           0  0.35496014    

 Point added to stored polar  1
 Point written to save file  polar.txt                                       
 Dump file unspecified or not available
 Calculating wake trajectory ...
 Calculating source influence matrix ...

 Solving BL system ...

 Side 1  free  transition at x/c =  0.5230   57
 Side 2  free  transition at x/c =  0.6121   52

   1   rms: 0.1441E+00   max: 0.4400E+00   D at   52  2
       a =  5.000      CL =  0.5956
      Cm = -0.0119     CD =  0.00894   =>   CDf =  0.00521    CDp =  0.00373

 Side 1  free  transition at x/c =  0.5133   58
 Side 2  free  transition at x/c =  0.6252   50
 idif Ue xi dudx           1  6.74736723E-02  2.88939476E-03   23.352182    
 Uenew xinew           2  4.73245491E-05  2.02655792E-06

   2   rms: 0.3184E+00   max: -.5484E+01   D at    2  1   RLX: 0.091
       a =  5.000      CL =  0.5965
      Cm = -0.0121     CD =  0.00935   =>   CDf =  0.00544    CDp =  0.00391

 Side 1  free  transition at x/c =  0.5132   57
 Side 2  free  transition at x/c =  0.6254   51

   3   rms: 0.4897E+00   max: -.8690E+01   D at    2  2   RLX: 0.058
       a =  5.000      CL =  0.5961
      Cm = -0.0120     CD =  0.00934   =>   CDf =  0.00536    CDp =  0.00398

 Side 1  free  transition at x/c =  0.5131   57
 Side 2  free  transition at x/c =  0.6268   52

   4   rms: 0.2350E-01   max: 0.2179E+00   T at    2  2
       a =  5.000      CL =  0.5933
      Cm = -0.0114     CD =  0.00898   =>   CDf =  0.00532    CDp =  0.00365

 Side 1  free  transition at x/c =  0.5112   57
 Side 2  free  transition at x/c =  0.6318   52

   5   rms: 0.3637E-02   max: 0.3762E-01   C at   52  2
       a =  5.000      CL =  0.5921
      Cm = -0.0111     CD =  0.00901   =>   CDf =  0.00527    CDp =  0.00374

 Side 1  free  transition at x/c =  0.5111   57
 Side 2  free  transition at x/c =  0.6302   52

   6   rms: 0.6578E-04   max: -.1130E-02   D at   53  2
       a =  5.000      CL =  0.5921
      Cm = -0.0111     CD =  0.00901   =>   CDf =  0.00528    CDp =  0.00373
 plradd ia,ip,cpol            5           0  0.21459390    

 Point added to stored polar  1
 Point written to save file  polar.txt                                       
 Dump file unspecified or not available
 Calculating wake trajectory ...
 Calculating source influence matrix ...

 Solving BL system ...

 Side 1  free  transition at x/c =  0.5111   57
 Side 2  free  transition at x/c =  0.6302   52

   1   rms: 0.1428E+00   max: 0.5138E+00   D at   52  2
       a =  6.000      CL =  0.7005
      Cm = -0.0116     CD =  0.00907   =>   CDf =  0.00509    CDp =  0.00399

 Side 1  free  transition at x/c =  0.4895   58
 Side 2  free  transition at x/c =  0.6462   51

   2   rms: 0.3668E-01   max: -.2781E+00   D at   58  1
       a =  6.000      CL =  0.6936
      Cm = -0.0104     CD =  0.00926   =>   CDf =  0.00530    CDp =  0.00397

 Side 1  free  transition at x/c =  0.4934   58
 Side 2  free  transition at x/c =  0.6576   51

   3   rms: 0.1317E-01   max: 0.2444E+00   C at   51  2
       a =  6.000      CL =  0.6919
      Cm = -0.0100     CD =  0.00929   =>   CDf =  0.00512    CDp =  0.00417

 Side 1  free  transition at x/c =  0.4929   58
 Side 2  free  transition at x/c =  0.6511   51

   4   rms: 0.1074E-02   max: -.1190E-01   D at   52  2
       a =  6.000      CL =  0.6912
      Cm = -0.0098     CD =  0.00930   =>   CDf =  0.00516    CDp =  0.00414

 Side 1  free  transition at x/c =  0.4929   58
 Side 2  free  transition at x/c =  0.6512   51

   5   rms: 0.2453E-04   max: -.1732E-03   D at   73  2
       a =  6.000      CL =  0.6912
      Cm = -0.0098     CD =  0.00930   =>   CDf =  0.00516    CDp =  0.00414
 plradd ia,ip,cpol            6           0  9.68595818E-02

 Point added to stored polar  1
 Point written to save file  polar.txt                                       
 Dump file unspecified or not available
 Calculating wake trajectory ...
 Calculating source influence matrix ...

 Solving BL system ...

 Side 1  free  transition at x/c =  0.4929   58
 Side 2  free  transition at x/c =  0.6512   51

   1   rms: 0.1382E+00   max: 0.5229E+00   D at   51  2
       a =  7.000      CL =  0.7994
      Cm = -0.0104     CD =  0.00949   =>   CDf =  0.00494    CDp =  0.00455

 Side 1  free  transition at x/c =  0.4741   59
 Side 2  free  transition at x/c =  0.6652   49

   2   rms: 0.4114E-01   max: -.5105E+00   D at    4  1   RLX: 0.979
       a =  7.000      CL =  0.7873
      Cm = -0.0081     CD =  0.00980   =>   CDf =  0.00518    CDp =  0.00462

 Side 1  free  transition at x/c =  0.4775   59
 Side 2  free  transition at x/c =  0.6723   50

   3   rms: 0.3533E-02   max: 0.4792E-01   D at   50  2
       a =  7.000      CL =  0.7888
      Cm = -0.0084     CD =  0.00973   =>   CDf =  0.00504    CDp =  0.00469

 Side 1  free  transition at x/c =  0.4775   59
 Side 2  free  transition at x/c =  0.6729   50

   4   rms: 0.7650E-04   max: 0.1103E-02   C at   50  2
       a =  7.000      CL =  0.7888
      Cm = -0.0084     CD =  0.00973   =>   CDf =  0.00503    CDp =  0.00470
 plradd ia,ip,cpol            7           0  2.96850856E-02

 Point added to stored polar  1
 Point written to save file  polar.txt                                       
 Dump file unspecified or not available
 Calculating wake trajectory ...
 Calculating source influence matrix ...

 Solving BL system ...

 Side 1  free  transition at x/c =  0.4775   59
 Side 2  free  transition at x/c =  0.6729   50

   1   rms: 0.1617E+00   max: -.1014E+01   T at    3  1   RLX: 0.493
       a =  8.000      CL =  0.8394
      Cm = -0.0083     CD =  0.00984   =>   CDf =  0.00503    CDp =  0.00481

 Side 1  free  transition at x/c =  0.4649   59
 Side 2  free  transition at x/c =  0.6822   50

   2   rms: 0.6864E-01   max: -.3700E+00   D at   59  1
       a =  8.000      CL =  0.8803
      Cm = -0.0061     CD =  0.01030   =>   CDf =  0.00486    CDp =  0.00544

 Side 1  free  transition at x/c =  0.4552   59
 Side 2  free  transition at x/c =  0.6952   50

   3   rms: 0.7839E-02   max: -.7713E-01   C at   59  1
       a =  8.000      CL =  0.8799
      Cm = -0.0061     CD =  0.01026   =>   CDf =  0.00487    CDp =  0.00539

 Side 1  free  transition at x/c =  0.4558   59
 Side 2  free  transition at x/c =  0.6959   50

   4   rms: 0.5612E-03   max: -.3283E-02   D at   86  1
       a =  8.000      CL =  0.8802
      Cm = -0.0061     CD =  0.01026   =>   CDf =  0.00485    CDp =  0.00541

 Side 1  free  transition at x/c =  0.4557   59
 Side 2  free  transition at x/c =  0.6958   50

   5   rms: 0.1794E-04   max: 0.1620E-03   D at   70  2
       a =  8.000      CL =  0.8802
      Cm = -0.0061     CD =  0.01026   =>   CDf =  0.00485    CDp =  0.00541
 plradd ia,ip,cpol            8           0  2.96850856E-02

 Point added to stored polar  1
 Point written to save file  polar.txt                                       
 Dump file unspecified or not available
 Calculating wake trajectory ...
 Calculating source influence matrix ...

 Solving BL system ...

 Side 1  free  transition at x/c =  0.4557   59
 Side 2  free  transition at x/c =  0.6958   50

   1   rms: 0.1365E+00   max: 0.3980E+00   D at   50  2
       a =  9.000      CL =  0.9783
      Cm = -0.0052     CD =  0.01075   =>   CDf =  0.00472    CDp =  0.00602

 Side 1  free  transition at x/c =  0.3854   56
 Side 2  free  transition at x/c =  0.7157   50

   2   rms: 0.4518E-01   max: -.5360E+00   C at   56  1   RLX: 0.933
       a =  9.000      CL =  0.9479
      Cm = -0.0006     CD =  0.01156   =>   CDf =  0.00500    CDp =  0.00655

 Side 1  free  transition at x/c =  0.4086   58
 Side 2  free  transition at x/c =  0.7205   50

   3   rms: 0.8949E-02   max: 0.1351E+00   C at   58  1
       a =  9.000      CL =  0.9480
      Cm = -0.0004     CD =  0.01154   =>   CDf =  0.00482    CDp =  0.00672

 Side 1  free  transition at x/c =  0.4046   57
 Side 2  free  transition at x/c =  0.7211   50

   4   rms: 0.1395E-02   max: 0.2118E-01   C at   57  1
       a =  9.000      CL =  0.9488
      Cm = -0.0005     CD =  0.01151   =>   CDf =  0.00485    CDp =  0.00667

 Side 1  free  transition at x/c =  0.4041   57
 Side 2  free  transition at x/c =  0.7210   50

   5   rms: 0.2757E-04   max: 0.2701E-03   D at   69  2
       a =  9.000      CL =  0.9488
      Cm = -0.0005     CD =  0.01151   =>   CDf =  0.00485    CDp =  0.00666
 plradd ia,ip,cpol            9           0  2.19602250E-02

 Point added to stored polar  1
 Point written to save file  polar.txt                                       
 Dump file unspecified or not available
 Calculating wake trajectory ...
 Calculating source influence matrix ...

 Solving BL system ...

 Side 1  free  transition at x/c =  0.4041   57
 Side 2  free  transition at x/c =  0.7210   50

   1   rms: 0.1514E+00   max: 0.1496E+01   C at   57  1   RLX: 0.981
       a = 10.000      CL =  1.0236
      Cm =  0.0032     CD =  0.01285   =>   CDf =  0.00471    CDp =  0.00814

 Side 1  free  transition at x/c =  0.2887   52
 Side 2  free  transition at x/c =  0.7437   50

   2   rms: 0.6738E-01   max: -.6365E+00   C at   52  1   RLX: 0.786
       a = 10.000      CL =  0.9878
      Cm =  0.0069     CD =  0.01446   =>   CDf =  0.00538    CDp =  0.00908

 Side 1  free  transition at x/c =  0.3017   52
 Side 2  free  transition at x/c =  0.7480   51

   3   rms: 0.3071E-01   max: -.4509E+00   C at   52  1
       a = 10.000      CL =  0.9670
      Cm =  0.0107     CD =  0.01511   =>   CDf =  0.00522    CDp =  0.00989

 Side 1  free  transition at x/c =  0.3161   53
 Side 2  free  transition at x/c =  0.7505   51

   4   rms: 0.1049E-01   max: -.1134E+00   C at   53  1
       a = 10.000      CL =  0.9732
      Cm =  0.0100     CD =  0.01479   =>   CDf =  0.00507    CDp =  0.00972

 Side 1  free  transition at x/c =  0.3132   53
 Side 2  free  transition at x/c =  0.7498   51

   5   rms: 0.1490E-02   max: -.2617E-01   C at   53  1
       a = 10.000      CL =  0.9724
      Cm =  0.0101     CD =  0.01484   =>   CDf =  0.00509    CDp =  0.00975

 Side 1  free  transition at x/c =  0.3138   53
 Side 2  free  transition at x/c =  0.7498   51

   6   rms: 0.2838E-04   max: -.4686E-03   C at   53  1
       a = 10.000      CL =  0.9724
      Cm =  0.0101     CD =  0.01484   =>   CDf =  0.00508    CDp =  0.00976
 plradd ia,ip,cpol           10           0  4.94164089E-03

 Point added to stored polar  1
 Point written to save file  polar.txt                                       
 Dump file unspecified or not available
 Calculating wake trajectory ...
 Calculating source influence matrix ...

 Solving BL system ...

 Side 1  free  transition at x/c =  0.3138   53
 Side 2  free  transition at x/c =  0.7498   51

   1   rms: 0.2838E+00   max: 0.5028E+01   C at   53  1   RLX: 0.298
       a = 11.000      CL =  0.9744
      Cm =  0.0133     CD =  0.01631   =>   CDf =  0.00508    CDp =  0.01122

 Side 1  free  transition at x/c =  0.2786   51
 Side 2  free  transition at x/c =  0.7601   51

   2   rms: 0.1525E+00   max: 0.2213E+01   C at   51  1   RLX: 0.678
       a = 11.000      CL =  0.9818
      Cm =  0.0174     CD =  0.01865   =>   CDf =  0.00508    CDp =  0.01357

 Side 1  free  transition at x/c =  0.2318   50
 Side 2  free  transition at x/c =  0.7754   51

   3   rms: 0.6754E-01   max: -.5725E+00   T at    2  1   RLX: 0.873
       a = 11.000      CL =  0.9740
      Cm =  0.0199     CD =  0.02020   =>   CDf =  0.00540    CDp =  0.01480

 Side 1  free  transition at x/c =  0.2215   49
 Side 2  free  transition at x/c =  0.7844   51

   4   rms: 0.1097E-01   max: -.1449E+00   C at   51  2
       a = 11.000      CL =  0.9712
      Cm =  0.0207     CD =  0.02042   =>   CDf =  0.00537    CDp =  0.01505

 Side 1  free  transition at x/c =  0.2218   49
 Side 2  free  transition at x/c =  0.7879   52

   5   rms: 0.6708E-02   max: -.1101E+00   C at   52  2
       a = 11.000      CL =  0.9712
      Cm =  0.0208     CD =  0.02036   =>   CDf =  0.00534    CDp =  0.01502

 Side 1  free  transition at x/c =  0.2218   49
 Side 2  free  transition at x/c =  0.7901   52

   6   rms: 0.8493E-03   max: 0.1569E-01   C at   52  2
       a = 11.000      CL =  0.9712
      Cm =  0.0208     CD =  0.02036   =>   CDf =  0.00531    CDp =  0.01505

 Side 1  free  transition at x/c =  0.2218   49
 Side 2  free  transition at x/c =  0.7897   52

   7   rms: 0.3621E-05   max: -.7525E-04   D at   53  2
       a = 11.000      CL =  0.9712
      Cm =  0.0208     CD =  0.02036   =>   CDf =  0.00532    CDp =  0.01505
 plradd ia,ip,cpol           11           0  4.94164089E-03

 Point added to stored polar  1
 Point written to save file  polar.txt                                       
 Dump file unspecified or not available
 Calculating wake trajectory ...
 Calculating source influence matrix ...

 Solving BL system ...

 Side 1  free  transition at x/c =  0.2218   49
 Side 2  free  transition at x/c =  0.7897   52

   1   rms: 0.2242E+00   max: 0.2965E+01   C at   49  1   RLX: 0.373
       a = 12.000      CL =  0.9771
      Cm =  0.0232     CD =  0.02256   =>   CDf =  0.00531    CDp =  0.01725

 Side 1  free  transition at x/c =  0.1957   47
 Side 2  free  transition at x/c =  0.8019   52

   2   rms: 0.1022E+00   max: 0.1079E+01   C at   47  1
       a = 12.000      CL =  0.9998
      Cm =  0.0262     CD =  0.02559   =>   CDf =  0.00530    CDp =  0.02029

 Side 1  free  transition at x/c =  0.1524   46
 Side 2  free  transition at x/c =  0.8828   57

   3   rms: 0.2568E+00   max: -.5207E+01   C at   57  2   RLX: 0.096
       a = 12.000      CL =  1.0020
      Cm =  0.0244     CD =  0.02519   =>   CDf =  0.00527    CDp =  0.01992

 Side 1  free  transition at x/c =  0.1528   46
 Side 2  free  transition at x/c =  0.8854   58

   4   rms: 0.1365E+00   max: -.2963E+01   C at   58  2   RLX: 0.169
       a = 12.000      CL =  1.0010
      Cm =  0.0241     CD =  0.02540   =>   CDf =  0.00529    CDp =  0.02011

 Side 1  free  transition at x/c =  0.1537   46
 Side 2  free  transition at x/c =  0.9008   58

   5   rms: 0.2273E+00   max: -.4407E+01   C at   58  2   RLX: 0.113
       a = 12.000      CL =  1.0012
      Cm =  0.0241     CD =  0.02547   =>   CDf =  0.00517    CDp =  0.02030

 Side 1  free  transition at x/c =  0.1539   46
 Side 2  free  transition at x/c =  0.9661   63

   6   rms: 0.7342E-01   max: -.8557E+00   C at   63  2   RLX: 0.584
       a = 12.000      CL =  1.0206
      Cm =  0.0190     CD =  0.02628   =>   CDf =  0.00504    CDp =  0.02123

 Side 1  free  transition at x/c =  0.1505   46
 Side 2  free  transition at x/c =  0.9002   58

   7   rms: 0.9834E-01   max: -.1968E+01   C at   58  2   RLX: 0.254
       a = 12.000      CL =  1.0119
      Cm =  0.0209     CD =  0.02660   =>   CDf =  0.00517    CDp =  0.02143

 Side 1  free  transition at x/c =  0.1530   46
 Side 2  free  transition at x/c =  0.9121   59

   8   rms: 0.6037E-01   max: -.1200E+01   C at   59  2   RLX: 0.417
       a = 12.000      CL =  1.0024
      Cm =  0.0231     CD =  0.02642   =>   CDf =  0.00511    CDp =  0.02131

 Side 1  free  transition at x/c =  0.1554   46
 Side 2  free  transition at x/c =  0.9255   60

   9   rms: 0.1750E-01   max: -.2862E+00   C at   60  2
       a = 12.000      CL =  0.9915
      Cm =  0.0257     CD =  0.02626   =>   CDf =  0.00505    CDp =  0.02121

 Side 1  free  transition at x/c =  0.1580   46
 Side 2  free  transition at x/c =  0.9262   60

  10   rms: 0.4997E-02   max: -.9536E-01   C at   60  2
       a = 12.000      CL =  0.9900
      Cm =  0.0260     CD =  0.02627   =>   CDf =  0.00503    CDp =  0.02124

 Side 1  free  transition at x/c =  0.1584   46
 Side 2  free  transition at x/c =  0.9284   60

  11   rms: 0.3479E-04   max: 0.5828E-03   C at   60  2
       a = 12.000      CL =  0.9900
      Cm =  0.0260     CD =  0.02627   =>   CDf =  0.00502    CDp =  0.02125
 plradd ia,ip,cpol           12           0  4.94164089E-03

 Point added to stored polar  1
 Point written to save file  polar.txt                                       
 Dump file unspecified or not available
 Calculating wake trajectory ...
 Calculating source influence matrix ...

 Solving BL system ...

 Side 1  free  transition at x/c =  0.1584   46
 Side 2  free  transition at x/c =  0.9284   60

   1   rms: 0.7475E+00   max: -.1380E+02   C at   60  2   RLX: 0.036
       a = 13.000      CL =  0.9959
      Cm =  0.0249     CD =  0.02658   =>   CDf =  0.00502    CDp =  0.02156

 Side 1  free  transition at x/c =  0.1551   46
 Side 2  free  transition at x/c =  0.9466   61

   2   rms: 0.5284E+00   max: -.7841E+01   C at   61  2   RLX: 0.064
       a = 13.000      CL =  1.0068
      Cm =  0.0227     CD =  0.02721   =>   CDf =  0.00500    CDp =  0.02221

 Side 1  free  transition at x/c =  0.1500   45
 Side 2  free  transition at x/c =  0.9692   63

   3   rms: 0.9678E+00   max: -.1525E+02   C at   63  2   RLX: 0.033
       a = 13.000      CL =  1.0138
      Cm =  0.0218     CD =  0.02715   =>   CDf =  0.00500    CDp =  0.02214

 Side 1  free  transition at x/c =  0.1482   45
 Side 2  free  transition at x/c =  0.9774   64

   4   rms: 0.5179E+00   max: -.6883E+01   C at   64  2   RLX: 0.073
       a = 13.000      CL =  1.0395
      Cm =  0.0168     CD =  0.02784   =>   CDf =  0.00500    CDp =  0.02283

 Side 1  free  transition at x/c =  0.1396   45
 Side 2  free  transition at x/c =  0.9155   59

   5   rms: 0.5901E+00   max: -.1221E+02   C at   59  2   RLX: 0.041
       a = 13.000      CL =  1.0392
      Cm =  0.0165     CD =  0.02853   =>   CDf =  0.00515    CDp =  0.02337

 Side 1  free  transition at x/c =  0.1386   45
 Side 2  free  transition at x/c =  0.9395   61

   6   rms: 0.7088E+00   max: -.1379E+02   C at   61  2   RLX: 0.036
       a = 13.000      CL =  1.0410
      Cm =  0.0164     CD =  0.02868   =>   CDf =  0.00509    CDp =  0.02358

 Side 1  free  transition at x/c =  0.1370   45
 Side 2  free  transition at x/c =  0.9533   62

   7   rms: 0.5818E+00   max: -.1030E+02   C at   62  2   RLX: 0.049
       a = 13.000      CL =  1.0454
      Cm =  0.0156     CD =  0.02897   =>   CDf =  0.00508    CDp =  0.02390

 Side 1  free  transition at x/c =  0.1350   44
 Side 2  free  transition at x/c =  0.9722   63

   8   rms: 0.1087E+01   max: -.1777E+02   C at   63  2   RLX: 0.028
       a = 13.000      CL =  1.0490
      Cm =  0.0151     CD =  0.02896   =>   CDf =  0.00507    CDp =  0.02389

 Side 1  free  transition at x/c =  0.1339   44
 Side 2  free  transition at x/c =  0.9821   64

   9   rms: 0.6772E+00   max: -.1200E+02   C at   64  2   RLX: 0.042
       a = 13.000      CL =  1.0534
      Cm =  0.0144     CD =  0.02919   =>   CDf =  0.00507    CDp =  0.02413

 Side 1  free  transition at x/c =  0.1323   44
 Side 2  free  transition at x/c =  0.9922   65

  10   rms: 0.2986E+00   max: 0.5483E+01   C at   65  2   RLX: 0.274
       a = 13.000      CL =  1.0677
      Cm =  0.0133     CD =  0.03070   =>   CDf =  0.00507    CDp =  0.02563

 Side 1  free  transition at x/c =  0.1218   44
 Side 2 forced transition at x/c =  1.0000   66

  11   rms: 0.7084E-01   max: 0.3063E+00   D at   73  1
       a = 13.000      CL =  1.0430
      Cm =  0.0227     CD =  0.03439   =>   CDf =  0.00514    CDp =  0.02924

 Side 1  free  transition at x/c =  0.1073   42
 Side 2 forced transition at x/c =  1.0000   66

  12   rms: 0.1323E-01   max: 0.1218E+00   D at   65  2
       a = 13.000      CL =  1.0486
      Cm =  0.0212     CD =  0.03434   =>   CDf =  0.00522    CDp =  0.02912

 Side 1  free  transition at x/c =  0.1084   42
 Side 2 forced transition at x/c =  1.0000   66

  13   rms: 0.1729E-02   max: 0.1913E-01   D at   65  2
       a = 13.000      CL =  1.0491
      Cm =  0.0209     CD =  0.03441   =>   CDf =  0.00519    CDp =  0.02923

 Side 1  free  transition at x/c =  0.1082   42
 Side 2 forced transition at x/c =  1.0000   66

  14   rms: 0.5103E-04   max: 0.4560E-03   D at   65  2
       a = 13.000      CL =  1.0491
      Cm =  0.0209     CD =  0.03440   =>   CDf =  0.00518    CDp =  0.02922
 plradd ia,ip,cpol           13           0  1.29907194E-03

 Point added to stored polar  1
 Point written to save file  polar.txt                                       
 Dump file unspecified or not available
 Calculating wake trajectory ...
 Calculating source influence matrix ...

 Solving BL system ...

 Side 1  free  transition at x/c =  0.1083   42
 Side 2 forced transition at x/c =  1.0000   66

   1   rms: 0.1211E+00   max: 0.5199E+00   C at   42  1   RLX: 0.539
       a = 14.000      CL =  1.0719
      Cm =  0.0226     CD =  0.03724   =>   CDf =  0.00505    CDp =  0.03218

 Side 1  free  transition at x/c =  0.0943   42
 Side 2 forced transition at x/c =  1.0000   65

   2   rms: 0.5834E-01   max: 0.2941E+00   D at   72  1
       a = 14.000      CL =  1.0772
      Cm =  0.0245     CD =  0.04069   =>   CDf =  0.00523    CDp =  0.03546

 Side 1  free  transition at x/c =  0.0861   42
 Side 2 forced transition at x/c =  1.0000   65

   3   rms: 0.7219E-02   max: 0.7928E-01   D at   71  1
       a = 14.000      CL =  1.0721
      Cm =  0.0248     CD =  0.04076   =>   CDf =  0.00524    CDp =  0.03553

 Side 1  free  transition at x/c =  0.0872   42
 Side 2 forced transition at x/c =  1.0000   65

   4   rms: 0.1472E-02   max: 0.1611E-01   D at   71  1
       a = 14.000      CL =  1.0713
      Cm =  0.0249     CD =  0.04080   =>   CDf =  0.00521    CDp =  0.03559

 Side 1  free  transition at x/c =  0.0872   42
 Side 2 forced transition at x/c =  1.0000   65

   5   rms: 0.6196E-04   max: 0.4079E-03   D at   77  2
       a = 14.000      CL =  1.0713
      Cm =  0.0249     CD =  0.04079   =>   CDf =  0.00521    CDp =  0.03558
 plradd ia,ip,cpol           14           0  4.94164089E-03

 Point added to stored polar  1
 Point written to save file  polar.txt                                       
 Dump file unspecified or not available
 Calculating wake trajectory ...
 Calculating source influence matrix ...

 Solving BL system ...

 Side 1  free  transition at x/c =  0.0872   42
 Side 2 forced transition at x/c =  1.0000   65

   1   rms: 0.1350E+00   max: -.8521E+00   D at   42  1   RLX: 0.472
       a = 15.000      CL =  1.0786
      Cm =  0.0264     CD =  0.04471   =>   CDf =  0.00505    CDp =  0.03966

 Side 1  free  transition at x/c =  0.0784   42
 Side 2 forced transition at x/c =  1.0000   64

   2   rms: 0.8222E-01   max: 0.7691E+00   T at    2  1
       a = 15.000      CL =  1.0921
      Cm =  0.0276     CD =  0.04839   =>   CDf =  0.00521    CDp =  0.04317

 Side 1  free  transition at x/c =  0.0693   41
 Side 2 forced transition at x/c =  1.0000   64

   3   rms: 0.7373E-02   max: 0.9535E-01   D at   41  1
       a = 15.000      CL =  1.0952
      Cm =  0.0277     CD =  0.04750   =>   CDf =  0.00521    CDp =  0.04229

 Side 1  free  transition at x/c =  0.0700   41
 Side 2 forced transition at x/c =  1.0000   64

   4   rms: 0.7080E-03   max: 0.7117E-02   D at   70  1
       a = 15.000      CL =  1.0950
      Cm =  0.0277     CD =  0.04756   =>   CDf =  0.00519    CDp =  0.04237

 Side 1  free  transition at x/c =  0.0699   41
 Side 2 forced transition at x/c =  1.0000   64

   5   rms: 0.5198E-04   max: 0.2304E-03   D at   76  2
       a = 15.000      CL =  1.0950
      Cm =  0.0277     CD =  0.04756   =>   CDf =  0.00520    CDp =  0.04236
 plradd ia,ip,cpol           15           0  1.29907194E-03

 Point added to stored polar  1
 Point written to save file  polar.txt                                       
 Dump file unspecified or not available
 Calculating wake trajectory ...
 Calculating source influence matrix ...

 Solving BL system ...

 Side 1  free  transition at x/c =  0.0699   41
 Side 2 forced transition at x/c =  1.0000   64

   1   rms: 0.1243E+00   max: -.5937E+00   D at   41  1   RLX: 0.433
       a = 16.000      CL =  1.1041
      Cm =  0.0284     CD =  0.05128   =>   CDf =  0.00520    CDp =  0.04608

 Side 1  free  transition at x/c =  0.0646   40
 Side 2 forced transition at x/c =  1.0000   64

   2   rms: 0.6531E-01   max: -.2788E+00   D at   40  1
       a = 16.000      CL =  1.1284
      Cm =  0.0291     CD =  0.05446   =>   CDf =  0.00498    CDp =  0.04949

 Side 1  free  transition at x/c =  0.0564   40
 Side 2 forced transition at x/c =  1.0000   63

   3   rms: 0.1596E-01   max: -.1170E+00   C at   40  1
       a = 16.000      CL =  1.1187
      Cm =  0.0294     CD =  0.05497   =>   CDf =  0.00519    CDp =  0.04979

 Side 1  free  transition at x/c =  0.0574   40
 Side 2 forced transition at x/c =  1.0000   63

   4   rms: 0.1986E-02   max: -.2013E-01   D at    4  1
       a = 16.000      CL =  1.1190
      Cm =  0.0295     CD =  0.05474   =>   CDf =  0.00515    CDp =  0.04958

 Side 1  free  transition at x/c =  0.0574   40
 Side 2 forced transition at x/c =  1.0000   63

   5   rms: 0.8413E-04   max: -.4338E-03   D at   78  2
       a = 16.000      CL =  1.1191
      Cm =  0.0295     CD =  0.05474   =>   CDf =  0.00516    CDp =  0.04958
 plradd ia,ip,cpol           16           0  1.29907194E-03

 Point added to stored polar  1
 Point written to save file  polar.txt                                       
 Dump file unspecified or not available
 Calculating wake trajectory ...
 Calculating source influence matrix ...

 Solving BL system ...

 Side 1  free  transition at x/c =  0.0574   40
 Side 2 forced transition at x/c =  1.0000   63

   1   rms: 0.1190E+00   max: 0.4005E+00   C at   40  1   RLX: 0.403
       a = 17.000      CL =  1.1342
      Cm =  0.0297     CD =  0.05765   =>   CDf =  0.00516    CDp =  0.05249

 Side 1  free  transition at x/c =  0.0536   40
 Side 2 forced transition at x/c =  1.0000   63

   2   rms: 0.7428E-01   max: 0.3203E+00   D at   69  1
       a = 17.000      CL =  1.1423
      Cm =  0.0301     CD =  0.06350   =>   CDf =  0.00515    CDp =  0.05835

 Side 1  free  transition at x/c =  0.0484   39
 Side 2 forced transition at x/c =  1.0000   63

   3   rms: 0.8797E-02   max: -.9029E-01   D at   39  1
       a = 17.000      CL =  1.1451
      Cm =  0.0304     CD =  0.06206   =>   CDf =  0.00506    CDp =  0.05701

 Side 1  free  transition at x/c =  0.0483   39
 Side 2 forced transition at x/c =  1.0000   63

   4   rms: 0.1520E-02   max: 0.1495E-01   D at   68  1
       a = 17.000      CL =  1.1441
      Cm =  0.0304     CD =  0.06224   =>   CDf =  0.00508    CDp =  0.05717

 Side 1  free  transition at x/c =  0.0483   39
 Side 2 forced transition at x/c =  1.0000   63

   5   rms: 0.1363E-03   max: 0.6051E-03   D at   77  2
       a = 17.000      CL =  1.1440
      Cm =  0.0304     CD =  0.06223   =>   CDf =  0.00507    CDp =  0.05716

 Side 1  free  transition at x/c =  0.0483   39
 Side 2 forced transition at x/c =  1.0000   63

   6   rms: 0.7847E-05   max: 0.5287E-04   D at   77  2
       a = 17.000      CL =  1.1440
      Cm =  0.0304     CD =  0.06223   =>   CDf =  0.00507    CDp =  0.05716
 plradd ia,ip,cpol           17           0  5.51594887E-04

 Point added to stored polar  1
 Point written to save file  polar.txt                                       
 Dump file unspecified or not available
 Calculating wake trajectory ...
 Calculating source influence matrix ...

 Solving BL system ...

 Side 1  free  transition at x/c =  0.0483   39
 Side 2 forced transition at x/c =  1.0000   63

   1   rms: 0.1158E+00   max: 0.5209E+00   C at   39  1   RLX: 0.369
       a = 18.000      CL =  1.1521
      Cm =  0.0303     CD =  0.06588   =>   CDf =  0.00485    CDp =  0.06102

 Side 1  free  transition at x/c =  0.0431   39
 Side 2 forced transition at x/c =  1.0000   62

   2   rms: 0.7009E-01   max: -.4098E+00   D at   39  1
       a = 18.000      CL =  1.1719
      Cm =  0.0303     CD =  0.07073   =>   CDf =  0.00508    CDp =  0.06566

 Side 1  free  transition at x/c =  0.0359   38
 Side 2 forced transition at x/c =  1.0000   62

   3   rms: 0.1754E-01   max: 0.1232E+00   D at   68  1
       a = 18.000      CL =  1.1592
      Cm =  0.0305     CD =  0.07133   =>   CDf =  0.00507    CDp =  0.06625

 Side 1  free  transition at x/c =  0.0366   38
 Side 2 forced transition at x/c =  1.0000   62

   4   rms: 0.1546E-02   max: -.1689E-01   D at   68  1
       a = 18.000      CL =  1.1597
      Cm =  0.0306     CD =  0.07091   =>   CDf =  0.00504    CDp =  0.06587

 Side 1  free  transition at x/c =  0.0365   38
 Side 2 forced transition at x/c =  1.0000   62

   5   rms: 0.1425E-03   max: -.6787E-03   D at   78  2
       a = 18.000      CL =  1.1598
      Cm =  0.0306     CD =  0.07093   =>   CDf =  0.00504    CDp =  0.06588

 Side 1  free  transition at x/c =  0.0365   38
 Side 2 forced transition at x/c =  1.0000   62

   6   rms: 0.6878E-05   max: -.5281E-04   D at   76  2
       a = 18.000      CL =  1.1598
      Cm =  0.0306     CD =  0.07093   =>   CDf =  0.00504    CDp =  0.06589
 plradd ia,ip,cpol           18           0  1.29907194E-03

 Point added to stored polar  1
 Point written to save file  polar.txt                                       
 Dump file unspecified or not available
 Calculating wake trajectory ...
 Calculating source influence matrix ...

 Solving BL system ...

 Side 1  free  transition at x/c =  0.0365   38
 Side 2 forced transition at x/c =  1.0000   62

   1   rms: 0.1103E+00   max: 0.5565E+00   C at   38  1   RLX: 0.342
       a = 19.000      CL =  1.1683
      Cm =  0.0303     CD =  0.07432   =>   CDf =  0.00505    CDp =  0.06926

 Side 1  free  transition at x/c =  0.0340   37
 Side 2 forced transition at x/c =  1.0000   62

   2   rms: 0.6953E-01   max: 0.2848E+00   D at   67  1
       a = 19.000      CL =  1.1837
      Cm =  0.0295     CD =  0.08077   =>   CDf =  0.00476    CDp =  0.07601

 Side 1  free  transition at x/c =  0.0294   37
 Side 2 forced transition at x/c =  1.0000   61
 idif Ue xi dudx           1  5.76509312E-02  7.48980045E-03   7.6972585    
 Uenew xinew           2  1.42225632E-04  1.84774399E-05

   3   rms: 0.2678E-01   max: -.4134E+00   T at    2  1
       a = 19.000      CL =  1.1742
      Cm =  0.0300     CD =  0.08042   =>   CDf =  0.00523    CDp =  0.07520

 Side 1  free  transition at x/c =  0.0297   36
 Side 2 forced transition at x/c =  1.0000   62

   4   rms: 0.4341E-01   max: -.7602E+00   T at    2  2   RLX: 0.658
       a = 19.000      CL =  1.1730
      Cm =  0.0299     CD =  0.08039   =>   CDf =  0.00493    CDp =  0.07546

 Side 1  free  transition at x/c =  0.0297   36
 Side 2 forced transition at x/c =  1.0000   62

   5   rms: 0.1444E-02   max: 0.9737E-02   D at   66  1
       a = 19.000      CL =  1.1719
      Cm =  0.0300     CD =  0.08051   =>   CDf =  0.00493    CDp =  0.07558

 Side 1  free  transition at x/c =  0.0297   36
 Side 2 forced transition at x/c =  1.0000   62

   6   rms: 0.1107E-03   max: 0.6010E-03   D at    3  2
       a = 19.000      CL =  1.1718
      Cm =  0.0300     CD =  0.08049   =>   CDf =  0.00492    CDp =  0.07556

 Side 1  free  transition at x/c =  0.0297   36
 Side 2 forced transition at x/c =  1.0000   62

   7   rms: 0.5342E-05   max: 0.4482E-04   D at   77  2
       a = 19.000      CL =  1.1718
      Cm =  0.0300     CD =  0.08048   =>   CDf =  0.00492    CDp =  0.07556
 plradd ia,ip,cpol           19           0  5.51594887E-04

 Point added to stored polar  1
 Point written to save file  polar.txt                                       
 Dump file unspecified or not available
 Calculating wake trajectory ...
 Calculating source influence matrix ...

 Solving BL system ...

 Side 1  free  transition at x/c =  0.0297   36
 Side 2 forced transition at x/c =  1.0000   62

   1   rms: 0.1177E+00   max: -.8501E+00   D at    3  2   RLX: 0.316
       a = 20.000      CL =  1.1768
      Cm =  0.0293     CD =  0.08429   =>   CDf =  0.00466    CDp =  0.07963

 Side 1  free  transition at x/c =  0.0267   37
 Side 2 forced transition at x/c =  1.0000   61

   2   rms: 0.8793E-01   max: -.6322E+00   D at   37  1   RLX: 0.791
       a = 20.000      CL =  1.1761
      Cm =  0.0280     CD =  0.09143   =>   CDf =  0.00492    CDp =  0.08651

 Side 1  free  transition at x/c =  0.0229   36
 Side 2 forced transition at x/c =  1.0000   61

   3   rms: 0.3360E-01   max: -.4965E+00   D at   36  1
       a = 20.000      CL =  1.1783
      Cm =  0.0282     CD =  0.09165   =>   CDf =  0.00481    CDp =  0.08683

 Side 1  free  transition at x/c =  0.0218   35
 Side 2 forced transition at x/c =  1.0000   61

   4   rms: 0.7493E-02   max: -.7676E-01   D at   36  1
       a = 20.000      CL =  1.1727
      Cm =  0.0283     CD =  0.09187   =>   CDf =  0.00483    CDp =  0.08704

 Side 1  free  transition at x/c =  0.0214   35
 Side 2 forced transition at x/c =  1.0000   61

   5   rms: 0.5896E-03   max: 0.2636E-02   D at   77  2
       a = 20.000      CL =  1.1721
      Cm =  0.0283     CD =  0.09184   =>   CDf =  0.00483    CDp =  0.08701

 Side 1  free  transition at x/c =  0.0214   35
 Side 2 forced transition at x/c =  1.0000   61

   6   rms: 0.4058E-04   max: 0.3258E-03   D at   77  2
       a = 20.000      CL =  1.1721
      Cm =  0.0283     CD =  0.09183   =>   CDf =  0.00482    CDp =  0.08700
 plradd ia,ip,cpol           20           0  5.51594887E-04

 Point added to stored polar  1
 Point written to save file  polar.txt                                       
 Dump file unspecified or not available
 Calculating wake trajectory ...
 Calculating source influence matrix ...

 Solving BL system ...

 Side 1  free  transition at x/c =  0.0214   35
 Side 2 forced transition at x/c =  1.0000   61

   1   rms: 0.1034E+00   max: 0.4574E+00   D at   64  1   RLX: 0.293
       a = 21.000      CL =  1.1761
      Cm =  0.0274     CD =  0.09560   =>   CDf =  0.00484    CDp =  0.09077

 Side 1  free  transition at x/c =  0.0213   35
 Side 2 forced transition at x/c =  1.0000   61

   2   rms: 0.7590E-01   max: 0.4063E+00   D at   65  1
       a = 21.000      CL =  1.1770
      Cm =  0.0247     CD =  0.10620   =>   CDf =  0.00447    CDp =  0.10174

 Side 1  free  transition at x/c =  0.0195   36
 Side 2 forced transition at x/c =  1.0000   60

   3   rms: 0.1313E-01   max: 0.1656E+00   D at   65  1
       a = 21.000      CL =  1.1701
      Cm =  0.0253     CD =  0.10445   =>   CDf =  0.00462    CDp =  0.09983

 Side 1  free  transition at x/c =  0.0196   36
 Side 2 forced transition at x/c =  1.0000   60

   4   rms: 0.1564E-02   max: -.1383E-01   D at   65  1
       a = 21.000      CL =  1.1709
      Cm =  0.0254     CD =  0.10385   =>   CDf =  0.00460    CDp =  0.09925

 Side 1  free  transition at x/c =  0.0196   36
 Side 2 forced transition at x/c =  1.0000   60

   5   rms: 0.1552E-03   max: -.7203E-03   D at   78  2
       a = 21.000      CL =  1.1710
      Cm =  0.0254     CD =  0.10387   =>   CDf =  0.00461    CDp =  0.09926

 Side 1  free  transition at x/c =  0.0196   36
 Side 2 forced transition at x/c =  1.0000   60

   6   rms: 0.1161E-04   max: -.9583E-04   D at   76  2
       a = 21.000      CL =  1.1710
      Cm =  0.0254     CD =  0.10388   =>   CDf =  0.00461    CDp =  0.09927
 plradd ia,ip,cpol           21           0  3.53916839E-05

 Point added to stored polar  1
 Point written to save file  polar.txt                                       
 Dump file unspecified or not available
 Calculating wake trajectory ...
 Calculating source influence matrix ...

 Solving BL system ...

 Side 1  free  transition at x/c =  0.0196   36
 Side 2 forced transition at x/c =  1.0000   60

   1   rms: 0.1049E+00   max: 0.5419E+00   D at   63  1   RLX: 0.271
       a = 22.000      CL =  1.1710
      Cm =  0.0242     CD =  0.10821   =>   CDf =  0.00462    CDp =  0.10359

 Side 1  free  transition at x/c =  0.0191   36
 Side 2 forced transition at x/c =  1.0000   60

   2   rms: 0.9162E-01   max: 0.5664E+00   D at   64  1
       a = 22.000      CL =  1.1532
      Cm =  0.0196     CD =  0.12351   =>   CDf =  0.00457    CDp =  0.11894

 Side 1  free  transition at x/c =  0.0172   35
 Side 2 forced transition at x/c =  1.0000   60

   3   rms: 0.3800E-01   max: -.4486E+00   D at   35  1
       a = 22.000      CL =  1.1575
      Cm =  0.0208     CD =  0.11818   =>   CDf =  0.00433    CDp =  0.11384

 Side 1  free  transition at x/c =  0.0176   35
 Side 2 forced transition at x/c =  1.0000   60

   4   rms: 0.8043E-02   max: 0.7150E-01   C at   35  1
       a = 22.000      CL =  1.1614
      Cm =  0.0211     CD =  0.11729   =>   CDf =  0.00434    CDp =  0.11295

 Side 1  free  transition at x/c =  0.0173   35
 Side 2 forced transition at x/c =  1.0000   60

   5   rms: 0.4957E-03   max: 0.3739E-02   D at   62  1
       a = 22.000      CL =  1.1615
      Cm =  0.0210     CD =  0.11750   =>   CDf =  0.00437    CDp =  0.11313

 Side 1  free  transition at x/c =  0.0173   35
 Side 2 forced transition at x/c =  1.0000   60

   6   rms: 0.2270E-04   max: -.1774E-03   D at   77  2
       a = 22.000      CL =  1.1615
      Cm =  0.0210     CD =  0.11751   =>   CDf =  0.00437    CDp =  0.11315
 plradd ia,ip,cpol           22           0  3.53916839E-05

 Point added to stored polar  1
 Point written to save file  polar.txt                                       
 Dump file unspecified or not available
 Calculating wake trajectory ...
 Calculating source influence matrix ...

 Solving BL system ...

 Side 1  free  transition at x/c =  0.0173   35
 Side 2 forced transition at x/c =  1.0000   60

   1   rms: 0.1015E+00   max: 0.5889E+00   D at   61  1   RLX: 0.252
       a = 23.000      CL =  1.1597
      Cm =  0.0194     CD =  0.12207   =>   CDf =  0.00438    CDp =  0.11769

 Side 1  free  transition at x/c =  0.0171   35
 Side 2 forced transition at x/c =  1.0000   60

   2   rms: 0.8227E-01   max: 0.5152E+00   D at   61  1
       a = 23.000      CL =  1.1499
      Cm =  0.0141     CD =  0.13702   =>   CDf =  0.00401    CDp =  0.13301

 Side 1  free  transition at x/c =  0.0159   36
 Side 2 forced transition at x/c =  1.0000   59
 idif Ue xi dudx           1  7.08070844E-02  9.07254219E-03   7.8045473    
 Uenew xinew           2  6.90337911E-04  8.84532928E-05

   3   rms: 0.2548E-01   max: 0.2650E+00   D at   62  1
       a = 23.000      CL =  1.1363
      Cm =  0.0140     CD =  0.13536   =>   CDf =  0.00446    CDp =  0.13090

 Side 1  free  transition at x/c =  0.0161   35
 Side 2 forced transition at x/c =  1.0000   60

   4   rms: 0.4738E-02   max: -.5927E-01   T at    2  2
       a = 23.000      CL =  1.1357
      Cm =  0.0142     CD =  0.13419   =>   CDf =  0.00409    CDp =  0.13010

 Side 1  free  transition at x/c =  0.0161   35
 Side 2 forced transition at x/c =  1.0000   60

   5   rms: 0.5307E-03   max: -.5094E-02   D at   60  1
       a = 23.000      CL =  1.1358
      Cm =  0.0143     CD =  0.13398   =>   CDf =  0.00409    CDp =  0.12989

 Side 1  free  transition at x/c =  0.0161   35
 Side 2 forced transition at x/c =  1.0000   60

   6   rms: 0.4638E-04   max: -.1938E-03   D at   79  2
       a = 23.000      CL =  1.1359
      Cm =  0.0143     CD =  0.13399   =>   CDf =  0.00410    CDp =  0.12989
 plradd ia,ip,cpol           23           0  3.53916839E-05

 Point added to stored polar  1
 Point written to save file  polar.txt                                       
 Dump file unspecified or not available
 Calculating wake trajectory ...
 Calculating source influence matrix ...

 Solving BL system ...

 Side 1  free  transition at x/c =  0.0161   35
 Side 2 forced transition at x/c =  1.0000   60

   1   rms: 0.1020E+00   max: 0.6130E+00   D at   59  1   RLX: 0.234
       a = 24.000      CL =  1.1333
      Cm =  0.0124     CD =  0.13873   =>   CDf =  0.00380    CDp =  0.13493

 Side 1  free  transition at x/c =  0.0160   36
 Side 2 forced transition at x/c =  1.0000   59

   2   rms: 0.8922E-01   max: 0.5729E+00   D at   60  1
       a = 24.000      CL =  1.1202
      Cm =  0.0054     CD =  0.15620   =>   CDf =  0.00405    CDp =  0.15215

 Side 1  free  transition at x/c =  0.0154   35
 Side 2 forced transition at x/c =  1.0000   59

   3   rms: 0.2032E-01   max: 0.2098E+00   D at   59  1
       a = 24.000      CL =  1.1206
      Cm =  0.0065     CD =  0.15031   =>   CDf =  0.00382    CDp =  0.14648

 Side 1  free  transition at x/c =  0.0156   35
 Side 2 forced transition at x/c =  1.0000   59

   4   rms: 0.3843E-02   max: -.2618E-01   D at   59  1
       a = 24.000      CL =  1.1228
      Cm =  0.0068     CD =  0.14888   =>   CDf =  0.00381    CDp =  0.14507

 Side 1  free  transition at x/c =  0.0155   35
 Side 2 forced transition at x/c =  1.0000   59

   5   rms: 0.3711E-03   max: -.1610E-02   D at   79  2
       a = 24.000      CL =  1.1231
      Cm =  0.0068     CD =  0.14893   =>   CDf =  0.00382    CDp =  0.14512

 Side 1  free  transition at x/c =  0.0155   35
 Side 2 forced transition at x/c =  1.0000   59

   6   rms: 0.4657E-04   max: -.3260E-03   D at   76  2
       a = 24.000      CL =  1.1231
      Cm =  0.0068     CD =  0.14896   =>   CDf =  0.00382    CDp =  0.14514
 plradd ia,ip,cpol           24           0  1.29907194E-03

 Point added to stored polar  1
 Point written to save file  polar.txt                                       
 Dump file unspecified or not available
 Calculating wake trajectory ...
 Calculating source influence matrix ...

 Solving BL system ...

 Side 1  free  transition at x/c =  0.0155   35
 Side 2 forced transition at x/c =  1.0000   59

   1   rms: 0.9506E-01   max: 0.5722E+00   D at   58  1   RLX: 0.221
       a = 25.000      CL =  1.1215
      Cm =  0.0048     CD =  0.15346   =>   CDf =  0.00383    CDp =  0.14962

 Side 1  free  transition at x/c =  0.0155   35
 Side 2 forced transition at x/c =  1.0000   59

   2   rms: 0.9053E-01   max: 0.6296E+00   D at   58  1
       a = 25.000      CL =  1.1075
      Cm = -0.0037     CD =  0.17317   =>   CDf =  0.00377    CDp =  0.16939

 Side 1  free  transition at x/c =  0.0152   35
 Side 2 forced transition at x/c =  1.0000   59

   3   rms: 0.2294E-01   max: 0.3243E+00   D at   57  1
       a = 25.000      CL =  1.1007
      Cm = -0.0033     CD =  0.16856   =>   CDf =  0.00354    CDp =  0.16501

 Side 1  free  transition at x/c =  0.0151   35
 Side 2 forced transition at x/c =  1.0000   59

   4   rms: 0.1174E-01   max: -.9829E-01   D at   57  1
       a = 25.000      CL =  1.1068
      Cm = -0.0022     CD =  0.16455   =>   CDf =  0.00351    CDp =  0.16103

 Side 1  free  transition at x/c =  0.0150   35
 Side 2 forced transition at x/c =  1.0000   59

   5   rms: 0.9478E-03   max: -.4084E-02   D at   79  2
       a = 25.000      CL =  1.1075
      Cm = -0.0022     CD =  0.16469   =>   CDf =  0.00354    CDp =  0.16115

 Side 1  free  transition at x/c =  0.0150   35
 Side 2 forced transition at x/c =  1.0000   59

   6   rms: 0.1087E-03   max: -.9098E-03   D at   77  2
       a = 25.000      CL =  1.1075
      Cm = -0.0022     CD =  0.16480   =>   CDf =  0.00354    CDp =  0.16126

 Side 1  free  transition at x/c =  0.0150   35
 Side 2 forced transition at x/c =  1.0000   59

   7   rms: 0.2217E-05   max: -.1295E-04   D at   77  2
       a = 25.000      CL =  1.1075
      Cm = -0.0022     CD =  0.16480   =>   CDf =  0.00354    CDp =  0.16126
 plradd ia,ip,cpol           25           0  3.53916839E-05

 Point added to stored polar  1
 Point written to save file  polar.txt                                       
 Dump file unspecified or not available

.OPERva   c>  
 Polar accumulation disabled

.OPERv   c>  
 XFOIL   c>  