time,u,v,w,p,q,r,phi,theta,psi,betaML,betaMR,betaMLdot,betaMRdot,betaSym,betaDiff,lateralForceN,rollMomentNm,yawMomentNm,limitActive,analysisGuardValid,bodySpeedMps,alphaRad,sideslipRad
0,32.5081027705783,0,12.9700907574897,0,0,0,0,0.37962696762878,0,0.785398163397448,0.785398163397448,0,0,0.785398163397448,0,-2.27373675443232e-13,0,0,0,1,35,0.37962696762878,0
0.0125,32.5081027705848,-2.95834622937676e-19,12.9700907574865,5.12390227255022e-18,2.75483374797264e-12,9.17281331266051e-20,0,0.379626967628797,0,0.785398163397448,0.785398163397448,0,0,0.785398163397448,0,3.41132826909597e-13,-1.16021026660534e-15,2.18276484721196e-11,0,1,35.0000000000049,0.379626967628625,-8.45241779821814e-21
0.025,32.5081027705909,-8.92023278857031e-19,12.9700907574844,5.2606621802776e-18,5.49367551210475e-12,3.14485806089656e-18,8.14590888792997e-20,0.379626967628849,4.235445671231e-20,0.785398163397448,0.785398163397448,0,0,0.785398163397448,0,-1.06870608679083e-13,1.45509155485858e-11,7.26772461161646e-12,0,1,35.0000000000098,0.379626967628505,-2.5486379395908e-20
0.0375,32.5081027705966,-1.39453425125143e-19,12.9700907574834,5.30488574710897e-18,8.21611778202786e-12,4.15986303672635e-18,2.33049662599097e-19,0.379626967628934,9.96043106122403e-20,0.785398163397448,0.785398163397448,0,0,0.785398163397448,0,-1.55100714450613e-13,-9.77239403914889e-16,-1.55830739420536e-14,0,1,35.0000000000147,0.379626967628419,-3.98438357500242e-21
0.05,32.5081027706018,-2.20753231654624e-19,12.9700907574835,5.30401398870144e-18,1.09217661237756e-11,4.1554791128919e-18,3.2009058553962e-19,0.379626967629054,1.55559070005776e-19,0.785398163397448,0.785398163397448,0,0,0.785398163397448,0,5.8865473798573e-13,-9.74617962939741e-16,-1.45675017842033e-11,0,1,35.0000000000195,0.379626967628367,-6.30723519012858e-21
0.0625,32.5081027706065,9.3335090196325e-19,12.9700907574847,5.21142550074898e-18,1.36102253864145e-11,2.11630611292121e-18,3.95793319082332e-19,0.379626967629207,1.84041167539848e-19,0.785398163397448,0.785398163397448,0,0,0.785398163397448,0,-1.22807278743003e-12,-1.820095768604e-12,-1.54692435786872e-11,0,1,35.0000000000244,0.379626967628348,2.66671686275029e-20
0.075,32.5081027706108,1.67332904241922e-18,12.970090757487,2.50543410891295e-17,1.62811167892625e-11,2.21709033880264e-18,4.51404398876633e-19,0.379626967629394,1.8322662397909e-19,0.785398163397448,0.785398163397448,0,0,0.785398163397448,0,8.16171606693887e-14,-2.91095061364087e-11,-7.2773725416627e-12,0,1,35.0000000000292,0.379626967628362,4.7809401211938e-20
0.0875,32.5081027706146,3.42496822448281e-18,12.9700907574902,3.03134525443019e-17,1.89340648184883e-11,5.36502783111687e-18,6.40949470836906e-19,0.379626967629614,1.96885567075018e-19,0.785398163397448,0.785398163397448,0,0,0.785398163397448,0,-1.10057403643536e-12,-6.76161742917572e-15,-7.28545181731557e-12,0,1,35.0000000000339,0.379626967628408,9.78562349851283e-20
0.1,32.508102770618,5.71577103692056e-18,12.9700907574946,2.50929530484313e-17,2.1568700376967e-11,3.23468075540596e-18,1.04093431102081e-18,0.379626967629868,2.5536380682727e-19,0.785398163397448,0.785398163397448,0,0,0.785398163397448,0,2.2635369043578e-13,-5.75980792385352e-15,-7.27742539941143e-12,0,1,35.0000000000387,0.379626967628487,1.63307743911835e-19
0.1125,32.508102770621,8.59342311584244e-18,12.9700907574999,4.04605488641858e-17,2.41846695348805e-11,3.51049383639906e-18,1.36504900417804e-18,0.379626967630154,2.8518665109854e-19,0.785398163397448,0.785398163397448,0,0,0.785398163397448,0,2.9941192280786e-13,-9.36306478042811e-15,7.27403678842655e-12,0,1,35.0000000000434,0.379626967628598,2.45526374738051e-19
0.125,32.5081027706235,1.25509647080849e-17,12.9700907575063,3.02061025390272e-17,2.6781619973337e-11,3.32633970156816e-18,1.8939233076525e-18,0.379626967630472,3.46133935042073e-19,0.785398163397448,0.785398163397448,0,0,0.785398163397448,0,6.10853641760698e-13,2.90966787998315e-11,2.91025555659594e-11,0,1,35.0000000000481,0.37962696762874,3.58598991659075e-19
0.1375,32.5081027706255,1.54607148733744e-17,12.9700907575136,4.0630629466248e-17,2.93592136017941e-11,7.5808397013237e-18,2.43967947461218e-18,0.379626967630823,4.48193816901538e-19,0.785398163397448,0.785398163397448,0,0,0.785398163397448,0,1.30332091768485e-13,-4.36651434627878e-11,-2.1837654878382e-11,0,1,35.0000000000528,0.379626967628914,4.41734710667174e-19
0.15,32.5081027706272,1.68008045911312e-17,12.970090757522,3.028684595925e-17,3.19171167905054e-11,5.36104191442962e-18,2.7748438867495e-18,0.379626967631206,5.05374802234144e-19,0.785398163397448,0.785398163397448,0,0,0.785398163397448,0,-1.94244592895118e-13,-2.91110253056325e-11,-7.2775623982679e-12,0,1,35.0000000000574,0.379626967629118,4.80022988317246e-19
0.1625,32.5081027706284,1.81456480957336e-17,12.9700907575313,2.51595046971968e-17,3.44550047653198e-11,5.27000919374255e-18,3.04546806992683e-18,0.379626967631621,5.61345134815437e-19,0.785398163397448,0.785398163397448,0,0,0.785398163397448,0,-1.99899399177935e-12,-6.06824806177289e-15,-1.45532343942396e-11,0,1,35.0000000000619,0.379626967629352,5.18447088448615e-19
0.175,32.5081027706292,1.92357516211559e-17,12.9700907575416,2.49718068427631e-17,3.69725654925035e-11,1.19779442988746e-18,3.37491138604371e-18,0.379626967632068,6.04853227795536e-19,0.785398163397448,0.785398163397448,0,0,0.785398163397448,0,5.16929280478059e-13,1.45456243988261e-11,1.41137958297002e-14,0,1,35.0000000000665,0.379626967629616,5.49592903460555e-19
0.1875,32.5081027706295,2.55708147199095e-17,12.9700907575528,3.5214470585805e-17,3.94694833144886e-11,1.38509433900861e-18,3.75752195675975e-18,0.379626967632545,6.22233964042764e-19,0.785398163397448,0.785398163397448,0,0,0.785398163397448,0,5.9167350758347e-13,1.45430779801183e-11,2.11744994361929e-14,0,1,35.000000000071,0.37962696762991,7.30594706281648e-19
0.2,32.5081027706295,3.27046825053611e-17,12.9700907575649,4.02856478719111e-17,4.19454643017135e-11,4.64145373346628e-19,4.26909413394531e-18,0.379626967633054,6.42148502055833e-19,0.785398163397448,0.785398163397448,0,0,0.785398163397448,0,-9.19124310993618e-13,1.45416287989951e-11,7.30473577545169e-12,0,1,35.0000000000754,0.379626967630233,9.3441950015116e-19
0.2125,32.508102770629,3.74269945707472e-17,12.970090757578,3.51081131099877e-17,4.44002153465794e-11,-6.3924774020545e-19,4.84511522380989e-18,0.379626967633594,6.63389769410461e-19,0.785398163397448,0.785398163397448,0,0,0.785398163397448,0,1.04227319031717e-12,1.4542598894963e-11,7.30550693427615e-12,0,1,35.0000000000798,0.379626967630584,1.06934270201891e-18
0.225,32.5081027706281,4.4654523411134e-17,12.9700907575919,4.02249793109404e-17,4.68334493232136e-11,-5.3845487829068e-19,5.35091912787632e-18,0.379626967634164,6.69782905238467e-19,0.785398163397448,0.785398163397448,0,0,0.785398163397448,0,1.00227792485637e-13,-4.36700197977769e-11,-3.63429202086466e-11,0,1,35.0000000000841,0.379626967630964,1.27584352602933e-18
0.2375,32.5081027706268,5.12119405106312e-17,12.9700907576068,1.94011771245756e-17,4.9244892770119e-11,-8.01991443095789e-18,5.62922912538183e-18,0.379626967634765,5.90366749248375e-19,0.785398163397448,0.785398163397448,0,0,0.785398163397448,0,-1.59731100339794e-12,-1.45620512102778e-11,2.18892924389023e-11,0,1,35.0000000000884,0.379626967631371,1.46319830030005e-18
0.25,32.5081027706251,5.4832390320461e-17,12.9700907576225,1.44551719075696e-17,5.16342813213825e-11,-4.02281196539878e-18,5.78420123678954e-18,0.379626967635395,5.22434056701091e-19,0.785398163397448,0.785398163397448,0,0,0.785398163397448,0,-4.50854630055891e-13,-8.89493316461972e-15,-7.2223874594003e-12,0,1,35.0000000000926,0.379626967631807,1.5666397234376e-18
0.2625,32.5081027706229,5.86950823344091e-17,12.970090757639,1.95275963769477e-17,5.40013490811608e-11,-4.93357145387946e-18,5.93917757472695e-18,0.379626967636056,4.54687652303311e-19,0.785398163397448,0.785398163397448,0,0,0.785398163397448,0,2.94093456802172e-13,1.45416787908876e-11,1.4612894892813e-11,0,1,35.0000000000968,0.379626967632269,1.67700235240705e-18
0.275,32.5081027706204,6.41714866298904e-17,12.9700907576565,2.47359089925008e-17,5.6345847870801e-11,-2.78912906039855e-18,6.23448119910454e-18,0.379626967636745,4.17052953210528e-19,0.785398163397448,0.785398163397448,0,0,0.785398163397448,0,-6.57305547035065e-13,-1.45634048704917e-11,-2.17673636695233e-11,0,1,35.0000000001009,0.379626967632758,1.83347104656301e-18
0.2875,32.5081027706175,6.90891139045499e-17,12.9700907576747,1.94220062710819e-17,5.86675341464377e-11,-6.93563441179504e-18,6.44830168847173e-18,0.379626967637464,3.37274330485381e-19,0.785398163397448,0.785398163397448,0,0,0.785398163397448,0,-8.20474227779975e-14,-1.06664410535755e-14,-7.2066949315941e-12,0,1,35.000000000105,0.379626967633273,1.97397468298122e-18
0.3,32.5081027706142,7.60647369423878e-17,12.9700907576938,1.41080033374441e-17,6.09661726888255e-11,-1.10798964908295e-17,6.65084081212917e-18,0.379626967638212,2.30356040317539e-19,0.785398163397448,0.785398163397448,0,0,0.785398163397448,0,6.05344694328851e-13,1.45420045771086e-11,9.23467221291857e-14,0,1,35.0000000001089,0.379626967633814,2.17327819834717e-18
0.3125,32.5081027706105,8.50246049880843e-17,12.9700907577136,1.40554514750919e-17,6.3241534434437e-11,-1.20716586268725e-17,6.83646662101272e-18,0.379626967638989,8.26484360206051e-20,0.785398163397448,0.785398163397448,0,0,0.785398163397448,0,3.8337659172627e-13,-1.45621639427289e-11,7.37621589739151e-12,0,1,35.0000000001129,0.37962696763438,2.42927442822315e-18
0.325,32.5081027706064,9.08583209755641e-17,12.9700907577343,9.01810061576524e-18,6.5493398245383e-11,-1.00984462486399e-17,6.89313432483248e-18,0.379626967639793,-6.71538709681671e-20,0.785398163397448,0.785398163397448,0,0,0.785398163397448,0,3.85244313640554e-13,-1.45610888342e-11,9.31138715888241e-14,0,1,35.0000000001167,0.379626967634972,2.5959520278646e-18
0.3375,32.5081027706019,9.64280317038396e-17,12.9700907577557,1.41375121788423e-17,6.77215522263512e-11,-9.97964503710143e-18,6.89102254880683e-18,0.379626967640626,-2.04120520175816e-19,0.785398163397448,0.785398163397448,0,0,0.785398163397448,0,7.23606936454171e-13,-9.10547083283912e-12,-1.71865908569578e-12,0,1,35.0000000001205,0.379626967635588,2.75508662010022e-18
0.35,32.508102770597,1.03530350943258e-16,12.9700907577779,1.60864429609946e-17,6.9925792389668e-11,-9.15233423672357e-18,6.97627217645575e-18,0.379626967641486,-3.42438593415787e-19,0.785398163397448,0.785398163397448,0,0,0.785398163397448,0,-1.34335089581946e-14,-1.45630724688649e-11,1.00442620168287e-13,0,1,35.0000000001242,0.379626967636229,2.95801002693974e-18
0.3625,32.5081027705918,1.09035807180045e-16,12.9700907578008,1.0955506021087e-17,7.21059219263318e-11,-9.2149931441338e-18,7.06723008036828e-18,0.379626967642374,-4.66658655921529e-19,0.785398163397448,0.785398163397448,0,0,0.785398163397448,0,4.59539922536561e-14,5.81939433996142e-11,1.46599842170687e-11,0,1,35.0000000001278,0.379626967636893,3.11530877656135e-18
0.375,32.5081027705862,1.16182237457319e-16,12.9700907578245,1.08533737893351e-17,7.42617488331208e-11,-1.122324265142e-17,7.42756980198169e-18,0.379626967643289,-5.58121463561113e-19,0.785398163397448,0.785398163397448,0,0,0.785398163397448,0,-6.21059445861725e-13,-1.4565957274177e-11,-1.44357514420849e-11,0,1,35.0000000001314,0.37962696763758,3.31949249876809e-18
0.3875,32.5081027705802,1.22286016560124e-16,12.9700907578489,5.52091950520496e-19,7.63930921013109e-11,-1.23905762635209e-17,7.43148018533321e-18,0.379626967644231,-7.37596474998263e-19,0.785398163397448,0.785398163397448,0,0,0.785398163397448,0,1.36536663351816e-12,-1.19458464589891e-14,1.24320342048501e-13,0,1,35.0000000001348,0.379626967638291,3.49388618741864e-18
0.4,32.5081027705738,1.2881940082538e-16,12.970090757874,-9.65672441034278e-18,7.8499779775764e-11,-1.15198542100865e-17,7.37663002654307e-18,0.379626967645199,-9.04117931637001e-19,0.785398163397448,0.785398163397448,0,0,0.785398163397448,0,-5.15618157540727e-13,-1.45616851540005e-11,-7.15114072291527e-12,0,1,35.0000000001382,0.379626967639024,3.68055430928204e-18
0.4125,32.5081027705671,1.315788371409e-16,12.9700907578998,-2.50787677728171e-17,8.05816441731466e-11,-1.27775424156865e-17,7.12836328452054e-18,0.379626967646193,-1.07386130420496e-18,0.785398163397448,0.785398163397448,0,0,0.785398163397448,0,9.43715190929587e-14,-4.36621403423924e-11,-7.14297309348405e-12,0,1,35.0000000001415,0.379626967639779,3.75939534686765e-18
0.425,32.50810277056,1.28824504853789e-16,12.9700907579262,-4.05413077467337e-17,8.2638522841886e-11,-1.50517121497501e-17,6.55205749380135e-18,0.379626967647213,-1.26298429171871e-18,0.785398163397448,0.785398163397448,0,0,0.785398163397448,0,-1.07534465585191e-13,-1.45548016928456e-11,-7.14194429138287e-12,0,1,35.0000000001448,0.379626967640556,3.68070013866446e-18
0.4375,32.5081027705526,1.28070512994137e-16,12.9700907579533,-4.05860635722663e-17,8.46702685067157e-11,-1.60320511884027e-17,5.90015684878723e-18,0.379626967648259,-1.48024214650609e-18,0.785398163397448,0.785398163397448,0,0,0.785398163397448,0,8.79715118043024e-13,1.45490084488501e-11,1.34248097921727e-13,0,1,35.0000000001479,0.379626967641355,3.65915751410274e-18
0.45,32.5081027705448,1.29286583199888e-16,12.9700907579811,-3.02477377666087e-17,8.66767341623569e-11,-1.37741497740091e-17,5.3774727730376e-18,0.37962696764933,-1.69451722538261e-18,0.785398163397448,0.785398163397448,0,0,0.785398163397448,0,-1.99032714763009e-12,-5.19022087891325e-15,-2.89705153393024e-11,0,1,35.0000000001509,0.379626967642174,3.69390237712372e-18
0.4625,32.5081027705366,1.30678491799877e-16,12.9700907580095,-3.55111955293333e-17,8.86577820371085e-11,-1.68817685555599e-17,4.90815057101973e-18,0.379626967650426,-1.93446886147956e-18,0.785398163397448,0.785398163397448,0,0,0.785398163397448,0,1.05100122226072e-12,-1.45561194369767e-11,-1.44103483196828e-11,0,1,35.0000000001539,0.379626967643014,3.73367119426577e-18
0.475,32.5081027705281,1.33533220075773e-16,12.9700907580385,-4.07730450555601e-17,9.0613283601847e-11,-1.99870993461666e-17,4.30434668261445e-18,0.379626967651547,-2.19004866039167e-18,0.785398163397448,0.785398163397448,0,0,0.785398163397448,0,1.12845718819811e-12,3.09195534021026e-11,7.42586112357415e-12,0,1,35.0000000001568,0.379626967643874,3.81523485929071e-18
0.4875,32.5081027705193,1.37979974080789e-16,12.9700907580681,-2.47171807775679e-17,9.25431138462878e-11,-1.8640242376068e-17,3.83783327720889e-18,0.379626967652691,-2.44242634876043e-18,0.785398163397448,0.785398163397448,0,0,0.785398163397448,0,-7.17547407177839e-13,-7.01862044581454e-15,1.49214940734897e-13,0,1,35.0000000001595,0.379626967644753,3.94228497371885e-18
0.5,32.5081027705101,1.40197351514801e-16,12.9700907580983,-2.98899825435179e-17,9.44471596846013e-11,-1.97077549462397e-17,3.43598972524921e-18,0.37962696765386,-2.69300964063676e-18,0.785398163397448,0.785398163397448,0,0,0.785398163397448,0,-3.43198041810899e-13,-5.96535158889563e-15,1.5693477818105e-13,0,1,35.0000000001622,0.379626967645652,4.00563861469003e-18
0.5125,32.5081027705006,1.43851041954998e-16,12.9700907581291,-2.98004994231877e-17,9.63253109528242e-11,-1.76269267242734e-17,2.96417286243522e-18,0.379626967655053,-2.95794507977872e-18,0.785398163397448,0.785398163397448,0,0,0.785398163397448,0,-1.56298277885602e-12,-2.91098188305628e-11,-7.12650636113247e-12,0,1,35.0000000001648,0.37962696764657,4.11002977012344e-18
0.525,32.5081027704907,1.42598268137435e-16,12.9700907581605,-3.49709156330297e-17,9.81774663545878e-11,-1.86941581119142e-17,2.36918111588153e-18,0.379626967656268,-3.21106636913054e-18,0.785398163397448,0.785398163397448,0,0,0.785398163397448,0,-1.48182475784493e-12,1.4547093511958e-11,1.56968068757884e-13,0,1,35.0000000001672,0.379626967647506,4.07423623247867e-18
0.5375,32.5081027704806,1.43968855458169e-16,12.9700907581924,-2.98492478453732e-17,1.00003528082364e-10,-1.85586264696132e-17,1.90341895114892e-18,0.379626967657507,-3.46112593186944e-18,0.785398163397448,0.785398163397448,0,0,0.785398163397448,0,-3.0008045732017e-14,-1.45579488763645e-11,-7.1191288102463e-12,0,1,35.0000000001696,0.37962696764846,4.11339587021345e-18
0.55,32.5081027704701,1.45591083396003e-16,12.9700907582248,-4.53536364114657e-17,1.01803410859051e-10,-2.17169313403043e-17,1.36768296027813e-18,0.379626967658768,-3.72553776777587e-18,0.785398163397448,0.785398163397448,0,0,0.785398163397448,0,-9.14397260778661e-13,-2.70943530892198e-15,-7.11048719634907e-12,0,1,35.0000000001719,0.379626967649432,4.15974523986536e-18
0.5625,32.5081027704592,1.45988903777566e-16,12.9700907582577,-5.05232001697969e-17,1.03577034441319e-10,-2.27797784386674e-17,6.8691849852976e-19,0.379626967660052,-4.03120354258577e-18,0.785398163397448,0.785398163397448,0,0,0.785398163397448,0,-1.5655501716354e-13,-1.59691242987573e-15,1.65977026369084e-13,0,1,35.000000000174,0.379626967650421,4.17111153648114e-18
0.575,32.5081027704481,1.46557687985178e-16,12.9700907582912,-5.04763737465478e-17,1.05324323787598e-10,-2.17148528140643e-17,-5.8108153612827e-20,0.379626967661358,-4.33746543158077e-18,0.785398163397448,0.785398163397448,0,0,0.785398163397448,0,-1.39982243695557e-13,-1.45534814463611e-11,-2.16621654150231e-11,0,1,35.0000000001761,0.379626967651427,4.18736251384115e-18
0.5875,32.5081027704366,1.46447595397424e-16,12.9700907583252,-5.57373086716333e-17,1.07045213119895e-10,-2.48133577021082e-17,-8.78702854084819e-19,0.379626967662685,-4.67175089046063e-18,0.785398163397448,0.785398163397448,0,0,0.785398163397448,0,9.75117453236031e-14,1.4551384266877e-11,1.47257839763859e-11,0,1,35.000000000178,0.379626967652449,4.18421701133368e-18
0.6,32.5081027704249,1.46024756060904e-16,12.9700907583596,-6.0860213195456e-17,1.08739638406139e-10,-2.48576409342914e-17,-1.62322534058857e-18,0.379626967664034,-4.9767179035752e-18,0.785398163397448,0.785398163397448,0,0,0.785398163397448,0,-7.38698172506666e-13,1.45543468759873e-11,2.20019104946671e-11,0,1,35.0000000001799,0.379626967653488,4.17213588743296e-18
0.6125,32.5081027704128,1.44889990715726e-16,12.9700907583945,-7.11514493939793e-17,1.1040754469484e-10,-2.60141481082719e-17,-2.42633900255505e-18,0.379626967665404,-5.26857349107241e-18,0.785398163397448,0.785398163397448,0,0,0.785398163397448,0,1.49114603320345e-12,2.98742776251828e-15,1.74662212988009e-13,0,1,35.0000000001816,0.379626967654542,4.13971402042783e-18
0.625,32.5081027704004,1.43825094162632e-16,12.9700907584299,-7.57223087126179e-17,1.12048886100099e-10,-2.80824136555744e-17,-3.44532232081631e-18,0.379626967666794,-5.61834736883789e-18,0.785398163397448,0.785398163397448,0,0,0.785398163397448,0,-4.41150595911674e-13,1.4555869145708e-11,7.45840955409339e-12,0,1,35.0000000001832,0.379626967655611,4.10928840462511e-18
0.6375,32.5081027703877,1.42180497370346e-16,12.9700907584656,-6.53785195326966e-17,1.13663622513747e-10,-2.58120347765233e-17,-4.46158708685692e-18,0.379626967668205,-5.98100021359978e-18,0.785398163397448,0.785398163397448,0,0,0.785398163397448,0,-7.22058405144376e-13,-1.45501513897488e-11,-7.10171503295226e-12,0,1,35.0000000001847,0.379626967656695,4.0622999248456e-18
0.65,32.5081027703748,1.41476287951192e-16,12.9700907585019,-8.59615846718109e-17,1.15251714268599e-10,-2.81669721791199e-17,-5.47756546270085e-18,0.379626967669636,-6.34299628026561e-18,0.785398163397448,0.785398163397448,0,0,0.785398163397448,0,-1.4604480964422e-12,6.37449521009844e-15,7.45155270068075e-12,0,1,35.000000000186,0.379626967657794,4.04217965572685e-18
0.6625,32.5081027703615,1.35876250899371e-16,12.9700907585385,-8.07850719529881e-17,1.16813136876775e-10,-2.70086467936332e-17,-6.6867436924845e-18,0.379626967671086,-6.70803438592793e-18,0.785398163397448,0.785398163397448,0,0,0.785398163397448,0,-1.58017883549409e-12,2.91092670051929e-11,1.47195669182983e-11,0,1,35.0000000001873,0.379626967658906,3.8821785971041e-18
0.675,32.5081027703479,1.33890552146144e-16,12.9700907585755,-6.9794336017366e-17,1.18347866075383e-10,-2.46037875639617e-17,-7.69078385690113e-18,0.379626967672556,-7.04132266254132e-18,0.785398163397448,0.785398163397448,0,0,0.785398163397448,0,-1.74650271721987e-12,1.45550321175113e-11,-7.11659612815072e-12,0,1,35.0000000001884,0.379626967660032,3.82544434701208e-18
0.6875,32.5081027703341,1.30306478591746e-16,12.9700907586129,-6.46669900997412e-17,1.198558870751e-10,-2.44664410143703e-17,-8.62692726275548e-18,0.379626967674045,-7.38461674624433e-18,0.785398163397448,0.785398163397448,0,0,0.785398163397448,0,-5.45507495124271e-13,-4.36519029164916e-11,-7.11702574625856e-12,0,1,35.0000000001894,0.379626967661172,3.7230422454583e-18
0.7,32.50810277032,1.26651255730332e-16,12.9700907586507,-8.00321273082828e-17,1.21337186244549e-10,-2.46968220029209e-17,-9.75631578830437e-18,0.379626967675552,-7.73100132212868e-18,0.785398163397448,0.785398163397448,0,0,0.785398163397448,0,8.72582208980074e-13,4.366144288059e-11,7.43528413095896e-12,0,1,35.0000000001903,0.379626967662324,3.61860730656123e-18
0.7125,32.5081027703056,1.26484960206351e-16,12.9700907586889,-6.85800857148051e-17,1.22791762671771e-10,-2.62293848016563e-17,-1.06805663182959e-17,0.379626967677078,-8.04566458172964e-18,0.785398163397448,0.785398163397448,0,0,0.785398163397448,0,-9.4129032123545e-13,5.8210650693854e-11,2.92631758711483e-11,0,1,35.0000000001911,0.379626967663489,3.613856005876e-18
0.725,32.5081027702909,1.27566231032729e-16,12.9700907587274,-4.27705396711606e-17,1.24219618924651e-10,-2.15274901244883e-17,-1.13878572348955e-17,0.379626967678622,-8.33859851754204e-18,0.785398163397448,0.785398163397448,0,0,0.785398163397448,0,-6.36880895127814e-13,-2.69941363393015e-15,1.50060973663334e-13,0,1,35.0000000001917,0.379626967664666,3.644749458058e-18
0.7375,32.5081027702759,1.2931027981524e-16,12.9700907587662,-3.76007905198751e-17,1.25620759538979e-10,-2.03753041222863e-17,-1.20297474045564e-17,0.379626967680184,-8.62803695812901e-18,0.785398163397448,0.785398163397448,0,0,0.785398163397448,0,-1.24055023456667e-12,2.90999532057988e-11,2.19775271426095e-11,0,1,35.0000000001922,0.379626967665854,3.69457942327228e-18
0.75,32.5081027702607,1.29535995167806e-16,12.9700907588053,-2.20481284545325e-17,1.2699519732417e-10,-1.59867401487058e-17,-1.24553044425908e-17,0.379626967681763,-8.85838036101772e-18,0.785398163397448,0.785398163397448,0,0,0.785398163397448,0,-1.88665299820597e-12,5.82004571511992e-11,2.92446015085483e-11,0,1,35.0000000001926,0.379626967667054,3.70102843334553e-18
0.7625,32.5081027702453,1.28749656697194e-16,12.9700907588448,1.40418714454857e-17,1.28342954164224e-10,-1.02165273163131e-17,-1.25299228494758e-17,0.379626967683359,-9.01350276559324e-18,0.785398163397448,0.785398163397448,0,0,0.785398163397448,0,-2.56953734183806e-12,1.45367861937763e-11,-7.85888267857608e-13,0,1,35.0000000001928,0.379626967668265,3.67856161989957e-18
0.775,32.5081027702295,1.32798950787969e-16,12.9700907588845,3.68667566196269e-18,1.29664053296079e-10,-1.25298929938442e-17,-1.23415232849968e-17,0.379626967684971,-9.15124589700051e-18,0.785398163397448,0.785398163397448,0,0,0.785398163397448,0,-3.30133504870207e-12,-2.91168481654333e-11,-1.44199463009226e-11,0,1,35.0000000001929,0.379626967669486,3.79425573677821e-18
0.7875,32.5081027702135,1.33430724878281e-16,12.9700907589246,-6.70456620273522e-18,1.30958528579185e-10,-1.57307112984949e-17,-1.24982026067635e-17,0.3796269676866,-9.34951073146342e-18,0.785398163397448,0.785398163397448,0,0,0.785398163397448,0,-3.56199378275684e-13,-1.0836013103919e-14,1.40383912730215e-13,0,1,35.0000000001929,0.379626967670718,3.81230642507273e-18
0.8,32.5081027701973,1.3945434119423e-16,12.9700907589648,-6.75629832377566e-18,1.32226413111031e-10,-1.67089924045223e-17,-1.26604016915547e-17,0.379626967688245,-9.5609539815389e-18,0.785398163397448,0.785398163397448,0,0,0.785398163397448,0,8.62916063629245e-14,2.90927533460952e-11,-7.12783762941619e-12,0,1,35.0000000001928,0.379626967671959,3.98440974838463e-18
0.8125,32.5081027701808,1.47831824090858e-16,12.9700907590054,3.39217304034916e-18,1.33467750788609e-10,-1.85191822909815e-17,-1.2704761735848e-17,0.379626967689906,-9.79678630293947e-18,0.785398163397448,0.785398163397448,0,0,0.785398163397448,0,-1.3993231590577e-12,-1.45656969463758e-11,-7.11298382200314e-12,0,1,35.0000000001925,0.37962696767321,4.22376640257272e-18
0.825,32.508102770164,1.514633848548e-16,12.9700907590462,-1.78445502963138e-18,1.34682587464823e-10,-1.95827505128851e-17,-1.28248128193978e-17,0.379626967691582,-1.00606563729718e-17,0.785398163397448,0.785398163397448,0,0,0.785398163397448,0,-1.52180613280279e-12,-1.27737745038601e-14,1.7077531954585e-13,0,1,35.000000000192,0.37962696767447,4.32752528154198e-18
0.8375,32.5081027701471,1.55468262075e-16,12.9700907590872,8.45644746634555e-18,1.35870975916259e-10,-1.93516040488424e-17,-1.29447065873981e-17,0.379626967693273,-1.03238839836656e-17,0.785398163397448,0.785398163397448,0,0,0.785398163397448,0,-2.09871077402245e-12,1.6355663813835e-11,-7.10537557512876e-12,0,1,35.0000000001915,0.379626967675738,4.44195034497571e-18
0.85,32.5081027701298,1.63155401200302e-16,12.9700907591285,1.42100309965954e-17,1.37032972603337e-10,-1.91998343974115e-17,-1.28685306155452e-17,0.379626967694979,-1.05963193212976e-17,0.785398163397448,0.785398163397448,0,0,0.785398163397448,0,-2.26861873265465e-12,2.90870263392401e-11,1.77890522968733e-13,0,1,35.0000000001908,0.379626967677015,4.66158289141179e-18
0.8625,32.5081027701124,1.7289567891517e-16,12.9700907591699,2.44453161764952e-17,1.38168639221235e-10,-1.89659130615991e-17,-1.26575835418675e-17,0.379626967696699,-1.08519114250027e-17,0.785398163397448,0.785398163397448,0,0,0.785398163397448,0,-2.37530691633996e-12,-1.45749259427153e-11,-1.52762725668698e-11,0,1,35.0000000001899,0.3796269676783,4.93987654040663e-18
0.875,32.5081027700947,1.8187262297264e-16,12.9700907592116,1.40869669218682e-17,1.39278045351773e-10,-2.12598120717305e-17,-1.2523081295895e-17,0.379626967698433,-1.11371728910552e-17,0.785398163397448,0.785398163397448,0,0,0.785398163397448,0,-2.70111687102507e-13,1.45308558945849e-11,1.47456977511242e-11,0,1,35.0000000001889,0.379626967679593,5.19636065633308e-18
0.8875,32.5081027700768,1.91078092244176e-16,12.9700907592534,1.92434608918953e-17,1.40361263870618e-10,-2.00957727914193e-17,-1.23771534339862e-17,0.379626967700181,-1.13942798633376e-17,0.785398163397448,0.785398163397448,0,0,0.785398163397448,0,-3.83102673205693e-14,4.36332672758441e-11,1.47528298002326e-11,0,1,35.0000000001878,0.379626967680893,5.45937406409002e-18
0.9,32.5081027700586,2.01120501572296e-16,12.9700907592954,2.43515171296307e-17,1.4141837307119e-10,-1.99483688721564e-17,-1.20319523838206e-17,0.379626967701942,-1.16332385767702e-17,0.785398163397448,0.785398163397448,0,0,0.785398163397448,0,-1.94576449121989e-13,-2.39712318591751e-14,1.47603000229238e-11,0,1,35.0000000001865,0.379626967682199,5.74630004489214e-18
0.9125,32.5081027700403,2.10945786200098e-16,12.9700907593376,1.4043489255487e-17,1.42449456817657e-10,-2.10933365155537e-17,-1.18156849110206e-17,0.379626967703716,-1.18739031896964e-17,0.785398163397448,0.785398163397448,0,0,0.785398163397448,0,-1.30902004220302e-13,-2.91258248511308e-11,-2.1611120027995e-11,0,1,35.000000000185,0.379626967683513,6.02702246282808e-18
0.925,32.5081027700217,2.20247168031888e-16,12.9700907593799,8.81668701013579e-18,1.43454597885232e-10,-2.31581622809751e-17,-1.18912387646676e-17,0.379626967705503,-1.22009642844178e-17,0.785398163397448,0.785398163397448,0,0,0.785398163397448,0,-1.22053742000171e-12,-1.45731328163475e-11,2.25170747823198e-13,0,1,35.0000000001835,0.379626967684832,6.29277622944952e-18
0.9375,32.5081027700029,2.27436844372563e-16,12.9700907594223,1.39751274245397e-17,1.4443389460642e-10,-2.19840534041842e-17,-1.19609511127953e-17,0.379626967707303,-1.25134432296908e-17,0.785398163397448,0.785398163397448,0,0,0.785398163397448,0,2.35858533622348e-14,4.36331753190118e-11,2.20600548835898e-11,0,1,35.0000000001817,0.379626967686158,6.49819555346806e-18
0.95,32.5081027699839,2.38531391004505e-16,12.9700907594649,2.94230232555509e-17,1.45387441134917e-10,-1.96085576881045e-17,-1.16853449612239e-17,0.379626967709114,-1.27640490459726e-17,0.785398163397448,0.785398163397448,0,0,0.785398163397448,0,-7.61012724082104e-13,-4.36820889631469e-11,-7.04434496392408e-12,0,1,35.0000000001799,0.379626967687489,6.8151826000937e-18
0.9625,32.5081027699647,2.48948431077856e-16,12.9700907595076,8.77662329663299e-18,1.46315339514057e-10,-2.2964027703017e-17,-1.16144581701551e-17,0.379626967710937,-1.30449209795414e-17,0.785398163397448,0.785398163397448,0,0,0.785398163397448,0,-1.50257739032039e-12,-1.45740548898793e-11,-7.0278462585798e-12,0,1,35.0000000001778,0.379626967688825,7.11281231647405e-18
0.975,32.5081027699452,2.56757357710199e-16,12.9700907595504,3.59390503866241e-18,1.47217695456006e-10,-2.40038701372923e-17,-1.16893420999907e-17,0.379626967712772,-1.33684509155659e-17,0.785398163397448,0.785398163397448,0,0,0.785398163397448,0,-1.39710596780114e-12,4.36309268526634e-11,2.20840234306234e-11,0,1,35.0000000001756,0.379626967690166,7.33592450596886e-18
0.9875,32.5081027699256,2.66509113701917e-16,12.9700907595932,2.42115765075777e-17,1.48094618560754e-10,-2.05114936902563e-17,-1.15535659112158e-17,0.379626967714618,-1.36461948328704e-17,0.785398163397448,0.785398163397448,0,0,0.785398163397448,0,-9.94406745035122e-13,1.45222449841661e-11,-7.02095355628615e-12,0,1,35.0000000001733,0.379626967691511,7.61454610573136e-18
1,32.5081020669178,0.000137615798491843,12.9700894520829,1.86576410659757e-05,1.99612630434765e-07,6.77922359999592e-06,-1.12942971402437e-17,0.379626967716474,-1.39342366813629e-17,0.785398163397448,0.785398163397448,0,0,0.785398163397448,0,132.021551376663,51.4410836816229,45.6845199296583,0,1,34.9999988629587,0.37962694043714,3.93188008465451e-06
1.0125,32.5081005915137,0.000413012369800815,12.9700870084021,5.49525703023773e-05,5.97088863218874e-07,2.00989963629754e-05,5.30552398920966e-07,0.379626972700405,1.81663033408824e-07,0.785398163397448,0.785398163397448,0,0,0.785398163397448,0,131.87143885079,50.0324960695767,44.9143663921339,0,1,34.9999965892008,0.379626891209946,1.18003545731154e-05
1.025,32.5080990471066,0.000688564007017461,12.9700847339525,9.02580766476209e-05,9.93035130120286e-07,3.31888779461171e-05,1.57437812862251e-06,0.379626982643103,5.41015662163898e-07,0.785398163397448,0.785398163397448,0,0,0.785398163397448,0,131.749499634452,48.6578405762237,44.167207778921,0,1,34.9999943162355,0.37962684720427,1.96732605394302e-05
1.0375,32.5080974340561,0.000964262205081769,12.9700826269243,0.000124598041604588,1.38739313185058e-06,4.60556457375013e-05,3.1181311686102e-06,0.379626997524573,1.07501018434252e-06,0.785398163397448,0.785398163397448,0,0,0.785398163397448,0,131.655004733546,47.3162749685233,43.4424618489756,0,1,34.9999920437295,0.37962680836827,2.75503549829094e-05
1.05,32.5080957527257,0.00124009806423341,12.9700806855018,0.000157995753839187,1.78010514736436e-06,5.8705905649985e-05,5.14879363745892e-06,0.379627017323865,1.78068894978569e-06,0.785398163397448,0.785398163397448,0,0,0.785398163397448,0,131.587243455436,46.0069781293326,42.7395605129267,0,1,34.9999897713507,0.379626774649919,3.54313836259449e-05
1.0625,32.5080940034828,0.00151606230156579,12.9700789078637,0.000190473924038915,2.17111406642783e-06,7.11460962959875e-05,7.6536676315144e-06,0.379627042019101,2.65518208040848e-06,0.785398163397448,0.785398163397448,0,0,0.785398163397448,0,131.545522952622,44.7291495304443,42.0579494817316,0,1,34.9999874987682,0.379626745996997,4.33160812441216e-05
1.075,32.5080921866985,0.00179214526234563,12.9700772921834,0.000222054699400435,2.56036342023121e-06,8.33824930586013e-05,1.06203672675568e-05,0.379627071587495,3.69570524601134e-06,0.785398163397448,0.785398163397448,0,0,0.785398163397448,0,131.529167777806,43.4820087187724,41.3970879243199,0,1,34.9999852256523,0.3796267223571,5.12041719896286e-05
1.0875,32.508090302748,0.00206833693110367,12.9700758366284,0.000252759677755586,2.94779741011727e-06,9.54212120616681e-05,1.4036810924326e-05,0.37962710600538,4.89955749420127e-06,0.785398163397448,0.785398163397448,0,0,0.785398163397448,0,131.53751945,42.2647948149722,40.7564481337095,0,1,34.9999829516748,0.379626703677628,5.90953697081317e-05
1.1,32.5080883520105,0.00234462694250181,12.9700745393609,0.000282609921344678,3.33336093453264e-06,0.000107268214041331,1.78912136779458e-05,0.379627145248222,6.26411913308002e-06,0.785398163397448,0.785398163397448,0,0,0.785398163397448,0,131.569936031497,41.0767660242618,40.1355152013097,0,1,34.9999806765086,0.379626689905796,6.698937824926e-05
1.1125,32.5080863348694,0.00262100459198217,12.9700733985374,0.00031162597024572,3.71699961428357e-06,0.000118929308121493,2.21720799264088e-05,0.379627189290648,7.78684966538959e-06,0.785398163397448,0.785398163397448,0,0,0.785398163397448,0,131.625791715337,39.9171991606091,39.5337866996935,0,1,34.9999783998281,0.379626680988625,7.48858917708578e-05
1.125,32.5080842517119,0.00289745884620295,12.970072412309,0.000339827855468559,4.09865981615799e-06,0.000130410155495638,2.68681961984054e-05,0.379627238106464,9.46528577283907e-06,0.785398163397448,0.785398163397448,0,0,0.785398163397448,0,131.704476423074,38.7853891815073,38.9507723730432,0,1,34.9999761213091,0.379626676872953,8.27845950371493e-05
1.1375,32.5080821029295,0.00317397835326634,12.9700715788216,0.000367235111721902,4.47828867501781e-06,0.000141716273017337,3.19686241418954e-05,0.379627291668676,1.12970393493676e-05,0.785398163397448,0.785398163397448,0,0,0.785398163397448,0,131.805395412562,37.6806487349884,38.3859938355726,0,1,34.9999738406288,0.379626677505431,9.06851637109588e-05
1.15,32.5080798889176,0.0034505514527432,12.9700708962157,0.000393866789861604,4.85583411438354e-06,0.000152853036701741,3.74626936879385e-05,0.379627349949506,1.32797955821307e-05,0.785398163397448,0.785398163397448,0,0,0.785398163397448,0,131.927968895498,36.6023077177846,37.8389842772979,0,1,34.9999715574658,0.379626682832529,9.85872646401263e-05
1.1625,32.5080776100758,0.00372716618549935,12.9700703626268,0.000419741469027912,5.23124486564033e-06,0.000163825685140235,4.33399963854089e-05,0.379627412920419,1.54113110790266e-05,0.785398163397448,0.785398163397448,0,0,0.785398163397448,0,132.071631664519,35.5497128446443,37.3092881772963,0,1,34.9999692715003,0.379626692800538,0.000106490556138253
1.175,32.5080752668077,0.00400381030332807,12.9700699761854,0.000444877268479811,5.6044704858735e-06,0.000174639322830494,4.95903789023299e-05,0.379627480552133,1.76894120416088e-05,0.785398163397448,0.785398163397448,0,0,0.785398163397448,0,132.235832729559,34.5222272280701,36.7964610240909,0,1,34.9999669824141,0.379626707355573,0.000114394688259912
1.1875,32.5080728595211,0.00428047127839333,12.9700697350173,0.000469291859133622,5.97546137443228e-06,0.000185298923424024,5.62039366896703e-05,0.379627552814645,2.01119924822609e-05,0.785398163397448,0.785398163397448,0,0,0.785398163397448,0,132.420034963283,33.5192299687223,36.3000690429654,0,1,34.9999646898904,0.379626726443582,0.000122299303070449
1.2,32.5080703886277,0.00455713631248815,12.9700696372436,0.000493002474813421,6.34416878826516e-06,0.000195809332893244,6.31710078035479e-05,0.379627629677247,2.26770124845361e-05,0.785398163397448,0.785398163397448,0,0,0.785398163397448,0,132.623714755352,32.5401157562085,35.8196889305324,0,1,34.9999623936143,0.379626750010346,0.000130204034910502
1.2125,32.5080678545433,0.00483379234611239,12.9700696809811,0.000516025923220526,6.71054485607101e-06,0.000206175272620184,7.0482166881888e-05,0.379627711108541,2.53824965055945e-05,0.785398163397448,0.785398163397448,0,0,0.785398163397448,0,132.846361675294,31.5842944791059,35.3549075950618,0,1,34.9999600932721,0.379626778001486,0.000138108510655364
1.225,32.5080652576876,0.0051104260673741,12.9700698643421,0.00053837859662866,7.07454259134762e-06,0.000216401342408624,7.81282192716785e-05,0.379627797076461,2.8226531719693e-05,0.785398163397448,0.785398163397448,0,0,0.785398163397448,0,133.087478143776,30.6511908460625,34.9053219044715,0,1,34.9999577885523,0.37962681036247,0.000146012349969299
1.2375,32.5080625984844,0.00538702392071854,12.9700701854352,0.000560076482312382,7.43611590435818e-06,0.000226492023421809,8.61001953030674e-05,0.379627887548288,3.12072664017146e-05,0.785398163397448,0.785398163397448,0,0,0.785398163397448,0,133.346579112064,29.7402440145138,34.4705384394949,0,1,34.9999554791448,0.379626847038616,0.000153915165554942
1.25,32.5080598773612,0.0056635721154888,12.9700706423651,0.000581135172714431,7.79521961308531e-06,0.000236451681047347,9.43893447066336e-05,0.379627982490668,3.43229083497438e-05,0.785398163397448,0.785398163397448,0,0,0.785398163397448,0,133.623191749466,28.850907230356,34.0501732538545,0,1,34.9999531647414,0.379626887975104,0.00016181656339788
1.2625,32.5080570947495,0.00594005663432192,12.9700712332329,0.000601569875359513,8.15180945319997e-06,0.000246284567691345,0.000102987131170259,0.379628081869627,3.75717233457243e-05,0.785398163397448,0.785398163397448,0,0,0.785398163397448,0,133.916855138561,27.9826474755547,33.6438516402149,0,1,34.9999508450355,0.379626933116974,0.000169716143006534
1.275,32.5080542510846,0.00621646324138421,12.9700719561366,0.000621395422519986,8.50584208710364e-06,0.000255994825503412,0.000111885227032117,0.379628185650591,4.09520336532562e-05,0.785398163397448,0.785398163397448,0,0,0.785398163397448,0,134.227119978028,27.1349451248007,33.2512079016423,0,1,34.9999485197226,0.379626982409143,0.000177613497647457
1.2875,32.5080513468054,0.00649277749044947,12.970072809171,0.000640626280640207,8.85727511208527e-06,0.000265586489034295,0.000121075508106382,0.379628293798399,4.44622165516143e-05,0.785398163397448,0.785398163397448,0,0,0.785398163397448,0,134.553548292843,26.3072936110616,32.8718851293712,0,1,34.9999461885,0.379627035796406,0.000185508214576126
1.3,32.5080483823547,0.00676898473282365,12.9700737904281,0.000659276559525274,9.20606706760576e-06,0.000275063487827853,0.00013055004863834,0.379628406277321,4.81007029050932e-05,0.785398163397448,0.785398163397448,0,0,0.785398163397448,0,134.895713151749,25.4991990986428,32.505534985689,0,1,34.9999438510667,0.379627093223442,0.000193399875263362
1.3125,32.5080453581789,0.00704507012511947,12.9700748979974,0.000677360021300091,9.55217744179519e-06,0.000284429648949026,0.000140301116385676,0.379628523051073,5.18659757668059e-05,0.785398163397448,0.785398163397448,0,0,0.785398163397448,0,135.253198391704,24.7101801652763,32.1518174924157,0,1,34.9999415071238,0.37962715463483,0.000201288055617452
1.325,32.5080422747277,0.00732101863688431,12.9700761299662,0.000694890089144432,9.89556667715328e-06,0.000293688699449322,0.000150321167822791,0.379628644082832,5.57565690160854e-05,0.785398163397448,0.785398163397448,0,0,0.785398163397448,0,135.625598349227,23.9397674920333,31.8104008247872,0,1,34.9999391563745,0.379627219975047,0.00020917232620209
1.3375,32.5080391324548,0.00759681505808475,12.9700774844198,0.000711879855809867,1.02361961755086e-05,0.000302844268771519,0.000160602843465061,0.379628769335254,5.97710660286586e-05,0.785398163397448,0.785398163397448,0,0,0.785398163397448,0,136.012517598439,23.1875035599997,31.4809611104244,0,1,34.9999367985238,0.379627289188484,0.000217052252450208
1.35,32.5080359318167,0.00787244400645089,12.970078959442,0.000728342091923492,1.05740283022693e-05,0.000311899891094986,0.000171138963310069,0.379628898770486,6.39080983787861e-05,0.785398163397448,0.785398163397448,0,0,0.785398163397448,0,136.413570695588,22.4529423555876,31.1631822331025,0,1,34.9999344332789,0.379627362219451,0.000224927394873816
1.3625,32.5080326732738,0.00814788993468362,12.9700805531148,0.000744289254084141,1.09090263899884e-05,0.000320859007623144,0.000181922522392862,0.379629032350184,6.81663445725768e-05,0.785398163397448,0.785398163397448,0,0,0.785398163397448,0,136.828381929981,21.735649083053,30.8567556420196,0,1,34.9999320603488,0.379627439012183,0.00023279730926991
1.375,32.5080293572894,0.00842313713752788,12.9700822635196,0.000759733492756246,1.12411547412853e-05,0.000329724968814592,0.000192946686452409,0.379629170035525,7.25445288117101e-05,0.785398163397448,0.785398163397448,0,0,0.785398163397448,0,137.256585081094,21.0351998833386,30.5613801651044,0,1,34.999929679445,0.379627519510857,0.00024066154692257
1.3875,32.5080259843302,0.00869816975871486,12.9700840887367,0.00077468665996606,1.15703786311408e-05,0.00033850103655915,0.000204204787706467,0.379629311787224,7.70414197868156e-05,0.785398163397448,0.785398163397448,0,0,0.785398163397448,0,137.69782318173,20.3511815609761,30.2767618277324,0,1,34.9999272902808,0.379627603659589,0.000248519654801293
1.4,32.5080225548659,0.00897297179777606,12.970086026846,0.000789160316805667,1.18966643085937e-05,0.000347190386300407,0.000215690320732156,0.379629457565547,8.16558294997796e-05,0.785398163397448,0.785398163397448,0,0,0.785398163397448,0,138.151748287084,19.6831913171942,30.0026136754973,0,1,34.9999248925719,0.379627691402454,0.000256371175755683
1.4125,32.5080190693692,0.00924752711673195,12.9700880759273,0.000803165740749141,1.2219978997867e-05,0.000355796109105937,0.0002273969384496,0.379629607330326,8.63866121142669e-05,0.785398163397448,0.785398163397448,0,0,0.785398163397448,0,138.618021249545,19.0308364896877,29.738655601386,0,1,34.9999224860362,0.379627782683487,0.000264215648706543
1.425,32.5080155283159,0.00952181944665807,12.9700902340603,0.000816713932785618,1.25402908989544e-05,0.000364321213686528,0.000239318448206066,0.379629761040973,9.12326628337616e-05,0.785398163397448,0.785398163397448,0,0,0.785398163397448,0,139.096311499126,18.3937342991575,29.4846141778536,0,1,34.9999200703936,0.379627877446698,0.00027205260883348
1.4375,32.5080119321846,0.00979583239413118,12.9700924993254,0.000829815624374176,1.28575691876802e-05,0.000372768628365843,0.000251448807958077,0.379629918656495,9.61929168064514e-05,0.785398163397448,0.785398163397448,0,0,0.785398163397448,0,139.586296829327,17.7715116018196,29.2402224925029,0,1,34.9999176453666,0.379627975636077,0.000279881587759068
1.45,32.5080082814564,0.010069549447558,12.9700948698037,0.000842481284224395,1.31717840152597e-05,0.000381141203001567,0.000263782122549073,0.379630080135506,0.000101266348056294,0.785398163397448,0.785398163397448,0,0,0.785398163397448,0,140.087663188371,17.1638046483766,29.0052199880658,0,1,34.9999152106797,0.379628077195603,0.000287702113729666
1.4625,32.5080045766154,0.0103429539833893,12.9700973435771,0.00085472112490743,1.3482906507388e-05,0.000389441710859331,0.00027631264008021,0.37963024543624,0.000106451968439623,0.785398163397448,0.785398163397448,0,0,0.785398163397448,0,140.600104475597,16.5702588488488,28.7793523066576,0,1,34.99991276606,0.379628182069259,0.000295513711792959
1.475,32.5080008181482,0.0106160292722213,12.9700999187292,0.000866545109301623,1.37909087628587e-05,0.000397672850440685,0.000289034748371993,0.37963041451657,0.000111748826626665,0.785398163397448,0.785398163397448,0,0,0.785398163397448,0,141.123322342947,15.9905285431101,28.5623711374941,0,1,34.9999103112368,0.379628290201034,0.000303315903972277
1.4875,32.5079970065437,0.0108887584847876,12.9701025933452,0.000877962956876653,1.40957638517523e-05,0.000405837247266093,0.00030194297151445,0.379630587334014,0.000117156007107359,0.785398163397448,0.785398163397448,0,0,0.785398163397448,0,141.657026001396,15.4242767776937,28.3540340688039,0,1,34.9999078459417,0.379628401534937,0.000311108209437784
1.5,32.5079931422933,0.011161124697843,12.9701053655122,0.000888984149820578,1.43974458132129e-05,0.000413937455614246,0.000315031966503666,0.379630763845753,0.000122672629220871,0.785398163397448,0.785398163397448,0,0,0.785398163397448,0,142.200932032175,14.8711750872764,28.1541044432895,0,1,34.999905369909,0.379628516015004,0.000318890144674588
1.5125,32.5079892258909,0.0114331108999423,12.9701082333197,0.000899617939013266,1.46959296528113e-05,0.000421975960218668,0.000328296519962482,0.379630944008644,0.000128297846208245,0.785398163397448,0.785398163397448,0,0,0.785398163397448,0,142.75476420272,14.3309032825492,27.962351217216,0,1,34.9999028828751,0.379628633585309,0.000326661223647838
1.525,32.5079852578322,0.0117046999971158,12.9701111948599,0.000909873349850539,1.49911913395282e-05,0.000429955177922797,0.00034173154494329,0.379631127779231,0.000134030844287591,0.785398163397448,0.785398163397448,0,0,0.785398163397448,0,143.318253287192,13.8031492426193,27.7785488230704,0,1,34.9999003845792,0.379628754189974,0.000334420957964878
1.5375,32.5079812386153,0.0119758748184441,12.9701142482279,0.000919759187922094,1.52832078023678e-05,0.00043787745929445,0.000355332077810856,0.379631315113757,0.000139870841751294,0.785398163397448,0.785398163397448,0,0,0.785398163397448,0,143.891136891457,13.2876087130452,27.6024770356778,0,1,34.9998978747628,0.379628877773175,0.000342168857034516
1.55,32.5079771687401,0.0122466181215335,12.970117391522,0.000929284044547588,1.55719569266263e-05,0.000445745090200841,0.000369093275203166,0.379631505968183,0.00014581708808467,0.785398163397448,0.785398163397448,0,0,0.785398163397448,0,144.473159282443,12.7839851086641,27.4339208415711,0,1,34.9998953531699,0.379629004279155,0.000349904428223468
1.5625,32.5079730487086,0.0125169125978953,12.9701206228442,0.000938456302173762,1.58574175498143e-05,0.00045356029334497,0.000383010411068362,0.379631700298192,0.00015186886310557,0.785398163397448,0.785398163397448,0,0,0.785398163397448,0,145.064071221716,12.291989321581,27.2726703119239,0,1,34.9998928195473,0.379629133652232,0.000357627177010031
1.575,32.5079688790245,0.0127867408782295,12.9701239403003,0.000947284139636585,1.61395694572691e-05,0.00046132522976454,0.000397078873775858,0.379631898059208,0.00015802547612441,0.785398163397448,0.785398163397448,0,0,0.785398163397448,0,145.663629803212,11.8113395334121,27.1185204781169,0,1,34.999890273644,0.379629265836808,0.000365336607135055
1.5875,32.507964660193,0.0130560855376159,12.9701273420004,0.000955775537291349,1.64183933774456e-05,0.000469042000294177,0.00041129416329977,0.379632099206405,0.000164286265124122,0.785398163397448,0.785398163397448,0,0,0.785398163397448,0,146.271598295014,11.3417610328866,26.971271211187,0,1,34.9998877152118,0.379629400777379,0.000373032220750251
1.6,32.5079603927213,0.0133249291006147,12.970130826059,0.00096393828201435,1.66938709769183e-05,0.000476712646991991,0.000425651888472879,0.37963230369472,0.000170650595959553,0.785398163397448,0.785398163397448,0,0,0.785398163397448,0,146.887745985059,10.88298603772,26.8307271036544,0,1,34.9998851440052,0.379629538418542,0.000380713518563906
1.6125,32.5079560771177,0.0135932540462773,12.9701343905956,0.000971779972079113,1.69659848550999e-05,0.000484339154531287,0.000440147764309342,0.379632511478866,0.00017711786157582,0.785398163397448,0.785398163397448,0,0,0.785398163397448,0,147.511848030672,10.4347535204305,26.696697354509,0,1,34.9998825597812,0.379629678705008,0.000388379999984049
1.625,32.5079517138921,0.0138610428130696,12.9701380337345,0.000979308021910444,1.72347185386927e-05,0.000491923451558362,0.000454777609394434,0.379632722513343,0.000183687481245177,0.785398163397448,0.785398163397448,0,0,0.785398163397448,0,148.143685311877,9.99680903933115,26.5689956573902,0,1,34.9998799622995,0.37962982158161,0.000396031163259115
1.6375,32.5079473035558,0.0141282778037103,12.9701417536058,0.000986529666719231,1.75000564758729e-05,0.000499467412017229,0.000469537343339666,0.379632936752452,0.000190358899821928,0.785398163397448,0.785398163397448,0,0,0.785398163397448,0,148.783044288315,9.56890457349001,26.4474400911499,0,1,34.9998773513225,0.379629966993308,0.00040366650561617
1.65,32.507942846621,0.0143949413899248,12.9701455483451,0.000993451967021081,1.77619840302366e-05,0.000506972856442042,0.000484422984301616,0.379633154150301,0.000197131587014957,0.785398163397448,0.785398163397448,0,0,0.785398163397448,0,149.42971685976,9.15079836090151,26.3318530132769,0,1,34.9998747266154,0.379630114885206,0.000411285523396732
1.6625,32.5079383436012,0.0146610159171168,12.9701494160941,0.00100008181304156,1.80204874745088e-05,0.000514441553218124,0.000499430646562896,0.379633374660825,0.000204005036677438,0.785398163397448,0.785398163397448,0,0,0.785398163397448,0,150.083500230077,8.74225474230871,26.2220609561582,0,1,34.9998720879459,0.379630265202552,0.00041888771219024
1.675,32.5079337950109,0.0149264837089597,12.9701533550008,0.00100642592901096,1.82755539840183e-05,0.000521875219812286,0.000514556538173706,0.379633598237791,0.000210978766113308,0.785398163397448,0.785398163397448,0,0,0.785398163397448,0,150.744196774588,8.34304400744853,26.1178945257888,0,1,34.9998694350845,0.379630417890755,0.000426472566965227
1.6875,32.5079292013653,0.015191327071908,12.9701573632199,0.00101249087735138,1.85271716299603e-05,0.000529275523973318,0.000529796958652444,0.379633824834812,0.000218052315400107,0.785398163397448,0.785398163397448,0,0,0.785398163397448,0,151.411613910717,7.95294224589843,26.0191883031891,0,1,34.9998667678048,0.379630572895388,0.000434039582198218
1.7,32.5079245631806,0.0154555282996322,12.9701614389129,0.0010182830627586,1.87753293724612e-05,0.000536644084903307,0.000545148296743905,0.379634054405356,0.00022522524672777,0.785398163397448,0.785398163397448,0,0,0.785398163397448,0,152.085563971862,7.57173120160003,25.9257807480119,0,1,34.9998640858827,0.379630730162198,0.000441588252000423
1.7125,32.5079198809736,0.0157190696773764,12.9701655802485,0.00102380873618161,1.90200170534325e-05,0.000543982474400545,0.000560607028233636,0.379634286902763,0.000232497143753001,0.785398163397448,0.785398163397448,0,0,0.785398163397448,0,152.765864084415,7.19919813056251,25.8375141048385,0,1,34.9998613890971,0.379630889637119,0.00044911807024225
1.725,32.5079151552616,0.0159819334862424,12.970169785403,0.0010290739987022,1.92612253892455e-05,0.000551292217974769,0.000576169713817022,0.379634522280249,0.000239867610968833,0.785398163397448,0.785398163397448,0,0,0.785398163397448,0,153.452336047815,6.8351356627675,25.7542343117967,0,1,34.9998586772299,0.379631051266275,0.000456628530675686
1.7375,32.5079103865625,0.0162441020073996,12.9701740525603,0.00103408480531707,1.94989459632231e-05,0.000558574795935367,0.000591832997021753,0.379634760490921,0.000247336273089025,0.785398163397448,0.785398163397448,0,0,0.785398163397448,0,154.144806217605,6.47934166673406,25.6757909112618,0,1,34.9998559500655,0.379631214995991,0.000464119127054584
1.75,32.5079055753946,0.0165055575262236,12.9701783799124,0.00103884696862512,1.9733171217961e-05,0.000565831644453322,0.000607593602182322,0.379635001487787,0.000254902774446927,0.785398163397448,0.785398163397448,0,0,0.785398163397448,0,154.843105391398,6.13161911813323,25.6020369629319,0,1,34.9998532073914,0.3796313807728,0.000471589353252896
1.7625,32.5079007222763,0.0167662823363639,12.9701827656596,0.00104336616242187,1.99638944474823e-05,0.000573064156597411,0.000623448332465272,0.379635245223766,0.000262566778408462,0.785398163397448,0.785398163397448,0,0,0.785398163397448,0,155.547068697668,5.79177597170926,25.5328289594623,0,1,34.9998504489978,0.379631548543455,0.00047903870338089
1.775,32.5078958277265,0.0170262587437427,12.9701872080108,0.00104764792520397,2.01911097892415e-05,0.000580273683345501,0.000639394067943893,0.379635491651701,0.000270327966798886,0.785398163397448,0.785398163397448,0,0,0.785398163397448,0,156.256535487308,5.45962503537378,25.4680267434355,0,1,34.9998476746778,0.379631718254932,0.000486466671899393
1.7875,32.5078908922638,0.0172854690704851,12.9701917051837,0.00105169766358511,2.04148122159755e-05,0.000587461534571361,0.000655427763721162,0.379635740724365,0.000278186039342997,0.785398163397448,0.785398163397448,0,0,0.785398163397448,0,156.97134922789,5.13498384871898,25.4074934269664,0,1,34.9998448842275,0.379631889854442,0.000493872753732079
1.8,32.5078859164072,0.0175438956587832,12.9701962554052,0.00105552065562646,2.06349975274174e-05,0.000594628980007732,0.000671546448099696,0.379635992394477,0.000286140713118467,0.785398163397448,0.785398163397448,0,0,0.785398163397448,0,157.691357400551,4.81767456397028,25.3510953133916,0,1,34.9998420774458,0.379632063289439,0.000501256444375865
1.8125,32.5078809006752,0.0178015208746942,12.9702008569114,0.00105912205408333,2.08516623418712e-05,0.000601777250186264,0.000687747220797551,0.379636246614707,0.000294191722021977,0.785398163397448,0.785398163397448,0,0,0.785398163397448,0,158.416411399455,4.50752382957788,25.2987018205067,0,1,34.9998392541345,0.379632238507623,0.00050861724000942
1.825,32.5078758455864,0.0180583271118744,12.9702055079481,0.00106250688956999,2.10648040876668e-05,0.000608907537354779,0.000704027251208724,0.37963650333769,0.00030233881624785,0.785398163397448,0.785398163397448,0,0,0.785398163397448,0,159.146366433728,4.20436267739833,25.2501854060002,0,1,34.9998364140983,0.379632415456955,0.000515954637599842
1.8375,32.5078707516589,0.0183142967952494,12.9702102067711,0.00106568007364497,2.12744209944797e-05,0.000616020996372547,0.000720383776707223,0.379636762516034,0.000310581761778884,0.785398163397448,0.785398163397448,0,0,0.785398163397448,0,159.88108143185,3.90802641241057,25.2054214949522,0,1,34.999833557145,0.37963259408566,0.000523268135007523
1.85,32.5078656194105,0.0185694123846229,12.9702149516461,0.00106864640181892,2.14805120845493e-05,0.000623118745584115,0.000736814100993633,0.379637024102331,0.000318920339889091,0.785398163397448,0.785398163397448,0,0,0.785398163397448,0,160.620418948435,3.61835450468395,25.1642884086138,0,1,34.9998306830852,0.379632774342233,0.000530557231089241
1.8625,32.5078604493585,0.0188236563782236,12.9702197408492,0.00107141055648647,2.16830771637819e-05,0.00063020186767216,0.000753315592483099,0.379637288049165,0.00032735434665805,0.785398163397448,0.785398163397448,0,0,0.785398163397448,0,161.364245073297,3.33519048489854,25.1266672954902,0,1,34.9998277917323,0.379632956175453,0.000537821425799505
1.875,32.5078552420195,0.0190770113161927,12.9702245726672,0.00107397710978446,2.18821168127552e-05,0.000637271410489929,0.000769885682733698,0.379637554309125,0.00033588359249661,0.785398163397448,0.785398163397448,0,0,0.785398163397448,0,162.112429342803,3.05838184184924,25.0924420639159,0,1,34.999824882903,0.379633139534384,0.000545060220290183
1.8875,32.5078499979097,0.0193294597840119,12.9702294453976,0.0010763505263782,2.20776323776152e-05,0.000644328387873813,0.000786521864914187,0.37963782283481,0.000344507901683654,0.785398163397448,0.785398163397448,0,0,0.785398163397448,0,162.864844653412,2.78777992276286,25.061499316293,0,1,34.9998219564168,0.379633324368384,0.000552273117008444
1.9,32.5078447175443,0.019580984415874,12.9702343573491,0.00107853516617741,2.22696259608915e-05,0.000651373780436509,0.000803221692310128,0.379638093578844,0.000353227111913676,0.785398163397448,0.785398163397448,0,0,0.785398163397448,0,163.621367177381,2.52323983593473,25.0337282851954,0,1,34.9998190120961,0.379633510627114,0.000559459619793045
1.9125,32.5078394014375,0.0198315678979955,12.9702393068416,0.00108053528698388,2.24581004122205e-05,0.000658408536341257,0.000819982776867458,0.37963836649388,0.000362041073854902,0.785398163397448,0.785398163397448,0,0,0.785398163397448,0,164.381876280548,2.26462035599367,25.009020770745,0,1,34.9998160497663,0.379633698260544,0.000566619233968985
1.925,32.5078340501029,0.0200811929718736,12.9702442922063,0.00108235504707238,2.26430593189845e-05,0.000665433572057671,0.000836802787772525,0.379638641532612,0.000370949650717708,0.785398163397448,0.785398163397448,0,0,0.785398163397448,0,165.146254442174,2.01178383131847,24.9872710799654,0,1,34.9998130692559,0.379633887218956,0.000573751466440552
1.9375,32.5078286640529,0.0203298424374883,12.9702493117865,0.00108399850770646,2.28245069968863e-05,0.00067244977309957,0.000853679450067717,0.379638918647785,0.000379952717833094,0.785398163397448,0.785398163397448,0,0,0.785398163397448,0,165.914387176762,1.76459609394379,24.9683759672637,0,1,34.9998100703963,0.379634077452959,0.000580855825782798
1.95,32.5078232437986,0.0205774991564497,12.9702543639373,0.00108546963559076,2.3002448480438e-05,0.000679457994745309,0.000870610543301765,0.379639197792202,0.00038905016224096,0.785398163397448,0.785398163397448,0,0,0.785398163397448,0,166.686162957822,1.52292637165133,24.95223457671,0,1,34.9998070530219,0.379634268913485,0.000587931822331461
1.9625,32.5078177898501,0.0208241460550919,12.9702594470256,0.00108677230526154,2.31768895133866e-05,0.000686459062740994,0.000887593900213854,0.379639478918733,0.000398241882287977,0.785398163397448,0.785398163397448,0,0,0.785398163397448,0,167.461473143552,1.28664720200411,24.9387483855133,0,1,34.9998040169701,0.379634461551805,0.000594978968271355
1.975,32.5078123027162,0.0210697661275141,12.9702645594312,0.00108791030141694,2.3347836539078e-05,0.000693453773987111,0.000904627405450712,0.379639761980325,0.000407527787234795,0.785398163397448,0.785398163397448,0,0,0.785398163397448,0,168.240211904333,1.05563434913459,24.9278211493183,0,1,34.9998009620813,0.37963465531953,0.000601996777723262
1.9875,32.507806782904,0.0213143424385707,12.9702696995459,0.00108888732118827,2.35152966907644e-05,0.000700442897208849,0.000921708994315828,0.37964004693001,0.000416907796872398,0.785398163397448,0.785398163397448,0,0,0.785398163397448,0,169.022276152042,0.829766721764022,24.9193588482375,0,1,34.9997978881989,0.379634850168618,0.000608984766829342
2,32.5078012309195,0.0215578581268093,12.9702748657747,0.00108970697635403,2.36792777818604e-05,0.000707427173610638,0.000938836651550003,0.379640333720914,0.000426381841147359,0.785398163397448,0.785398163397448,0,0,0.785398163397448,0,169.807565471126,0.608926294071495,24.9132696349721,0,1,34.9997947951694,0.379635046051382,0.000615942453837086
2.0125,32.507795647267,0.0218002964073596,12.9702800565352,0.00109037279549802,2.38397882961359e-05,0.000714407317515248,0.000956008410142458,0.379640622306263,0.000435949859795814,0.785398163397448,0.785398163397448,0,0,0.785398163397448,0,170.595982051372,0.392998027975376,24.9094637835895,0,1,34.9997916828422,0.379635242920492,0.000622869359181833
2.025,32.507790032449,0.0220416405747719,12.9702852702581,0.00109088822611282,2.39968373778804e-05,0.000721384016987833,0.000973222350171709,0.379640912639396,0.000445611801985932,0.785398163397448,0.785398163397448,0,0,0.785398163397448,0,171.387430622368,0.181869797619937,24.9078536399876,0,1,34.9997885510696,0.379635440728984,0.00062976500556788
2.0375,32.5077843869664,0.0222818740058072,12.9702905053876,0.00109125663665026,2.41504348220106e-05,0.000728357934445328,0.000990476597675484,0.379641204673769,0.000455367625968676,0.785398163397448,0.785398163397448,0,0,0.785398163397448,0,172.181818389571,-0.0245676842623903,24.9083535736427,0,1,34.9997853997072,0.379635639430267,0.000636628918048191
2.05,32.5077787113183,0.0225209801621798,12.9702957603813,0.00109148131851998,2.43005910641579e-05,0.000735329707251568,0.00100776932354895,0.379641498362965,0.000465217298736687,0.785398163397448,0.785398163397448,0,0,0.785398163397448,0,172.979054971981,-0.226420938247956,24.9108799301081,0,1,34.9997822286133,0.379635838978124,0.000643460624102742
2.0625,32.507773006002,0.0227589425932518,12.9703010337102,0.00109156548803727,2.44473171706922e-05,0.000742299948298407,0.00102509874247051,0.3796417936607,0.00047516079569107,0.785398163397448,0.785398163397448,0,0,0.785398163397448,0,173.779052341342,-0.423793788549432,24.9153509852832,0,1,34.9997790376494,0.379636039326718,0.000650259653715512
2.075,32.5077672715126,0.0229957449386814,12.9703063238593,0.00109151228832179,2.45906248287516e-05,0.000749269246573322,0.00104246311185455,0.379642090520835,0.000485198100315913,0.785398163397448,0.785398163397448,0,0,0.785398163397448,0,174.581724762889,-0.616787430906416,24.9216869003587,0,1,34.99977582668,0.379636240430604,0.000657025539450143
2.0875,32.5077615083432,0.0232313709310255,12.9703116293276,0.00109132479114829,2.47305263362167e-05,0.000756238167713712,0.00105986073083035,0.379642388897378,0.000495329203860363,0.785398163397448,0.785398163397448,0,0,0.785398163397448,0,175.386988737517,-0.805500499394606,24.9298096782388,0,1,34.9997725955725,0.379636442244724,0.000663757816524284
2.1,32.507755716985,0.0234658043982964,12.970316948628,0.00109100599875022,2.48670345916752e-05,0.000763207254548326,0.00107728993924664,0.379642688744496,0.000505554105028062,0.785398163397448,0.785398163397448,0,0,0.785398163397448,0,176.194762945421,-0.99002913173725,24.9396431208329,0,1,34.9997693441973,0.37963664472442,0.000670456022882645
2.1125,32.5077498979267,0.0236990292664741,12.9703222802879,0.00109055884557778,2.50001630843615e-05,0.000770177027626066,0.00109474911670098,0.379642990016522,0.000515872809673802,0.785398163397448,0.785398163397448,0,0,0.785398163397448,0,177.004968191141,-1.1704670318731,24.9511127875675,0,1,34.9997660724279,0.379636847825435,0.000677119699268772
2.125,32.507744051655,0.0239310295619747,12.970327622849,0.00108998620001147,2.51299258840791e-05,0.000777147985732552,0.00111223668159356,0.379643292667961,0.000526285330507198,0.785398163397448,0.785398163397448,0,0,0.785398163397448,0,177.817527349941,-1.34690553248233,24.9641459548151,0,1,34.9997627801407,0.379637051503917,0.000683748389295567
2.1375,32.507738178654,0.0241617894140752,12.9703329748674,0.00108929086603205,2.52563376311081e-05,0.000784120606394693,0.00112975109020459,0.379643596653496,0.000536791686803243,0.785398163397448,0.785398163397448,0,0,0.785398163397448,0,178.632365315531,-1.51943365493494,24.978671576356,0,1,34.9997594672152,0.379637255716427,0.000690341639514555
2.15,32.5077322794055,0.0243912930572955,12.9703383349141,0.00108847558484817,2.53794135261054e-05,0.000791095346373594,0.00114729083579483,0.379643901927997,0.000547391904119576,0.785398163397448,0.785398163397448,0,0,0.785398163397448,0,179.449408949109,-1.68813816776794,24.9946202450122,0,1,34.9997561335336,0.379637460419941,0.000696898999483943
2.1625,32.5077263543889,0.0246195248337375,12.970343701575,0.00108754303648279,2.54991693200016e-05,0.000798072642146099,0.00116485444772864,0.379644208446531,0.000558086014020298,0.785398163397448,0.785398163397448,0,0,0.785398163397448,0,180.268587029639,-1.85310364435901,25.0119241549748,0,1,34.9997527789814,0.379637665571854,0.000703420021835454
2.175,32.5077204040808,0.0248464691953834,12.9703490734506,0.00108649584131915,2.56156213038789e-05,0.000805052910375249,0.00118244049061895,0.379644516164361,0.000568874053806206,0.785398163397448,0.785398163397448,0,0,0.785398163397448,0,181.089830205378,-2.01441251849081,25.0305170652435,0,1,34.999749403447,0.379637871129986,0.000709904262339979
2.1875,32.5077144289555,0.0250721107063523,12.9703544491569,0.00108533656160753,2.57287862988623e-05,0.00081203654836989,0.00120004756349366,0.379644825036961,0.000579756066251276,0.785398163397448,0.785398163397448,0,0,0.785398163397448,0,181.913070946598,-2.17214513912692,25.0503342639576,0,1,34.9997460068215,0.379638077052585,0.000716351279972042
2.2,32.5077084294842,0.0252964340451156,12.9703598273248,0.00108406770293376,2.58386816459908e-05,0.000819023934533811,0.00121767429898286,0.379645135020017,0.000590732099345268,0.785398163397448,0.785398163397448,0,0,0.785398163397448,0,182.738243499492,-2.32637982291508,25.0713125336403,0,1,34.9997425889993,0.379638283298329,0.00072276063697311
2.2125,32.5077024061357,0.0255194240066734,12.9703652066005,0.00108269171565029,2.59453251961274e-05,0.000826015428804545,0.00123531936252641,0.379645446069437,0.000601802206042304,0.785398163397448,0.785398163397448,0,0,0.785398163397448,0,183.56528384122,-2.47719290637897,25.0933901172388,0,1,34.9997391498776,0.379638489826333,0.000729131898913751
2.225,32.5076963593757,0.0257410655046896,12.9703705856459,0.00108121099627107,2.60487352998384e-05,0.000833011373082197,0.00125298145160136,0.379645758141354,0.000612966444015281,0.785398163397448,0.785398163397448,0,0,0.785398163397448,0,184.394129636059,-2.6246587964182,25.1165066850258,0,1,34.9997356893564,0.379638696596151,0.000735464634754657
2.2375,32.5076902896672,0.0259613435735895,12.9703759631381,0.00107962788883053,2.61489307973033e-05,0.000840012091648445,0.00127065929496862,0.379646071192136,0.000624224875415996,0.785398163397448,0.785398163397448,0,0,0.785398163397448,0,185.224720192656,-2.76885001936737,25.140603302481,0,1,34.9997322073389,0.37963890356778,0.000741758416906549
2.25,32.5076841974702,0.0261802433706174,12.9703813377701,0.00107794468620824,2.62459310082285e-05,0.000847017891576089,0.00128835165193855,0.379646385178389,0.000635577566640842,0.785398163397448,0.785398163397448,0,0,0.785398163397448,0,186.05699642235,-2.90983726903143,25.165622398652,0,1,34.999728703731,0.379639110701663,0.00074801282128897
2.2625,32.5076780832416,0.0263977501778564,12.9703867082504,0.00107616363141979,2.63397557217779e-05,0.00085402906312927,0.00130605731165489,0.379646700056965,0.000647024588101952,0.785398163397448,0.785398163397448,0,0,0.785398163397448,0,186.890900798488,-3.04768945340975,25.1915077357725,0,1,34.9997251784416,0.379639317958692,0.000754227427387996
2.275,32.5076719474353,0.0266138494042103,12.9703920733036,0.00107428691887461,2.64304251865183e-05,0.000861045880154632,0.00132377509239655,0.379647015784968,0.000658566014003674,0.785398163397448,0.785398163397448,0,0,0.785398163397448,0,187.726377316799,-3.18247374048213,25.2182043791783,0,1,34.9997216313825,0.379639525300211,0.000760401818312851
2.2875,32.507665790502,0.0268285265873483,12.9703974316698,0.0010723166956018,2.65179601003867e-05,0.000868068600463687,0.00134150384089687,0.379647332319759,0.000670201922124244,0.785398163397448,0.785398163397448,0,0,0.785398163397448,0,188.563371456729,-3.31425560241843,25.2456586683302,0,1,34.9997180624684,0.37963973268802,0.000766535580851465
2.3,32.5076596128893,0.0270417673956121,12.9704027821055,0.0010702550624447,2.66023816006781e-05,0.000875097466206583,0.00135924243167996,0.37964764961896,0.000681932393602556,0.785398163397448,0.785398163397448,0,0,0.785398163397448,0,189.401830143717,-3.44309885920343,25.2738181882958,0,1,34.9997144716168,0.379639940084377,0.00077262830552497
2.3125,32.5076534150414,0.0272535576298875,12.970408123383,0.00106810407522488,2.66837112540415e-05,0.000882132704237429,0.00137698976641347,0.379647967640464,0.000693757512729894,0.785398163397448,0.785398163397448,0,0,0.785398163397448,0,190.241701712455,-3.56906572102757,25.3026317420132,0,1,34.9997108587482,0.379640147451999,0.000778679586641157
2.325,32.5076471973994,0.0274638832254388,12.9704134542909,0.00106586574587627,2.67619710465328e-05,0.000889174526471479,0.0013947447732777,0.379648286342436,0.000705677366746537,0.785398163397448,0.785398163397448,0,0,0.785398163397448,0,191.082935870999,-3.69221682918913,25.3320493234899,0,1,34.9997072237858,0.379640354754071,0.000784689022346892
2.3375,32.5076409604009,0.0276727302537079,12.9704187736339,0.00106354204355052,2.68371833736676e-05,0.000896223130234335,0.00141250640635033,0.379648605683321,0.000717692045643111,0.785398163397448,0.785398163397448,0,0,0.785398163397448,0,191.925483665828,-3.81261129642119,25.3620220913356,0,1,34.9997035666557,0.379640561954239,0.000790656214679519
2.35,32.5076347044801,0.0278800849240783,12.9704240802331,0.00106113489569398,2.69093710305155e-05,0.000903278698603382,0.00143027364500655,0.379648925621847,0.00072980164196659,0.785398163397448,0.785398163397448,0,0,0.785398163397448,0,192.769297447723,-3.93030674608881,25.3925023432075,0,1,34.9996998872868,0.37964076901662,0.000796580769617249
2.3625,32.5076284300678,0.0280859335856035,12.9704293729258,0.001058646189097,2.69785572018224e-05,0.000910341400741625,0.0014480454933342,0.379649246117034,0.000742006250630841,0.785398163397448,0.785398163397448,0,0,0.785398163397448,0,193.61433083853,-4.04535935074193,25.4234434905423,0,1,34.999696185611,0.3796409759058,0.000802462297128546
2.375,32.5076221375911,0.0282902627287012,12.9704346505659,0.0010560777709164,2.70447654521754e-05,0.000917411392224124,0.00146582097956347,0.379649567128194,0.000754305968731613,0.785398163397448,0.785398163397448,0,0,0.785398163397448,0,194.460538698716,-4.15782386890037,25.4548000344348,0,1,34.9996924615627,0.379641182586838,0.000808300411220531
2.3875,32.5076158274739,0.0284930589868135,12.9704399120235,0.00105343144967171,2.71080197161896e-05,0.000924488815357233,0.0014835991555108,0.37964988861494,0.000766700895365867,0.785398163397448,0.785398163397448,0,0,0.785398163397448,0,195.307877095748,-4.2677536816717,25.4865275416571,0,1,34.9996887150793,0.379641389025268,0.000814094729986402
2.4,32.507609500136,0.028694309138032,12.9704451561854,0.00105070899621599,2.71683442887525e-05,0.000931573799490836,0.00150137909603668,0.379650210537188,0.000779191131455362,0.785398163397448,0.785398163397448,0,0,0.785398163397448,0,196.156303273257,-4.37520082811052,25.518582621546,0,1,34.9996849461009,0.3796415951871,0.000819844875651885
2.4125,32.5076031559941,0.0288940001066909,12.9704503819549,0.00104791214468148,2.72257638152821e-05,0.000938666461323661,0.00151915989851701,0.379650532855164,0.00079177677957439,0.785398163397448,0.785398163397448,0,0,0.785398163397448,0,197.005775620954,-4.4802160397197,25.5509229034103,0,1,34.9996811545704,0.37964180103882,0.000825550474620728
2.425,32.5075967954607,0.0290921189649258,12.9704555882518,0.0010450425934011,2.72803032820451e-05,0.000945766905201988,0.00153694068232749,0.379650855529405,0.000804457943781576,0.785398163397448,0.785398163397448,0,0,0.785398163397448,0,197.8562536453,-4.58284877452663,25.5835070142239,0,1,34.9996773404334,0.379642006547396,0.000831211157519245
2.4375,32.5075904189448,0.0292886529341998,12.9704607740128,0.00104210200580618,2.73319880065182e-05,0.000952875223411768,0.00155472058834103,0.379651178520767,0.00081723472945566,0.785398163397448,0.785398163397448,0,0,0.785398163397448,0,198.707697940912,-4.68314724903904,25.616294557636,0,1,34.9996735036381,0.379642211680275,0.000836826559239917
2.45,32.5075840268517,0.029483589386797,12.9704659381909,0.00103909201130118,2.73808436277876e-05,0.000959991496464462,0.00157249877843755,0.379651501790429,0.000830107243135161,0.785398163397448,0.785398163397448,0,0,0.785398163397448,0,199.560070162655,-4.78115847135511,25.6492460923129,0,1,34.9996696441357,0.379642416405388,0.000842396318984065
2.4625,32.5075776195825,0.0296769158472842,12.9704710797559,0.00103601420611576,2.74268960969985e-05,0.000967115793376594,0.00159027443502603,0.379651825299893,0.000843075592361848,0.785398163397448,0.785398163397448,0,0,0.785398163397448,0,200.413332998447,-4.87692827153506,25.6823231120423,0,1,34.9996657618798,0.379642620691148,0.000847920080303598
2.475,32.5075711975349,0.0298686199939395,12.9704761976946,0.00103287015413503,2.74701716678526e-05,0.000974248171943353,0.00160804676057844,0.379652149010994,0.000856139885527935,0.785398163397448,0.785398163397448,0,0,0.785398163397448,0,201.267450142737,-4.97050133265776,25.7154880254617,0,1,34.9996618568269,0.379642824506452,0.000853397491141847
2.4875,32.5075647611023,0.0300586896601505,12.9704812910102,0.00102966138770808,2.75106968871544e-05,0.000981388679006213,0.00162581497717529,0.379652472885899,0.000869300231726913,0.785398163397448,0.785398163397448,0,0,0.785398163397448,0,202.122386270626,-5.06192121996679,25.7487041368142,0,1,34.999657928936,0.379643027820686,0.0008588282038735
2.5,32.5075590331128,0.0301094944262112,12.9704876384038,0.00100773014359119,2.73493585566913e-05,0.000981757786241357,0.0016435783260624,0.379652796887115,0.000882556740607951,0.785398163397448,0.785398163397448,0,0,0.785398163397448,0,70.9540356640529,-56.5967814491692,-19.9047510377883,0,1,34.9996550047419,0.37964325691359,0.000860279855217003
2.5125,32.5075540740426,0.0300208568497425,12.970495085876,0.000968098396946667,2.6987108056377e-05,0.000975594235066358,0.00166080546303645,0.379653116283015,0.000895727839601629,0.785398163397448,0.785398163397448,0,0,0.785398163397448,0,71.9605482219542,-55.2752436512669,-19.1012717725689,0,1,34.9996530825861,0.379643507058067,0.000857747374241542
2.525,32.5075491618685,0.0299303935127235,12.9705023537507,0.000929395914096042,2.66232160882094e-05,0.000969668819100801,0.00167751294778704,0.379653431058729,0.000908817612781286,0.785398163397448,0.785398163397448,0,0,0.785398163397448,0,72.9396055401692,-53.9856168244743,-18.3208460159425,0,1,34.9996511360957,0.379643751939981,0.000855162728461846
2.5375,32.5075442968654,0.0298381013876079,12.9705094420289,0.000891600221823798,2.62577904987399e-05,0.000963974764825886,0.00169371342421539,0.379653741198238,0.000921829218488447,0.785398163397448,0.785398163397448,0,0,0.785398163397448,0,73.8919050602512,-52.7270977983338,-17.5629246603112,0,1,34.9996491655377,0.379643991556444,0.000852525831355429
2.55,32.50753947929,0.0297439780038918,12.9705163507642,0.000854689412180736,2.58909377420829e-05,0.000958505460557771,0.0017094192255196,0.379654046686598,0.000934765725021676,0.785398163397448,0.785398163397448,0,0,0.785398163397448,0,74.8181267778676,-51.4989035504366,-16.826971950069,0,1,34.9996471711826,0.379644225906164,0.000849836612315228
2.5625,32.5075347093802,0.029648021437738,12.9705230800622,0.00081864212830809,2.55227628992682e-05,0.000953254452506226,0.00172464238196772,0.379654347509937,0.000947630112787447,0.785398163397448,0.785398163397448,0,0,0.785398163397448,0,75.7189336770657,-50.3002707046749,-16.1124651467068,0,1,34.9996451533035,0.379644454989418,0.000847095016353185
2.575,32.5075299873565,0.029550230301807,12.9705296300786,0.000783437550614621,2.51533696962991e-05,0.000948215440931988,0.00173939462847641,0.379654643655461,0.000960425276398638,0.785398163397448,0.785398163397448,0,0,0.785398163397448,0,76.5949721537142,-49.1304550412054,-15.4188942025035,0,1,34.9996431121767,0.379644678808012,0.000844301003809706
2.5875,32.5075253134213,0.029450603735288,12.9705360010191,0.000749055383298584,2.478286052097e-05,0.000943382276400484,0.00175368741200012,0.379654935111451,0.000973154026721976,0.785398163397448,0.785398163397448,0,0,0.785398163397448,0,77.446872428393,-47.9887310193884,-14.7457614424907,0,1,34.999641048081,0.379644897365252,0.000841454550068848
2.6,32.50752068776,0.0293491413941261,12.9705421931374,0.000715475841205163,2.44113364385431e-05,0.000938748956129356,0.00176753189873541,0.379655221867259,0.000985819092875706,0.785398163397448,0.785398163397448,0,0,0.785398163397448,0,78.2752489489767,-46.8743913124109,-14.0925812542637,0,1,34.9996389612979,0.379645110665912,0.000838555645279087
2.6125,32.507516110541,0.029245843441438,12.9705482067348,0.000682679637011717,2.40388972063452e-05,0.000934309620427528,0.00178093898114518,0.379655503913305,0.000998423124178722,0.785398163397448,0.785398163397448,0,0,0.785398163397448,0,79.0807007832101,-45.7867463526964,-13.4588797855383,0,1,34.9996368521114,0.379645318716203,0.000835604294079516
2.625,32.5075115819161,0.0291407105381151,12.970554042159,0.000650647968732549,2.36656412873544e-05,0.00093005854922356,0.00179391928480709,0.37965578124108,0.0010109686920524,0.785398163397448,0.785398163397448,0,0,0.785398163397448,0,79.8638120014836,-44.7251238902048,-12.8441946493421,0,1,34.9996347208079,0.379645521523743,0.000832600515331343
2.6375,32.5075071020205,0.0290337438336049,12.9705596998028,0.000619362507534744,2.32916658628492e-05,0.000925990158680947,0.00180648317509082,0.379656053843135,0.00102345829187628,0.785398163397448,0.785398163397448,0,0,0.785398163397448,0,80.6251520500576,-43.6888685599917,-12.2480746365962,0,1,34.9996325676762,0.379645719097527,0.000829544341854542
2.65,32.5075026709735,0.0289249449568702,12.9705651801037,0.000588805385857923,2.29170668441681e-05,0.000922098997898231,0.00181864076366813,0.379656321713081,0.00103589434479883,0.785398163397448,0.785398163397448,0,0,0.785398163397448,0,81.3652761150117,-42.6773414622222,-11.6700794360007,0,1,34.9996303930072,0.379645911447895,0.00082643582016952
2.6625,32.5074982888787,0.0288143160075177,12.9705704835423,0.000558959185830004,2.25419388836725e-05,0.000918379745691836,0.00183040191486018,0.379656584845584,0.00104827919950429,0.785398163397448,0.785398163397448,0,0,0.785398163397448,0,82.0847254771005,-41.6899197512943,-11.1097793607464,0,1,34.9996281970937,0.379646098586509,0.000823275010243685
2.675,32.5074939558241,0.0287018595470944,12.9705756106418,0.000529806927971636,2.21663753849089e-05,0.000914827207459481,0.00184177625182593,0.379656843236357,0.00106061513393682,0.785398163397448,0.785398163397448,0,0,0.785398163397448,0,82.7840278577735,-40.7259962358267,-10.5667550820576,0,1,34.999625980231,0.37964628052632,0.000820061985242771
2.6875,32.5074896718825,0.0285875785905463,12.9705805619669,0.000501332060182313,2.17904685120953e-05,0.000911436312122259,0.00185277316259579,0.379657096882159,0.00107290435698298,0.785398163397448,0.785398163397448,0,0,0.785398163397448,0,83.4636977565781,-39.7849789886442,-10.0405973698089,0,1,34.9996237427157,0.379646457281542,0.000816796831286809
2.7,32.5074854371116,0.0284714765978352,12.9705853381229,0.000473518447000843,2.14143091989285e-05,0.000908202109143263,0.00186340180595421,0.379657345780781,0.00108514901011356,0.785398163397448,0.785398163397448,0,0,0.785398163397448,0,84.1242367801352,-38.8662909663082,-9.53090683915906,0,1,34.9996214848465,0.379646628867623,0.000813479647210612
2.7125,32.5074812515548,0.0283535574657091,12.9705899397548,0.00044635035913357,2.10379871567777e-05,0.000905119765620983,0.00187367111717505,0.379657589931049,0.00109735116898581,0.785398163397448,0.785398163397448,0,0,0.785398163397448,0,84.7661339629458,-37.9693696379572,-9.03729370374432,0,1,34.9996192069239,0.379646795301225,0.000810110544328667
2.725,32.5074771152407,0.0282338255196238,12.9705943675464,0.000419812463243692,2.0661590882316e-05,0.000902184563455511,0.00188358981361346,0.379657829332807,0.00110951284500702,0.785398163397448,0.785398163397448,0,0,0.785398163397448,0,85.3898660801745,-37.0936666240546,-8.55937753529825,0,1,34.9996169092496,0.379646956600186,0.000806689646204317
2.7375,32.5074730281841,0.0281122855058097,12.9705986222195,0.000393889811994771,2.02852076646255e-05,0.000899391896585722,0.00189316640015768,0.379658063986918,0.00112163598686052,0.785398163397448,0.785398163397448,0,0,0.785398163397448,0,85.9958979526637,-36.2386473432697,-8.09678702873001,0,1,34.9996145921271,0.379647112783506,0.000803217088423114
2.75,32.5074689903857,0.0279889425834813,12.9706027045329,0.000368567834342817,1.99089235918156e-05,0.00089673726829576,0.00190240917454448,0.37965829389525,0.0011337224819949,0.785398163397448,0.785398163397448,0,0,0.785398163397448,0,86.5846827443195,-35.4037906688835,-7.64915977385064,0,1,34.9996122558612,0.379647263871314,0.000799693018370247
2.7625,32.5074650018325,0.0278638023171857,12.9706066152818,0.000343832326069996,1.95328235571929e-05,0.000894216288588924,0.0019113262325414,0.37965851906067,0.00114577415807746,0.785398163397448,0.785398163397448,0,0,0.785398163397448,0,87.1566622521132,-34.5885885930691,-7.21614203205248,0,1,34.999609900758,0.379647409884844,0.000796117595011931
2.775,32.5074610624985,0.0277368706692862,12.9706103552966,0.000319669440554541,1.91569912650288e-05,0.000891824671627399,0.00191992547299935,0.379658739487036,0.00115779278441282,0.785398163397448,0.785398163397448,0,0,0.785398163397448,0,87.712267188852,-33.7925459002472,-6.79738851919308,0,1,34.9996075271249,0.379647550846414,0.000792490988680658
2.7875,32.507457172344,0.0276081539925767,12.9706139254424,0.000296065679770674,1.87815092359451e-05,0.000889558233236154,0.00192821460277858,0.379658955179185,0.00116978007332746,0.785398163397448,0.785398163397448,0,0,0.785398163397448,0,88.2519174588925,-33.0151798480525,-6.39256219361194,0,1,34.9996051352701,0.379647686779396,0.000788813380864205
2.8,32.5074533313169,0.0274776590230257,12.9706173266181,0.000273007885512811,1.84064588119549e-05,0.000887412888469311,0.00193620114155137,0.379659166142928,0.00118173768152109,0.785398163397448,0.785398163397448,0,0,0.785398163397448,0,88.776022426989,-32.2560198567437,-6.00133404976984,0,1,34.9996027255033,0.379647817708198,0.00078508496399831
2.8125,32.5074495393522,0.0273453928726443,12.9706205597555,0.000250483230838444,1.80319201611945e-05,0.0008853846492375,0.00194389242648434,0.379659372385036,0.00119366721138574,0.785398163397448,0.785398163397448,0,0,0.785398163397448,0,89.2849811804622,-31.5146072054434,-5.62338291647533,0,1,34.9996002981348,0.379647943658233,0.000781305941262918
2.825,32.5074457963726,0.0272113630224758,12.9706236258186,0.000228479211724643,1.76579722823734e-05,0.000883469621994695,0.00195129561680356,0.379659573913235,0.00120557021229327,0.785398163397448,0.785398163397448,0,0,0.785398163397448,0,89.7791827847969,-30.7904947369444,-5.25839526087144,0,1,34.9995978534758,0.379648064655904,0.000777476526381896
2.8375,32.5074421022886,0.0270755773157044,12.9706265258029,0.000206983638932317,1.72846930089595e-05,0.000881664005482943,0.00195841769824523,0.37965977073619,0.0012174481818522,0.785398163397448,0.785398163397448,0,0,0.785398163397448,0,90.2590065329246,-30.0832465696063,-4.90606499708945,0,1,34.9995953918383,0.379648180728573,0.000773596943426142
2.85,32.5074384569985,0.026938043950879,12.9706292607345,0.000185984630073219,1.69121590131377e-05,0.000879964088533584,0.00196526548739486,0.3796599628635,0.00122930256713452,0.785398163397448,0.785398163397448,0,0,0.785398163397448,0,90.7248221882535,-29.3924378156448,-4.56609329944735,0,1,34.9995929135352,0.379648291904545,0.000769667426619992
2.8625,32.5074348603894,0.0267987714752497,12.9706318316693,0.000165470601875073,1.65404458095748e-05,0.000878366247923544,0.00197184563591774,0.379660150305683,0.00124113476587335,0.785398163397448,0.785398163397448,0,0,0.785398163397448,0,91.1769902216578,-28.7176543079288,-4.23818842073373,0,1,34.9995904188796,0.379648398213038,0.000765688220150839
2.875,32.5074313123364,0.0266577687782138,12.9706342396925,0.000145430262639032,1.61696277589798e-05,0.000876866946285315,0.00197816463468339,0.379660333074168,0.00125294612763204,0.785398163397448,0.785398163397448,0,0,0.785398163397448,0,91.6158620425708,-28.0584923320076,-3.92206551493311,0,1,34.9995879081853,0.37964849968417,0.000761659577981888
2.8875,32.5074278127037,0.0265150450848686,12.9706364859176,0.000125852604885669,1.57997780715159e-05,0.000875462730069272,0.00198422881778656,0.379660511181283,0.0012647379549456,0.785398163397448,0.785398163397448,0,0,0.785398163397448,0,92.0417802243259,-27.4145583656184,-3.61744646408053,0,1,34.9995853817667,0.379648596348928,0.000757581763667955
2.9,32.5074243613442,0.0263706099496681,12.9706385714857,0.000106726898184055,1.54309688100624e-05,0.000874150227557012,0.00199004436646755,0.379660684640245,0.00127651150443497,0.785398163397448,0.785398163397448,0,0,0.785398163397448,0,92.4550787238531,-26.7854688251024,-3.32405971020825,0,1,34.9995828399382,0.379648688239151,0.000753455050174247
2.9125,32.5074209581001,0.0262244732501815,12.970640497565,8.80426821595956e-05,1.5063270893374e-05,0.000872926146924391,0.00199561731293418,0.379660853465144,0.00128826798789492,0.785398163397448,0.785398163397448,0,0,0.785398163397448,0,92.8560830959562,-26.1708498168953,-3.04164009073093,0,1,34.9995802830147,0.37964877538751,0.000749279719698034
2.925,32.5074176028029,0.0260766451809505,12.9706422653499,6.97897596764575e-05,1.4696754099111e-05,0.000871787274353115,0.00200095354408789,0.379661017670939,0.00130000857335628,0.785398163397448,0.785398163397448,0,0,0.785398163397448,0,93.2451107022009,-25.5703368964482,-2.76992867844992,0,1,34.9995777113114,0.379648857827482,0.000745056063493143
2.9375,32.5074142952739,0.0259271362474417,12.9706438760602,5.19581901897465e-05,1.43314870668102e-05,0.000870730472189539,0.00200605880515651,0.379661177273438,0.00131173438612297,0.785398163397448,0.785398163397448,0,0,0.785398163397448,0,93.622470914638,-24.9835748323763,-2.50867262549957,0,1,34.9995751251433,0.379648935593333,0.000740784381697208
2.95,32.507411035324,0.0257759572600948,12.9706453309407,3.45382832635503e-05,1.39675373007508e-05,0.000869752677149569,0.0020109387032358,0.379661332289292,0.00132344650978465,0.785398163397448,0.785398163397448,0,0,0.785398163397448,0,93.9884653144356,-24.4102173770075,-2.25762501110043,0,1,34.9995725248257,0.379649008720095,0.000736464983161586
2.9625,32.5074078227543,0.0256231193284603,12.9706466312603,1.75205922505341e-05,1.36049711728001e-05,0.000868850898568462,0.00201559871074225,0.379661482735981,0.0013351459872055,0.785398163397448,0.785398163397448,0,0,0.785398163397448,0,94.343387885577,-23.8499270417463,-2.01654469316799,0,1,34.9995699106737,0.379649077243547,0.000732098185283906
2.975,32.507404657356,0.0254686338554276,12.9706477783114,8.95908129409885e-07,1.32438539252017e-05,0.000868022216694454,0.00202004416877918,0.379661628631801,0.00134683382148972,0.785398163397448,0.785398163397448,0,0,0.785398163397448,0,94.6875252037085,-23.3023748793528,-1.78519616394721,0,1,34.9995672830024,0.379649141200194,0.000727684313843142
2.9875,32.5074015389108,0.025312512531539,12.970648773409,-1.53447465041533e-05,1.28842496733304e-05,0.000867263781025032,0.00202428029041844,0.379661769995853,0.00135851097692443,0.785398163397448,0.785398163397448,0,0,0.785398163397448,0,95.0211566203321,-22.7672402704723,-1.56334940882288,0,1,34.9995646421268,0.379649200627247,0.000723223702837177
3,32.5073984671911,0.0251547673293892,12.9706496178905,-3.12101232967511e-05,1.25262214084393e-05,0.00086657280868482,0.0020283121638997,0.37966190684803,0.00137017837990036,0.785398163397448,0.785398163397448,0,0,0.785398163397448,0,95.3445544423714,-22.2442107161206,-1.35077976898536,0,1,34.9995619883613,0.379649255562602,0.00071871669432279
3.0125,32.5073954419602,0.0249954104981065,12.9706503131146,-4.6708753850143e-05,1.21698310004095e-05,0.000865946582844062,0.00203214475574954,0.379662039209003,0.00138183691981108,0.785398163397448,0.785398163397448,0,0,0.785398163397448,0,95.6579841072786,-21.7329816351231,-1.14726780747602,0,1,34.9995593220203,0.379649306044823,0.000714163638257985
3.025,32.5073924629722,0.0248344545579148,12.9706508604608,-6.18489552918046e-05,1.18151392004943e-05,0.000865382451176614,0.00203578291382208,0.379662167100211,0.00139348744993118,0.785398163397448,0.785398163397448,0,0,0.785398163397448,0,95.9617043537954,-21.2332561665536,-0.95259917877314,0,1,34.9995566434178,0.379649352113121,0.000709564892346628
3.0375,32.5073895299728,0.0246719122947741,12.9706512613289,-7.66388357064838e-05,1.14622056440808e-05,0.000864877824356471,0.00203923137026345,0.379662290543847,0.00140513078827397,0.785398163397448,0.785398163397448,0,0,0.785398163397448,0,96.2559673884399,-20.7447449773201,-0.766564501294489,0,1,34.9995539528671,0.379649393807333,0.000704920821885321
3.05,32.5073866426989,0.0245077967550969,12.970651517138,-9.10862994322501e-05,1.11110888534934e-05,0.000864430174591917,0.00204249474440168,0.379662409562846,0.00141676771842921,0.785398163397448,0.785398163397448,0,0,0.785398163397448,0,96.5410190478759,-20.2671660741607,-0.58895923355073,0,1,34.9995512506811,0.379649431167907,0.000700231799612457
3.0625,32.5073838008792,0.0243421212405397,12.9706516293264,-0.000105199052224465,1.07618462408192e-05,0.000864037034196227,0.00204557754556411,0.37966252418087,0.00142839899038132,0.785398163397448,0.785398163397448,0,0,0.785398163397448,0,96.8170989572256,-19.8002446206507,-0.419583552987723,0,1,34.9995485371722,0.37964946423588,0.000695498205559403
3.075,32.5073810042341,0.0241748993028666,12.9706515993505,-0.000118984606290782,1.04145341107746e-05,0.000863695994194158,0.00204848417582396,0.379662634422297,0.00144002532130871,0.785398163397448,0.785398163397448,0,0,0.785398163397448,0,97.084440684435,-19.3437127586218,-0.258242238328219,0,1,34.9995458126521,0.379649493052859,0.000690720426903762
3.0875,32.5073782524763,0.0240061447388842,12.9706514286843,-0.000132450285200694,1.00692076636416e-05,0.000863404702963166,0.00205121893267791,0.379662740312207,0.00145164739636445,0.785398163397448,0.785398163397448,0,0,0.785398163397448,0,97.3432718908173,-18.8973094340747,-0.104744554561119,0,1,34.9995430774315,0.379649517661007,0.000685898857824654
3.1,32.5073755453104,0.023835871585445,12.970651118819,-0.000145603228672486,9.72592099824664e-06,0.00086316086490859,0.00205378601165646,0.379662841876372,0.00146326586943902,0.785398163397448,0.785398163397448,0,0,0.785398163397448,0,97.5938144778321,-18.4607802272735,0.0410958590250754,0,1,34.9995403318207,0.379649538103018,0.000681033899359972
3.1125,32.5073728824338,0.0236640941145189,12.9706506712621,-0.000158450397240733,9.38472711500856e-06,0.000862962239171876,0.0020561895088686,0.379662939141236,0.00147488136390535,0.785398163397448,0.785398163397448,0,0,0.785398163397448,0,97.8362847302279,-18.0338771874783,0.179461098041632,0,1,34.9995375761289,0.379649554422105,0.000676125959265562
3.125,32.5073702635362,0.0234908268283297,12.9706500875372,-0.000170998576807332,9.04567791906298e-06,0.000862806638371071,0.00205843342348257,0.37966303213391,0.00148649447334682,0.785398163397448,0.785398163397448,0,0,0.785398163397448,0,98.0708934556114,-17.616358671161,0.310529099279346,0,1,34.9995348106644,0.379649566661978,0.000671175451876283
3.1375,32.5073676883001,0.0233160844545562,12.9706493691827,-0.000183254383078967,8.70882422345067e-06,0.00086269192737268,0.00206052166014423,0.379663120882154,0.00149810576226836,0.785398163397448,0.785398163397448,0,0,0.785398163397448,0,98.2978461205437,-17.2079891845342,0.434473744752776,0,1,34.9995320357346,0.37964957486683,0.000666182797968891
3.15,32.5073651564013,0.0231398819415954,12.9706485177521,-0.000195224265893616,8.37421575241474e-06,0.000862616022094235,0.00206245803133464,0.379663205414363,0.00150971576679142,0.785398163397448,0.785398163397448,0,0,0.785398163397448,0,98.5173429832666,-16.8085392306344,0.551464962339246,0,1,34.9995292516459,0.379649579081315,0.000661148424626715
3.1625,32.5073626675086,0.0229622344538867,12.9706475348127,-0.000206914513439526,8.04190114475527e-06,0.000862576888336598,0.00206424625966829,0.379663285759559,0.00152132499533288,0.785398163397448,0.785398163397448,0,0,0.785398163397448,0,98.7295792231049,-16.4177851588314,0.661668824669947,0,1,34.9995264587035,0.379649579350534,0.000656072765106075
3.175,32.5073602212839,0.0227831573672963,12.9706464219455,-0.000218331256368298,7.7119279572908e-06,0.000862572540645474,0.00206588998013361,0.379663361947372,0.00153293392926851,0.785398163397448,0.785398163397448,0,0,0.785398163397448,0,98.9347450666683,-16.0355090194254,0.765247645050902,0,1,34.9995236572114,0.379649575720017,0.000650956258704394
3.1875,32.5073578173831,0.0226026662645587,12.9706451807443,-0.000229480471805647,7.38434266841205e-06,0.000862601041201218,0.00206739274227698,0.379663434008029,0.00154454302358134,0.785398163397448,0.785398163397448,0,0,0.785398163397448,0,99.1330259109024,-15.6614984210512,0.862360071009917,0,1,34.9995208474725,0.379649568235706,0.000645799350629977
3.2,32.5073554554554,0.0224207769307758,12.9706438128153,-0.0002403679872619,7.05919068173634e-06,0.000862660498736304,0.00206875801233193,0.379663501972343,0.00155615270749519,0.785398163397448,0.785398163397448,0,0,0.785398163397448,0,99.3246024430911,-15.2955463919631,0.953161175652403,0,1,34.9995180297885,0.379649556943937,0.000640602491873406
3.2125,32.5073531351442,0.0222375053489701,12.9706423197766,-0.000250999484444802,6.73651632986213e-06,0.000862749067479747,0.0020699891752946,0.379663565871697,0.00156776338509388,0.785398163397448,0.785398163397448,0,0,0.785398163397448,0,99.5096507578586,-14.9374512445968,1.03780254662937,0,1,34.9995152044595,0.379649541891425,0.00063536613908051
3.225,32.5073508560868,0.0220528676956934,12.9706407032575,-0.000261380502977278,6.4163628782323e-06,0.000862864946127771,0.00207108953694704,0.37966362573803,0.00157937543592642,0.785398163397448,0.785398163397448,0,0,0.785398163397448,0,99.6883424712772,-14.5870164436925,1.11643237262575,0,1,34.9995123717846,0.379649523125248,0.000630090754426888
3.2375,32.5073486179148,0.021866880336687,12.970638964898,-0.000271516444021965,6.09877252909518e-06,0.000863006376840118,0.00207206232582952,0.379663681603828,0.00159098921559849,0.785398163397448,0.785398163397448,0,0,0.785398163397448,0,99.8608448321357,-14.2440504773756,1.18919552797659,0,1,34.9995095320611,0.379649500692828,0.000624776805493931
3.25,32.5073464202543,0.0216795598225942,12.9706371063485,-0.0002814125738156,5.78378642559165e-06,0.000863171644261238,0.00207291069516318,0.379663733502105,0.00160260505635058,0.785398163397448,0.785398163397448,0,0,0.785398163397448,0,100.027320830432,-13.9083667321508,1.25623365496568,0,1,34.9995066855851,0.379649474641916,0.000619424765146312
3.2625,32.5073442627258,0.0214909228847224,12.9706351292686,-0.000291074027114932,5.4714446559371e-06,0.000863359074565843,0.00207363772472425,0.379663781466395,0.0016142232676232,0.785398163397448,0.785398163397448,0,0,0.785398163397448,0,100.187929303168,-13.5797833697356,1.31768524416424,0,1,34.9995038326511,0.379649445020579,0.000614035111410922
3.275,32.5073421449447,0.0213009864308546,12.9706330353276,-0.000300505810556454,5.16178625773306e-06,0.000863567034528163,0.002074246422671,0.379663825530735,0.00162584413660929,0.785398163397448,0.785398163397448,0,0,0.785398163397448,0,100.342825037545,-13.2581232084322,1.37368571251893,0,1,34.9995009735518,0.379649411877178,0.0006086083273572
3.2875,32.5073400665214,0.021109767541109,12.970630826203,-0.000309712805932247,4.85484922237824e-06,0.000863793930614305,0.00207473972732468,0.379663865729656,0.00163746792879437,0.785398163397448,0.785398163397448,0,0,0.785398163397448,0,100.492158871547,-12.943213606458,1.42436747956026,0,1,34.9994981085787,0.37964937526036,0.000603144900978833
3.3,32.5073380270613,0.0209172834638454,12.9706285035805,-0.000318699773384075,4.55067049961077e-06,0.00086403820809709,0.00207512050890556,0.379663902098166,0.00164909488848457,0.785398163397448,0.785398163397448,0,0,0.785398163397448,0,100.636077792061,-12.6348863482338,1.46986004189737,0,1,34.9994952380212,0.379649335219035,0.000597645325076802
3.3125,32.507336026165,0.0207235516116172,12.9706260691535,-0.000327471354517349,4.24928600215519e-06,0.000864298350192889,0.00207539157122519,0.379663934671736,0.00166072523932293,0.785398163397448,0.785398163397448,0,0,0.785398163397448,0,100.774725030532,-12.3329775341247,1.51029004539077,0,1,34.9994923621672,0.379649291802368,0.00059211009714373
3.325,32.5073340634287,0.0205285895571682,12.9706235246223,-0.000336032075437515,3.95073061050237e-06,0.000864572877219792,0.00207555565333595,0.379663963486294,0.0016723591847942,0.785398163397448,0.785398163397448,0,0,0.785398163397448,0,100.908240156282,-12.037327472318,1.54578135580408,0,1,34.9994894813028,0.379649245059757,0.000586539719249506
3.3375,32.5073321384442,0.0203324150294731,12.9706208716938,-0.00034438634971037,3.65503817779102e-06,0.000864860345776663,0.00207561543113901,0.379663988578202,0.00168399690871849,0.785398163397448,0.785398163397448,0,0,0.785398163397448,0,101.036759167454,-11.7477805734711,1.57645512767359,0,1,34.9994865957123,0.379649195040821,0.000580934697928169
3.35,32.5073302507989,0.0201350459098213,12.9706181120812,-0.000352538481248347,3.36224153482704e-06,0.000865159347942496,0.00207557351895172,0.379664009984253,0.00169563857573397,0.785398163397448,0.785398163397448,0,0,0.785398163397448,0,101.16041457975,-11.464185248409,1.60242987112441,0,1,34.9994837056781,0.37964914179539,0.000575295544065999
3.3625,32.5073284000762,0.0199365002279415,12.970615247503,-0.000360492667124615,3.07237249520453e-06,0.000865468510495574,0.0020754324710354,0.37966402774165,0.00170728433176901,0.785398163397448,0.785398163397448,0,0,0.785398163397448,0,101.279335512926,-11.1863938076359,1.62382151734958,0,1,34.9994808114806,0.37964908537348,0.000569622772790817
3.375,32.5073265858558,0.0197367961581682,12.9706122796831,-0.000368253000316893,2.78546186055936e-06,0.000865786494151895,0.00207519478308462,0.379664041887997,0.00171893430450383,0.785398163397448,0.785398163397448,0,0,0.785398163397448,0,101.393647775162,-10.914262364159,1.64074348221196,0,1,34.9994779133986,0.379649025825288,0.000563916903362442
3.3875,32.5073248077133,0.0195359520156475,12.9706092103498,-0.000375823472382456,2.50153942594416e-06,0.00086611199282245,0.00207486289367876,0.379664052461286,0.00173058860382213,0.785398163397448,0.785398163397448,0,0,0.785398163397448,0,101.503473945326,-10.6476507379482,1.65330672821745,0,1,34.9994750117084,0.379648963201172,0.000558178459064296
3.4,32.5073230652209,0.0193339862525824,12.9706060412358,-0.000383207976066178,2.22063398530109e-06,0.000866443732888787,0.00207443918569702,0.379664059499884,0.0017422473222528,0.785398163397448,0.785398163397448,0,0,0.785398163397448,0,101.608933453206,-10.3864223635738,1.66161982503703,0,1,34.9994721066848,0.379648897551642,0.000552407967096129
3.4125,32.5073213579473,0.0191309174545163,12.9706027740773,-0.000390410307843464,1.94277333708746e-06,0.000866780472496472,0.00207392598769759,0.37966406304252,0.00175391053540203,0.785398163397448,0.785398163397448,0,0,0.785398163397448,0,101.710142657726,-10.1304441991207,1.66578900840875,0,1,34.9994691986002,0.379648828927339,0.00054660595846783
3.425,32.507319685458,0.0189267643366541,12.9705994106139,-0.000397434170399391,1.66798428998732e-06,0.000867121000865903,0.002073325575262,0.379664063128271,0.00176557830237601,0.785398163397448,0.785398163397448,0,0,0.785398163397448,0,101.807214923264,-9.87958663850322,1.66591823745258,0,1,34.9994662877249,0.379648757379028,0.000540772967894319
3.4375,32.5073180473152,0.0187215457402196,12.9705959525881,-0.000404283175045706,1.39629266876778e-06,0.000867464137620156,0.00207264017230547,0.379664059796553,0.00177725066619448,0.785398163397448,0.785398163397448,0,0,0.785398163397448,0,101.900260694017,-9.63372342513763,1.66210925072097,0,1,34.9994633743273,0.37964868295758,0.000534909533691478
3.45,32.5073164430784,0.0185152806288493,12.9705924017444,-0.000410960844077495,1.12772332022799e-06,0.000867808732129288,0.00207187195235409,0.379664053087104,0.00178892765419535,0.785398163397448,0.785398163397448,0,0,0.785398163397448,0,101.989387566577,-9.39273156787002,1.6544616206809,0,1,34.9994604586733,0.379648605713961,0.000529016197673118
3.4625,32.5073148723038,0.0183079880850214,12.9705887598295,-0.000417470613070561,8.62300119282124e-07,0.00086815366287082,0.00207102303978975,0.379664043039974,0.00180060927843065,0.785398163397448,0.785398163397448,0,0,0.785398163397448,0,102.074700360665,-9.15649125947406,1.64307280674828,0,1,34.999457541027,0.379648525699218,0.000523093505048943
3.475,32.5073133345455,0.0180996873065186,12.9705850285915,-0.000423815833121439,6.00045975152849e-07,0.000868497836805845,0.00207009551106353,0.379664029695515,0.00181229553605386,0.785398163397448,0.785398163397448,0,0,0.785398163397448,0,102.156301188136,-8.92488579665364,1.62803820720588,0,1,34.9994546216498,0.379648442964464,0.000517142004323504
3.4875,32.5073118293545,0.0178903976029258,12.9705812097797,-0.000429999773031166,3.40982837675181e-07,0.000868840188770489,0.00206909139587835,0.379664013094363,0.00182398640969909,0.785398163397448,0.785398163397448,0,0,0.785398163397448,0,102.23428952026,-8.69780150219151,1.60945120945401,0,1,34.9994517008011,0.379648357560869,0.000511162247196115
3.5,32.5073103562798,0.0176801383921599,12.9705773051436,-0.000436025621434292,8.51317037145966e-08,0.00086917968088225,0.00206801267834171,0.379663993277429,0.0018356818678521,0.785398163397448,0.785398163397448,0,0,0.785398163397448,0,102.30876225333,-8.47512764913859,1.58740323928776,0,1,34.9994487787379,0.379648269539643,0.000505154788461721
3.5125,32.5073089148681,0.0174689291970327,12.9705733164334,-0.000441896488874532,-1.67487376301865e-07,0.000869515301960887,0.00206686129808924,0.379663970285888,0.00184738186521345,0.785398163397448,0.785398163397448,0,0,0.785398163397448,0,102.379813772663,-8.25675638673395,1.56198380877067,0,1,34.9994458557149,0.379648178952026,0.000499120185912687
3.525,32.5073075046637,0.0172567896418454,12.9705692453988,-0.000447615409828408,-4.16855291746647e-07,0.000869846066963426,0.00206563915137975,0.379663944161165,0.00185908634305391,0.785398163397448,0.785398163397448,0,0,0.785398163397448,0,102.447536014975,-8.0425826682102,1.53328056280336,0,1,34.9994429319845,0.379648085849274,0.000493059000241498
3.5375,32.5073061252093,0.0170437394490142,12.9705650937889,-0.000453185344678004,-6.6295386503675e-07,0.000870171016432983,0.00206434809216251,0.379663914944922,0.00187079522956247,0.785398163397448,0.785398163397448,0,0,0.785398163397448,0,102.512018529267,-7.83250418057291,1.50137932468632,0,1,34.9994400077964,0.379647990282649,0.000486971794944356
3.55,32.5073047760456,0.0168297984357269,12.9705608633518,-0.000458609181634266,-9.05765844787403e-07,0.000870489215961032,0.00206298993311756,0.37966388267905,0.00188250844018689,0.785398163397448,0.785398163397448,0,0,0.785398163397448,0,102.573348536143,-7.62642127561724,1.4663641404431,0,1,34.9994370833981,0.379647892303405,0.000480859136225648
3.5625,32.5073034567116,0.0166149865106295,12.9705565558344,-0.000463889738612008,-1.14527489883893e-06,0.000870799755662767,0.00206156644666949,0.379663847405653,0.00189422587796719,0.785398163397448,0.785398163397448,0,0,0.785398163397448,0,102.6316109857,-7.42423690338371,1.42831732183759,0,1,34.9994341590347,0.379647791962773,0.00047472159290327
3.575,32.5073021667448,0.016399323670542,12.9705521729814,-0.000469029765057865,-1.38146560720187e-06,0.0008711017496652,0.00206007936597565,0.379663809167038,0.00190594743386217,0.785398163397448,0.785398163397448,0,0,0.785398163397448,0,102.686888613953,-7.22585654656327,1.38731948853034,0,1,34.9994312349487,0.379647689311958,0.000468559736314806
3.5875,32.5073009056813,0.0161828299972034,12.9705477165356,-0.000474031943732312,-1.61432345488258e-06,0.000871394335607704,0.00205853038588916,0.379663768005703,0.00191767298706908,0.785398163397448,0.785398163397448,0,0,0.785398163397448,0,102.739261997888,-7.03118815705733,1.34344960912279,0,1,34.9994283113799,0.379647584402118,0.000462374140224524
3.6,32.5072996730558,0.0159655256540453,12.9705431882372,-0.00047889889244684,-1.84383482461249e-06,0.000871676674154709,0.00205692116389757,0.379663723964326,0.00192940240533669,0.785398163397448,0.785398163397448,0,0,0.785398163397448,0,102.788809609132,-6.84014209383391,1.29678504088014,0,1,34.9994253885659,0.379647477284357,0.000456165380731189
3.6125,32.507298468402,0.0157474308829937,12.9705385898233,-0.000483633165757633,-2.06998698949542e-06,0.000871947948520123,0.00205525332103755,0.379663677085754,0.00194113554527187,0.785398163397448,0.785398163397448,0,0,0.785398163397448,0,102.835607866313,-6.6526310620816,1.24740156884816,0,1,34.9994224667415,0.379647368009713,0.000449934036176679
3.625,32.5072972912526,0.0155285660012975,12.9705339230278,-0.000488237256616316,-2.29276810552453e-06,0.000872207364003346,0.0020535284427865,0.37966362741299,0.00195287225263983,0.785398163397448,0.785398163397448,0,0,0.785398163397448,0,102.879731186088,-6.46857005491249,1.19537344350282,0,1,34.999419546139,0.379647256629148,0.000443680687055381
3.6375,32.5072961411392,0.0153089513983847,12.970529189581,-0.000492713597979692,-2.51216720404119e-06,0.0008724541475364,0.00205174807993135,0.37966357498918,0.00196461236265823,0.785398163397448,0.785398163397448,0,0,0.785398163397448,0,102.921252032949,-6.28787629484348,1.14077341786699,0,1,34.999416626988,0.379647143193535,0.000437405915924365
3.65,32.5072950175928,0.0150886075327452,12.9705243912089,-0.000497064564378471,-2.72817418407838e-06,0.00087268754724204,0.00204991374941538,0.379663519857609,0.00197635570028527,0.785398163397448,0.785398163397448,0,0,0.785398163397448,0,102.96024096778,-6.11046917828462,1.08367278354093,0,1,34.9994137095157,0.379647027753647,0.000431110307314316
3.6625,32.5072939201437,0.0148675549288397,12.9705195296335,-0.000501292473446757,-2.94077980461699e-06,0.000872906832002505,0.00204802693516344,0.379663462061682,0.00198810208050185,0.785398163397448,0.785398163397448,0,0,0.785398163397448,0,102.996766695192,-5.93627022071671,1.02414140538179,0,1,34.9994107939463,0.37964691036015,0.00042479444764121
3.675,32.5072928483217,0.0146458141740338,12.9705146065716,-0.000505399587413061,-3.14997567675979e-06,0.000873111291038559,0.00204608908888615,0.379663401644915,0.0019998513085881,0.785398163397448,0.785398163397448,0,0,0.785398163397448,0,103.030896109719,-5.76520300293819,0.962247756029645,0,1,34.9994078805015,0.379646791063587,0.000418458925118731
3.6875,32.5072918016563,0.0144234059155584,12.9705096237354,-0.000509388114553597,-3.35575425581295e-06,0.000873300233498721,0.00204410163086375,0.379663338650929,0.00201160318039417,0.785398163397448,0.785398163397448,0,0,0.785398163397448,0,103.06269434085,-5.59719311943619,0.898058948896814,0,1,34.9994049694003,0.379646669914373,0.000412104329671407
3.7,32.5072907796767,0.0142003508574943,12.9705045828313,-0.00051326021060906,-3.5581088332891e-06,0.000873472988058252,0.00204206595070981,0.379663273123432,0.00202335748260573,0.785398163397448,0.785398163397448,0,0,0.785398163397448,0,103.092224796958,-5.43216812722249,0.831640770733324,0,1,34.999402060859,0.37964654696278,0.000405731252848464
3.7125,32.5072897819117,0.0139766697577817,12.9704994855602,-0.000517017980165576,-3.75703352881669e-06,0.000873628902527799,0.00203998340811563,0.379663205106213,0.002035113993004,0.785398163397448,0.785398163397448,0,0,0.785398163397448,0,103.119549208126,-5.27005749651676,0.763057713068453,0,1,34.9993991550912,0.379646422258932,0.00039934028773838
3.725,32.5072888078904,0.0137523834252542,12.9704943336169,-0.000520663478001003,-3.9525232819818e-06,0.000873767343471297,0.00203785533357563,0.37966313464313,0.00204687248072064,0.785398163397448,0.785398163397448,0,0,0.785398163397448,0,103.144727667943,-5.11079256231648,0.692373003050444,0,1,34.9993962523075,0.379646295852788,0.000392932028884128
3.7375,32.5072878571418,0.0135275127166957,12.9704891286897,-0.000524198710396984,-4.14457384408935e-06,0.000873887695833046,0.00203568302909418,0.379663061778099,0.00205863270648757,0.785398163397448,0.785398163397448,0,0,0.785398163397448,0,103.167818674232,-4.95430647738788,0.619648633250936,0,1,34.999393352716,0.379646167794142,0.000386507072199106
3.75,32.5072869291953,0.0133020785339223,12.9704838724604,-0.000527625636418123,-4.33318176984582e-06,0.000873989362573573,0.00203346776887449,0.379662986555086,0.00207039442288181,0.785398163397448,0.785398163397448,0,0,0.785398163397448,0,103.188879168802,-4.8005341661871,0.544945391005808,0,1,34.9993904565219,0.379646038132606,0.00038006601488374
3.7625,32.5072860235802,0.0130761018208861,12.9704785666035,-0.000530946169158689,-4.51834440896117e-06,0.000874071764314183,0.00203121079998988,0.379662909018092,0.00208215737456546,0.785398163397448,0.785398163397448,0,0,0.785398163397448,0,103.207964576192,-4.64941228033652,0.468322886771609,0,1,34.9993875639277,0.379645906917601,0.000373609455342743
3.775,32.5072851398267,0.0128496035608026,12.9704732127865,-0.000534162176957856,-4.70005989769288e-06,0.000874134338989895,0.0020289133430379,0.379662829211148,0.00209392129852102,0.785398163397448,0.785398163397448,0,0,0.785398163397448,0,103.225128841484,-4.50087915454165,0.389839581570497,0,1,34.9993846751329,0.379645774198352,0.00036713799310304
3.7875,32.5072842774653,0.0126226047733006,12.9704678126692,-0.000537275484584216,-4.87832715031808e-06,0.000874176541510558,0.0020265765927778,0.379662747178303,0.00210568592428202,0.785398163397448,0.785398163397448,0,0,0.785398163397448,0,103.240424467154,-4.35487476423209,0.309552814414172,0,1,34.9993817903343,0.379645640023876,0.000360652228732328
3.8,32.5072834360271,0.0123951265115947,12.9704623679034,-0.000540287874390389,-5.05314585053106e-06,0.000874197843429955,0.00202420171875161,0.379662662963611,0.0021174509741592,0.785398163397448,0.785398163397448,0,0,0.785398163397448,0,103.253902549032,-4.2113406839155,0.227518828061846,0,1,34.9993789097259,0.379645504442974,0.000354152763758282
3.8125,32.5072826150441,0.0121671898596789,12.9704568801328,-0.000543201087438221,-5.22451644278411e-06,0.000874197732622677,0.00202178986588948,0.379662576611126,0.00212921616346226,0.785398163397448,0.785398163397448,0,0,0.785398163397448,0,103.265612811376,-4.07022004669339,0.143792794996363,0,1,34.9993760334987,0.379645367504222,0.000347640200588388
3.825,32.507281814049,0.0119388159295435,12.9704513509927,-0.000546016824595687,-5.39244012355798e-06,0.000874175712968588,0.00201934215509943,0.379662488164891,0.00214098120071734,0.785398163397448,0.785398163397448,0,0,0.785398163397448,0,103.275603641061,-3.93145750470225,0.0584288420613479,0,1,34.999373161841,0.379645229255961,0.000341115142430398
3.8375,32.5072810325755,0.011710025858412,12.9704457821096,-0.000548736747605832,-5.55691883258874e-06,0.000874131304044631,0.00201685968384203,0.379662397668926,0.00215274578788028,0.785398163397448,0.785398163397448,0,0,0.785398163397448,0,103.283922120942,-3.79499919051081,-0.0285199251319774,0,1,34.9993702949381,0.379645089746292,0.000334578193213399
3.85,32.5072802701585,0.0114808408060005,12.9704401751009,-0.000551362480128645,-5.71795524401699e-06,0.000874064040823834,0.00201434352669045,0.379662305167219,0.00216450962054576,0.785398163397448,0.785398163397448,0,0,0.785398163397448,0,103.290614062397,-3.66079267949512,-0.117001398570234,0,1,34.9993674329725,0.379644949023064,0.000328029957509497
3.8625,32.507279526334,0.0112512819517973,12.970434531575,-0.000553895608756544,-5.87555275749069e-06,0.000873973473381316,0.00201179473587606,0.379662210703721,0.00217627238815255,0.785398163397448,0.785398163397448,0,0,0.785398163397448,0,103.29572403704,-3.5287869534877,-0.20696444500466,0,1,34.9993645761238,0.37964480713387,0.000321471040456095
3.875,32.507278800639,0.0110213704923641,12.9704288531304,-0.000556337684004149,-6.02971548921667e-06,0.000873859166607079,0.00200921434182013,0.379662114322331,0.00218803377418468,0.785398163397448,0.785398163397448,0,0,0.785398163397448,0,103.299295407682,-3.39893236445289,-0.298358883334524,0,1,34.9993617245686,0.379644664126034,0.000314902047678772
3.8875,32.5072780926122,0.0107911276386572,12.9704231413562,-0.000558690221272572,-6.18044826296555e-06,0.00087372069992548,0.00200660335365186,0.379662016066891,0.00219979345636895,0.785398163397448,0.785398163397448,0,0,0.785398163397448,0,103.301370358519,-3.27118060009277,-0.391135462822972,0,1,34.9993588784807,0.379644520046609,0.000308323585214747
3.9,32.5072774017937,0.0105605746133692,12.9704173978311,-0.000560954701789565,-6.32775660101139e-06,0.000873557667021136,0.00200396275971313,0.379661915981172,0.0022115511068686,0.785398163397448,0.785398163397448,0,0,0.785398163397448,0,103.301989924567,-3.14548464969915,-0.485245841920956,0,1,34.9993560380311,0.379644374942364,0.000301736259436928
3.9125,32.5072767277249,0.0103297326482918,12.9704116241239,-0.00056313257352557,-6.47164671504327e-06,0.000873369675571135,0.00200129352805036,0.379661814108873,0.0022233063924734,0.785398163397448,0.785398163397448,0,0,0.785398163397448,0,103.301194020389,-3.02179877088612,-0.58064256760735,0,1,34.9993532033875,0.37964422885978,0.000295140676978541
3.925,32.5072760699492,0.0100986229816969,12.9704058217925,-0.000565225252086449,-6.61212549702667e-06,0.000873156346983364,0.00199859660689363,0.379661710493603,0.00223505897478612,0.785398163397448,0.785398163397448,0,0,0.785398163397448,0,103.299021468087,-2.90007845720705,-0.677279054967213,0,1,34.9993503747151,0.379644081845042,0.000288537444658328
3.9375,32.5072754280115,0.00986726685573951,12.9703999923845,-0.000567234121583474,-6.74920051001473e-06,0.000872917316140834,0.00199587292512362,0.379661605178881,0.00224680851040561,0.785398163397448,0.785398163397448,0,0,0.785398163397448,0,103.295510024642,-2.78028040667924,-0.775109567861512,0,1,34.9993475521759,0.37964393394403,0.000281927169406313
3.95,32.5072748014585,0.00963568551387897,12.9703941374361,-0.000569160535481036,-6.88287997893701e-06,0.000872652231151811,0.00199312339272647,0.379661498208121,0.00225855465110638,0.785398163397448,0.785398163397448,0,0,0.785398163397448,0,103.29069640855,-2.66236249119628,-0.874089199714366,0,1,34.9993447359291,0.379643785202316,0.000275310458190135
3.9625,32.5072741898389,0.00940390019832021,12.9703882584725,-0.000571005817422998,-7.01317278133401e-06,0.000872360753105584,0.00199034890123697,0.379661389624626,0.00227029704401489,0.785398163397448,0.785398163397448,0,0,0.785398163397448,0,103.284616325807,-2.54628372623851,-0.974173854850667,0,1,34.999341926131,0.379643635665153,0.00026868791794193
3.975,32.5072735927035,0.00917193214747439,12.9703823570076,-0.000572771262037635,-7.14008843806919e-06,0.000872042555833785,0.00198755032417039,0.379661279471581,0.00228203533178267,0.785398163397448,0.785398163397448,0,0,0.785398163397448,0,103.277304495277,-2.43200424157294,-1.07532023034285,0,1,34.9993391229347,0.37964348537747,0.000262060155485774
3.9875,32.5072730096049,0.00893980259343866,12.9703764345434,-0.000574458135722073,-7.26363710400129e-06,0.000871697325677073,0.00198472851744312,0.379661167792042,0.00229376915275611,0.785398163397448,0.785398163397448,0,0,0.785398163397448,0,103.268794673407,-2.31948525272395,-1.17748579846658,0,1,34.9993363264908,0.379643334383867,0.000255427777465672
4,32.5072724400981,0.00870753275949501,12.9703704925703,-0.000576067677406751,-7.38382955863408e-06,0.000871324761257031,0.00198188431978257,0.379661054628931,0.00230549814114332,0.785398163397448,0.785398163397448,0,0,0.785398163397448,0,103.259119678352,-2.208689033515,-1.28062878954409,0,1,34.9993335369465,0.379643182728606,0.000248791390274093
4.0125,32.5072718837403,0.00847514385762815,12.9703645325667,-0.00057760109930021,-7.50067719672354e-06,0.000870924573253159,0.00197901855312646,0.379660940025023,0.00231722192717778,0.785398163397448,0.785398163397448,0,0,0.785398163397448,0,103.248311413501,-2.09957888848602,-1.38470817508027,0,1,34.9993307544464,0.379643030455606,0.000242151599981042
4.025,32.5072713400909,0.00824265708606207,12.9703585559985,-0.000579059587614889,-7.61419201887543e-06,0.000870496484184843,0.00197613202301182,0.379660824022947,0.00232894013727919,0.785398163397448,0.785398163397448,0,0,0.785398163397448,0,103.236400890425,-1.99211912642174,-1.48968365150224,0,1,34.999327979132,0.379642877608438,0.000235509012263677
4.0375,32.5072708087118,0.00801009362681539,12.9703525643195,-0.000580444303274085,-7.72438662211097e-06,0.000870040228198151,0.001973225518954,0.379660706665168,0.00234065239421131,0.785398163397448,0.785398163397448,0,0,0.785398163397448,0,103.223418251263,-1.88627503472496,-1.59551562444231,0,1,34.999325211142,0.379642724230317,0.000228864232336455
4.05,32.5072702891675,0.00777747464327529,12.9703465589707,-0.000581756382601044,-7.83127419041144e-06,0.000869555550857293,0.00197029981481585,0.379660587993988,0.00235235831723698,0.785398163397448,0.785398163397448,0,0,0.785398163397448,0,103.209392790561,-1.78201285407648,-1.70216519310638,0,1,34.9993224506119,0.379642570364097,0.000222217864881808
4.0625,32.5072697810247,0.00754482127778987,12.9703405413804,-0.000582996937990046,-7.93486848524354e-06,0.000869042208940735,0.00196735566916743,0.379660468051532,0.00236405752227041,0.785398163397448,0.785398163397448,0,0,0.785398163397448,0,103.194352976557,-1.679299753909,-1.80959413533074,0,1,34.9993196976745,0.379642416052268,0.000215570513981351
4.075,32.5072692838532,0.00731215464927889,12.9703345129638,-0.000584167058560473,-8.03518383606394e-06,0.000868499970241694,0.00196439382563638,0.379660346879746,0.00237574962202672,0.785398163397448,0.785398163397448,0,0,0.785398163397448,0,103.17832647198,-1.57810380842573,-1.91776489296023,0,1,34.9993169524597,0.379642261336945,0.00020892278304761
4.0875,32.5072687972251,0.0070794958508628,12.9703284751232,-0.000585267810793841,-8.13223513082408e-06,0.000867928613373021,0.00196141501324928,0.379660224520385,0.00238743422616881,0.785398163397448,0.785398163397448,0,0,0.785398163397448,0,103.161340154299,-1.4783939732746,-2.02664055760421,0,1,34.9993142150942,0.379642106259868,0.000202275274756275
4.1,32.5072683207155,0.00684686594750994,12.9703224292474,-0.000586300239154467,-8.22603780643871e-06,0.000867327927576287,0.00195841994676417,0.379660101015011,0.00239911094145169,0.785398163397448,0.785398163397448,0,0,0.785398163397448,0,103.143420135498,-1.38014006268324,-2.13618485675799,0,1,34.9993114857022,0.379641950862396,0.000195628590978974
4.1125,32.5072678539022,0.00661428597370183,12.970316376712,-0.000587265366694099,-8.31660783926258e-06,0.000866697712535001,0.00195540932699445,0.379659976404981,0.00241077937186422,0.785398163397448,0.785398163397448,0,0,0.785398163397448,0,103.124591781364,-1.28331272703125,-2.24636214016873,0,1,34.9993087644045,0.379641795185497,0.000188983332716559
4.125,32.507267396366,0.0063817769311165,12.9703103188785,-0.000588164195640884,-8.40396173555366e-06,0.000866037778191829,0.00195238384112445,0.379659850731444,0.00242243911876839,0.785398163397448,0.785398163397448,0,0,0.785398163397448,0,103.104879730292,-1.18788343178346,-2.35713736693666,0,1,34.9993060513194,0.379641639269751,0.000182340100032909
4.1375,32.5072669476906,0.0061493597863297,12.9703042570953,-0.000588997707973256,-8.48811652191576e-06,0.000865347944569711,0.0019493441630168,0.379659724035332,0.00243408978103613,0.785398163397448,0.785398163397448,0,0,0.785398163397448,0,103.084307911644,-1.09382443551042,-2.46847609253913,0,1,34.999303346562,0.379641483155338,0.000175699491989246
4.15,32.5072665074628,0.00591705546853404,12.9702981926963,-0.00058976686597864,-8.56908973576293e-06,0.000864628041596763,0.00194629095351181,0.379659596357355,0.00244573095518381,0.785398163397448,0.785398163397448,0,0,0.785398163397448,0,103.062899563646,-1.00110877003402,-2.58034445649134,0,1,34.9993006502447,0.37964132688204,0.000169062106578965
4.1625,32.5072660752726,0.0056848848672759,12.9702921270016,-0.000590472612798035,-8.64689941575816e-06,0.000863877908934883,0.00194322486071917,0.379659467737993,0.00245736223550432,0.785398163397448,0.785398163397448,0,0,0.785398163397448,0,103.04067725086,-0.909710219540024,-2.69270917002582,0,1,34.9992979624769,0.37964117048923,0.000162428540662962
4.175,32.5072656507128,0.00545286883021005,12.9702860613172,-0.000591115872955977,-8.72156409226404e-06,0.000863097395812006,0.00194014652030201,0.379659338217492,0.00246898321419695,0.785398163397448,0.785398163397448,0,0,0.785398163397448,0,103.017662881201,-0.819603301620874,-2.80553750455834,0,1,34.9992952833652,0.379641014015873,0.00015579938990548
4.1875,32.5072652333799,0.00522102816087203,12.9702799969346,-0.000591697552877234,-8.79310277779062e-06,0.000862286360857764,0.00193705655575366,0.379659207835853,0.00248059348149499,0.785398163397448,0.785398163397448,0,0,0.785398163397448,0,102.993877722588,-0.730763247852874,-2.91879728005927,0,1,34.9992926130133,0.379640857500519,0.000149175248710453
4.2,32.5072648228732,0.00498938361646809,12.9702739351309,-0.000592218541389676,-8.86153495744068e-06,0.000861444671942637,0.00193395557866714,0.379659076632832,0.00249219262579114,0.785398163397448,0.785398163397448,0,0,0.785398163397448,0,102.969342419121,-0.643165985001095,-3.03245685379625,0,1,34.9992899515218,0.379640700981301,0.000142556710158359
4.2125,32.5072644187958,0.00475795590568269,12.9702678771688,-0.00059267971021411,-8.92688057937753e-06,0.000860572206020394,0.00193084418899777,0.37965894464793,0.00250378023376082,0.785398163397448,0.785398163397448,0,0,0.785398163397448,0,102.944077006928,-0.556788116970017,-3.14648510962126,0,1,34.9992872989889,0.379640544495929,0.00013594436594357
4.225,32.5072640207538,0.00452676568650366,12.970261824296,-0.000593081914441391,-8.98916004528407e-06,0.000859668848973768,0.00192772297531883,0.37965881192039,0.00251535589048333,0.785398163397448,0.785398163397448,0,0,0.785398163397448,0,102.918100929574,-0.471606907077944,-3.26085144728661,0,1,34.9992846555096,0.379640388081686,0.000129338806312205
4.2375,32.5072636283569,0.00429583356406467,12.9702557777455,-0.000593425992996971,-9.04839420083165e-06,0.000858734495463276,0.00192459251507071,0.379658678489186,0.00252691917956099,0.785398163397448,0.785398163397448,0,0,0.785398163397448,0,102.891433053133,-0.387600260487677,-3.37552577213408,0,1,34.9992820211761,0.37964023177543,0.000122740620000485
4.25,32.5072632412183,0.00406518008850531,12.9702497387357,-0.000593712769093262,-9.1046043261777e-06,0.000857769048779105,0.00192145337480346,0.379658544393026,0.00253846968323624,0.785398163397448,0.785398163397448,0,0,0.785398163397448,0,102.864091680858,-0.304746707739448,-3.49047848516245,0,1,34.9992793960779,0.379640075613581,0.000116150394173583
4.2625,32.5072628589548,0.00383482575284852,12.9702437084695,-0.000593943050670228,-9.15781212644976e-06,0.000856772420695965,0.00191830611041308,0.379658409670337,0.00255000698250681,0.785398163397448,0.785398163397448,0,0,0.785398163397448,0,102.836094567525,-0.223025387745041,-3.60568047305697,0,1,34.9992767803017,0.379639919632127,0.000109568714364974
4.275,32.5072624811867,0.0036047909908954,12.9702376881351,-0.000594117630824295,-9.20803972226779e-06,0.000855744531330879,0.00191515126737172,0.379658274359266,0.00256153065723892,0.785398163397448,0.785398163397448,0,0,0.785398163397448,0,102.807458933386,-0.142416032104182,-3.72110309891789,0,1,34.9992741739312,0.379639763866616,0.000102996164416283
4.2875,32.5072621075379,0.00337509617513742,12.9702316789052,-0.000594237288225919,-9.25530964027064e-06,0.000854685309003751,0.00191198938095175,0.379658138497673,0.00257304028627857,0.785398163397448,0.785398163397448,0,0,0.785398163397448,0,102.778201477837,-0.0628989492676923,-3.8367181928913,0,1,34.9992715770474,0.379639608352152,9.64333264176236e-05
4.3,32.5072617376362,0.00314576161468594,12.9702256819373,-0.000594302787526263,-9.29964480366483e-06,0.000853594690100717,0.00190882097644415,0.379658002123128,0.00258453544756104,0.785398163397448,0.785398163397448,0,0,0.785398163397448,0,102.748338392703,0.0155449906229675,-3.95249804322757,0,1,34.9992689897287,0.379639453123395,8.98807806484377e-05
4.3125,32.5072613711128,0.00291680755321906,12.9702196983735,-0.000594314879753145,-9.34106852279256e-06,0.000852472618940141,0.00190564656937106,0.379657865272899,0.00259601571821851,0.785398163397448,0.785398163397448,0,0,0.785398163397448,0,102.717885375223,0.0929343710331796,-4.06841538743211,0,1,34.9992664120505,0.37963929821456,8.33391055188284e-05
4.325,32.507261007603,0.00268825416694577,12.9702137293406,-0.000594274302696234,-9.37960448572154e-06,0.000851319047641249,0.00190246666569292,0.379657727983956,0.0026074806746859,0.785398163397448,0.785398163397448,0,0,0.785398163397448,0,102.686857640717,0.169287243043277,-4.18444340384045,0,1,34.9992638440855,0.379639143659406,7.68088775113859e-05
4.3375,32.5072606467457,0.00246012156258737,12.9702077759496,-0.000594181781282382,-9.41527674885775e-06,0.000850133935995277,0.00189928176201009,0.379657590292961,0.00261892989280498,0.785398163397448,0.785398163397448,0,0,0.785398163397448,0,102.655269934947,0.244621139930396,-4.30055570329524,0,1,34.9992612859038,0.379638989491244,7.02906711235079e-05
4.35,32.5072602881838,0.00223242977537615,12.970201839296,-0.00059403802794075,-9.4481097275903e-06,0.000848917251339075,0.00189609234575931,0.379657452236264,0.00263036294792679,0.785398163397448,0.785398163397448,0,0,0.785398163397448,0,102.623136546157,0.318953090864852,-4.41672632115829,0,1,34.9992587375726,0.379638835742928,6.37850588102133e-05
4.3625,32.5072599315639,0.00200519876707139,12.9701959204596,-0.000593843742958268,-9.47812818695574e-06,0.000847668968431125,0.00189289889540494,0.379657313849902,0.00264177941501228,0.785398163397448,0.785398163397448,0,0,0.785398163397448,0,102.590471316857,0.392299634363531,-4.53292970928844,0,1,34.9992561991564,0.379638682446853,5.72926109274492e-05
4.375,32.5072595765368,0.00177844842399253,12.9701900205045,-0.000593599614825657,-9.50535723233107e-06,0.00084638906932991,0.0018897018806253,0.379657175169587,0.0026531788687314,0.785398163397448,0.785398163397448,0,0,0.785398163397448,0,102.557287655285,0.464676831796711,-4.64914072842265,0,1,34.9992536707173,0.379638529634957,5.08138956758909e-05
4.3875,32.507259222757,0.00155219855506961,12.970184140479,-0.000593306320574052,-9.52982230016742e-06,0.000845077543274531,0.00188650176249404,0.379657036230712,0.00266456088356054,0.785398163397448,0.785398163397448,0,0,0.785398163397448,0,102.523598546608,0.536100279502158,-4.76533464113447,0,1,34.9992511523143,0.379638377338714,4.4349479045234e-05
4.4,32.5072588698832,0.00132646888991101,12.9701782814153,-0.000592964526102842,-9.55154914874455e-06,0.000843734386567523,0.00188329899365685,0.379656897068337,0.00267592503387833,0.785398163397448,0.785398163397448,0,0,0.785398163397448,0,102.489416563856,0.606585122420778,-4.88148710388296,0,1,34.999248644004,0.379638225589137,3.78999247589796e-05
4.4125,32.5072585175781,0.00110127907688836,12.9701724443299,-0.00059257488649842,-9.57056384896124e-06,0.000842359602459878,0.00188009401850353,0.379656757717191,0.00268727089405992,0.785398163397448,0.785398163397448,0,0,0.785398163397448,0,102.45475387857,0.67614606495355,-4.99757416072023,0,1,34.9992461458404,0.379638074416771,3.14657942197127e-05
4.425,32.5072581655083,0.000876648681238695,12.9701666302235,-0.000592138046344673,-9.58689277516282e-06,0.000840953201038102,0.00187688727333553,0.379656618211667,0.00269859803856976,0.785398163397448,0.785398163397448,0,0,0.785398163397448,0,102.419622271216,0.744797384089495,-5.11357223592078,0,1,34.9992436578747,0.379637923851698,2.50476464548718e-05
4.4375,32.5072578133447,0.00065259718318391,12.9701608400803,-0.000591654640024761,-9.60056259601286e-06,0.000839515199113347,0.00187367918652911,0.379656478585817,0.00270990604205279,0.785398163397448,0.785398163397448,0,0,0.785398163397448,0,102.384033141331,0.812552940457143,-5.22945812757714,0,1,34.9992411801555,0.379637773923527,1.86460380630122e-05
4.45,32.5072574607622,0.000429143976067421,12.9701550748689,-0.000591125292014943,-9.61160026539002e-06,0.000838045620112537,0.00187047017869429,0.379656338873349,0.00272119447942424,0.785398163397448,0.785398163397448,0,0,0.785398163397448,0,102.347997517424,0.879426189580734,-5.34520900112093,0,1,34.999238712729,0.379637624661401,1.22615231605623e-05
4.4625,32.50725710744,0.000206308364508082,12.9701493355415,-0.000590550617170426,-9.62003301333436e-06,0.000836544493971365,0.00186726066282956,0.379656199107625,0.00273246292595789,0.785398163397448,0.785398163397448,0,0,0.785398163397448,0,102.311526066644,0.945430193268289,-5.46080238277768,0,1,34.9992362556387,0.379637476093992,5.89465332907197e-06
4.475,32.5072567530612,-1.58904374286234e-05,12.9701436230345,-0.00058993122100331,-9.62588833702659e-06,0.000835011857029249,0.0018640510444726,0.379656059321653,0.00274371095737301,0.785398163397448,0.785398163397448,0,0,0.785398163397448,0,102.274629104219,1.01057763015118,-5.57621615380095,0,1,34.9992338089256,0.379637328249497,-4.54022437044653e-07
4.4875,32.5072563973135,-0.000237433308042106,12.9701379382679,-0.000589267699953211,-9.62919399182275e-06,0.000833447751926037,0.001860841721847,0.379655919548089,0.00275493814991978,0.785398163397448,0.785398163397448,0,0,0.785398163397448,0,102.23731660263,1.07488080640313,-5.69142854417858,0,1,34.999231372628,0.379637181155644,-6.7839577822734e-06
4.5,32.5072560398884,-0.000458301219790945,12.9701322821456,-0.000588560641650103,-9.62997798231545e-06,0.00083185222750057,0.00185763308600517,0.379655779819232,0.00276614408046341,0.785398163397448,0.785398163397448,0,0,0.785398163397448,0,102.199598200627,1.13835166572878,-5.80641812705002,0,1,34.9992289467819,0.379637034839684,-1.3094609041271e-05
4.5125,32.507255680482,-0.000678475241069835,12.9701266555553,-0.00058781062517038,-9.62826855346287e-06,0.00083022533869089,0.00185442552096751,0.379655640167018,0.00277732832656692,0.785398163397448,0.785398163397448,0,0,0.785398163397448,0,102.161483211969,1.20100179956461,-5.92116381292268,0,1,34.9992265314207,0.379636889328395,-1.93854352896406e-05
4.525,32.5072553187945,-0.00089793653796923,12.9701210593685,-0.000587018221285572,-9.62409418174482e-06,0.000828567146436219,0.00185121940385792,0.379655500623022,0.00278849046657251,0.785398163397448,0.785398163397448,0,0,0.785398163397448,0,102.122980633973,1.2628424570171,-6.03564484429371,0,1,34.9992241265754,0.37963674464808,-2.56558983942139e-05
4.5375,32.5072549545303,-0.00111666637601767,12.9701154944406,-0.000586183992704286,-9.61748356637325e-06,0.000826877717580499,0.00184801510503572,0.379655361218451,0.00279963007968169,0.785398163397448,0.785398163397448,0,0,0.785398163397448,0,102.084099155877,1.32388455390344,-6.14984079014771,0,1,34.9992217322744,0.379636600824564,-3.1905463062837e-05
4.55,32.5072545873984,-0.00133464612190673,12.9701099616105,-0.000585308494307638,-9.608465620567e-06,0.00082515712477757,0.0018448129882242,0.379655221984143,0.00281074674603412,0.785398163397448,0.785398163397448,0,0,0.785398163397448,0,102.044847166968,1.38413868252841,-6.26373154091858,0,1,34.9992193485438,0.379636457883199,-3.81335968936613e-05
4.5625,32.5072542171119,-0.00155185724519869,12.9701044617012,-0.000584392273377853,-9.59706946284815e-06,0.000823405446397908,0.00184161341063572,0.379655082950565,0.00282184004678513,0.785398163397448,0.785398163397448,0,0,0.785398163397448,0,102.005232764532,1.44361512037458,-6.3772973033431,0,1,34.9992169754073,0.379636315848857,-4.43397704239389e-05
4.575,32.5072538433882,-0.00176828132001671,12.9700989955193,-0.000583435869820741,-9.5833244084188e-06,0.000821622766436836,0.00183841672309357,0.379654944147809,0.00283290956418207,0.785398163397448,0.785398163397448,0,0,0.785398163397448,0,101.965263761605,1.50232383928138,-6.49051859551125,0,1,34.9992146128862,0.379636174745936,-5.05234571783205e-05
4.5875,32.5072534659492,-0.00198390002671772,12.970093563855,-0.000582439816381859,-9.56725996057516e-06,0.00081980917442423,0.00183522327015062,0.379654805605591,0.00284395488163934,0.785398163397448,0.785398163397448,0,0,0.785398163397448,0,101.924947694551,1.5602745136176,-6.60337624226025,0,1,34.9992122609993,0.379636034598356,-5.66841337166566e-05
4.6,32.5072530845212,-0.00219869515354782,12.9700881674825,-0.000581404638856656,-9.54890580218531e-06,0.000817964765335635,0.00183203339020488,0.379654667353246,0.00285497558381236,0.785398163397448,0.785398163397448,0,0,0.785398163397448,0,101.884291830441,1.61747652905553,-6.71585137026692,0,1,34.9992099197631,0.379635895429559,-6.28212796813015e-05
4.6125,32.5072526988347,-0.00241264859828027,12.9700828071598,-0.000580330856294762,-9.52829178721419e-06,0.000816089639504805,0.00182884741561196,0.37965452941973,0.00286597125667019,0.785398163397448,0.785398163397448,0,0,0.785398163397448,0,101.843303174271,1.67393899096622,-6.82792540358422,0,1,34.9992075891919,0.379635757262513,-6.89343778439178e-05
4.625,32.5072523086247,-0.00262574236983601,12.9700774836286,-0.000579218981198325,-9.50544793231041e-06,0.00081418390253756,0.00182566567279472,0.379654391833615,0.00287694148756707,0.785398163397448,0.785398163397448,0,0,0.785398163397448,0,101.801988475974,1.72967073166654,-6.93958005941637,0,1,34.9992052692977,0.379635620119706,-7.50229141517828e-05
4.6375,32.5072519136305,-0.00283795858988667,12.9700721976143,-0.000578069519714954,-9.48040440845344e-06,0.000812247665226989,0.00182248848234989,0.379654254623087,0.00288788586531284,0.785398163397448,0.785398163397448,0,0,0.785398163397448,0,101.760354237312,1.7846803188953,-7.05079734361532,0,1,34.99920296009,0.379635484023153,-8.10863777735956e-05
4.65,32.5072515135961,-0.00304927949444016,12.9700669498264,-0.00057688297182513,-9.45319153266322e-06,0.000810281043469897,0.00181931615915201,0.379654117815945,0.00289880398024215,0.785398163397448,0.785398163397448,0,0,0.785398163397448,0,101.718406718558,1.83897606304129,-7.16155954670799,0,1,34.9992006615762,0.37963534899439,-8.71242611447829e-05
4.6625,32.5072511082695,-0.00325968743540862,12.970061740958,-0.000575659831524261,-9.4238397597548e-06,0.000808284158184527,0.00181614901245459,0.3796539814396,0.00290969542428257,0.785398163397448,0.785398163397448,0,0,0.785398163397448,0,101.676151945054,1.89256602482379,-7.27184923954464,0,1,34.9991983737616,0.379635215054481,-9.31360600123047e-05
4.675,32.5072506974035,-0.00346916488215885,12.9700565716862,-0.000574400586999415,-9.39237967416728e-06,0.0008062571352295,0.00181298734598864,0.379653845521072,0.00292055979102169,0.785398163397448,0.785398163397448,0,0,0.785398163397448,0,101.633595713572,1.94545802247783,-7.38164926959,0,1,34.999196096649,0.379635082224012,-9.91212734789581e-05
4.6875,32.5072502807551,-0.00367769442304524,12.970051442672,-0.000573105720801137,-9.35884198185847e-06,0.000804200105323927,0.0018098314580586,0.379653710086987,0.00293139667577301,0.785398163397448,0.785398163397448,0,0,0.785398163397448,0,101.590743598558,1.99765963866462,-7.49094275706069,0,1,34.9991938302391,0.379634950523099,-0.000105079404047179
4.7,32.5072498580858,-0.00388525876692495,12.9700463545604,-0.000571775710010204,-9.32325750225405e-06,0.000802113203968657,0.0018066816416358,0.37965357516358,0.00294220567564081,0.785398163397448,0.785398163397448,0,0,0.785398163397448,0,101.547600958218,2.04917822728145,-7.5997130911735,0,1,34.9991915745307,0.37963481997138,-0.000111009957662339
4.7125,32.5072494291615,-0.00409184074465556,12.9700413079801,-0.000570411026399712,-9.28565716026183e-06,0.00079999657136864,0.00180353818444944,0.37965344077669,0.00295298638958406,0.785398163397448,0.785398163397448,0,0,0.785398163397448,0,101.504172940428,2.10002092062428,-7.70794392630452,0,1,34.9991893295201,0.379634690588025,-0.000116912443755543
4.725,32.5072489937526,-0.00429742331057508,12.9700363035442,-0.000569012136592182,-9.2460719783573e-06,0.000797850352356426,0.0018004013690752,0.379653306951758,0.00296373841847911,0.785398163397448,0.785398163397448,0,0,0.785398163397448,0,101.46046448856,2.15019463553312,-7.81561917882216,0,1,34.9991870952017,0.379634562391729,-0.000122786375285916
4.7375,32.5072485516338,-0.00450198954396415,12.9700313418496,-0.000567579502212192,-9.20453306874043e-06,0.000795674696316668,0.00179727147302154,0.37965317371383,0.00297446136518154,0.785398163397448,0.785398163397448,0,0,0.785398163397448,0,101.416480347105,2.19970607968818,-7.92272302335925,0,1,34.9991848715677,0.379634435400722,-0.000128631268782389
4.75,32.5072481025845,-0.0047055226504907,12.9700264234774,-0.000566113580034721,-9.16107162553835e-06,0.00079346975711167,0.00179414876881373,0.379653041087552,0.00298515483458687,0.785398163397448,0.785398163397448,0,0,0.785398163397448,0,101.372225067208,2.24856175820774,-8.02923988958086,0,1,34.9991826586083,0.379634309632759,-0.000134446644384978
4.7625,32.5072476463883,-0.00490800596363673,12.9700215489926,-0.000564614822128862,-9.11571891710042e-06,0.000791235693007935,0.00179103352407571,0.379652909097172,0.00299581843369038,0.785398163397448,0.785398163397448,0,0,0.785398163397448,0,101.327703012067,2.29676797966551,-8.13515445883768,0,1,34.9991804563117,0.379634185105131,-0.000140232025885555
4.775,32.5072471828333,-0.00510942294610739,12.9700167189449,-0.000563083675997281,-9.06850627834995e-06,0.000788972666603718,0.00178792600160982,0.379652777766536,0.00300645177164581,0.785398163397448,0.785398163397448,0,0,0.785398163397448,0,101.282918362155,2.34433086160567,-8.24045166115993,0,1,34.9991782646641,0.379634061834662,-0.000145986940768115
4.7875,32.5072467117119,-0.00530975719122231,12.9700119338677,-0.000561520584711687,-9.01946510321352e-06,0.000786680844757495,0.00178482645947439,0.37965264711909,0.00301705445982328,0.785398163397448,0.785398163397448,0,0,0.785398163397448,0,101.237875120384,2.39125633694189,-8.34511667187242,0,1,34.9991760836494,0.379633939837711,-0.000151710920248528
4.8,32.5072462328213,-0.00550899242428901,12.9700071942791,-0.000559925987044056,-8.96862683711133e-06,0.000784360398517388,0.00178173515105943,0.379652517177878,0.00302762611186605,0.785398163397448,0.785398163397448,0,0,0.785398163397448,0,101.192577117108,2.43755015885535,-8.44913490900473,0,1,34.99917391325,0.379633819130174,-0.000157403499313786
4.8125,32.5072457459626,-0.00570711250395856,12.9700025006813,-0.000558300317594218,-8.9160229695281e-06,0.000782011503051418,0.00177865232516019,0.379652387965541,0.00303816634374651,0.785398163397448,0.785398163397448,0,0,0.785398163397448,0,101.147028015007,2.48321790711885,-8.55249202999423,0,1,34.9991717534461,0.379633699727484,-0.000163064216760746
4.825,32.5072452509418,-0.00590410142356336,12.9699978535612,-0.000556644006913065,-8.86168502664657e-06,0.000779634337578753,0.00177557822604898,0.37965225950432,0.00304867477382113,0.785398163397448,0.785398163397448,0,0,0.785398163397448,0,101.10123131386,2.52826499263617,-8.65517392904857,0,1,34.999169604216,0.379633581644615,-0.000168692615234349
4.8375,32.507244747569,-0.00609994331243695,12.9699932533899,-0.000554957481622527,-8.80564456407447e-06,0.000777229085301689,0.00177251309354501,0.379652131816048,0.00305915102288454,0.785398163397448,0.785398163397448,0,0,0.785398163397448,0,101.055190355214,2.5726966632966,-8.75716673431244,0,1,34.9991674655361,0.379633464896084,-0.000174288241265338
4.85,32.5072442356587,-0.00629462243721599,12.9699887006232,-0.000553241164531637,-8.74793315961975e-06,0.00077479593333853,0.00176945716308244,0.379652004922159,0.00306959471422266,0.785398163397448,0.785398163397448,0,0,0.785398163397448,0,101.008908326935,2.61651800880519,-8.85845680514968,0,1,34.999165337381,0.379633349495948,-0.000179850645307463
4.8625,32.5072437150299,-0.00648812320312426,12.9699841957016,-0.000551495474748937,-8.68858240615744e-06,0.000772335072657276,0.00176641066577672,0.379651878843681,0.00308000547366498,0.785398163397448,0.785398163397448,0,0,0.785398163397448,0,100.962388267634,2.65973396547287,-8.9590307295773,0,1,34.9991632197235,0.379633235457814,-0.000185379381774168
4.875,32.507243185506,-0.00668043015523866,12.9699797390501,-0.000549720827791569,-8.62762390456912e-06,0.000769846698010056,0.00176337382848915,0.379651753601238,0.00309038292963593,0.785398163397448,0.785398163397448,0,0,0.785398163397448,0,100.915633071009,2.70234932152856,-9.05887532165048,0,1,34.9991611125345,0.379633122794833,-0.00019087400907477
4.8875,32.5072426469146,-0.00687152797973726,12.9699753310786,-0.000547917635690939,-8.56508925675292e-06,0.000767331007868367,0.00176034687388983,0.379651629215053,0.00310072671320535,0.785398163397448,0.785398163397448,0,0,0.785398163397448,0,100.868645490085,2.74436872138172,-9.15797761900797,0,1,34.9991590157831,0.379633011519707,-0.000196334089650118
4.9,32.5072420990878,-0.00706140150512931,12.9699709721819,-0.000546086307094908,-8.50101005871779e-06,0.000764788204359043,0.00175733002051894,0.379651505704942,0.00311103645813816,0.785398163397448,0.785398163397448,0,0,0.785398163397448,0,100.821428141342,2.78579667065416,-9.25632488040917,0,1,34.9991569294367,0.379632901644692,-0.000201759190007745
4.9125,32.5072415418619,-0.00725003570346714,12.9699666627396,-0.000544227247366926,-8.4354178937494e-06,0.000762218493200954,0.00175432348284649,0.379651383090319,0.00312131180094308,0.785398163397448,0.785398163397448,0,0,0.785398163397448,0,100.773983508735,2.82663753996773,-9.35390458354947,0,1,34.9991548534611,0.379632793181595,-0.000207148880756497
4.925,32.5072409750777,-0.00743741569154012,12.9699624031165,-0.000542340858682061,-8.36834432565836e-06,0.000759622083642406,0.00175132747133053,0.379651261390195,0.00313155238092058,0.785398163397448,0.785398163397448,0,0,0.785398163397448,0,100.726313947661,2.86689557028721,-9.45070442243443,0,1,34.9991527878201,0.37963268614178,-0.000212502736640646
4.9375,32.50724039858,-0.00762352673205041,12.9699581936621,-0.000540427540119697,-8.2998208921065e-06,0.000756999188399235,0.00174834219247379,0.379651140623176,0.00314175784020999,0.785398163397448,0.785398163397448,0,0,0.785398163397448,0,100.678421688763,2.90657487657874,-9.54671230540222,0,1,34.999150732476,0.379632580536173,-0.000217820336573493
4.95,32.5072398122184,-0.00780835423477064,12.9699540347117,-0.000538487687753411,-8.22987909800497e-06,0.000754350023593582,0.00174536784887902,0.379651020807468,0.00315192782383569,0.785398163397448,0.785398163397448,0,0,0.785398163397448,0,100.630308841724,2.94567945173204,-9.64191635293297,0,1,34.9991486873896,0.379632476375256,-0.000223101263670444
4.9625,32.5072392158462,-0.00799188375768345,12.9699499265852,-0.000536521694737983,-8.15855040900291e-06,0.00075167480869331,0.00174240463930279,0.379650901960873,0.00316206197975262,0.785398163397448,0.785398163397448,0,0,0.785398163397448,0,100.5819773989,2.98421317142679,-9.73630489541712,0,1,34.9991466525197,0.379632373669081,-0.000228345105281575
4.975,32.5072386093213,-0.00817410100810284,12.9699458695884,-0.000534529951393514,-8.08586624504733e-06,0.000748973766452034,0.00173945275870798,0.379650784100793,0.00317215995889085,0.785398163397448,0.785398163397448,0,0,0.785398163397448,0,100.533429238917,3.02217979746549,-9.82986647105573,0,1,34.9991446278238,0.379632272427261,-0.000233551453023674
4.9875,32.5072379925057,-0.00835499184377739,12.9699418640123,-0.000532512845286534,-8.01185797402897e-06,0.000746247122849854,0.00173651239831494,0.379650667244228,0.00318222141519945,0.785398163397448,0.785398163397448,0,0,0.785398163397448,0,100.484666130153,3.05958298178856,-9.92258982399015,0,1,34.9991426132578,0.379632172658981,-0.000238719902811764
5,32.5072373652658,-0.0085345422739752,12.9699379101334,-0.000530470761308799,-7.93655690550866e-06,0.000743495107034595,0.00173358374565133,0.379650551407778,0.00319224600568949,0.785398163397448,0.785398163397448,0,0,0.785398163397448,0,100.43568973415,3.09642627010024,-10.0144639023916,0,1,34.9991406087759,0.379632074372999,-0.000243850054890107
