time,u,v,w,p,q,r,phi,theta,psi,betaML,betaMR,betaMLdot,betaMRdot,betaSym,betaDiff,lateralForceN,rollMomentNm,yawMomentNm,limitActive,analysisGuardValid,bodySpeedMps,alphaRad,sideslipRad
0,32.5081027705783,0,12.9700907574897,0,0,0,0,0.37962696762878,0,0.785398163397448,0.785398163397448,0,0,0.785398163397448,0,-2.27373675443232e-13,0,0,1,1,35,0.37962696762878,0
0.0125,32.5081027705848,-2.95834622937676e-19,12.9700907574865,5.12390227255022e-18,2.75483374797264e-12,9.17281331266051e-20,0,0.379626967628797,0,0.785398163397448,0.785398163397448,0,0,0.785398163397448,0,3.41132826909597e-13,-1.16021026660534e-15,2.18276484721196e-11,1,1,35.0000000000049,0.379626967628625,-8.45241779821814e-21
0.025,32.5081027705909,-8.92023278857031e-19,12.9700907574844,5.2606621802776e-18,5.49367551210475e-12,3.14485806089656e-18,8.14590888792997e-20,0.379626967628849,4.235445671231e-20,0.785398163397448,0.785398163397448,0,0,0.785398163397448,0,-1.06870608679083e-13,1.45509155485858e-11,7.26772461161646e-12,1,1,35.0000000000098,0.379626967628505,-2.5486379395908e-20
0.0375,32.5081027705966,-1.39453425125143e-19,12.9700907574834,5.30488574710897e-18,8.21611778202786e-12,4.15986303672635e-18,2.33049662599097e-19,0.379626967628934,9.96043106122403e-20,0.785398163397448,0.785398163397448,0,0,0.785398163397448,0,-1.55100714450613e-13,-9.77239403914889e-16,-1.55830739420536e-14,1,1,35.0000000000147,0.379626967628419,-3.98438357500242e-21
0.05,32.5081027706018,-2.20753231654624e-19,12.9700907574835,5.30401398870144e-18,1.09217661237756e-11,4.1554791128919e-18,3.2009058553962e-19,0.379626967629054,1.55559070005776e-19,0.785398163397448,0.785398163397448,0,0,0.785398163397448,0,5.8865473798573e-13,-9.74617962939741e-16,-1.45675017842033e-11,1,1,35.0000000000195,0.379626967628367,-6.30723519012858e-21
0.0625,32.5081027706065,9.3335090196325e-19,12.9700907574847,5.21142550074898e-18,1.36102253864145e-11,2.11630611292121e-18,3.95793319082332e-19,0.379626967629207,1.84041167539848e-19,0.785398163397448,0.785398163397448,0,0,0.785398163397448,0,-1.22807278743003e-12,-1.820095768604e-12,-1.54692435786872e-11,1,1,35.0000000000244,0.379626967628348,2.66671686275029e-20
0.075,32.5081027706108,1.67332904241922e-18,12.970090757487,2.50543410891295e-17,1.62811167892625e-11,2.21709033880264e-18,4.51404398876633e-19,0.379626967629394,1.8322662397909e-19,0.785398163397448,0.785398163397448,0,0,0.785398163397448,0,8.16171606693887e-14,-2.91095061364087e-11,-7.2773725416627e-12,1,1,35.0000000000292,0.379626967628362,4.7809401211938e-20
0.0875,32.5081027706146,3.42496822448281e-18,12.9700907574902,3.03134525443019e-17,1.89340648184883e-11,5.36502783111687e-18,6.40949470836906e-19,0.379626967629614,1.96885567075018e-19,0.785398163397448,0.785398163397448,0,0,0.785398163397448,0,-1.10057403643536e-12,-6.76161742917572e-15,-7.28545181731557e-12,1,1,35.0000000000339,0.379626967628408,9.78562349851283e-20
0.1,32.508102770618,5.71577103692056e-18,12.9700907574946,2.50929530484313e-17,2.1568700376967e-11,3.23468075540596e-18,1.04093431102081e-18,0.379626967629868,2.5536380682727e-19,0.785398163397448,0.785398163397448,0,0,0.785398163397448,0,2.2635369043578e-13,-5.75980792385352e-15,-7.27742539941143e-12,1,1,35.0000000000387,0.379626967628487,1.63307743911835e-19
0.1125,32.508102770621,8.59342311584244e-18,12.9700907574999,4.04605488641858e-17,2.41846695348805e-11,3.51049383639906e-18,1.36504900417804e-18,0.379626967630154,2.8518665109854e-19,0.785398163397448,0.785398163397448,0,0,0.785398163397448,0,2.9941192280786e-13,-9.36306478042811e-15,7.27403678842655e-12,1,1,35.0000000000434,0.379626967628598,2.45526374738051e-19
0.125,32.5081027706235,1.25509647080849e-17,12.9700907575063,3.02061025390272e-17,2.6781619973337e-11,3.32633970156816e-18,1.8939233076525e-18,0.379626967630472,3.46133935042073e-19,0.785398163397448,0.785398163397448,0,0,0.785398163397448,0,6.10853641760698e-13,2.90966787998315e-11,2.91025555659594e-11,1,1,35.0000000000481,0.37962696762874,3.58598991659075e-19
0.1375,32.5081027706255,1.54607148733744e-17,12.9700907575136,4.0630629466248e-17,2.93592136017941e-11,7.5808397013237e-18,2.43967947461218e-18,0.379626967630823,4.48193816901538e-19,0.785398163397448,0.785398163397448,0,0,0.785398163397448,0,1.30332091768485e-13,-4.36651434627878e-11,-2.1837654878382e-11,1,1,35.0000000000528,0.379626967628914,4.41734710667174e-19
0.15,32.5081027706272,1.68008045911312e-17,12.970090757522,3.028684595925e-17,3.19171167905054e-11,5.36104191442962e-18,2.7748438867495e-18,0.379626967631206,5.05374802234144e-19,0.785398163397448,0.785398163397448,0,0,0.785398163397448,0,-1.94244592895118e-13,-2.91110253056325e-11,-7.2775623982679e-12,1,1,35.0000000000574,0.379626967629118,4.80022988317246e-19
0.1625,32.5081027706284,1.81456480957336e-17,12.9700907575313,2.51595046971968e-17,3.44550047653198e-11,5.27000919374255e-18,3.04546806992683e-18,0.379626967631621,5.61345134815437e-19,0.785398163397448,0.785398163397448,0,0,0.785398163397448,0,-1.99899399177935e-12,-6.06824806177289e-15,-1.45532343942396e-11,1,1,35.0000000000619,0.379626967629352,5.18447088448615e-19
0.175,32.5081027706292,1.92357516211559e-17,12.9700907575416,2.49718068427631e-17,3.69725654925035e-11,1.19779442988746e-18,3.37491138604371e-18,0.379626967632068,6.04853227795536e-19,0.785398163397448,0.785398163397448,0,0,0.785398163397448,0,5.16929280478059e-13,1.45456243988261e-11,1.41137958297002e-14,1,1,35.0000000000665,0.379626967629616,5.49592903460555e-19
0.1875,32.5081027706295,2.55708147199095e-17,12.9700907575528,3.5214470585805e-17,3.94694833144886e-11,1.38509433900861e-18,3.75752195675975e-18,0.379626967632545,6.22233964042764e-19,0.785398163397448,0.785398163397448,0,0,0.785398163397448,0,5.9167350758347e-13,1.45430779801183e-11,2.11744994361929e-14,1,1,35.000000000071,0.37962696762991,7.30594706281648e-19
0.2,32.5081027706295,3.27046825053611e-17,12.9700907575649,4.02856478719111e-17,4.19454643017135e-11,4.64145373346628e-19,4.26909413394531e-18,0.379626967633054,6.42148502055833e-19,0.785398163397448,0.785398163397448,0,0,0.785398163397448,0,-9.19124310993618e-13,1.45416287989951e-11,7.30473577545169e-12,1,1,35.0000000000754,0.379626967630233,9.3441950015116e-19
0.2125,32.508102770629,3.74269945707472e-17,12.970090757578,3.51081131099877e-17,4.44002153465794e-11,-6.3924774020545e-19,4.84511522380989e-18,0.379626967633594,6.63389769410461e-19,0.785398163397448,0.785398163397448,0,0,0.785398163397448,0,1.04227319031717e-12,1.4542598894963e-11,7.30550693427615e-12,1,1,35.0000000000798,0.379626967630584,1.06934270201891e-18
0.225,32.5081027706281,4.4654523411134e-17,12.9700907575919,4.02249793109404e-17,4.68334493232136e-11,-5.3845487829068e-19,5.35091912787632e-18,0.379626967634164,6.69782905238467e-19,0.785398163397448,0.785398163397448,0,0,0.785398163397448,0,1.00227792485637e-13,-4.36700197977769e-11,-3.63429202086466e-11,1,1,35.0000000000841,0.379626967630964,1.27584352602933e-18
0.2375,32.5081027706268,5.12119405106312e-17,12.9700907576068,1.94011771245756e-17,4.9244892770119e-11,-8.01991443095789e-18,5.62922912538183e-18,0.379626967634765,5.90366749248375e-19,0.785398163397448,0.785398163397448,0,0,0.785398163397448,0,-1.59731100339794e-12,-1.45620512102778e-11,2.18892924389023e-11,1,1,35.0000000000884,0.379626967631371,1.46319830030005e-18
0.25,32.5081027706251,5.4832390320461e-17,12.9700907576225,1.44551719075696e-17,5.16342813213825e-11,-4.02281196539878e-18,5.78420123678954e-18,0.379626967635395,5.22434056701091e-19,0.785398163397448,0.785398163397448,0,0,0.785398163397448,0,-4.50854630055891e-13,-8.89493316461972e-15,-7.2223874594003e-12,1,1,35.0000000000926,0.379626967631807,1.5666397234376e-18
0.2625,32.5081027706229,5.86950823344091e-17,12.970090757639,1.95275963769477e-17,5.40013490811608e-11,-4.93357145387946e-18,5.93917757472695e-18,0.379626967636056,4.54687652303311e-19,0.785398163397448,0.785398163397448,0,0,0.785398163397448,0,2.94093456802172e-13,1.45416787908876e-11,1.4612894892813e-11,1,1,35.0000000000968,0.379626967632269,1.67700235240705e-18
0.275,32.5081027706204,6.41714866298904e-17,12.9700907576565,2.47359089925008e-17,5.6345847870801e-11,-2.78912906039855e-18,6.23448119910454e-18,0.379626967636745,4.17052953210528e-19,0.785398163397448,0.785398163397448,0,0,0.785398163397448,0,-6.57305547035065e-13,-1.45634048704917e-11,-2.17673636695233e-11,1,1,35.0000000001009,0.379626967632758,1.83347104656301e-18
0.2875,32.5081027706175,6.90891139045499e-17,12.9700907576747,1.94220062710819e-17,5.86675341464377e-11,-6.93563441179504e-18,6.44830168847173e-18,0.379626967637464,3.37274330485381e-19,0.785398163397448,0.785398163397448,0,0,0.785398163397448,0,-8.20474227779975e-14,-1.06664410535755e-14,-7.2066949315941e-12,1,1,35.000000000105,0.379626967633273,1.97397468298122e-18
0.3,32.5081027706142,7.60647369423878e-17,12.9700907576938,1.41080033374441e-17,6.09661726888255e-11,-1.10798964908295e-17,6.65084081212917e-18,0.379626967638212,2.30356040317539e-19,0.785398163397448,0.785398163397448,0,0,0.785398163397448,0,6.05344694328851e-13,1.45420045771086e-11,9.23467221291857e-14,1,1,35.0000000001089,0.379626967633814,2.17327819834717e-18
0.3125,32.5081027706105,8.50246049880843e-17,12.9700907577136,1.40554514750919e-17,6.3241534434437e-11,-1.20716586268725e-17,6.83646662101272e-18,0.379626967638989,8.26484360206051e-20,0.785398163397448,0.785398163397448,0,0,0.785398163397448,0,3.8337659172627e-13,-1.45621639427289e-11,7.37621589739151e-12,1,1,35.0000000001129,0.37962696763438,2.42927442822315e-18
0.325,32.5081027706064,9.08583209755641e-17,12.9700907577343,9.01810061576524e-18,6.5493398245383e-11,-1.00984462486399e-17,6.89313432483248e-18,0.379626967639793,-6.71538709681671e-20,0.785398163397448,0.785398163397448,0,0,0.785398163397448,0,3.85244313640554e-13,-1.45610888342e-11,9.31138715888241e-14,1,1,35.0000000001167,0.379626967634972,2.5959520278646e-18
0.3375,32.5081027706019,9.64280317038396e-17,12.9700907577557,1.41375121788423e-17,6.77215522263512e-11,-9.97964503710143e-18,6.89102254880683e-18,0.379626967640626,-2.04120520175816e-19,0.785398163397448,0.785398163397448,0,0,0.785398163397448,0,7.23606936454171e-13,-9.10547083283912e-12,-1.71865908569578e-12,1,1,35.0000000001205,0.379626967635588,2.75508662010022e-18
0.35,32.508102770597,1.03530350943258e-16,12.9700907577779,1.60864429609946e-17,6.9925792389668e-11,-9.15233423672357e-18,6.97627217645575e-18,0.379626967641486,-3.42438593415787e-19,0.785398163397448,0.785398163397448,0,0,0.785398163397448,0,-1.34335089581946e-14,-1.45630724688649e-11,1.00442620168287e-13,1,1,35.0000000001242,0.379626967636229,2.95801002693974e-18
0.3625,32.5081027705918,1.09035807180045e-16,12.9700907578008,1.0955506021087e-17,7.21059219263318e-11,-9.2149931441338e-18,7.06723008036828e-18,0.379626967642374,-4.66658655921529e-19,0.785398163397448,0.785398163397448,0,0,0.785398163397448,0,4.59539922536561e-14,5.81939433996142e-11,1.46599842170687e-11,1,1,35.0000000001278,0.379626967636893,3.11530877656135e-18
0.375,32.5081027705862,1.16182237457319e-16,12.9700907578245,1.08533737893351e-17,7.42617488331208e-11,-1.122324265142e-17,7.42756980198169e-18,0.379626967643289,-5.58121463561113e-19,0.785398163397448,0.785398163397448,0,0,0.785398163397448,0,-6.21059445861725e-13,-1.4565957274177e-11,-1.44357514420849e-11,1,1,35.0000000001314,0.37962696763758,3.31949249876809e-18
0.3875,32.5081027705802,1.22286016560124e-16,12.9700907578489,5.52091950520496e-19,7.63930921013109e-11,-1.23905762635209e-17,7.43148018533321e-18,0.379626967644231,-7.37596474998263e-19,0.785398163397448,0.785398163397448,0,0,0.785398163397448,0,1.36536663351816e-12,-1.19458464589891e-14,1.24320342048501e-13,1,1,35.0000000001348,0.379626967638291,3.49388618741864e-18
0.4,32.5081027705738,1.2881940082538e-16,12.970090757874,-9.65672441034278e-18,7.8499779775764e-11,-1.15198542100865e-17,7.37663002654307e-18,0.379626967645199,-9.04117931637001e-19,0.785398163397448,0.785398163397448,0,0,0.785398163397448,0,-5.15618157540727e-13,-1.45616851540005e-11,-7.15114072291527e-12,1,1,35.0000000001382,0.379626967639024,3.68055430928204e-18
0.4125,32.5081027705671,1.315788371409e-16,12.9700907578998,-2.50787677728171e-17,8.05816441731466e-11,-1.27775424156865e-17,7.12836328452054e-18,0.379626967646193,-1.07386130420496e-18,0.785398163397448,0.785398163397448,0,0,0.785398163397448,0,9.43715190929587e-14,-4.36621403423924e-11,-7.14297309348405e-12,1,1,35.0000000001415,0.379626967639779,3.75939534686765e-18
0.425,32.50810277056,1.28824504853789e-16,12.9700907579262,-4.05413077467337e-17,8.2638522841886e-11,-1.50517121497501e-17,6.55205749380135e-18,0.379626967647213,-1.26298429171871e-18,0.785398163397448,0.785398163397448,0,0,0.785398163397448,0,-1.07534465585191e-13,-1.45548016928456e-11,-7.14194429138287e-12,1,1,35.0000000001448,0.379626967640556,3.68070013866446e-18
0.4375,32.5081027705526,1.28070512994137e-16,12.9700907579533,-4.05860635722663e-17,8.46702685067157e-11,-1.60320511884027e-17,5.90015684878723e-18,0.379626967648259,-1.48024214650609e-18,0.785398163397448,0.785398163397448,0,0,0.785398163397448,0,8.79715118043024e-13,1.45490084488501e-11,1.34248097921727e-13,1,1,35.0000000001479,0.379626967641355,3.65915751410274e-18
0.45,32.5081027705448,1.29286583199888e-16,12.9700907579811,-3.02477377666087e-17,8.66767341623569e-11,-1.37741497740091e-17,5.3774727730376e-18,0.37962696764933,-1.69451722538261e-18,0.785398163397448,0.785398163397448,0,0,0.785398163397448,0,-1.99032714763009e-12,-5.19022087891325e-15,-2.89705153393024e-11,1,1,35.0000000001509,0.379626967642174,3.69390237712372e-18
0.4625,32.5081027705366,1.30678491799877e-16,12.9700907580095,-3.55111955293333e-17,8.86577820371085e-11,-1.68817685555599e-17,4.90815057101973e-18,0.379626967650426,-1.93446886147956e-18,0.785398163397448,0.785398163397448,0,0,0.785398163397448,0,1.05100122226072e-12,-1.45561194369767e-11,-1.44103483196828e-11,1,1,35.0000000001539,0.379626967643014,3.73367119426577e-18
0.475,32.5081027705281,1.33533220075773e-16,12.9700907580385,-4.07730450555601e-17,9.0613283601847e-11,-1.99870993461666e-17,4.30434668261445e-18,0.379626967651547,-2.19004866039167e-18,0.785398163397448,0.785398163397448,0,0,0.785398163397448,0,1.12845718819811e-12,3.09195534021026e-11,7.42586112357415e-12,1,1,35.0000000001568,0.379626967643874,3.81523485929071e-18
0.4875,32.5081027705193,1.37979974080789e-16,12.9700907580681,-2.47171807775679e-17,9.25431138462878e-11,-1.8640242376068e-17,3.83783327720889e-18,0.379626967652691,-2.44242634876043e-18,0.785398163397448,0.785398163397448,0,0,0.785398163397448,0,-7.17547407177839e-13,-7.01862044581454e-15,1.49214940734897e-13,1,1,35.0000000001595,0.379626967644753,3.94228497371885e-18
0.5,32.5081027705101,1.40197351514801e-16,12.9700907580983,-2.98899825435179e-17,9.44471596846013e-11,-1.97077549462397e-17,3.43598972524921e-18,0.37962696765386,-2.69300964063676e-18,0.785398163397448,0.785398163397448,0,0,0.785398163397448,0,-3.43198041810899e-13,-5.96535158889563e-15,1.5693477818105e-13,1,1,35.0000000001622,0.379626967645652,4.00563861469003e-18
0.5125,32.5081027705006,1.43851041954998e-16,12.9700907581291,-2.98004994231877e-17,9.63253109528242e-11,-1.76269267242734e-17,2.96417286243522e-18,0.379626967655053,-2.95794507977872e-18,0.785398163397448,0.785398163397448,0,0,0.785398163397448,0,-1.56298277885602e-12,-2.91098188305628e-11,-7.12650636113247e-12,1,1,35.0000000001648,0.37962696764657,4.11002977012344e-18
0.525,32.5081027704907,1.42598268137435e-16,12.9700907581605,-3.49709156330297e-17,9.81774663545878e-11,-1.86941581119142e-17,2.36918111588153e-18,0.379626967656268,-3.21106636913054e-18,0.785398163397448,0.785398163397448,0,0,0.785398163397448,0,-1.48182475784493e-12,1.4547093511958e-11,1.56968068757884e-13,1,1,35.0000000001672,0.379626967647506,4.07423623247867e-18
0.5375,32.5081027704806,1.43968855458169e-16,12.9700907581924,-2.98492478453732e-17,1.00003528082364e-10,-1.85586264696132e-17,1.90341895114892e-18,0.379626967657507,-3.46112593186944e-18,0.785398163397448,0.785398163397448,0,0,0.785398163397448,0,-3.0008045732017e-14,-1.45579488763645e-11,-7.1191288102463e-12,1,1,35.0000000001696,0.37962696764846,4.11339587021345e-18
0.55,32.5081027704701,1.45591083396003e-16,12.9700907582248,-4.53536364114657e-17,1.01803410859051e-10,-2.17169313403043e-17,1.36768296027813e-18,0.379626967658768,-3.72553776777587e-18,0.785398163397448,0.785398163397448,0,0,0.785398163397448,0,-9.14397260778661e-13,-2.70943530892198e-15,-7.11048719634907e-12,1,1,35.0000000001719,0.379626967649432,4.15974523986536e-18
0.5625,32.5081027704592,1.45988903777566e-16,12.9700907582577,-5.05232001697969e-17,1.03577034441319e-10,-2.27797784386674e-17,6.8691849852976e-19,0.379626967660052,-4.03120354258577e-18,0.785398163397448,0.785398163397448,0,0,0.785398163397448,0,-1.5655501716354e-13,-1.59691242987573e-15,1.65977026369084e-13,1,1,35.000000000174,0.379626967650421,4.17111153648114e-18
0.575,32.5081027704481,1.46557687985178e-16,12.9700907582912,-5.04763737465478e-17,1.05324323787598e-10,-2.17148528140643e-17,-5.8108153612827e-20,0.379626967661358,-4.33746543158077e-18,0.785398163397448,0.785398163397448,0,0,0.785398163397448,0,-1.39982243695557e-13,-1.45534814463611e-11,-2.16621654150231e-11,1,1,35.0000000001761,0.379626967651427,4.18736251384115e-18
0.5875,32.5081027704366,1.46447595397424e-16,12.9700907583252,-5.57373086716333e-17,1.07045213119895e-10,-2.48133577021082e-17,-8.78702854084819e-19,0.379626967662685,-4.67175089046063e-18,0.785398163397448,0.785398163397448,0,0,0.785398163397448,0,9.75117453236031e-14,1.4551384266877e-11,1.47257839763859e-11,1,1,35.000000000178,0.379626967652449,4.18421701133368e-18
0.6,32.5081027704249,1.46024756060904e-16,12.9700907583596,-6.0860213195456e-17,1.08739638406139e-10,-2.48576409342914e-17,-1.62322534058857e-18,0.379626967664034,-4.9767179035752e-18,0.785398163397448,0.785398163397448,0,0,0.785398163397448,0,-7.38698172506666e-13,1.45543468759873e-11,2.20019104946671e-11,1,1,35.0000000001799,0.379626967653488,4.17213588743296e-18
0.6125,32.5081027704128,1.44889990715726e-16,12.9700907583945,-7.11514493939793e-17,1.1040754469484e-10,-2.60141481082719e-17,-2.42633900255505e-18,0.379626967665404,-5.26857349107241e-18,0.785398163397448,0.785398163397448,0,0,0.785398163397448,0,1.49114603320345e-12,2.98742776251828e-15,1.74662212988009e-13,1,1,35.0000000001816,0.379626967654542,4.13971402042783e-18
0.625,32.5081027704004,1.43825094162632e-16,12.9700907584299,-7.57223087126179e-17,1.12048886100099e-10,-2.80824136555744e-17,-3.44532232081631e-18,0.379626967666794,-5.61834736883789e-18,0.785398163397448,0.785398163397448,0,0,0.785398163397448,0,-4.41150595911674e-13,1.4555869145708e-11,7.45840955409339e-12,1,1,35.0000000001832,0.379626967655611,4.10928840462511e-18
0.6375,32.5081027703877,1.42180497370346e-16,12.9700907584656,-6.53785195326966e-17,1.13663622513747e-10,-2.58120347765233e-17,-4.46158708685692e-18,0.379626967668205,-5.98100021359978e-18,0.785398163397448,0.785398163397448,0,0,0.785398163397448,0,-7.22058405144376e-13,-1.45501513897488e-11,-7.10171503295226e-12,1,1,35.0000000001847,0.379626967656695,4.0622999248456e-18
0.65,32.5081027703748,1.41476287951192e-16,12.9700907585019,-8.59615846718109e-17,1.15251714268599e-10,-2.81669721791199e-17,-5.47756546270085e-18,0.379626967669636,-6.34299628026561e-18,0.785398163397448,0.785398163397448,0,0,0.785398163397448,0,-1.4604480964422e-12,6.37449521009844e-15,7.45155270068075e-12,1,1,35.000000000186,0.379626967657794,4.04217965572685e-18
0.6625,32.5081027703615,1.35876250899371e-16,12.9700907585385,-8.07850719529881e-17,1.16813136876775e-10,-2.70086467936332e-17,-6.6867436924845e-18,0.379626967671086,-6.70803438592793e-18,0.785398163397448,0.785398163397448,0,0,0.785398163397448,0,-1.58017883549409e-12,2.91092670051929e-11,1.47195669182983e-11,1,1,35.0000000001873,0.379626967658906,3.8821785971041e-18
0.675,32.5081027703479,1.33890552146144e-16,12.9700907585755,-6.9794336017366e-17,1.18347866075383e-10,-2.46037875639617e-17,-7.69078385690113e-18,0.379626967672556,-7.04132266254132e-18,0.785398163397448,0.785398163397448,0,0,0.785398163397448,0,-1.74650271721987e-12,1.45550321175113e-11,-7.11659612815072e-12,1,1,35.0000000001884,0.379626967660032,3.82544434701208e-18
0.6875,32.5081027703341,1.30306478591746e-16,12.9700907586129,-6.46669900997412e-17,1.198558870751e-10,-2.44664410143703e-17,-8.62692726275548e-18,0.379626967674045,-7.38461674624433e-18,0.785398163397448,0.785398163397448,0,0,0.785398163397448,0,-5.45507495124271e-13,-4.36519029164916e-11,-7.11702574625856e-12,1,1,35.0000000001894,0.379626967661172,3.7230422454583e-18
0.7,32.50810277032,1.26651255730332e-16,12.9700907586507,-8.00321273082828e-17,1.21337186244549e-10,-2.46968220029209e-17,-9.75631578830437e-18,0.379626967675552,-7.73100132212868e-18,0.785398163397448,0.785398163397448,0,0,0.785398163397448,0,8.72582208980074e-13,4.366144288059e-11,7.43528413095896e-12,1,1,35.0000000001903,0.379626967662324,3.61860730656123e-18
0.7125,32.5081027703056,1.26484960206351e-16,12.9700907586889,-6.85800857148051e-17,1.22791762671771e-10,-2.62293848016563e-17,-1.06805663182959e-17,0.379626967677078,-8.04566458172964e-18,0.785398163397448,0.785398163397448,0,0,0.785398163397448,0,-9.4129032123545e-13,5.8210650693854e-11,2.92631758711483e-11,1,1,35.0000000001911,0.379626967663489,3.613856005876e-18
0.725,32.5081027702909,1.27566231032729e-16,12.9700907587274,-4.27705396711606e-17,1.24219618924651e-10,-2.15274901244883e-17,-1.13878572348955e-17,0.379626967678622,-8.33859851754204e-18,0.785398163397448,0.785398163397448,0,0,0.785398163397448,0,-6.36880895127814e-13,-2.69941363393015e-15,1.50060973663334e-13,1,1,35.0000000001917,0.379626967664666,3.644749458058e-18
0.7375,32.5081027702759,1.2931027981524e-16,12.9700907587662,-3.76007905198751e-17,1.25620759538979e-10,-2.03753041222863e-17,-1.20297474045564e-17,0.379626967680184,-8.62803695812901e-18,0.785398163397448,0.785398163397448,0,0,0.785398163397448,0,-1.24055023456667e-12,2.90999532057988e-11,2.19775271426095e-11,1,1,35.0000000001922,0.379626967665854,3.69457942327228e-18
0.75,32.5081027702607,1.29535995167806e-16,12.9700907588053,-2.20481284545325e-17,1.2699519732417e-10,-1.59867401487058e-17,-1.24553044425908e-17,0.379626967681763,-8.85838036101772e-18,0.785398163397448,0.785398163397448,0,0,0.785398163397448,0,-1.88665299820597e-12,5.82004571511992e-11,2.92446015085483e-11,1,1,35.0000000001926,0.379626967667054,3.70102843334553e-18
0.7625,32.5081027702453,1.28749656697194e-16,12.9700907588448,1.40418714454857e-17,1.28342954164224e-10,-1.02165273163131e-17,-1.25299228494758e-17,0.379626967683359,-9.01350276559324e-18,0.785398163397448,0.785398163397448,0,0,0.785398163397448,0,-2.56953734183806e-12,1.45367861937763e-11,-7.85888267857608e-13,1,1,35.0000000001928,0.379626967668265,3.67856161989957e-18
0.775,32.5081027702295,1.32798950787969e-16,12.9700907588845,3.68667566196269e-18,1.29664053296079e-10,-1.25298929938442e-17,-1.23415232849968e-17,0.379626967684971,-9.15124589700051e-18,0.785398163397448,0.785398163397448,0,0,0.785398163397448,0,-3.30133504870207e-12,-2.91168481654333e-11,-1.44199463009226e-11,1,1,35.0000000001929,0.379626967669486,3.79425573677821e-18
0.7875,32.5081027702135,1.33430724878281e-16,12.9700907589246,-6.70456620273522e-18,1.30958528579185e-10,-1.57307112984949e-17,-1.24982026067635e-17,0.3796269676866,-9.34951073146342e-18,0.785398163397448,0.785398163397448,0,0,0.785398163397448,0,-3.56199378275684e-13,-1.0836013103919e-14,1.40383912730215e-13,1,1,35.0000000001929,0.379626967670718,3.81230642507273e-18
0.8,32.5081027701973,1.3945434119423e-16,12.9700907589648,-6.75629832377566e-18,1.32226413111031e-10,-1.67089924045223e-17,-1.26604016915547e-17,0.379626967688245,-9.5609539815389e-18,0.785398163397448,0.785398163397448,0,0,0.785398163397448,0,8.62916063629245e-14,2.90927533460952e-11,-7.12783762941619e-12,1,1,35.0000000001928,0.379626967671959,3.98440974838463e-18
0.8125,32.5081027701808,1.47831824090858e-16,12.9700907590054,3.39217304034916e-18,1.33467750788609e-10,-1.85191822909815e-17,-1.2704761735848e-17,0.379626967689906,-9.79678630293947e-18,0.785398163397448,0.785398163397448,0,0,0.785398163397448,0,-1.3993231590577e-12,-1.45656969463758e-11,-7.11298382200314e-12,1,1,35.0000000001925,0.37962696767321,4.22376640257272e-18
0.825,32.508102770164,1.514633848548e-16,12.9700907590462,-1.78445502963138e-18,1.34682587464823e-10,-1.95827505128851e-17,-1.28248128193978e-17,0.379626967691582,-1.00606563729718e-17,0.785398163397448,0.785398163397448,0,0,0.785398163397448,0,-1.52180613280279e-12,-1.27737745038601e-14,1.7077531954585e-13,1,1,35.000000000192,0.37962696767447,4.32752528154198e-18
0.8375,32.5081027701471,1.55468262075e-16,12.9700907590872,8.45644746634555e-18,1.35870975916259e-10,-1.93516040488424e-17,-1.29447065873981e-17,0.379626967693273,-1.03238839836656e-17,0.785398163397448,0.785398163397448,0,0,0.785398163397448,0,-2.09871077402245e-12,1.6355663813835e-11,-7.10537557512876e-12,1,1,35.0000000001915,0.379626967675738,4.44195034497571e-18
0.85,32.5081027701298,1.63155401200302e-16,12.9700907591285,1.42100309965954e-17,1.37032972603337e-10,-1.91998343974115e-17,-1.28685306155452e-17,0.379626967694979,-1.05963193212976e-17,0.785398163397448,0.785398163397448,0,0,0.785398163397448,0,-2.26861873265465e-12,2.90870263392401e-11,1.77890522968733e-13,1,1,35.0000000001908,0.379626967677015,4.66158289141179e-18
0.8625,32.5081027701124,1.7289567891517e-16,12.9700907591699,2.44453161764952e-17,1.38168639221235e-10,-1.89659130615991e-17,-1.26575835418675e-17,0.379626967696699,-1.08519114250027e-17,0.785398163397448,0.785398163397448,0,0,0.785398163397448,0,-2.37530691633996e-12,-1.45749259427153e-11,-1.52762725668698e-11,1,1,35.0000000001899,0.3796269676783,4.93987654040663e-18
0.875,32.5081027700947,1.8187262297264e-16,12.9700907592116,1.40869669218682e-17,1.39278045351773e-10,-2.12598120717305e-17,-1.2523081295895e-17,0.379626967698433,-1.11371728910552e-17,0.785398163397448,0.785398163397448,0,0,0.785398163397448,0,-2.70111687102507e-13,1.45308558945849e-11,1.47456977511242e-11,1,1,35.0000000001889,0.379626967679593,5.19636065633308e-18
0.8875,32.5081027700768,1.91078092244176e-16,12.9700907592534,1.92434608918953e-17,1.40361263870618e-10,-2.00957727914193e-17,-1.23771534339862e-17,0.379626967700181,-1.13942798633376e-17,0.785398163397448,0.785398163397448,0,0,0.785398163397448,0,-3.83102673205693e-14,4.36332672758441e-11,1.47528298002326e-11,1,1,35.0000000001878,0.379626967680893,5.45937406409002e-18
0.9,32.5081027700586,2.01120501572296e-16,12.9700907592954,2.43515171296307e-17,1.4141837307119e-10,-1.99483688721564e-17,-1.20319523838206e-17,0.379626967701942,-1.16332385767702e-17,0.785398163397448,0.785398163397448,0,0,0.785398163397448,0,-1.94576449121989e-13,-2.39712318591751e-14,1.47603000229238e-11,1,1,35.0000000001865,0.379626967682199,5.74630004489214e-18
0.9125,32.5081027700403,2.10945786200098e-16,12.9700907593376,1.4043489255487e-17,1.42449456817657e-10,-2.10933365155537e-17,-1.18156849110206e-17,0.379626967703716,-1.18739031896964e-17,0.785398163397448,0.785398163397448,0,0,0.785398163397448,0,-1.30902004220302e-13,-2.91258248511308e-11,-2.1611120027995e-11,1,1,35.000000000185,0.379626967683513,6.02702246282808e-18
0.925,32.5081027700217,2.20247168031888e-16,12.9700907593799,8.81668701013579e-18,1.43454597885232e-10,-2.31581622809751e-17,-1.18912387646676e-17,0.379626967705503,-1.22009642844178e-17,0.785398163397448,0.785398163397448,0,0,0.785398163397448,0,-1.22053742000171e-12,-1.45731328163475e-11,2.25170747823198e-13,1,1,35.0000000001835,0.379626967684832,6.29277622944952e-18
0.9375,32.5081027700029,2.27436844372563e-16,12.9700907594223,1.39751274245397e-17,1.4443389460642e-10,-2.19840534041842e-17,-1.19609511127953e-17,0.379626967707303,-1.25134432296908e-17,0.785398163397448,0.785398163397448,0,0,0.785398163397448,0,2.35858533622348e-14,4.36331753190118e-11,2.20600548835898e-11,1,1,35.0000000001817,0.379626967686158,6.49819555346806e-18
0.95,32.5081027699839,2.38531391004505e-16,12.9700907594649,2.94230232555509e-17,1.45387441134917e-10,-1.96085576881045e-17,-1.16853449612239e-17,0.379626967709114,-1.27640490459726e-17,0.785398163397448,0.785398163397448,0,0,0.785398163397448,0,-7.61012724082104e-13,-4.36820889631469e-11,-7.04434496392408e-12,1,1,35.0000000001799,0.379626967687489,6.8151826000937e-18
0.9625,32.5081027699647,2.48948431077856e-16,12.9700907595076,8.77662329663299e-18,1.46315339514057e-10,-2.2964027703017e-17,-1.16144581701551e-17,0.379626967710937,-1.30449209795414e-17,0.785398163397448,0.785398163397448,0,0,0.785398163397448,0,-1.50257739032039e-12,-1.45740548898793e-11,-7.0278462585798e-12,1,1,35.0000000001778,0.379626967688825,7.11281231647405e-18
0.975,32.5081027699452,2.56757357710199e-16,12.9700907595504,3.59390503866241e-18,1.47217695456006e-10,-2.40038701372923e-17,-1.16893420999907e-17,0.379626967712772,-1.33684509155659e-17,0.785398163397448,0.785398163397448,0,0,0.785398163397448,0,-1.39710596780114e-12,4.36309268526634e-11,2.20840234306234e-11,1,1,35.0000000001756,0.379626967690166,7.33592450596886e-18
0.9875,32.5081027699256,2.66509113701917e-16,12.9700907595932,2.42115765075777e-17,1.48094618560754e-10,-2.05114936902563e-17,-1.15535659112158e-17,0.379626967714618,-1.36461948328704e-17,0.785398163397448,0.785398163397448,0,0,0.785398163397448,0,-9.94406745035122e-13,1.45222449841661e-11,-7.02095355628615e-12,1,1,35.0000000001733,0.379626967691511,7.61454610573136e-18
1,32.5081027699058,2.77294602571275e-16,12.9700907596362,1.37158956532422e-17,2.76326267978861e-05,-2.57142428020575e-17,-1.12942971402437e-17,0.379626967716474,-1.39342366813629e-17,0.785398163397448,0.785398163397448,0,0.00327249234748937,0.785398163397448,0,3.48330852714166e-14,1.45240043112078e-11,1.48307087056607e-11,1,1,35.0000000001708,0.379626967692861,7.92270293056918e-18
1.0125,32.5080940402837,4.00377317591768e-08,12.9701142915367,2.14154912631735e-06,8.25009638672807e-05,-7.10985992588498e-08,-1.11751904758059e-17,0.379627657434045,-1.42511410205324e-17,0.785398163397448,0.785479975706135,0,0.0098174770424681,0.785439069551792,4.09061543436007e-05,0.0762184450480246,12.1292661976189,-1.60323689863065,1,1,35.0000006123922,0.379627684591975,1.143935173104e-09
1.025,32.508077204223,1.44447099157723e-06,12.9701677561708,1.69995562405827e-05,0.000136742816803248,-6.02544736038877e-07,7.8938481586772e-08,0.379629029666141,-2.9472478287166e-09,0.785398163397448,0.78564360032351,0,0.0163624617374468,0.785520881860479,0.000122718463030858,0.229009806340827,36.0795528865554,-4.9928524250209,1,1,35.0000047876988,0.379629281652126,4.12705941138875e-08
1.0375,32.5080528184074,7.3706739568812e-06,12.9702561399489,5.27901166870489e-05,0.000190173061407767,-1.96608286004648e-06,4.44490543382318e-07,0.379631075427053,-1.73984547578136e-08,0.785398163397448,0.785889037249572,0,0.0229074464324256,0.78564360032351,0.000245436926061715,0.46526571467166,71.610602464757,-10.3031362527098,1,1,35.000014891144,0.379631885303559,2.10590594884183e-07
1.05,32.5080214784098,2.24727697659261e-05,12.9703843330919,0.000117560062111596,0.000242605957183305,-4.57278845694299e-06,1.40400972799341e-06,0.379633783412607,-5.71857673812562e-08,0.785398163397448,0.786216286484321,0,0.0294524311274043,0.785807224940885,0.000409061543436173,0.796401398156837,118.486356319389,-17.6592220554794,1,1,35.0000332884038,0.379635619010469,6.4207852549024e-07
1.0625,32.5079838166875,5.28993006631779e-05,12.9705571295435,0.000219190032365227,0.000293855327568709,-8.8704796282028e-06,3.36224223509241e-06,0.379637139993685,-1.41927522249253e-07,0.785398163397448,0.786625348027757,0,0.035997415822383,0.786011755712603,0.000613592315154232,1.23823240175284,176.474879210205,-27.177224760347,1,1,35.0000623439383,0.379640603288911,1.5114058981772e-06
1.075,32.5079405005697,0.000106290149437778,12.9707792269469,0.000365397490744256,0.000343734729383571,-1.53411673003093e-05,6.81909205237463e-06,0.379641129212049,-2.97504166792164e-07,0.785398163397448,0.78711622187988,0,0.0425424005173618,0.786257192638664,0.000859029241215947,1.81085438857649,245.348282137531,-38.9643758999583,1,1,35.0001044191881,0.379646955726378,3.03685235235097e-06
1.0875,32.5078922302389,0.000191772732432336,12.9710552266585,0.000563739681555243,0.000392057610296847,-2.44985434246442e-05,1.23674360778826e-05,0.379645732778385,-5.56499913529687e-07,0.785398163397448,0.787688908040691,0,0.0490873852123405,0.78654353571907,0.00114537232162126,2.53852596250344,324.882643772438,-53.1191570395221,1,1,35.0001618708061,0.379654791002282,5.47919558604255e-06
1.1,32.5078397367057,0.000319957483239604,12.9713896337668,0.000821616529046281,0.000438637453131696,-3.68855065229803e-05,2.06909882965427e-05,0.379650930072526,-9.58610692916971e-07,0.785398163397448,0.788343406510189,0,0.0556323699073193,0.786870784953818,0.00147262155637018,3.44955445199689,414.857930530283,-69.7314312553157,1,1,35.0002370489216,0.37966422090848,9.14158046406484e-06
1.1125,32.5077837797771,0.000502932645073544,12.9717868570763,0.00114627347679932,0.000483287905830629,-5.30717239274124e-05,3.25622120640738e-05,0.3796566981458,-1.55101896800191e-06,0.785398163397448,0.789079717288374,0,0.062177354602298,0.787238940342911,0.00184077694546275,4.57618459554819,515.057915368226,-88.8825726470525,1,1,35.0003322954382,0.37967535436885,1.43693677204431e-05
1.125,32.5077251460188,0.00075425838869739,12.9722512090163,0.00154480426673286,0.000525822895931837,-7.36512300583847e-05,4.88402795425671e-05,0.379663011725467,-2.38873597149026e-06,0.785398163397448,0.789897840375246,0,0.0687223392972767,0.787648001886347,0.00224983848889893,5.95449006960956,625.270095386418,-110.645593869407,1,1,35.0004499423626,0.379688297456787,2.15499626432761e-05
1.1375,32.50766464671,0.00108896027171241,12.9727869054252,0.00202415365691842,0.000566056728448108,-9.92400600796706e-05,7.04690773240161e-05,0.379669843221237,-3.53491192282775e-06,0.785398163397448,0.790797775770806,0,0.0752673239922555,0.788097969584127,0.0026998061866787,7.62426780031415,745.285608315639,-135.085271671143,1,1,35.0005923101648,0.379703153409387,3.11126241018453e-05
1.15,32.5076031157905,0.00152352205395497,12.973398065161,0.00259112007746995,0.000603804166093042,-0.000130473918264884,9.8475257270901e-05,0.379677162733846,-5.06111477951528e-06,0.785398163397448,0.791779523475053,0,0.0818123086872342,0.78858884343625,0.00319068003880213,9.62893500076391,874.899147971749,-162.2582704339,1,1,35.0007617061686,0.379720022636999,4.3528254248466e-05
1.1625,32.5075414077974,0.00207587788271274,12.9740887094818,0.00325235822382031,0.000638880490864385,-0.000168005880406502,0.000133966331596576,0.379684938065697,-7.04757807308566e-06,0.785398163397448,0.792843083487987,0,0.0883572933822129,0.789120623442717,0.00372246004526916,12.0154288760215,1013.90887875867,-192.213263704669,1,1,35.0009604229717,0.379739002726687,5.93091692011775e-05
1.175,32.5074803957908,0.00276540386044971,12.9748627611372,0.00401438158675427,0.000671101546070432,-0.000212504129594828,0.000178128811202679,0.379693134733601,-9.58341837599787e-06,0.785398163397448,0.793988455809608,0,0.0949022780771916,0.789693309603528,0.00429514620607979,14.8341089384008,1162.11634930201,-224.991053718357,1,1,35.0011907368953,0.37976018843807,7.90088509877975e-05
1.1875,32.5074209692657,0.00361290900671997,12.9757240431091,0.00488356491862402,0.000700283757971622,-0.000264649724691336,0.000232226386286063,0.379701715983623,-1.27668229411572e-05,0.785398163397448,0.795215640439916,0,0.10144726277217,0.790306901918682,0.00490873852123402,18.1386618759873,1319.32640529254,-260.62468891024,1,1,35.0014549064619,0.379783671689937,0.000103221681007
1.2,32.5073640320468,0.00464062562494569,12.9766762769356,0.00586614663522665,0.000726244136305081,-0.000325134400818192,0.000297598148223798,0.379710642808102,-1.67052080508638e-05,0.785398163397448,0.796524637378912,0,0.107992247467149,0.79096140038818,0.00556323699073191,21.9860089175312,1485.34710161953,-299.139579417616,1,1,35.0017551709024,0.379809541535928,0.00013258265523779
1.2125,32.5073105001629,0.00587219908373074,12.9777230805492,0.00696822846552702,0.000745633696240127,-0.000394659510867297,0.000375656851741657,0.379719873964888,-2.15153486067382e-05,0.785398163397448,0.797915446626595,0,0.114162259080645,0.791656805012022,0.0062586416145734,26.4362152146045,1659.98970747238,-340.553529649637,1,1,35.0020937486908,0.379837884127495,0.000167767081404856
1.225,32.5072622892461,0.0073326724647642,12.9788653067649,0.00819553608484454,0.000755329354715885,-0.00047392655011462,0.000467887126253828,0.37972928811208,-2.73235450529138e-05,0.785398163397448,0.799378830209776,0,0.11960373719855,0.792388496803612,0.0069903334061639,31.5439524678485,1841.70767832328,-384.723621494267,1,1,35.0024727692355,0.379868701634338,0.000209490128504372
1.2375,32.5072212571561,0.0090483326573368,12.9801030218325,0.00955249190334482,0.000755411069694231,-0.000563607371829817,0.000575834951328799,0.379738763632888,-3.42653996025226e-05,0.785398163397448,0.800905682300893,0,0.124339538301382,0.793151922849171,0.0077537594517223,37.3670002617871,2029.01477744226,-431.492816224804,1,1,35.0028940259432,0.379901975944675,0.000258502418440143
1.25,32.5071891671124,0.0110465007837249,12.9814357879829,0.0110425005596748,0.000746144883690806,-0.000664347126895798,0.000701091761272024,0.379748182430688,-4.24854050744695e-05,0.785398163397448,0.80248745544013,0,0.128412554526643,0.793942809418789,0.00854464602134075,43.96582248792,2220.54001709859,-480.702961504859,1,1,35.0033590486561,0.379937676553786,0.000315584025856757
1.2625,32.5071676935588,0.0133553687224763,12.9828627037719,0.0126680421057272,0.000727797653240102,-0.00077676313173329,0.00084528236191895,0.379757429869421,-5.21365848684696e-05,0.785398163397448,0.804116127557646,0,0.131863971392789,0.794757145477547,0.00935898208009878,51.4029523792273,2415.02000956757,-532.196249037739,1,1,35.0038691262554,0.379975761573615,0.000381539794881935
1.275,32.5071584263258,0.0160038483809122,12.9843824354899,0.0144307458008044,0.000700635961504958,-0.000901443769613971,0.00101005398461815,0.379766394804325,-6.33801215804509e-05,0.785398163397448,0.805784180837409,0,0.13473330012597,0.795591172117428,0.0101930087199802,59.7424472831415,2611.29358125681,-585.816301797571,1,1,35.0044253246424,0.380016178523693,0.000457195020058963
1.2875,32.5071628748263,0.0190214310703269,12.9859932460396,0.0163314601427688,0.000664925090523909,-0.00103894773091592,0.00119706624305417,0.379774969603054,-7.63849746983774e-05,0.785398163397448,0.80748458099537,0,0.137058411521811,0.796441372196409,0.0110432087989609,69.0493871430855,2808.29651236995,-641.409023084239,1,1,35.0050285040808,0.380058865054852,0.00054339141601325
1.3,32.5071824721965,0.0224380565786535,12.9876930213529,0.0183703192324341,0.000620928058354911,-0.00118980352959464,0.00140798194498008,0.379783050158063,-9.132749137501e-05,0.785398163397448,0.809210756989884,0,0.138875571142878,0.797304460193666,0.0119062967962179,79.3894145263809,3005.05641187535,-698.823244232912,1,1,35.0056793358443,0.380103749608497,0.00064098336443824
1.3125,32.5072185793154,0.0262839915256863,12.9894792944308,0.0205468055729526,0.000568904725061862,-0.00135450924265107,0.001644458712463,0.37979053589115,-0.000108391013479638,0.785398163397448,0.810956581179858,0,0.140219475664574,0.798177372288653,0.0127792088912047,90.8283140847025,3200.68773572093,-757.911203467783,1,1,35.0063783181301,0.380150752014408,0.000750834426698865
1.325,32.5072724886445,0.030589716580788,12.991349267107,0.0228598094103348,0.000509110970323541,-0.00153353242775175,0.00190814136579479,0.379797329751048,-0.000127765483461142,0.785398163397448,0.812716349943854,0,0.141123290193877,0.799057256670651,0.0136590932732029,103.431629384565,3394.38695463548,-818.528884414445,1,1,35.0071257912115,0.380199784030247,0.000873814110190956
1.3375,32.5073454278425,0.0353858221217146,12.9932998296394,0.0253076847246357,0.000441797944413888,-0.00172731018149294,0.00220065502777597,0.379803338204952,-0.000149647050994722,0.785398163397448,0.814484764771247,0,0.141618686396481,0.799941464084348,0.0145433006868995,117.264315098965,3585.42787644739,-880.536239168151,1,1,35.0079219518152,0.38025074982604,0.0010107948765446
1.35,32.5074385631231,0.0407029119151804,12.9953275782478,0.027888301983887,0.000367211393398696,-0.00193624930719611,0.00252359890663936,0.379808471224832,-0.000174237681920407,0.785398163397448,0.816256913834537,0,0.141735881278612,0.800827538615993,0.0154293752185446,132.390422607412,3773.15712660079,-943.797317536744,1,1,35.0087668667183,0.38030354641709,0.00116264937980229
1.3625,32.5075530023272,0.046571514404541,12.9974288307184,0.0305990977746243,0.000285591058607156,-0.00216072656666716,0.002878540717433,0.37981264226937,-0.000201744770600473,0.785398163397448,0.818028254050084,0,0.14150367648004,0.801713208723766,0.0163150453263179,148.872817109189,3956.9897894432,-1008.18032112152,1,1,35.0096604855668,0.380358064048763,0.00133024792282466
1.375,32.5076897976932,0.053022001197036,12.9995996402029,0.0334371214239586,0.000197170149758258,-0.00240108899513083,0.00326701170322756,0.379815768262293,-0.000232380756513787,0.785398163397448,0.819794593632778,0,0.140949497944613,0.802596378515113,0.0171982151176651,166.772924413908,4136.40521186843,-1073.55759824585,1,1,35.0106026529282,0.380414186536732,0.00151445612036473
1.3875,32.507849948314,0.0600845123520057,13.0018358073425,0.0363990787286333,0.000102174890542492,-0.00265765426264623,0.00369050221904477,0.379817769567856,-0.000266362745657699,0.785398163397448,0.821552075148569,0,0.140099435843998,0.803475119273009,0.0180769558755605,186.150505633966,4310.94297001653,-1139.80559337159,1,1,35.0115931195914,0.380471791566187,0.00171613275749494
1.4,32.5080344022747,0.0677888880820105,13.0041328908472,0.03948137290646,8.24134969803743e-07,-0.00293071106879338,0.00415045784291926,0.379818569964161,-0.000303912137133234,0.785398163397448,0.823297159067258,0,0.138978284639304,0.804347661232353,0.0189494978349048,207.063458064774,4480.19899894914,-1206.8047625363,1,1,35.0126315531358,0.380530750953588,0.00193612783235922
1.4125,32.50824405847,0.0761646064905343,13.006486216665,0.0426801428850008,-0.00010667094761323,-0.00322051956036345,0.00464827598000055,0.379818096614951,-0.000345254255138964,0.785398163397448,0.825026607816592,0,0.137609583173749,0.80521238560702,0.0198142222095719,229.567640600738,4643.82188451326,-1274.43946448015,1,1,35.013717547793,0.380590930874424,0.00217528077254697
1.425,32.5084797681048,0.0852407269826618,13.0088908858703,0.0459912990414061,-0.000220107121268705,-0.00352731176425109,0.00518530292707462,0.379816280040464,-0.00039061798648583,0.785398163397448,0.826737470337403,0,0.136015654697708,0.806067816867425,0.0206696534699772,253.716722097387,4801.5093159871,-1342.59783548889,1,1,35.0148506336282,0.380652192060451,0.00243441881473831
1.4375,32.5087423358841,0.095045838998552,13.0113417814023,0.0494105565059822,-0.00033928926867592,-0.00385129202979361,0.00576283136632987,0.379813054087881,-0.000440235423663048,0.785398163397448,0.82842706713835,0,0.134217646735226,0.806912615267899,0.0215144518704508,279.562051152667,4953.00469754549,-1411.17165454272,1,1,35.0160302850691,0.380714389969731,0.00271435553764441
1.45,32.5090325209024,0.105608015733468,13.0138335737804,0.0529334661403885,-0.000464030515714701,-0.00419263747648282,0.00638209825861072,0.379808355901837,-0.000494341513428529,0.785398163397448,0.830092975847746,0,0.132235570708434,0.807745569622597,0.0223474062251489,307.152545843089,5098.09391609884,-1480.05620410733,1,1,35.017255928815,0.380777374932747,0.00301588953865642
1.4625,32.509351037242,0.116954772522394,13.0163607259187,0.056555443299396,-0.000594152298494197,-0.00455149844433842,0.00704428310778884,0.379802125895414,-0.000553173710861164,0.785398163397448,0.831733017258934,0,0.130088341243329,0.808565590328191,0.0231674269307429,336.534602012557,5236.60226263204,-1549.15013081905,1,1,35.0185269511538,0.380840992277702,0.0033398032450167
1.475,32.509698554296,0.129113029581727,13.0189174971605,0.0602717944829109,-0.000729484376011911,-0.00492799894532107,0.00775050656923758,0.37979430772198,-0.000616971638792748,0.785398163397448,0.833345241864777,0,0.127793815087028,0.809371702631112,0.0239735392336642,367.752018773712,5368.39150380074,-1618.35530938142,1,1,35.0198427047221,0.380905082438022,0.00368686185073242
1.4875,32.5100756968284,0.142109078815003,13.0214979466449,0.06407774198252,-0.000869864791702148,-0.00532223711501725,0.00850182937671567,0.379784848248192,-0.000685976752530575,0.785398163397448,0.834927916875987,0,0.125368829572904,0.810163040136717,0.0247648767392691,400.845939942811,5493.35710022779,-1687.5767121921,1,1,35.0212025147377,0.380969481044899,0.00405781237085937
1.5,32.5104830447876,0.155968554404057,13.0240959361157,0.0679684466241766,-0.0010151397871733,-0.00573428566448205,0.00929925156325204,0.379773697528419,-0.000760432009784906,0.785398163397448,0.836479513717263,0,0.122829240576005,0.810938838557356,0.0255406751599073,435.854810189385,5611.42556767236,-1756.72228654118,1,1,35.0226056847364,0.381034019007587,0.00445338280519092
1.5125,32.5109211328907,0.170716406921259,13.0267051322751,0.0719390287058464,-0.0011651636714443,-0.00616419233261042,0.0101437119528722,0.379760808780796,-0.000840581545725908,0.785398163397448,0.837998695994525,0,0.120189959906789,0.811698429695987,0.0263002662985383,472.814344741499,5722.55197702678,-1825.70284065073,1,1,35.0240515018448,0.381098522583969,0.00487428140378976
1.525,32.5113904499936,0.186376880712493,13.0293190087792,0.0759845872260124,-0.00131979864897613,-0.00661198033975057,0.0110360879012181,0.379746138365088,-0.000926670353110191,0.785398163397448,0.83948430792591,0,0.117464992096571,0.812441235661679,0.0270430722642306,511.757511545589,5826.71758891279,-1894.43193935004,1,1,35.0255392416181,0.381162813443789,0.00532119602719643
1.5375,32.5118914382645,0.202973494314225,13.0319308479661,0.0801002174959054,-0.00147891460975884,-0.00707764884349782,0.0119771952642854,0.379729645762475,-0.0010189439674359,0.785398163397448,0.840935363228657,0,0.114667470533114,0.813166763313053,0.0277685999156046,552.714524836864,5923.92761851208,-1962.82580978908,1,1,35.0270681724729,0.381226708726733,0.00579479359453663
1.55,32.5124244921792,0.220529023681381,13.0345337424012,0.0842810272252215,-0.00164238888466087,-0.00756117339773656,0.0129677885756366,0.379711293557359,-0.00111764815710601,0.785398163397448,0.842351034453515,0,0.111809692909558,0.813874598925482,0.0284764355280336,595.712849131919,6014.20912616041,-2030.80325727153,1,1,35.0286375597415,0.381290021097391,0.00629571961312719
1.5625,32.5129899573531,0.239065488015649,13.037120596317,0.0885221511679273,-0.00181010596917948,-0.00806250641604757,0.014008561413542,0.379691047421229,-0.00122302861860077,0.785398163397448,0.84373064275786,0,0.108903155954348,0.814564403077654,0.0291662396802057,640.777212709378,6097.60902916364,-2098.28559103478,1,1,35.0302466693773,0.381352558798961,0.00682459778354763
1.575,32.5135881292286,0.258604137996361,13.0396841270199,0.0928187644115558,-0.00198195721865053,-0.00858157764058689,0.0151001469405552,0.379668876098609,-0.00133533067668136,0.785398163397448,0.845073648108361,0,0.105958589414058,0.815235905752905,0.0298377423554564,687.92962969694,6174.19223025473,-2165.19655960161,1,1,35.0318947713331,0.381414125707377,0.00738202967449832
1.5875,32.5142192516331,0.2791654462281,13.0422168663283,0.0971660943901848,-0.00215784051788569,-0.00911829461748183,0.0162431185990452,0.379644751395066,-0.00145479898966671,0.785398163397448,0.846379639903691,0,0.102985989264941,0.815888901650569,0.0304907382531212,737.189429934238,6244.03985809198,-2231.46229517696,1,1,35.0335811426405,0.381474521387378,0.00796859446210813
1.6,32.5148835152253,0.300769099730767,13.0447111621008,0.10155943169808,-0.00233765992810731,-0.00967254317969296,0.0174379909471813,0.379618648167243,-0.001581677259844,0.785398163397448,0.847648328007487,0,0.099994650132759,0.816523245702468,0.0311250823050193,788.573295830163,6307.24761521616,-2297.01126644675,1,1,35.0353050702097,0.381533541151868,0.00858484872868208
1.6125,32.515581055843,0.323433994308883,13.0471591799084,0.105994139777791,-0.00252132531394728,-0.0102441879381671,0.0186852206208054,0.379590544314846,-0.0017162079490897,0.785398163397448,0.848879534181567,0,0.0969931969039154,0.817138848789508,0.0317406853920594,842.095305480904,6363.92422890997,-2361.77423906034,1,1,35.0370658533736,0.381590976125768,0.0092313263161935
1.625,32.516311952771,0.347178230647468,13.0495529048953,0.11046566355332,-0.00270875195316767,-0.0108330727819646,0.0199852074075207,0.379560420774498,-0.0018586319997923,0.785398163397448,0.850073183909184,0,0.0939896155141595,0.817735673653316,0.0323375102558676,897.76698136069,6414.19000045773,-2425.68424302506,1,1,35.0388628061958,0.381646613315385,0.00990853823012522
1.6375,32.5170762269405,0.372019111991919,13.051884143871,0.11496953707588,-0.00289986013164949,-0.0114390213878902,0.0213382954201869,0.379528261515356,-0.00200918856117944,0.785398163397448,0.851229298597963,0,0.0909912829041718,0.818313730997706,0.0329155676002575,955.597343941303,6458.17544836933,-2488.67654621806,1,1,35.0406952595604,0.381700235684193,0.0106169725895496
1.65,32.5178738390767,0.397973143278847,13.0541445276682,0.119501390246661,-0.00309457472608221,-0.0120618377399991,0.0227447743578317,0.379494053536359,-0.00216811472116177,0.785398163397448,0.852347988152062,0,0.0880049961341478,0.818873075774755,0.0334749123773071,1015.59296963853,6496.0200412168,-2550.68863321174,1,1,35.0425625630622,0.381751622235769,0.0113570946196088
1.6625,32.5187046878058,0.425056031593941,13.0563255137974,0.124056954678052,-0.00329282477667203,-0.0127013066591884,0.024204880842775,0.379457786864985,-0.00233564524381225,0.785398163397448,0.853429443902979,0,0.0850370006521372,0.819413803650213,0.0340156402527652,1077.75805252423,6527.87101582255,-2611.66018862128,1,1,35.0444640867135,0.381800548104494,0.0121293466828143
1.675,32.5195686077368,0.453282687841488,13.0584183894215,0.128632068751798,-0.00349454305207147,-0.0133571943429298,0.0257187998235049,0.379419454557365,-0.00251201231260422,0.785398163397448,0.854473931888422,0,0.0820930177133217,0.819936047642935,0.0345378842454869,1142.09446928113,6553.88227664794,-2671.53308420401,1,1,35.0463992224819,0.381846784654505,0.0129341483458276
1.6875,32.520465367528,0.482667229518333,13.0604142746728,0.13322268192973,-0.00369966560861842,-0.0140292489150463,0.027286666033565,0.379379052699587,-0.00269744527953327,0.785398163397448,0.855481786468618,0,0.0791782709496755,0.820439974933033,0.0350418115355848,1208.60184691455,6574.21337233959,-2730.25136897383,1,1,35.0483673856731,0.38189009958725,0.0137718964786153
1.7,32.5213946679517,0.513222984492686,13.0623041263269,0.137824858369929,-0.00390813134585859,-0.0147172009852952,0.0289085654973832,0.379336580410052,-0.00289217042024804,0.785398163397448,0.856453404269425,0,0.0762975120915343,0.820925783833437,0.0355276204359882,1277.27763276997,6589.02854551314,-2787.76126163424,1,1,35.0503680161727,0.381930257057903,0.0146429653830874
1.7125,32.5223561399669,0.544962495695431,13.0640787418456,0.142434779898456,-0.00411988156021277,-0.0154207642183877,0.0305845370746217,0.379292039842701,-0.0030964106953123,0.785398163397448,0.857389238441683,0,0.0734550458445162,0.821393700919566,0.0359955375221172,1348.117166439,6598.49585197866,-2844.01114468,1,1,35.0524005795566,0.381967017800788,0.0155477069485329
1.725,32.5233493428117,0.57789752663835,13.0657287637964,0.147048748384223,-0.00433485949853955,-0.0161396359119518,0.0323145740352394,0.379245436190941,-0.00331038551771699,0.785398163397448,0.858289793226261,0,0.0706547539270043,0.821843978311855,0.0364458149144065,1421.11375316776,6602.78634574148,-2898.95155956651,1,1,35.0544645680826,0.38200013926384,0.0164864508313588
1.7375,32.5243737621236,0.612039067680066,13.0672446846529,0.151663187562022,-0.00455300991323503,-0.0168734975828407,0.0340986256580371,0.37919677769212,-0.00353431052675452,0.785398163397448,0.859155618814349,0,0.0679001182750151,0.822276891105899,0.0368787277084503,1496.2587384116,6602.07332624266,-2952.53520239953,1,1,35.0565595015722,0.382029375752094,0.0174595046568181
1.75,32.5254288080992,0.647397342966462,13.0686168519766,0.156274644346321,-0.00477427862040479,-0.0176220155610882,0.0359365988460104,0.379146075632365,-0.00376839736836069,0.785398163397448,0.859987306492628,0,0.0651942434227508,0.822692734945038,0.0372945715475896,1573.54158320879,6596.53164443645,-3004.71691965047,1,1,35.0586849281911,0.382054478580048,0.0184671542405816
1.7625,32.5265138136995,0.683981817977932,13.0698354739784,0.160879789676095,-0.00499861206253887,-0.0183848415907335,0.0378283597523523,0.379093344351625,-0.0040128534820206,0.785398163397448,0.860785484063081,0,0.0625398780684762,0.823091823730265,0.0376936603328165,1652.94994007209,6586.33706443767,-3055.45370345694,1,1,35.0608404251378,0.382075196232733,0.0195096638281662
1.775,32.5276280329114,0.721801207621048,13.0708906254552,0.165475418928726,-0.00522595687701965,-0.0191616134366613,0.0397737354114453,0.379038601248761,-0.0042678818943252,0.785398163397448,0.86155081152732,0,0.0599394358365757,0.823474487462384,0.0380763240649361,1734.46972912278,6571.6656776018,-3104.70468612022,1,1,35.063025599246,0.382091274535207,0.020587276350381
1.7875,32.5287706390709,0.760863484807114,13.0717722540925,0.170058451938854,-0.00545625947169315,-0.0199519554965523,0.0417725153696454,0.378981866786509,-0.00453368101925458,0.785398163397448,0.862283977025447,0,0.0573950152477411,0.823841070211447,0.0384429068139992,1818.0852142155,6552.69336603469,-3152.43113346391,1,1,35.0652400875091,0.382102456830176,0.0217002136930882
1.8,32.5299407232562,0.8011758894646,13.0724701871254,0.174625932655989,-0.00568946560863923,-0.0207554794169831,0.0438244533111044,0.37892316449619,-0.00481044446525244,0.785398163397448,0.862985693019634,0,0.0549084189102248,0.824191928208541,0.038793764811093,1903.77907882433,6529.59531265978,-3198.59643676717,1,1,35.067483557531,0.382108484163359,0.0228486769797072
1.8125,32.5311372927578,0.842744937936735,13.0729741383453,0.179175028472755,-0.0059255199971829,-0.0215717847126885,0.0459292686742892,0.378862520981986,-0.00509836084914419,0.785398163397448,0.863656692712779,0,0.0524811719459676,0.824527428055114,0.0391292646576653,1991.53250148202,6502.54555509586,-3243.16610303286,1,1,35.0697557079105,0.382109095476182,0.0240328468650072
1.825,32.5323592696296,0.885576432719449,13.073273715439,0.183703029253706,-0.00616436589709952,-0.0224004593879679,0.048086648255251,0.378799965924679,-0.00539761361693893,0.785398163397448,0.864297726692736,0,0.0501145396661869,0.824847945045092,0.0394497816476438,2081.32523058372,6471.71658072606,-3286.10774339714,1,1,35.0720562685627,0.382104027805366,0.0252528838388483
1.8375,32.5336054893286,0.929675472498525,13.0733584276456,0.188207346092923,-0.0064059447328799,-0.0232410805592054,0.0502962477940639,0.37873553208469,-0.00570838087154253,0.785398163397448,0.864909559792861,0,0.0478095445116913,0.825153861595155,0.0397556981977062,2173.13565838506,6437.27896046159,-3327.39105952649,1,1,35.0743850009822,0.382093016488899,0.0265089285386303
1.85,32.5348746994477,0.975046462448251,13.0732176937151,0.192685509826814,-0.00665019571983811,-0.0240932150774704,0.0525576935412018,0.37866925530431,-0.00603083520739646,0.785398163397448,0.865492968159756,0,0.0455669822737802,0.825445565778602,0.0400474023811541,2266.94089404201,6399.4010188182,-3366.98782789028,1,1,35.0767416984525,0.382075795377909,0.0278011020693104
1.8625,32.5361655585456,1.021693124757,13.0728408501511,0.197135169326986,-0.0068970555027642,-0.0249564201501628,0.0548705838009454,0.378601174508999,-0.00636514355204425,0.785398163397448,0.866048736519339,0,0.0433874376120941,0.825723449958393,0.0403252865609451,2362.71683555562,6358.24853804423,-3404.87188182905,1,1,35.0791261862043,0.382052097053888,0.0291295063299346
1.875,32.5374766350788,1.06961850934805,13.0722171597196,0.201554089596425,-0.00714645780774729,-0.0258302439606858,0.0572344904492212,0.378531331707652,-0.0067114670146146,0.785398163397448,0.866577655632531,0,0.0412712988862128,0.82598790951499,0.0405897461175413,2460.43824050047,6313.98449414596,-3441.01909137495,1,1,35.0815383215261,0.382021653050729,0.0304942243457149
1.8875,32.5388064064393,1.11882500476686,13.0713358202053,0.205940149690812,-0.00739833310772035,-0.026714226285139,0.059648960423558,0.37845977199172,-0.0070699607411979,0.785398163397448,0.867080519932121,0,0.0392187723181535,0.826239341664785,0.0408411782673365,2560.07879542904,6266.7688227653,-3475.4073408078,1,1,35.0839779938308,0.381984194081023,0.0318953206047588
1.9,32.5401532581007,1.16931434920814,13.0701859733958,0.21029134048536,-0.00765260830220758,-0.0276078991050564,0.0621135171831169,0.378386543533105,-0.00744077377708069,0.785398163397448,0.86755812533252,0,0.03722989550321,0.826478144364984,0.0410799809675361,2661.61118385786,6216.75821296855,-3508.0165039586,1,1,35.0864451246788,0.381939450266043,0.0333328413986305
1.9125,32.5415154828776,1.22108764165883,13.0687567142736,0.214605762306231,-0.00790920641168743,-0.028510787215238,0.064627662137004,0.378311697580743,-0.0078240489357909,0.785398163397448,0.86801126720439,0,0.0353045502867962,0.826704715300919,0.0413065519034707,2765.00715275315,6164.10592710314,-3538.82841729458,1,1,35.088939667762,0.381887151368858,0.0348068151659876
1.925,32.542891280298,1.27414535313497,13.0670371003961,0.218881622444333,-0.00816804628692064,-0.0294224088257604,0.0671908760393076,0.378235288455793,-0.00821992267489536,0.785398163397448,0.868440738506322,0,0.0334424750251246,0.826919450951885,0.041521287554437,2870.23757744508,6108.96164497566,-3567.82685084218,1,1,35.0914616088492,0.381827027030017,0.0363172528385995
1.9375,32.5442787560942,1.32848733799234,13.0650161614438,0.223117232568096,-0.00842904233353085,-0.0303422761572916,0.0698026203495249,0.378157373545374,-0.00862852497848044,0.785398163397448,0.868847328065987,0,0.0316432762476554,0.827122745731718,0.0417245823342695,2977.27252491015,6051.47133069554,-3594.99747702164,1,1,35.0940109656955,0.381758807005229,0.0378641481891102
1.95,32.5456759218116,1.38411284529291,13.062682908915,0.227311006050684,-0.00869210425206792,-0.0312698960288732,0.0724623385572447,0.378078013294787,-0.0090499792462364,0.785398163397448,0.869231819003373,0,0.029906439739312,0.827314991200411,0.0419168278029624,3086.08131537107,5991.77712061656,-3620.32783748216,1,1,35.0965877879168,0.381682221404506,0.0394474781799598
1.9625,32.5470806945387,1.44102053021047,13.0600263459492,0.231461455226021,-0.00895713679372906,-0.0322047704373827,0.0751694574701472,0.377997271198167,-0.00948440218905641,0.785398163397448,0.869594987288987,0,0.0282313410604667,0.827496575343218,0.0420984119457694,3196.63258217232,5930.01723089063,-3643.80730804121,1,1,35.0991921568317,0.381597000932227,0.0410672033129283
1.975,32.5484908967587,1.49920846546055,13.0570354772567,0.235567188586994,-0.00922403953186095,-0.0331463971279311,0.0779233884645571,0.37791521378753,-0.0099319037310524,0.785398163397448,0.869937600430098,0,0.0266172555226674,0.827667881913773,0.0422697185163248,3308.89432989787,5866.32588323138,-3665.42706184059,1,1,35.1018241852704,0.38150287712758,0.0427232679788108
1.9875,32.5499042563237,1.55867415274118,13.0536993191368,0.239626907938232,-0.00949270664931754,-0.0340942701545028,0.080723528697952,0.377831910620172,-0.0103925869178815,0.785398163397448,0.870260416278329,0,0.025063367638,0.827829289837889,0.0424311264404402,3422.83399070528,5800.83324755623,-3685.18003084251,1,1,35.1044840173545,0.3813995826049,0.0444156008067723
2,32.5513184065534,1.61941453417213,13.0500069095637,0.243639405514926,-0.0097630267417024,-0.0350478804301927,0.0835692622829822,0.377747434264386,-0.0108665478312691,0.785398163397448,0.870564181952133,0,0.0235687800598707,0.827981172674791,0.0425830092773424,3538.41847885728,5733.66540025387,-3703.06086579414,1,1,35.1071718282457,0.381286851293387,0.046144115012973
2.0125,32.5527308864569,1.68142600372185,13.0459473183227,0.247603561078323,-0.0100348826364815,-0.0360067162664471,0.0864599614226971,0.377661860283481,-0.0113538755096083,0.785398163397448,0.870849632867908,0,0.0221325220328438,0.828123898132678,0.0427257347352298,3655.61424343855,5664.94429688866,-3719.06589479596,1,1,35.109887823867,0.381164418675744,0.0479087087480858
2.025,32.5541391410798,1.74470441861211,13.0415096571773,0.251518338997677,-0.0103081512279128,-0.0369702639007641,0.0893949875068075,0.377575267218088,-0.011854651874508,0.785398163397448,0.871117491873714,0,0.0207535573689977,0.828257827635581,0.0428596642381326,3774.38731925112,5594.78775822261,-3733.19308061025,1,1,35.1126322405963,0.381032022025275,0.0497092654433657
2.0375,32.5555405219752,1.80924511069146,13.0366830900492,0.255382785327691,-0.0105827033277012,-0.0379380080123623,0.0923736921689312,0.377487736566722,-0.0123689516631576,0.785398163397448,0.871368468479796,0,0.0194307919680501,0.828383315938622,0.0429851525411738,3894.70337588749,5523.30946849568,-3745.44197685126,1,1,35.1154053449323,0.38088940064102,0.0515456541549578
2.05,32.5569322877985,1.87504289776968,13.0314568431943,0.259196024889745,-0.0108584035312541,-0.0389094322253751,0.0953954183048811,0.37739935276462,-0.0128968423663714,0.785398163397448,0.871603258180309,0,0.0181630808982786,0.828500710788879,0.0431025473914304,4016.52776498534,5450.61898496794,-3755.8136831957,1,1,35.1182074331365,0.38073629608051,0.0534177299061605
2.0625,32.5583116050265,1.9420920949061,13.0258202153589,0.262957258364518,-0.0111351100993799,-0.0398840195991785,0.0984595010521575,0.377310203160832,-0.0134383841721695,0.785398163397448,0.87182254186086,0,0.0169492350550042,0.828610352629154,0.0432121892317057,4139.82556567217,5376.82175777973,-3764.31079975431,1,1,35.1210388308482,0.380572452389766,0.055325334027388
2.075,32.559675548799,2.01038652564557,13.0197625878976,0.266665759402965,-0.011412674855244,-0.0408612531055079,0.101565268730899,0.377220377993577,-0.0139936299147523,0.785398163397448,0.87202698528669,0,0.0157880274131317,0.828712574342069,0.0433144109446209,4264.56162821264,5302.01915924467,-3770.93738074272,1,1,35.1238998926767,0.380397616330174,0.0572682944935988
2.0875,32.5610211038826,2.07991953319648,13.0132734348405,0.270320871761995,-0.0116909430963689,-0.0418406160920699,0.104712043746634,0.377129970363864,-0.0145626250287183,0.785398163397448,0.872217238666536,0,0.0146781988899479,0.828807701031992,0.0434095376345437,4390.70061587467,5226.30852173762,-3775.69888758614,1,1,35.1267910017694,0.380211537601906,0.059246426258981
2.1,32.5623451657558,2.150683991546,13.0063423328922,0.273922006470629,-0.011969753521442,-0.0428215927323962,0.107899143455241,0.377039076207402,-0.0151454075083772,0.785398163397448,0.872393936287378,0,0.0136184638340683,0.828896049842413,0.0434978864449651,4518.20704503402,5149.78318339076,-3778.60214159114,1,1,35.1297125693578,0.380013969063572,0.0612595315887072
2.1125,32.5636445418132,2.22267231650836,12.9989589713506,0.277468639031845,-0.0122489381716723,-0.0438036684617372,0.111125880990622,0.376947794264794,-0.0157420078720037,0.785398163397448,0.872557696215525,0,0.0126075151560982,0.828977929806486,0.0435797664090382,4647.04532354006,5072.53254085672,-3779.65527631215,1,1,35.132665034281,0.379804666947813,0.0633074003875891
2.125,32.5649159526891,2.29587647670225,12.9911131619315,0.280960306664865,-0.0125283223864189,-0.0447863303988304,0.114391566055622,0.376856226050043,-0.0163524491308815,0.785398163397448,0.872709120059625,0,0.0116440291162397,0.829053641728537,0.0436554783310883,4777.1797873681,4994.64210844099,-3778.86768973581,1,1,35.1356488624885,0.37958339107258,0.0653898105254836
2.1375,32.5661560336973,2.37028800445443,12.9827948484855,0.284396605592075,-0.0128077247727935,-0.0457690677534241,0.117695505676812,0.376764475817389,-0.0169767467629814,0.785398163397448,0.872848792791442,0,0.0107266697837248,0.829123478094445,0.0437253146969967,4908.57473558612,4916.19358294953,-3776.24999640163,1,1,35.1386645465226,0.379349905047855,0.0675065281593172
2.15,32.5673613363864,2.4458980066266,12.9739941165966,0.287777188374401,-0.0130869571889287,-0.0467513722194722,0.121037004923796,0.376672650526495,-0.0176149086911216,0.785398163397448,0.872977282620354,0,0.00985409318260391,0.829187723008901,0.0437895596114526,5041.19446366591,4837.2649136345,-3771.81397957159,1,1,35.1417126049807,0.379103976477591,0.0696573080516116
2.1625,32.5685283302082,2.52269717536344,12.9647012030507,0.291101761298481,-0.0133658247405869,-0.0477327383539575,0.124415367593738,0.376580859805999,-0.0182669352654557,0.785398163397448,0.873095140917766,0,0.00902495113804943,0.829246652157607,0.0438484887601588,5175.00329517056,4757.93037666173,-3765.57254355509,1,1,35.1447935819596,0.378845377156702,0.0718418938854114
2.175,32.5696534042981,2.60067579875974,12.9549065051623,0.294370081818594,-0.0136441257907734,-0.0487126639413307,0.127829896861862,0.376489215915476,-0.0189328192501361,0.785398163397448,0.873202902187772,0,0.00823789483696926,0.82930053279261,0.0439023693951617,5309.96561185198,4678.26065355711,-3757.53966629042,1,1,35.1479080464806,0.378573883262905,0.0740600185755231
2.1875,32.570732869364,2.67982377144532,12.9446005899518,0.297581956055953,-0.0139216519820104,-0.0496906503435905,0.131279895898696,0.376397833705812,-0.0196125458140024,0.785398163397448,0.873301084080577,0,0.00749157811634728,0.829349623739013,0.0439514603415644,5446.04588219342,4598.32291312426,-3747.73035227607,1,1,35.1510565918985,0.378289275543286,0.0763114045759954
2.2,32.5717629596831,2.76013060508626,12.9337742031617,0.300737236357574,-0.0141981882709173,-0.0506662028360578,0.134764668454877,0.376306830578038,-0.020306092525144,0.785398163397448,0.873390187445369,0,0.00678466049235119,0.829394175421409,0.0439960120239604,5583.20868843343,4518.1808963585,-3736.16058594045,1,1,35.1542398352928,0.377991339495462,0.0785957641837748
2.2125,32.5727398352036,2.84158543880178,12.9224182781041,0.303835818916661,-0.0144735129747381,-0.0516388309289262,0.138283519414341,0.376216326440634,-0.0210134293491907,0.785398163397448,0.873470696419467,0,0.00611580994286794,0.829434429908458,0.0440362665110094,5721.41875210873,4437.89500391121,-3722.84728553142,1,1,35.1574584168445,0.377679865543224,0.0809127998384892
2.225,32.5736595837478,2.92417704949605,12.9105239443323,0.306877641456089,-0.0147473978294509,-0.0526080486746998,0.14183575531677,0.376126443665352,-0.0217345186511859,0.785398163397448,0.873543078550754,0,0.00548370545574506,0.829470620974101,0.0440724575766527,5860.64095815422,4357.52238569076,-3707.80825759997,1,1,35.1607129991965,0.377354649206579,0.0832622044183186
2.2375,32.5745182233171,3.00789386210441,12.8980825361267,0.309862680976323,-0.0150196080590929,-0.0535733749616524,0.145420684850153,0.376037307041564,-0.0224693152009005,0.785398163397448,0.873607784950531,0,0.00488703935463509,0.829502974173989,0.0441048107765412,6000.84037759941,4277.11703221073,-3691.06215214676,1,1,35.1640042668016,0.37701549126613,0.0856436615319225
2.25,32.5753117044923,3.09272395975405,12.8850856007905,0.312790951568809,-0.0152899024559281,-0.0545343337934637,0.149037619314365,0.375949043729184,-0.0232177661814474,0.785398163397448,0.873665250474094,0,0.00432451941395958,0.829531706935771,0.0441335435383231,6141.98228890075,4196.72986732465,-3672.62841849429,1,1,35.1673329252556,0.376662197921737,0.0880568458064055
2.2625,32.5760359129305,3.17865509383902,12.8715249067473,0.315662502295668,-0.015558033471088,-0.055490454555212,0.152685873056653,0.375861783210182,-0.0239798112010626,0.785398163397448,0.873715893926466,0,0.00379487077412953,0.829557028661957,0.0441588652645088,6284.03219795022,4116.40884201086,-3652.52726193973,1,1,35.1706997006193,0.376294580945418,0.0905014231713078
2.275,32.5766866719532,3.26567469400981,12.8573924514354,0.318477415136237,-0.0158237473153135,-0.0564412722659193,0.156364763879941,0.375775657238725,-0.0247553823079181,0.785398163397448,0.873760118290844,0,0.00329683766778291,0.829579140844146,0.0441809774466977,6426.95585680053,4036.19902889434,-3630.77960123906,1,1,35.174105338728,0.375912457828496,0.0929770511386187
2.2875,32.5772597452236,3.35376987807787,12.8426804689932,0.321235803000849,-0.0160867840694258,-0.0573863278178617,0.160073613424869,0.375690799789967,-0.0255444040078406,0.785398163397448,0.87379831097749,0,0.00282918496742608,0.829598237187469,0.0442000737900209,6570.71928114767,3956.14271721634,-3607.40702696653,1,1,35.177550604491,0.375515651922957,0.0954833790788158
2.3,32.577750839511,3.44292746183557,12.8273814377304,0.323937807811987,-0.0163468778041601,-0.0583251682028746,0.163811747526466,0.375607347007522,-0.0263467932848091,0.785398163397448,0.873830844090874,0,0.00239069956449602,0.829614503744161,0.0442163403467127,6715.28876661159,3876.27950798172,-3582.43176078735,1,1,35.1810362811807,0.375103992577065,0.0980200484929421
2.3125,32.5781556075381,3.53313396879221,12.8114880873819,0.32658359865282,-0.0166037567089939,-0.0592573467258932,0.167578496546398,0.375525437149651,-0.0271624596241122,0.785398163397448,0.873858074713031,0,0.00198019158949499,0.829628119055239,0.0442299556577911,6860.63090385592,3796.64640903639,-3555.87661567798,1,1,35.184563169713,0.37467731526522,0.100586693280738
2.325,32.5784696509091,3.6243756398267,12.7949934061385,0.329173369982899,-0.0168571432296084,-0.0601824232059835,0.171373195681673,0.375445210534179,-0.0279913050380481,0.785398163397448,0.87388034520121,0,0.00159649548248867,0.829639254299329,0.0442410909018807,7006.71259258718,3717.27792984573,-3527.76495712013,1,1,35.18813208792,0.374235461712129,0.103182940004853
2.3375,32.5786885231158,3.71663844275795,12.777890647452,0.331707339920702,-0.0171067542136237,-0.0610999641651267,0.175195185250728,0.375366809482181,-0.0288332240940548,0.785398163397448,0.873897983497995,0,0.0012384709229038,0.829648073447721,0.0442499100502731,7153.5010544743,3638.20617576236,-3498.12066529298,1,1,35.1917438698145,0.373778280011307,0.105808408151166
2.35,32.5788077326172,3.80990808183357,12.7601733366114,0.334185748592508,-0.017352301064255,-0.0620095430050286,0.179043810957797,0.375290378260459,-0.0296881039451642,0.785398163397448,0.873911303452193,0,0.000905003627211849,0.829654733424821,0.0442565700273725,7300.96384502857,3559.46094159008,-3466.96809828095,1,1,35.1953993648492,0.373305624737986,0.108462710385244
2.3625,32.5788227459919,3.90417000713801,12.7418352770864,0.336608856547004,-0.0175934899015397,-0.0629107401722348,0.182918424136439,0.375216063022827,-0.0305558243626746,0.785398163397448,0.873920605148901,0,0.000595006022742473,0.829659384273175,0.0442612208757264,7449.06886448381,3481.06980426591,-3434.33205631178,1,1,35.1990994371702,0.372817357056476,0.111145452804988
2.375,32.5787289911571,3.99940942392101,12.7228705566364,0.338976943234869,-0.0178300217307928,-0.0638031433118362,0.186818381973133,0.375144011750242,-0.0314362577709458,0.785398163397448,0.873926175247234,0,0.000307417805534037,0.829662169322341,0.044264005924893,7597.78436771665,3403.05821450001,-3400.23774703357,1,1,35.2028449648652,0.372313344822067,0.1138562351895
2.3875,32.5785218606545,4.09561130184742,12.7032735531826,0.341290305552499,-0.0180615926179536,-0.064686347410055,0.190743047711776,0.375074374189797,-0.0323292692842191,0.785398163397448,0.873928287324338,0,4.12063897987445e-05,0.829663225360893,0.0442650619634449,7747.07897324559,3325.44958722416,-3364.71075183787,1,1,35.2066368392091,0.371793462677535,0.116594651244221
2.4,32.5781967149965,4.19276038416942,12.6830389404405,0.343549256448921,-0.0182878938714917,-0.0655599549260037,0.194691790839972,0.375007301792601,-0.0332347167453764,0.785398163397448,0.873927202224357,0,-0.000204632743742339,0.829662682810902,0.0442645194134542,7896.92167134767,3248.26539071706,-3327.77699323045,1,1,35.2104759639059,0.371257592144357,0.119360288842392
2.4125,32.5777488860719,4.2908411968221,12.6621616933119,0.345754123594859,-0.0185086122305484,-0.0664235759129144,0.198663987257943,0.374942947650565,-0.03415245076655,0.785398163397448,0.873923168411148,0,-0.0004310757937141,0.829660665904298,0.0442625025068498,8047.28183133062,3171.5252342861,-3289.4627032489,1,1,35.2143632543296,0.370705621708698,0.122152730262888
2.425,32.5771736806069,4.3898380574435,12.6406370930344,0.347905248112844,-0.0187234300589947,-0.0672768281291333,0.202659019430886,0.374881466432121,-0.0350823147715048,0.785398163397448,0.873916422323606,0,-0.000639070471499464,0.829657292860527,0.0442591294630788,8198.1292079978,3095.24695439678,-3249.79439292344,1,1,35.2182996367628,0.370137446902286,0.124971552424485
2.4375,32.5764663836778,4.48973508432012,12.6184607320867,0.35000298336717,-0.0189320255450953,-0.0681193371391783,0.206676276525594,0.374823014316889,-0.0360241450397166,0.785398163397448,0.87390718873254,0,-0.000829535915875602,0.829652676064994,0.0442545126675457,8349.43394734282,3019.44669915513,-3208.79882277334,1,1,35.2222860476358,0.369552970378262,0.12781632711661
2.45,32.5756222622728,4.59051620525885,12.5956285188497,0.352047693812466,-0.0191340729064731,-0.0689507364051568,0.210715154532142,0.374767748929315,-0.0369777707520736,0.785398163397448,0.87389568109813,0,-0.00100336268283349,0.829646922247789,0.0442487588503409,8501.16659150963,2944.13901105701,-3166.50297433056,1,1,35.2263234327667,0.368952101982112,0.130686621226649
2.4625,32.5746365688989,4.69216516638624,12.5721366820208,0.354039753899562,-0.0193292426000767,-0.0697706673688387,0.214775056371394,0.374715829271302,-0.0379430140381362,0.785398163397448,0.87388210192706,0,-0.00116141280482366,0.829640132662254,0.0442419692648057,8653.29808305355,2869.33690792969,-3122.93402267807,1,1,35.2304127466015,0.368334758817768,0.133581996963854
2.475,32.5735045452311,4.7946655408761,12.5479817747827,0.355979547037302,-0.0195172015368599,-0.0705787795246771,0.218855391989123,0.374667415653844,-0.0389196900248909,0.785398163397448,0.873866643128489,0,-0.00130451991394701,0.829632403262969,0.0442342398655206,8805.79976853765,2795.05196200127,-3078.11930998978,1,1,35.2345549514583,0.367700865309008,0.136502012079927
2.4875,32.5722214258003,4.89800073760626,12.523160678724,0.357867464608923,-0.0196976133008888,-0.071374730484068,0.222955578437451,0.374622669627687,-0.0399076068869406,0.785398163397448,0.873849486368108,0,-0.00143348942387779,0.829623824882778,0.0442256614853299,8958.64340149833,2721.29437704143,-3032.08632005622,1,1,35.2387510167726,0.367050353256226,0.139446220086346
2.5,32.5707824417158,5.0021540097452,12.4976706075127,0.359703905041555,-0.0198701383725986,-0.0721581860311367,0.227075039944351,0.374581753913039,-0.0409065658980764,0.785398163397448,0.873830803419558,0,-0.00154909876556523,0.829614483408503,0.0442163200110547,9111.80114481293,2648.07306352721,-2984.86265377874,1,1,35.243001918348,0.366383161888711,0.142414170468475
2.5125,32.5691828244209,5.10710846326938,12.4715091103212,0.361489272927394,-0.0200344343559287,-0.0729288201703332,0.231213207971906,0.374544832328332,-0.0419163614841821,0.785398163397448,0.873810756512593,0,-0.00165209767201232,0.829604459955021,0.0442062965575724,9265.2455725016,2575.3957117935,-2936.47600561422,1,1,35.2473086376106,0.365699237912505,0.145405408896557
2.525,32.5674178094755,5.21284706541181,12.4446740750031,0.363223978195076,-0.0201901562090712,-0.0736863151661161,0.235369521264002,0.37451206971807,-0.0429367812774237,0.785398163397448,0.873789498677385,0,-0.00174320850767398,0.829593831037416,0.0441956676399681,9418.94967099465,2503.26886313865,-2886.95414094933,1,1,35.2516721608688,0.364998535553978,0.148419477433619
2.5375,32.5654826403645,5.31935265304262,12.4171637310221,0.364908435329741,-0.020336956478574,-0.074430361575001,0.239543425884123,0.37448363187976,-0.0439676061716828,0.785398163397448,0.873767174084442,0,-0.00182312663825222,0.829582668740945,0.0441845053434969,9572.88683989577,2431.69797885794,-2836.32487438526,1,1,35.2560934785793,0.364281016599182,0.151455914740381
2.55,32.5633725723278,5.42660794098175,12.3889766521316,0.366543062640279,-0.0204744855365449,-0.0751606582702405,0.243734375243876,0.374459685489966,-0.0450086103791959,0.785398163397448,0.873743918379674,0,-0.00189252083689389,0.829571040888561,0.0441728774911129,9727.03089227086,2360.6875071907,-2784.61604890931,1,1,35.2605735846202,0.363546650429126,0.154514256277212
2.5625,32.561082876208,5.5345955302446,12.3601117588065,0.368128281572259,-0.0206023918207108,-0.0758769124594027,0.247941830122879,0.374440398029473,-0.0460595614883629,0.785398163397448,0.873719859014153,0,-0.0019520337230161,0.829559011205801,0.0441608478083524,9881.35605449082,2290.24094816549,-2731.85551593267,1,1,35.2651134755707,0.362795414051033,0.157594034503209
2.575,32.5586088423129,5.64329791622049,12.3305683204271,0.369664516064987,-0.0207203220770878,-0.0765788396951046,0.252165258680597,0.374425937707602,-0.0471202205226957,0.785398163397448,0.873695115568206,0,-0.00200228223019646,0.829546639482827,0.0441484760853788,10035.8369656565,2220.36091634053,-2678.07111617084,1,1,35.2697141499995,0.362027292125695,0.160694779072452
2.5875,32.5559457842892,5.75269749678445,12.3003459572139,0.371152191951195,-0.0208279216050287,-0.0772661638791554,0.256404136460715,0.374416473385678,-0.0481903420008779,0.785398163397448,0.87366980006948,0,-0.0020438580997695,0.829533981733464,0.0441358183360157,10190.4486766325,2151.04920143752,-2623.29066134254,1,1,35.2743766077622,0.361242276991008,0.163816017027504
2.6,32.5530890430037,5.86277658034216,12.2694446419162,0.372591736397835,-0.0209248345044121,-0.077938617260356,0.260657946388594,0.374412174499672,-0.0492696739979111,0.785398163397448,0.873644017304692,0,-0.00207732839696694,0.82952109035107,0.0441229269536219,10345.166648716,2082.30682687265,-2567.54191666551,1,1,35.2791018493071,0.360440368681787,0.166957272990202
2.6125,32.5500339904289,5.9735173938082,12.2378647012521,0.373983577386465,-0.0210107039247506,-0.0785959404261957,0.264926178762353,0.374413210982026,-0.0503579582073272,0.785398163397448,0.873617865124794,0,-0.00210323604662889,0.829508014261121,0.0441098508636729,10499.9667519655,2014.13410619443,-2510.852584124,1,1,35.2838908749921,0.359621574945922,0.170118069349809
2.625,32.546776033529,6.08490209051733,12.2056068171029,0.37532814323172,-0.0210851723159908,-0.0792378822886817,0.269208331238088,0.374419753182686,-0.0514549300044466,0.785398163397448,0.873591434743325,0,-0.00212210038569432,0.829494799070387,0.0440966356729383,10654.8252632144,1946.53069744177,-2453.25028648455,1,1,35.2887446844116,0.358785911256992,0.173297926448573
2.6375,32.543310618144,6.19691275806857,12.1726720274603,0.376625862136388,-0.0211478816807896,-0.0798642000645305,0.273503908809722,0.374431971789357,-0.0525603185106682,0.785398163397448,0.873564811027764,0,-0.00213441772985363,0.829481487212606,0.0440833238151578,10809.7188637921,1879.49565543762,-2394.76255203722,1,1,35.2936642757341,0.357933400823371,0.176496362764752
2.65,32.5396332328661,6.30953142610177,12.1390617271285,0.37787716178162,-0.0211984738280509,-0.0804746592499441,0.277812423783972,0.374450037746991,-0.0536738466587779,0.785398163397448,0.873538072783717,0,-0.00214066195191357,0.829468118090583,0.0440699546931345,10964.6246369757,1813.02748204104,-2335.41680003762,1,1,35.2986506450522,0.357064074593945,0.179712895093149
2.6625,32.5357394129079,6.42274007400604,12.1047776681811,0.379082468950804,-0.0212365906275107,-0.0810690335901874,0.282133395750861,0.374474122176526,-0.0547952312592641,0.785398163397448,0.873511293031811,0,-0.0021412850695848,0.82945472821463,0.0440565648171815,11119.5200651934,1747.12417437894,-2275.2403268276,1,1,35.3037047857444,0.356177971260464,0.182947038723214
2.675,32.5316247439566,6.53652063855952,12.0698219601736,0.380242209185686,-0.0212618742651634,-0.0816471050441784,0.286466351550243,0.374504396292906,-0.0559241830676337,0.785398163397448,0.873484539277183,0,-0.00213671784055582,0.829441351337316,0.0440431879398673,11274.383027002,1681.78327108601,-2214.26029261151,1,1,35.308827687849,0.35527513725663,0.186198307614752
2.6875,32.5272848660118,6.65085502149977,12.0341970701123,0.381356806473309,-0.0212739674993232,-0.0822086637442951,0.29081082523473,0.374541031322383,-0.0570604068527221,0.785398163397448,0.873457873771496,0,-0.00212737036286391,0.829428018584472,0.044029855187024,11429.1917938559,1617.0018965812,-2152.5037088651,1,1,35.3140203374522,0.354355626753961,0.189466214571283
2.7,32.5227154772027,6.76572509702376,11.9979058221815,0.3824266829624,-0.0212725139171197,-0.0827535079515995,0.295166358029425,0.374584198419129,-0.0582036014659929,0.785398163397448,0.873431353767424,0,-0.00211363267871401,0.829414758582436,0.0440165951849878,11583.9250266893,1552.77680341292,-2089.99742635521,1,1,35.319283716088,0.353419501654487,0.192750271411098
2.7125,32.5179123375832,6.88111271921674,11.9609513972276,0.38345225870782,-0.0212571581912258,-0.0832814440066695,0.299532498288844,0.374634068581176,-0.0593534599118265,0.785398163397448,0.873405031765566,0,-0.00209587538003014,0.829401597581507,0.0440034341840591,11738.5617723287,1489.10441270658,-2026.76812374972,1,1,35.3246188001534,0.352466831580341,0.196049989136037
2.725,32.5128712728981,6.9969997294087,11.9233373320033,0.384433951441767,-0.0212275463366211,-0.0837922862762294,0.303908801451378,0.374690812565709,-0.0605096694187974,0.785398163397448,0.873378955753796,0,-0.00207445021415192,0.829388559575622,0.0439903961781737,11893.0814597537,1425.98085275054,-1962.8422967949,1,1,35.3300265603372,0.351497693860279,0.199364878098041
2.7375,32.5075881783206,7.11336796345724,11.8850675181727,0.385372176370401,-0.0211833259671957,-0.0842858570957572,0.308294829991634,0.374754600803718,-0.0616719115119416,0.785398163397448,0.87335316943903,0,-0.00204969068821049,0.829375666418239,0.0439775030207909,12047.4638962224,1363.40199575734,-1898.24624804192,1,1,35.3355079610631,0.350512173513174,0.202694448163499
2.75,32.5020590221548,7.23019925895566,11.8461462010765,0.386267345994628,-0.0211241465519988,-0.0847619867082488,0.312690153370984,0.374825603314052,-0.0628398620860166,0.785398163397448,0.873327712471469,0,-0.00202191267083381,0.829362937934459,0.0439647745370105,12201.6892632781,1301.3634928402,-1833.00607710075,1,1,35.3410639599477,0.349510363228532,0.206038208875417
2.7625,32.4962798495019,7.34747546236473,11.8065779782618,0.387119869953789,-0.0210496596709413,-0.0852205131993076,0.317094347986623,0.374903989616881,-0.0640131914797603,0.785398163397448,0.873302620661326,0,-0.00199141498994168,0.829350392029387,0.043952228631939,12355.7381126525,1239.86080724416,-1767.14767140374,1,1,35.3466955072744,0.348492363344046,0.209395669613445
2.775,32.4902467858854,7.46517843606656,11.7663677977745,0.387930154891046,-0.02095951926976,-0.0856612824287278,0.321506997119418,0.374989928646601,-0.0651915645511521,0.785398163397448,0.873277926188117,0,-0.00195848002549576,0.829338044792783,0.0439398813953343,12509.5913620789,1178.88924587332,-1700.69669745969,1,1,35.3524035454812,0.347458281820233,0.212766339751778
2.7875,32.4839560408325,7.58329006533916,11.7255209562182,0.388698604339264,-0.0208533819140548,-0.0860841479587313,0.325927690880839,0.375083588664194,-0.0663746407536849,0.785398163397448,0.873253657802572,0,-0.00192337429616861,0.82932591060001,0.043927747202562,12663.2302910316,1118.44398915686,-1633.67859258081,1,1,35.3581890086656,0.346408234212162,0.216149728814947
2.8,32.4774039114085,7.70179226524965,11.68404309658,0.389425618626263,-0.0207309070422094,-0.0864889709790153,0.330356026159195,0.37518513716909,-0.0675620742136542,0.785398163397448,0.873229841021261,0,-0.00188634903899089,0.829314002209355,0.0439158388119066,12816.6365364015,1058.5201192962,-1566.11855706495,1,1,35.3640528221041,0.345342343638321,0.219545346631531
2.8125,32.4705867857002,7.82066698746459,11.6419402058252,0.390111594798292,-0.0205917572170085,-0.0868756202287629,0.334791606565443,0.375294740810533,-0.0687535138084735,0.785398163397448,0.873206498314013,0,-0.00184764078112421,0.829302330855731,0.0439041674582826,12969.7920881235,999.112646937392,-1498.04154681728,1,1,35.3699959017883,0.344260740746601,0.222952703485786
2.825,32.4635011462463,7.93989622697533,11.5992186122618,0.390756926560666,-0.0204355983757637,-0.0872439719157644,0.339234042378786,0.3754125652985,-0.069948603246024,0.785398163397448,0.873183649284244,0,-0.0018074719029924,0.829290906340846,0.0438927429433978,13122.6792847648,940.21653631213,-1429.47226639486,1,1,35.3760191539765,0.343163563677453,0.226371310267217
2.8375,32.45614357341,8.05946202873636,11.5558849826781,0.391362004234497,-0.020262100078763,-0.0875939096327915,0.343682950492253,0.375538775314193,-0.0711469811450491,0.785398163397448,0.873161310842299,0,-0.00176605119208303,0.829279737119874,0.0438815737224254,13275.2808090878,881.826728892135,-1360.4351624592,1,1,35.3821234747624,0.342050958024188,0.22980067861809
2.85,32.4485107486924,8.17934649421479,11.5119463192544,0.391927214728502,-0.0200709357558575,-0.087925324271366,0.348137954358481,0.375673534420133,-0.0723482811166021,0.785398163397448,0.873139497371938,0,-0.00172357438680674,0.829268830384693,0.0438706669872447,13427.5796835958,823.938165601056,-1290.95441762248,1,1,35.3883097496592,0.340923076790462,0.233240321078895
2.8625,32.4405994579816,8.2995317878486,11.4674099562506,0.392452941524917,-0.0198617829510022,-0.0882381139330563,0.352598683935855,0.375817004969896,-0.0735521318465591,0.785398163397448,0.873118220890078,0,-0.00168022470987286,0.829258192143763,0.0438600287463146,13579.5592660736,766.545807628064,-1221.05394467284,1,1,35.3945788532004,0.339780080344916,0.236689751231757
2.875,32.4324065947359,8.42000014341151,11.4222835564729,0.392939564678542,-0.0196343235645645,-0.0885321838384355,0.357064775635195,0.375969348017515,-0.0747581571792039,0.785398163397448,0.873097491199943,0,-0.00163617339070653,0.829247827298696,0.0438496639012473,13731.2032451304,709.644655888007,-1150.75738116611,1,1,35.4009316485568,0.338622136372996,0.240148483841804
2.8875,32.4239291630973,8.54073387028225,11.3765751075211,0.393387460828023,-0.019388244093219,-0.0888074462338281,0.36153587226712,0.376130723226593,-0.075965976201898,0.785398163397448,0.873077316037751,0,-0.00159158017649529,0.8292377397176,0.0438395763201513,13882.4956357555,653.229769171867,-1080.08808437082,1,1,35.40736898717,0.337449419825941,0.243616034996469
2.9,32.4151642809327,8.66171535961585,11.3302929178193,0.39379700321847,-0.0191232358672445,-0.0890638202959711,0.366011622990249,0.37630128877915,-0.0771752033308442,0.785398163397448,0.873057701213082,0,-0.00154659383151236,0.829227932305265,0.0438297689078169,14033.4207748944,597.29628103153,-1009.06912655446,1,1,35.4138917084023,0.336262112866925,0.247091922242742
2.9125,32.4061091827994,8.78292709041457,11.2834456124325,0.394168561734561,-0.0188389952850421,-0.0893012320347113,0.370491683260358,0.376481201284248,-0.0783854483979519,0.785398163397448,0.873038650743084,0,-0.00150135262441895,0.829218407070266,0.0438202436728179,14183.9633170524,541.83941544196,-937.723290599431,1,1,35.4205006392029,0.335060404814363,0.250575664722348
2.925,32.3967612228321,8.90435163549611,11.2360421286717,0.394502502943321,-0.018535224044692,-0.089519614193857,0.374975714780608,0.376670615686443,-0.0795963167388159,0.785398163397448,0.873020166980659,0,-0.00145598480329956,0.829209165189053,0.0438110017916052,14334.1082299342,486.85450128408,-866.073065937748,1,1,35.42719659379,0.333844492082354,0.254066783304843
2.9375,32.3871178775489,9.02597166735662,11.1880917114912,0.394799190145776,-0.0182116293723686,-0.0897189061503005,0.379463385452956,0.376869685174075,-0.0808074092818147,0.785398163397448,0.87300225073679,0,-0.00141060905823285,0.829200207067119,0.0438020436696707,14483.8407901256,432.33698569087,-794.140644793733,1,1,35.4339803733494,0.332614578118258,0.257564800718619
2.95,32.3771767485728,9.14776996392598,11.1396039086794,0.395058983436735,-0.0178679242474356,-0.0898990538115253,0.383954369330829,0.377078561087471,-0.0820183226383372,0.785398163397448,0.872984901397166,0,-0.00136533497124577,0.829191532397307,0.0437933689998591,14633.1465788236,378.282446298205,-721.947918724506,1,1,35.440852765749,0.33137087333739,0.261069241679788
2.9625,32.3669355652669,9.26972941421304,11.0905885658483,0.395282239771968,-0.01750382762404,-0.0900600095116061,0.388448346573164,0.377297392827072,-0.0832286491941458,0.785398163397448,0.872968117033261,0,-0.00132026345354036,0.829183140215355,0.0437849768179066,14782.0114776206,324.686602440886,-649.516475449381,1,1,35.4478145452691,0.330113595054817,0.264579633018949
2.975,32.3563921872797,9.39183302383814,11.0410558212238,0.395469313042091,-0.0171190646490307,-0.0902017319058126,0.392945003399864,0.377526327761553,-0.0844379772018796,0.785398163397448,0.872951894508024,0,-0.00127548716992211,0.829175028952736,0.0437768655552878,14930.4216643486,271.545325335845,-576.867595958022,1,1,35.4548664723489,0.328842967414244,0.268095503805794
2.9875,32.3455446069984,9.5140639204505,10.9910161002401,0.395620554152487,-0.0167133668760219,-0.0903241858639208,0.397444032048747,0.37776551113596,-0.0856458908747063,0.785398163397448,0.872936229576346,0,-0.00123109095039465,0.829167196486897,0.043769033089449,15078.3636089886,218.854647290404,-504.022251889123,1,1,35.4620092933477,0.327559221313961,0.271616385471547
3,32.3343909519077,9.63640535902798,10.9404801099427,0.39573631110863,-0.0162864724754308,-0.0904273423623354,0.401945130734042,0.378015085979922,-0.0868519704811238,0.785398163397448,0.872921116980468,0,-0.0011871521889192,0.829159640188958,0.0437614767915097,15225.8240696482,166.610769974735,-431.001103171478,1,1,35.469243740322,0.326262594329847,0.275141811929199
3.0125,32.3229294868516,9.75884072705674,10.8894588332039,0.395816929106208,-0.015838126440313,-0.0905111783751245,0.406448003606462,0.378275193015979,-0.0880557924409177,0.785398163397448,0.872906550540471,0,-0.00114374122936821,0.82915235696896,0.0437541935715116,15372.790088614,114.810071796661,-357.824495918312,1,1,35.4765705308177,0.324953330635401,0.278671319691528
3.025,32.3111586161954,9.88135354958835,10.8379635227528,0.395862750625448,-0.0153680807878271,-0.0905756767640667,0.410952360714901,0.378545970568075,-0.0892569294222747,0.785398163397448,0.87289252324004,0,-0.00110092173873089,0.829145343318744,0.0437471799212958,15519.2489884811,63.4491144155554,-284.512460568381,1,1,35.4839903676774,0.323631680918789,0.282204447986864
3.0375,32.2990768858867,10.0039274941719,10.7860056950269,0.39587411552912,-0.0148760947561584,-0.0906208261678055,0.415457917969783,0.378827554470267,-0.0904549504400523,0.785398163397448,0.872879027307621,0,-0.00105875106765496,0.829138595352535,0.0437404319550866,15665.1883683628,12.52464842974,-211.084710265664,1,1,35.4915039388615,0.322297902296875,0.28574073887257
3.05,32.2866829854118,10.1265463756585,10.7335971238469,0.395851361163659,-0.0143619349967358,-0.0906466208902075,0.419964397108068,0.379120077975689,-0.0916494209552067,0.785398163397448,0.872866054293172,0,-0.00101728059843217,0.82913210884531,0.0437339454478616,15810.5961001857,-37.9663817247643,-137.560639470224,1,1,35.4991119172846,0.32095225822624,0.289279737346223
3.0625,32.2739757496465,10.2491941608767,10.6807498339213,0.395794822462928,-0.0138253757615769,-0.0906530607880178,0.42447152565994,0.379423671665841,-0.0928399029753739,0.785398163397448,0.87285359514062,0,-0.000976556080557841,0.829125879269034,0.043727715871586,15955.4603250709,-88.0268336339567,-63.9593227939813,1,1,35.5068149606653,0.319595018411141,0.292820991454444
3.075,32.2609541605989,10.371854973175,10.6274760941831,0.395704832054135,-0.0132661990856019,-0.0906401511579025,0.42897903691717,0.379738463360227,-0.0940259551566016,0.785398163397448,0.872841640256224,0,-0.000936617954013766,0.829119901826836,0.043721738429388,16099.7694498054,-137.659363487994,9.7004859459712,1,1,35.5146137113903,0.318226458708423,0.296364052399362
3.0875,32.2476173490427,10.4945130968306,10.5737884109658,0.39558172036545,-0.0126841949637562,-0.0906079026229691,0.433486669903158,0.380064578026423,-0.0952071329062283,0.785398163397448,0.872830179572952,0,-0.000897501660442433,0.8291141714852,0.0437160080877521,16243.5121434046,-186.866423356446,83.4003544628067,1,1,35.5225087963914,0.316846861029338,0.299908474642668
3.1,32.2339645960378,10.617152981322,10.519699521022,0.39542581573489,-0.0120791615227888,-0.090556331018852,0.437994169344638,0.380402137690606,-0.0963829884869003,0.785398163397448,0.872819202611057,0,-0.000859237942396129,0.829108683004253,0.0437105196068046,16386.677333769,-235.650259124163,157.122172531025,1,1,35.5305008270359,0.315456513238281,0.303453816007229
3.1125,32.2199953343388,10.7397592454621,10.4652223843897,0.395237444520076,-0.0114509051875347,-0.0904854572794487,0.442501285645024,0.380751261348603,-0.0975530711217203,0.785398163397448,0.872808698534981,0,-0.000821853130859493,0.829103430966215,0.0437052675687665,16529.2542044371,-284.01290905957,230.848152318426,1,1,35.5385903990301,0.314055709048414,0.306999637776232
3.125,32.2057091496881,10.8623166813917,10.4103701771129,0.395016931208453,-0.010799240841554,-0.0903953073223928,0.447007774859393,0.381112064877524,-0.0987169271005176,0.785398163397448,0.872798656206739,0,-0.000785369421256672,0.829098409802093,0.0437002464046452,16671.2321914336,-331.956202985409,304.560828526673,1,1,35.5467780923344,0.312644747914163,0.310545504789813
3.1375,32.1911057819921,10.9848102584302,10.3551562838199,0.394764598527625,-0.0101239919819855,-0.0902859119343433,0.451513398671046,0.381484660948008,-0.099874099887227,0.785398163397448,0.872789064235922,0,-0.000749805138165782,0.829093613816685,0.0436954504192367,16812.600980218,-379.481762025181,378.243058345216,1,1,35.5550644710912,0.311223934920598,0.314090985539149
3.15,32.1761851263807,11.1072251267813,10.2995942901669,0.394480767555452,-0.00942499086847561,-0.0901573066561747,0.456017924369644,0.381869158937175,-0.101024130228365,0.785398163397448,0.872779911026465,0,-0.000715174988973259,0.829089037211957,0.0436908738145085,16953.3505027304,-426.590998898949,451.87802122537,1,1,35.5634500835642,0.309793580669659,0.317635652257965
3.1625,32.1609472341471,11.2295466210939,10.2436979751504,0.394165757829575,-0.00870207866605019,-0.0900095316681443,0.460521124830849,0.382265664842293,-0.102166556262588,0.785398163397448,0.872771184820311,0,-0.000681490306709588,0.82908467410888,0.0436865107114313,17093.470934539,-473.285118741908,525.449218480089,1,1,35.5719354620889,0.308354001163246,0.321179081011441
3.175,32.145392313568,11.3517602638737,10.1874813032966,0.393819887456065,-0.00795510558179949,-0.089842631675116,0.465022778497451,0.382674281195254,-0.103300913631312,0.785398163397448,0.872762873738101,0,-0.000648759282314962,0.829080518567775,0.0436823551703266,17232.9526920869,-519.565120422012,598.94047271586,1,1,35.5805211230341,0.306905517683161,0.324720851782453
3.1875,32.1295207306028,11.4738517687469,10.1309584167317,0.3934434732169,-0.00718393099525405,-0.0896566557919155,0.469522669361909,0.383095106977895,-0.104426735590385,0.785398163397448,0.872754965817037,0,-0.000616987186590127,0.829076564607243,0.0436784012097946,17371.7864300413,-565.431798332783,672.335927102213,1,1,35.5892075667745,0.305448456667896,0.328260548555153
3.2,32.1133330094704,11.5958070435724,10.0741436271404,0.393036830675996,-0.00638842358233373,-0.0894516574288921,0.474020586950267,0.383528237538214,-0.105543553122779,0.785398163397448,0.872747449046024,0,-0.000586176582092335,0.829072806221736,0.0436746428242876,17509.9630387425,-610.885744638638,745.620044484865,1,1,35.597995277672,0.303983149586278,0.331797759395817
3.2125,32.0968298331046,11.717612193402,10.0170514076186,0.392600274283527,-0.00556846143275835,-0.0892276941777578,0.478516326307374,0.383973764507555,-0.106650895052289,0.785398163397448,0.872740311398227,0,-0.000556327525240912,0.829069237397838,0.0436710740003896,17647.4736417554,-655.927351951078,818.777606348389,1,1,35.6068847240686,0.302509932807972,0.335332076530958
3.225,32.0800120434854,11.8392535232879,9.95969638442605,0.39213411747829,-0.00472393216081478,-0.0889848276977767,0.483009687983359,0.3844317757188,-0.107748288158218,0.785398163397448,0.872733540861173,0,-0.000527437758899885,0.829065852129311,0.0436676887318624,17784.3095935217,-700.556816413972,891.793711634687,1,1,35.6158763582872,0.301029147470859,0.338863096422654
3.2375,32.0628806418469,11.9607175409355,9.90209332864672,0.391638672787885,-0.00385473300938138,-0.0887231236023711,0.487500478021274,0.384902355125627,-0.108835257291007,0.785398163397448,0.872727125464486,0,-0.000499502895707361,0.829062644430967,0.0436644810335191,17920.4624771129,-744.774141179312,964.653775422709,1,1,35.6249706166418,0.299541139345284,0.342390419841065
3.25,32.0454367887624,12.0819909592009,9.8442571477621,0.391114251926489,-0.00296077094711787,-0.0884426513462136,0.491988507945851,0.38538558272289,-0.109911325488803,0.785398163397448,0.872721053305404,0,-0.000472516592423158,0.829059608351426,0.0436614449539777,18055.9241020841,-788.579140253248,1037.34352747555,1,1,35.6341679194568,0.298046258695215,0.34591365193411
3.2625,32.0276818041039,12.203060698433,9.78620287714502,0.390561165890024,-0.00204196275873543,-0.0881434841128685,0.496473594753299,0.385881534468176,-0.110976014094926,0.785398163397448,0.872715312572159,0,-0.000446470715566411,0.829056737984804,0.0436585745873556,18190.6865024275,-831.971442693513,1109.84901066122,1,0,35.6434686710933,0.29654486013631,0.349432402294275
3.275,32.0096171668792,12.3239138886588,9.72794567148055,0.389979725048519,-0.00109823512826895,-0.0878256987030471,0.500955560902045,0.386390282204586,-0.112028842876201,0.785398163397448,0.872709891565354,0,-0.000421355498615427,0.829054027481401,0.0436558640839528,18324.7419346256,-874.950497141339,1182.15657925279,1,0,35.6528732599845,0.295037302490935,0.352946285022525
3.2875,31.9912445149439,12.4445378716112,9.66950079612086,0.389370239235493,-0.000129524715281004,-0.0874893754235373,0.50543423430436,0.386911893584795,-0.113069330142135,0.785398163397448,0.87270477871741,0,-0.000397159691040792,0.829051471057429,0.043653307659981,18458.0828758024,-917.515576669638,1254.25289711438,1,0,35.6623820586774,0.293523948640151,0.356454918789289
3.3,31.9725656445912,12.5649202025997,9.61088361838111,0.388733017834189,0.000864221776065473,-0.0871345979768678,0.509909448318775,0.387446431996448,-0.114096992864897,0.785398163397448,0.872699962610217,0,-0.000373870699442197,0.829049063003833,0.0436508996063846,18590.7020219723,-959.665783932307,1326.1249357786,1,0,35.671995423882,0.292005165372707,0.359957926892502
3.3125,31.9535825100169,12.6850486522235,9.5521095987834,0.388068369860497,0.00188304753512081,-0.0867614533517634,0.514381041743203,0.387993956488933,-0.115111346800067,0.785398163397448,0.872695431991058,0,-0.000351474721056848,0.829046797694253,0.0436486342968048,18722.5922863859,-1001.4000565967,1397.75997242213,1,0,35.6817136965268,0.290481323231073,0.363454937312674
3.325,31.9342972226638,12.8049112079268,9.49319428225605,0.387376604042419,0.00292698559009582,-0.0863700317144467,0.518848858808677,0.388554521701581,-0.116111906608124,0.785398163397448,0.872691175786913,0,-0.000329956869905821,0.82904466959218,0.0436465061947323,18853.7467979702,-1042.71717304564,1469.14558774545,1,0,35.6915372018211,0.288952796354567,0.366945582764966
3.3375,31.9147120504427,12.9244960753959,9.4341532892953,0.386658028895945,0.00399605876068141,-0.0859604263008398,0.523312749173618,0.389128177793361,-0.117098185976631,0.785398163397448,0.872687183117237,0,-0.000309301295841293,0.829042673257342,0.0436445098598942,18984.1588998644,-1083.61575833258,1540.26966376309,1,0,35.7014662493226,0.287419962319611,0.370429500748257
3.35,31.8948294168337,13.0437916797999,9.37500230709692,0.3859129527972,0.00509027961797151,-0.0855327333097169,0.527772567918533,0.38971497037408,-0.118069697743077,0.785398163397448,0.872683443305286,0,-0.000289491296754695,0.829040803351367,0.0436426399539191,19113.8221480469,-1124.09429037621,1611.1203815102,1,0,35.7115011330105,0.285883201977167,0.373906333591185
3.3625,31.8746518998666,13.1627866668735,9.31575708066488,0.385141684050763,0.00620965045171149,-0.085087051796856,0.532228175541051,0.390314940437175,-0.119025954018345,0.785398163397448,0.87267994588809,0,-0.000270509424202355,0.829039054642769,0.043640891245321,19242.7303100545,-1164.15110637968,1681.68621867259,1,0,35.7216421313641,0.284342899287426,0.377375728495141
3.375,31.8541822309837,13.2814699038439,9.25643340390465,0.384344530954018,0.00735416324488598,-0.0846234835702369,0.536679437951205,0.390928124294114,-0.119966466310753,0.785398163397448,0.872676680625136,0,-0.000252337582701059,0.829037422011292,0.0436392586138439,19370.8773637914,-1203.78440946057,1751.9559471457,1,0,35.7318895074463,0.282799441151796,0.380837337574208
3.3875,31.8334232937846,13.3998304802015,9.19704711070844,0.383521801857472,0.00852379965565129,-0.084142133086329,0.541126226466851,0.391554553510454,-0.120890745650636,0.785398163397448,0.872673637505859,0,-0.000234957122941742,0.829035900451654,0.0436377370542053,19498.2574964257,-1242.9922754787,1821.91863052924,1,0,35.7422435089908,0.281253217242261,0.384290817892033
3.4,31.8123781226552,13.5178577083159,9.13761406603998,0.382673805220919,0.0097185310066091,-0.0836431073475119,0.545568417809131,0.392194254843614,-0.121798302715426,0.785398163397448,0.872670806755998,0,-0.000218348929165396,0.829034485076723,0.0436363216792747,19624.8651033727,-1281.77266004664,1891.563621564,1,0,35.7527043684944,0.279704619828193,0.387735831495629
3.4125,31.7910499012831,13.6355411238982,9.07815015702619,0.381800849665377,0.0109383182814095,-0.0831265158006672,0.550005894097878,0.392847250182377,-0.12268864795518,0.785398163397448,0.872668178842899,0,-0.000202493500939941,0.829033171120174,0.0436350077227254,19750.6947873629,-1320.12340571192,1960.88055951621,1,0,35.7632723033129,0.278154043600675,0.391172045446084
3.425,31.7694419610596,13.7528704863101,9.01867128406333,0.380903244020727,0.0121831121286622,-0.0825924702369797,0.55443854284686,0.393513556488186,-0.12356129171852,0.785398163397448,0.872665744479831,0,-0.000187371029572565,0.829031953938639,0.0436337905411912,19875.7413575919,-1358.04224929567,2029.85936751692,1,0,35.7739475157599,0.27660188549444,0.394599131846197
3.4375,31.7475577793724,13.869835778722,8.95919335194511,0.379981297368976,0.0134528528731278,-0.0820410846929817,0.558866256958755,0.394193185738246,-0.124415744378934,0.785398163397448,0.872663494629372,0,-0.000172961469386264,0.82903082901341,0.0436326656159621,19999.9998289514,-1395.52682937608,2098.49024986154,1,0,35.7847301932101,0.275048544507502,0.398016767865021
3.45,31.725400977789,13.9864272081206,8.89973226102028,0.379035319083089,0.0147474705341488,-0.081472475352874,0.563288934719761,0.394886144870494,-0.125251516461398,0.785398163397448,0.87266142050595,0,-0.000159244604084536,0.829029791951699,0.0436316285542506,20123.4654213386,-1432.5746939037,2166.76368927582,1,0,35.7956205082046,0.273494421518568,0.401424635759322
3.4625,31.7029753201344,14.1026352051688,8.8403038983871,0.378065618861339,0.0160668848512766,-0.0808867604521531,0.567706479793727,0.39559243573044,-0.12606811876927,0.785398163397448,0.872659513577565,0,-0.000146200108422416,0.829028838487506,0.0436306750900581,20246.1335590414,-1469.18330793368,2234.67044415516,1,0,35.8066186185593,0.271939919102346,0.404822422891965
3.475,31.6802847104649,14.2184504239185,8.78092412913228,0.377072506757127,0.0174110053170369,-0.0802840601825713,0.572118801215702,0.396312055019938,-0.126865062511412,0.785398163397448,0.872657765566788,0,-0.000133807605396808,0.829027964482118,0.0436298010846699,20367.9998701979,-1505.35006146514,2302.20154578179,1,0,35.817724667476,0.270385441342841,0.408209821747213
3.4875,31.6573331909406,14.3338637413788,8.7216087876217,0.376056293204235,0.0187797312167718,-0.0796644965984562,0.576525813384805,0.397044994247901,-0.127641859429496,0.785398163397448,0.872656168451061,0,-0.000122046719163246,0.829027165924255,0.0436290025268065,20489.0601863268,-1541.07227737216,2369.34829552653,1,0,35.8289387836559,0.268831393644744,0.411586529942976
3.5,31.6341249395993,14.4488662569418,8.66237366885036,0.375017289037488,0.0201729516754856,-0.0790281935244112,0.580927436056291,0.397791239682983,-0.128398021925444,0.785398163397448,0.872654714462364,0,-0.000110897123880665,0.829026438929906,0.0436282755324578,20609.3105419273,-1576.34721941428,2436.10226204048,1,0,35.8402610814146,0.267278182543046,0.414952250239997
3.5125,31.6106642680345,14.5634492916673,8.60323451985886,0.373955805508799,0.0215905457116143,-0.0783752764644175,0.585323594332723,0.398550772308277,-0.129133063188958,0.785398163397448,0.872653396086296,0,-0.000100338588680002,0.829025779741872,0.0436276163444237,20728.747174145,-1611.1721003132,2502.45527844221,1,0,35.8516916607996,0.26572621551098,0.418306690548009
3.525,31.5869556189804,14.6776043874299,8.54420703122368,0.372872154298578,0.0230323822976324,-0.0777058725123552,0.589714218654134,0.399323567778019,-0.129846497325097,0.785398163397448,0.87265220606062,0,-9.03510189466789e-05,0.829025184729034,0.043627021331586,20847.3665225006,-1645.54408988271,2568.39943950558,1,0,35.8632306077095,0.26417590076642,0.421649563928869
3.5375,31.5630035638068,14.7913233059304,8.48530682862848,0.371766647522519,0.0244983204273991,-0.0770201102639596,0.594099244787083,0.400109596376352,-0.130537839481848,0.785398163397448,0.872651137373314,0,-8.09144941013317e-05,0.829024650385381,0.0436264869879326,20965.1652286808,-1679.46032319815,2633.92709885333,1,0,35.8748779940143,0.262627647076867,0.424980588596691
3.55,31.5388127999275,14.9045980275735,8.42654946452351,0.370639597733738,0.0259882091901416,-0.0763181197302247,0.598478613812481,0.400908822978139,-0.13120660597766,0.785398163397448,0.872650183260164,0,-7.20093020572936e-05,0.829024173328806,0.043626009931358,21082.1401363847,-1712.91790879155,2699.03086616149,1,0,35.8866338776777,0.261081863563162,0.428299487915013
3.5625,31.5143881481251,15.0174207502154,8.36795040988016,0.3694913179203,0.0275018878509646,-0.0756000322522652,0.602852272112104,0.401721207011871,-0.131852314428876,0.785398163397448,0.872649337201961,0,-6.36159705276093e-05,0.829023750299705,0.0436255869022563,21198.2882912269,-1745.91393686012,2763.70360437914,1,0,35.8984983028803,0.259538959502053,0.431605990391001
3.575,31.4897345497948,15.1297838877837,8.30952504604761,0.368322121498134,0.0290391859377682,-0.0748659804176448,0.607220171353669,0.402546702424658,-0.132474483877045,0.785398163397448,0.872648592921308,0,-5.57152953487698e-05,0.829023378159378,0.0436252147619301,21313.6069406905,-1778.44548747268,2827.93842696776,1,0,35.9104713001441,0.25799934412776,0.434899829666745
3.5875,31.464857064113,15.2416800687727,8.25128865671831,0.367132322299366,0.0305999233344484,-0.0741160979781785,0.611582268474378,0.403385257649339,-0.133072634916044,0.785398163397448,0.872647944379109,0,-4.82883659823935e-05,0.829023053888279,0.0436248904908304,21428.0935341283,-1810.50963876166,2891.72869516437,1,0,35.922552886458,0.256463426432702,0.438180744507659
3.6,31.4397608651315,15.3531021346165,8.19325642000913,0.365922234556119,0.0321839103802495,-0.0733505197692099,0.615938525662833,0.404236815573703,-0.133646289818986,0.785398163397448,0.87264738577074,0,-4.13165883507783e-05,0.829022774584094,0.0436246111866458,21541.7457228092,-1842.10347508498,2955.06801527294,1,0,35.9347430654045,0.254931614967508,0.441448478788028
3.6125,31.4144512388012,15.4640431379444,8.13544340066649,0.364692172876274,0.033790947975103,-0.0725693816311892,0.620288910339204,0.405101313511844,-0.134194972664871,0.785398163397448,0.872646911521963,0,-3.47817051564123e-05,0.829022537459706,0.0436243740622572,21654.5613601366,-1873.22410154162,3017.95023249679,1,0,35.9470418272863,0.253404317640564,0.444702781473753
3.625,31.3889335798666,15.5744963407301,8.07786454248958,0.363442452049649,0.0354208276895374,-0.071772820371178,0.624633395133487,0.405978683177654,-0.134718209464944,0.785398163397448,0.872646516284595,0,-2.86658138301563e-05,0.829022339841022,0.0436241764435733,21766.5385111825,-1903.86911717532,3080.36917451503,1,0,35.9594491492223,0.251881941520326,0.447943406603037
3.6375,31.3632133888163,15.6844552123068,8.02053466076773,0.3621733872021,0.037073331882978,-0.0709609736434566,0.628971957857294,0.406868850661,-0.135215528289593,0.785398163397448,0.87264619493197,0,-2.29513822472967e-05,0.829022179164709,0.0436240157672607,21877.6754234814,-1934.03517309434,3142.31944121352,1,0,35.9719649953107,0.250364892632918,0.451170113262775
3.65,31.3372962688041,15.7939134272785,7.9634684347287,0.360885293925792,0.0387482338275919,-0.0701339798367934,0.633304581483089,0.407771736404912,-0.135686459393033,0.785398163397448,0.872645942554214,0,-1.76212623454275e-05,0.829022052975831,0.0436238895783829,21987.9705569839,-1963.71945930435,3203.79559251704,1,0,35.9845893167908,0.248853575755531,0.45438266556241
3.6625,31.3111879223679,15.9028648633445,7.90668040038792,0.3595784880653,0.0404452978348589,-0.0692919780420828,0.637631254116377,0.408687255185491,-0.13613053533852,0.785398163397448,0.87264575445337,0,-1.26587017728475e-05,0.829021958925409,0.0436237955279607,22097.4225743358,-1992.91921191256,3264.79242040417,1,0,35.9973220521404,0.247348394218685,0.457580832606574
3.675,31.2848941481648,16.0113035990119,7.85018494345588,0.358253285675311,0.0421642793887368,-0.0684351079804509,0.641951968965719,0.40961531609396,-0.136547291123119,0.785398163397448,0.872645626138378,0,-8.0473536908148e-06,0.829021894767913,0.0436237313704649,22206.0303411126,-2021.6317208171,3325.30494642755,1,0,36.0101631272071,0.245849749705408,0.460764388464381
3.6875,31.2584208376613,16.1192239112098,7.79399629240398,0.356910002974253,0.0439049252838973,-0.0675635099328112,0.646266724310409,0.410555822520844,-0.136936264301983,0.785398163397448,0.872645553319957,0,-3.77128484821716e-06,0.829021858358703,0.0436236949612545,22313.7929260717,-2049.85433726757,3385.32841927917,1,0,36.0231124553399,0.244358042050873,0.463933112136175
3.7,31.2317739717825,16.2266202728103,7.73812851169407,0.355548956293956,0.0456669737688582,-0.0666773246708569,0.650575523465765,0.411508672142291,-0.137296995112122,0.785398163397448,0.872645531905386,0,1.85017958020382e-07,0.829021847651417,0.0436236842539687,22420.7096014168,-2077.5844812832,3444.85831240197,1,0,36.0361699375222,0.24287366904266,0.467086787517786
3.7125,31.2049596175226,16.3334873500575,7.68259549517713,0.354170462025443,0.0474501546938358,-0.0657766933894806,0.654878374745916,0.412473756908507,-0.13762902659562,0.785398163397448,0.872645557993216,0,3.83664292799311e-06,0.829021860695332,0.0436236972978838,22526.7798430723,-2104.81964891378,3503.89032164941,1,0,36.049335462505,0.241397026221815,0.470225203362371
3.725,31.1779839245234,16.4398199999118,7.62741095966593,0.352774836560974,0.0492541896631357,-0.0648617576406045,0.659175291424012,0.413450963034317,-0.137931904722284,0.785398163397448,0.872645627867936,0,7.19824970564822e-06,0.829021895632692,0.0436237322352439,22632.0033309605,-2131.55741932982,3562.42036299251,1,0,36.0626089069409,0.23992850668489,0.473348153239869
3.7375,31.1508531216237,16.5456132673101,7.57258843868658,0.351362396232474,0.0510787921918995,-0.0639326592684087,0.663466291689779,0.414440170991822,-0.138205178511686,0.785398163397448,0.872645737994594,0,1.02840671280528e-05,0.829021950696021,0.0436237872985729,22736.3799492798,-2157.79546172882,3620.44457027422,1,0,36.0759901355194,0.238468500887141,0.476455435494157
3.75,31.1235735133839,16.6508623823477,7.51814127641355,0.349933457246462,0.0529236678670219,-0.06298954034594,0.667751398604328,0.41544125550516,-0.138448400154581,0.785398163397448,0.872645885013403,0,1.3107892182298e-05,0.829022024205426,0.0436238608079773,22839.9097867767,-2183.5315420441,3677.95929301195,1,0,36.0894790011023,0.237017396447057,0.479546853197958
3.7625,31.0961514765904,16.7555627573854,7.46408262179242,0.348488335615644,0.0547885145120484,-0.0620325431130851,0.672030640052155,0.416454085547339,-0.13866112513368,0.785398163397448,0.872646065734339,0,1.5683090079766e-05,0.829022114565893,0.0436239511684452,22942.5931370097,-2208.76352944319,3734.96109424593,1,0,36.1030753448606,0.235575577952411,0.48262221410557
3.775,31.0685934567451,16.8597099840854,7.41042542285469,0.347027347087286,0.0566730223558648,-0.0610618099158902,0.676304048690249,0.417478524339141,-0.138842912343744,0.785398163397448,0.872646277131748,0,1.80225953616503e-05,0.829022220264598,0.0436240568671499,23044.4304985981,-2233.48940260382,3791.44674843379,1,0,36.1167789964119,0.234143426767997,0.485681330603474
3.7875,31.0409059645416,16.9632998303804,7.35718242122827,0.345550807068563,0.0585768742049872,-0.0600774831472075,0.680571661894238,0.418514429350079,-0.138993324210997,0.785398163397448,0.872646516338974,0,2.01389139536648e-05,0.829022339868211,0.043624176470763,23145.422575452,-2257.70725575428,3847.4132393888,1,0,36.1305897739592,0.232721320845249,0.488724019658906
3.8,31.0130955723358,17.0663282373797,7.30436614684757,0.344059030549001,0.0604997456192591,-0.059079705188651,0.684833521701514,0.419561652301378,-0.139111926811827,0.785398163397448,0.872646780643014,0,2.20441260921602e-05,0.829022472020231,0.0436243086227831,23245.5702769793,-2281.41530446814,3902.85775826093,1,0,36.1445074844302,0.231309634533904,0.49175010276645
3.8125,30.9851689106131,17.1687913162164,7.25198891286638,0.342552332020222,0.0624413050907628,-0.0580686183538398,0.689089674751268,0.420620039170983,-0.139198289990764,0.785398163397448,0.87264706747922,0,2.37498900475251e-05,0.829022615438334,0.043624452040886,23344.8747182644,-2304.61189120086,3957.7777015579,1,0,36.1585319236187,0.229908738395899,0.49475940589273
3.825,30.9571326644563,17.2706853448391,7.20006281077676,0.341031025393126,0.0644012142257516,-0.0570443648329104,0.693340172221371,0.42168943020055,-0.139251987477733,0.785398163397448,0.872647374426048,0,2.52674465746608e-05,0.829022768911748,0.0436246055143,23443.3372202133,-2327.29549055881,4012.17066920427,1,0,36.1726628763258,0.228518999021667,0.497751759419268
3.8375,30.9289935700198,17.3720067647535,7.14859970573688,0.339495423912732,0.0663791279294085,-0.0560070866382766,0.697585069762053,0.422769659904429,-0.139272597004548,0.785398163397448,0.872647699199871,0,2.6607624023889e-05,0.82902293129866,0.0436247679012114,23540.9593096625,-2349.46471429037,4066.03446263572,1,0,36.1869001165039,0.227140778849016,0.500726998083591
3.85,30.9007584110138,17.472752177716,7.09761123211026,0.337945840070822,0.0683746945932389,-0.0549569255516158,0.701824427426326,0.423860557080586,-0.139259700420659,0.785398163397448,0.872648039649856,0,2.77808440492154e-05,0.829023101523652,0.0436249381262038,23637.742719445,-2371.11831599063,4119.36708292564,1,0,36.201243407401,0.22577443598475,0.503684960918659
3.8625,30.8724340152016,17.5729183423846,7.04710878921895,0.336382585516606,0.0703875562849039,-0.0538940230720627,0.706058309597094,0.42496194482347,-0.139212883808139,0.785398163397448,0.872648393752919,0,2.87971278544668e-05,0.829023278575183,0.0436251151777352,23733.68938841,-2392.25519550996,4172.16672894062,1,0,36.2156925017068,0.224420324029211,0.506625491190683
3.875,30.844027250916,17.6725021709309,6.99710353731262,0.334805970965596,0.0724173489403025,-0.0528185203655872,0.71028678491092,0.42607364053879,-0.139131737595898,0.785398163397448,0.872648759608758,0,2.96661029206702e-05,0.829023461503103,0.043625298105655,23828.8014613917,-2412.87440306111,4224.43179552165,1,0,36.2302471417002,0.223078791903907,0.509548436335424
3.8875,30.8155450235971,17.7715007256162,6.94760639375542,0.333216306106875,0.0744637025577133,-0.0517305582155382,0.714509926178393,0.427195455960176,-0.139015856673134,0.785398163397448,0.872649135434979,0,3.03970101617767e-05,0.829023649416214,0.0436254860187653,23923.0812891233,-2432.97514301538,4276.16087168715,1,0,36.2449070593989,0.221750183682379,0.512453647893041
3.9,30.7869942723564,17.8699112153368,6.89862802943209,0.331613899508978,0.0765262413938052,-0.0506302769743314,0.718727810301074,0.428327197167714,-0.13886484050201,0.785398163397448,0.872649519562304,0,3.09987114583559e-05,0.829023841479876,0.0436256780824276,24016.5314280908,-2452.55677738451,4327.35273885394,1,0,36.2596719767098,0.220434838424481,0.515340981441573
3.9125,30.7583819665716,17.967730992141,6.85017886537473,0.329999058524582,0.0786045841613314,-0.0495178165162611,0.722940518184974,0.42946866460832,-0.138678293229566,0.785398163397448,0.872649910429885,0,3.14796975223939e-05,0.829024036913666,0.0436258735162182,24109.1546403242,-2471.61882898101,4378.00636907228,1,0,36.2745416055818,0.219133090014212,0.518210296529126
3.925,30.7297151025138,18.0649575477228,6.80226906961096,0.328372089194205,0.0806983442283213,-0.0483933161914179,0.727148134650554,0.430619653117936,-0.138455823798858,0.785398163397448,0.872650306580714,0,3.18480960485605e-05,0.829024234989081,0.0436260715916328,24200.9538931207,-2490.16098425448,4428.12092327074,1,0,36.2895156481604,0.217845267001266,0.521061456604857
3.9375,30.7010007755462,18.1615885450961,6.75490849115468,0.326733171787099,0.0828071273984335,-0.0472569574714301,0.731350748339198,0.431779951945525,-0.138197046059346,0.785398163397448,0.872650706657137,0,3.21116801105292e-05,0.829024435027293,0.0436262716298444,24291.9661339444,-2508.52582236855,4477.40985503022,1,0,36.3045938666903,0.216571689970337,0.523894328958681
3.95,30.6722460063566,18.2576217560629,6.70810683838262,0.32508261655674,0.084930536988861,-0.0461088765443228,0.735548448146751,0.432949345445394,-0.137901579789519,0.785398163397448,0.872651109396473,0,3.22778767632156e-05,0.829024636396961,0.0436264729995126,24382.1271226406,-2526.01816781012,4526.45066359397,1,0,36.3197759439272,0.215312678181945,0.526708784981739
3.9625,30.643457777015,18.3530550348188,6.66187356500231,0.323420849181975,0.0870681739122677,-0.0449491683126321,0.739741330181004,0.434127611758737,-0.137569048955617,0.785398163397448,0.872651513626745,0,3.23537758145918e-05,0.829024838512097,0.0436266751146486,24471.474130731,-2542.99091436356,4574.95081087741,1,0,36.335061483901,0.214068545696366,0.529504699385708
3.975,30.614643158746,18.4478863961816,6.61621779879308,0.321748169316393,0.089219632141381,-0.0437779696424932,0.743929494041774,0.435314523527254,-0.137199082761577,0.785398163397448,0.872651918262518,0,3.23461387327721e-05,0.829025040829983,0.043626877432535,24560.0109476929,-2559.4444201413,4622.91020002933,1,0,36.350450151062,0.212839598187999,0.532281950513527
3.9875,30.5858092334381,18.5421139768471,6.57114840210561,0.320064874815761,0.0913845013171908,-0.0425954166601316,0.748113042737996,0.436509847919357,-0.136791315752731,0.785398163397448,0.872652322300851,0,3.22614076568155e-05,0.82902524284915,0.0436270794517015,24647.7415655969,-2575.37921603957,4670.32891437077,1,0,36.3659416008599,0.211626135264969,0.535040420248602
4,30.5569630905493,18.6357360318156,6.52667397004593,0.318371261640174,0.0935623669534035,-0.0414016447120312,0.752292082576495,0.437713346662813,-0.136345387922485,0.785398163397448,0.872652724817364,0,3.21057144813769e-05,0.829025444107406,0.0436272807099576,24734.670178378,-2590.79600678855,4717.20721544196,1,0,36.3815354799103,0.210428450335855,0.537779993940218
4.0125,30.5281118240713,18.728750930818,6.4828028288804,0.316667623756592,0.0957528106411809,-0.0401967883261114,0.756466723047202,0.438924776079058,-0.135860944818308,0.785398163397448,0.872653124962412,0,3.18848899879419e-05,0.82902564417993,0.0436274807824819,24820.8011809973,-2605.69567147445,4763.5455411937,1,0,36.3972314261642,0.209246830481035,0.540500560328282
4.025,30.4992625295543,18.8211571547472,6.43954303466035,0.314954253042056,0.0979554102540034,-0.0389809811738744,0.760637076704805,0.440143887119148,-0.135337637647023,0.785398163397448,0.872653521957385,0,3.16044729968925e-05,0.829025842677417,0.0436276792799686,24906.1391685132,-2620.07926373908,4809.34450415247,1,0,36.4130290690793,0.208081556328767,0.543202011467505
4.0375,30.4704223011956,18.9129532920952,6.39690237206509,0.313231439187758,0.100169740152504,-0.0377543560335109,0.76480325904687,0.441370425401339,-0.13477512337945,0.785398163397448,0.872653915091111,0,3.12697195171199e-05,0.82902603924428,0.0436278758468314,24990.6889350596,-2633.94801165926,4854.60488955553,1,0,36.4289280297939,0.2069329019361,0.545884242651081
4.05,30.4415982289937,19.0041380354014,6.35488835346169,0.31149946960417,0.102395371389122,-0.0365170447539507,0.768965388388435,0.442604131250265,-0.134173064854386,0.785398163397448,0.872654303716378,0,3.08856118711101e-05,0.829026233556913,0.0436280701594648,25074.4554727284,-2647.30331731279,4899.32765345119,1,0,36.4449279213038,0.205801134674701,0.548547152333955
4.0625,30.4127973959725,19.0947101777132,6.31350821817952,0.30975862932742,0.104631871912428,-0.0352691782198491,0.773123585733098,0.443844739737712,-0.133531130881959,0.785398163397448,0.872654687246571,0,3.04568677756532e-05,0.82902642532201,0.0436282619245615,25157.4439703571,-2660.14675603641,4943.51392076093,1,0,36.4610283486403,0.204686515121708,0.551190642055739
4.075,30.3840268754759,19.1846686090626,6.27276893199752,0.308009200927087,0.106878806770979,-0.0340108863174974,0.777277974640634,0.445091980724958,-0.132848996346372,0.785398163397448,0.872655065152423,0,2.99879493597206e-05,0.829026614274936,0.0436284508774872,25239.6598122186,-2672.4800753828,4987.16498329854,1,0,36.4772289090526,0.203589296955666,0.553814616363365
4.0875,30.355293728536,19.274012312962,6.23267718684184,0.30625146441561,0.109135738316565,-0.0327422979016506,0.781428681091166,0.446345578906662,-0.132126342308051,0.785398163397448,0.872655436958871,0,2.94830721026624e-05,0.82902680017816,0.0436286367807114,25321.1085766134,-2684.30519378435,5030.28229774345,1,0,36.4935291921908,0.202509726857627,0.556418982733543
4.1,30.3266050013173,19.3627403629201,6.1932394006912,0.30448569715947,0.111402226406715,-0.0314635407632619,0.785575833345925,0.447605253856302,-0.131362856105223,0.785398163397448,0.872655802242034,0,2.89462136774485e-05,0.829026982819741,0.0436288194222929,25401.7960343639,-2695.62419893296,5072.86748356353,1,0,36.5099287802929,0.201448044417488,0.559003651495094
4.1125,30.2979677226385,19.4508519189831,6.15446171768727,0.302712173792312,0.113677828606329,-0.0301747415981197,0.789719561804638,0.448870720073135,-0.13055823145494,0.785398163397448,0.872656160626292,0,2.83811226850158e-05,0.82902716201187,0.0436289986144219,25481.7281472093,-2706.43934588344,5114.9223208853,1,0,36.5264272483736,0.200404482045621,0.561568535751233
4.125,30.2693889015727,19.5383462243005,6.11635000844704,0.300931166130163,0.115962100388314,-0.0288760259763789,0.793859998859603,0.450141687030667,-0.129712168553567,0.785398163397448,0.872656511781478,0,2.77913272669908e-05,0.829027337589463,0.0436291741920148,25560.9110661034,-2716.75305489251,5156.44874830705,1,0,36.5430241644164,0.199379264889835,0.56411355130187
4.1375,30.2408755251304,19.6252226017208,6.07890987057398,0.299142943088902,0.118254595333106,-0.0275675183129831,0.797997278746468,0.451417859226633,-0.128824374176762,0.785398163397448,0.872656855420175,0,2.71801435856698e-05,0.829027509408812,0.0436293460113633,25639.3511294141,-2726.56790900251,5197.44886065305,1,0,36.5597190895675,0.198372610757739,0.566638616565995
4.15,30.212434556023,19.7114804504176,6.04214662936459,0.29734777060412,0.120554865326957,-0.0262493418389733,0.802131537391806,0.452698936234464,-0.127894561778962,0.785398163397448,0.872657191295119,0,2.65506841608845e-05,0.829027677346284,0.0436295139488354,25717.054861025,-2735.88665138074,5237.92490666553,1,0,36.5765115783328,0.197384730044523,0.569143652504217
4.1625,30.1840729305122,19.7971192425481,6.00606533870685,0.295545911553502,0.122862460758883,-0.0249216185736782,0.806262912257516,0.45398461275624,-0.12692245159239,0.785398163397448,0.872657519196707,0,2.59058660549002e-05,0.829027841297077,0.0436296778996291,25794.0289683427,-2744.71218242763,5277.87928663228,1,0,36.5934011787777,0.1964158256662,0.571628582541521
4.175,30.1557975563428,19.8821385199476,5.97067078216675,0.293737625681865,0.125176930716158,-0.0235844692977878,0.810391542182119,0.455274578677125,-0.125907770725611,0.785398163397448,0.8726578389506,0,2.52484188972939e-05,0.829028001174024,0.0436298377765758,25870.2803402071,-2753.04755666326,5317.31454994776,1,0,36.6103874327291,0.195466092998322,0.574093332490301
4.1875,30.1276153107621,19.9665378908599,5.93596747425904,0.291923169528953,0.127497823178254,-0.0222380135273037,0.814517567219027,0.456568519121263,-0.124850253261648,0.785398163397448,0.872658150415435,0,2.45808927428416e-05,0.829028156906441,0.0436299935089932,25945.8160447105,-2760.89597940724,5356.23339260546,1,0,36.6274698759806,0.194535719820195,0.576537830473738
4.2,30.0995330386267,20.0503170267069,5.90195966189814,0.290102796360122,0.129824685209142,-0.0208823694883703,0.818641128471839,0.457866114509154,-0.123749640355678,0.785398163397448,0.872658453480625,0,2.39056657564333e-05,0.829028308439037,0.0436301450415882,26020.6433269236,-2768.26080326272,5394.63865462085,1,0,36.6446480384996,0.193624886264604,0.578962006849579
4.2125,30.0715575505966,20.1334756588988,5.86865132602502,0.288276756099984,0.132157063147835,-0.019517654092983,0.822762367926748,0.459167040616484,-0.122605680332319,0.785398163397448,0.872658748064259,0,2.32249517198224e-05,0.829028455730854,0.0436302923334056,26094.7696065329,-2775.14552441814,5432.53331738251,1,0,36.6619214446374,0.192733764773039,0.58136579413437
4.225,30.0436956214165,20.2160135756855,5.83604618340573,0.286445295269128,0.134494502797108,-0.0181439829155775,0.826881428282144,0.460470968634424,-0.121418128782524,0.785398163397448,0.872659034111096,0,2.25408073559046e-05,0.829028598754272,0.043630435356824,26168.2024753909,-2781.55377878047,5469.92050093136,1,0,36.6792896133426,0.191862520056425,0.583749126928208
4.2375,30.0159539882876,20.2979306190522,5.80414768859711,0.284608656923984,0.136836549610299,-0.0167614701704983,0.830998452775485,0.461777565231384,-0.120186748660104,0.785398163397448,0.872659311590642,0,2.18551394669351e-05,0.829028737494045,0.0436305740965969,26240.9496949815,-2787.48933795262,5506.80346116669,1,0,36.6967520583757,0.191011309061351,0.586111941840058
4.25,29.9883393493263,20.3792266816598,5.7729590360751,0.282767080599894,0.139182748876106,-0.0153702286903516,0.835113585007528,0.463086492616241,-0.118911310377869,0.785398163397448,0.872659580495324,0,2.11697118838851e-05,0.829028871946386,0.0436307085489378,26313.0191938034,-2792.95610506785,5543.18558697913,1,0,36.7143082885274,0.190180280941767,0.588454177413687
4.2625,29.9608583621128,20.4599017038309,5.742483162521,0.280920802257479,0.141532645901315,-0.0139703699052423,0.839226968764018,0.46439740860302,-0.117591591903417,0.785398163397448,0.872659840838744,0,2.04861522247953e-05,0.829029002118096,0.0436308387206478,26384.419064675,-2797.95811049634,5579.07039731008,1,0,36.7319578078387,0.189369577036134,0.590775774054273
4.275,29.9335176423282,20.5399556705839,5.71272274926095,0.279070054232324,0.143885786191372,-0.0125620038228996,0.843338747834926,0.465709966677053,-0.116227378854568,0.785398163397448,0.872660092654019,0,1.98059584604741e-05,0.829029128025733,0.0436309646282851,26455.1575619628,-2802.49950743532,5614.46153813776,1,0,36.7497001158247,0.188579330849996,0.593076673955721
4.2875,29.9063237624801,20.6193886087146,5.68368022485365,0.277215065188045,0.146241715628739,-0.0111452390096945,0.847449065831335,0.467023816062606,-0.114818464594441,0.785398163397448,0.872660335992199,0,1.91305052867009e-05,0.829029249694824,0.0436310862973754,26525.2430987376,-2806.58456739774,5649.36277939071,1,0,36.7675347076992,0.187809668043935,0.595356821028749
4.3,29.8792832507165,20.6982005839283,5.65535776782154,0.275356060072773,0.148599980648967,-0.00972018257255158,0.851558066000079,0.468338601791992,-0.113364650326189,0.785398163397448,0.872660570920769,0,1.84610503024908e-05,0.829029367159108,0.0436312037616602,26594.684243861,-2810.21767561099,5683.7780117892,1,0,36.7854610746031,0.187060706426865,0.597616160829778
4.3125,29.8524025897275,20.7763916980213,5.62775730952034,0.273493260079065,0.150960128414416,-0.00828694014176071,0.855665891036253,0.469653964776161,-0.11186574518738,0.785398163397448,0.872660797522218,0,1.77987399944307e-05,0.829029480459833,0.0436313170623848,26663.489719007,-2813.40332634059,5717.71124361546,1,0,36.803478703835,0.186332555954624,0.59985464049066
4.325,29.8256882157336,20.8539620861135,5.60088053714199,0.271626882607276,0.153321706985573,-0.00684561585469145,0.859772682893685,0.470969541876793,-0.110321566344027,0.785398163397448,0.872661015892691,0,1.71446155276824e-05,0.82902958964507,0.0436314262476216,26731.6683956202,-2816.14611814926,5751.16659741473,1,0,36.8215870790837,0.185625318733801,0.602072208649302
4.3375,29.7991465175608,20.9309119139337,5.57472889684575,0.269757141232398,0.155684265489903,-0.00539631234041497,0.863878582593516,0.472284965979891,-0.108731939084245,0.785398163397448,0.872661226140708,0,1.64996183446272e-05,0.829029694769078,0.04363153137163,26799.2292918173,-2818.45074910577,5784.14830662726,1,0,36.8397856806637,0.184939089030743,0.604268815381208
4.35,29.7727838358009,21.0072413751558,5.54930359701249,0.26788424567436,0.158047354288188,-0.00393913070523793,0.867983730030975,0.473599866070887,-0.10709669691155,0.785398163397448,0.872661428385949,0,1.58645955724694e-05,0.829029795891699,0.0436316324942503,26866.1815692325,-2820.3220119544,5816.66071215514,1,0,36.8580739857524,0.184273953285685,0.606444412131977
4.3625,29.7466064620557,21.0829506887895,5.52460561161686,0.266008401771787,0.160410525138293,-0.00247417051915235,0.872088263780505,0.47491386731127,-0.105415681637755,0.785398163397448,0.87266162275811,0,1.52403052414706e-05,0.829029893077779,0.0436317296803308,26932.5345298134,-2821.76478925735,5848.70825886366,1,0,36.8764514686303,0.183629990131916,0.608598951650795
4.375,29.7206206382649,21.1580400966227,5.50063568371224,0.264129811459205,0.162773331356324,-0.00100152980320605,0.876192320899346,0.476226591116757,-0.103688743475469,0.785398163397448,0.872661809395822,0,1.46274213159142e-05,0.829029986396635,0.0436318229991867,26998.2976125695,-2822.78404852128,5880.2954920212,1,0,36.8949176009228,0.183007270419925,0.610732387924946
4.3875,29.6948325561159,21.2325098607191,5.47739432902325,0.262248672747671,0.165135327975124,0.000478694982202091,0.880296036729716,0.477537655237002,-0.101915741130164,0.785398163397448,0.872661988445629,0,1.40265385400901e-05,0.829030075921539,0.0436319125240904,27063.4803902781,-2823.38483731859,5911.42705367928,1,0,36.9134718518444,0.182405857246437,0.612844676115377
4.4,29.6692483565333,21.3063602609686,5.45488183964052,0.260365179708787,0.167496071900065,0.00196640894809816,0.884399544699725,0.47884667383687,-0.100096541891787,0.785398163397448,0.872662160061031,0,1.3438177101892e-05,0.82903016172924,0.0436319983317913,27128.0925661512,-2823.57227841386,5942.10767899574,1,0,36.9321136884457,0.181825805988257,0.614935772493332
4.4125,29.643874129248,21.3795915926923,5.43309828781266,0.258479522462084,0.169855122062104,0.00346151878677649,0.888502976123166,0.480153257579282,-0.0982310217258927,0.785398163397448,0.872662324401576,0,1.28627871167843e-05,0.829030243899512,0.043632080502064,27192.1439704678,-2823.35156490599,5972.34219250352,1,0,36.9508425758609,0.181267164340843,0.617005634378101
4.425,29.618715912444,21.4522041643015,5.41204352983009,0.256591887165721,0.172212039568052,0.00496393278070654,0.892606459998315,0.481457013709648,-0.0963190653642469,0.785398163397448,0.872662481632016,0,1.23007529352978e-05,0.829030322514732,0.043632159117284,27255.6445571743,-2822.72795539485,6002.13550432845,1,0,36.9696579775593,0.180729972361507,0.619054220075879
4.4375,29.5937796924796,21.5241982950116,5.39171720999569,0.254702456010443,0.174566387848029,0.00647356081050021,0.896710122805901,0.482757546141898,-0.0943605663948793,0.785398163397448,0.872662631921508,0,1.17523972772256e-05,0.829030397659478,0.0436322342620298,27318.6044004587,-2821.7067691808,6031.49260635911,1,0,36.9885593555975,0.18021426251715,0.621081488819786
4.45,29.5690714036835,21.5955743126089,5.37211876467695,0.252811407216775,0.176917732800067,0.00799031436193651,0.900814088306394,0.484054455546125,-0.0923554273515302,0.785398163397448,0.87266277544287,0,1.12179851958684e-05,0.829030469420159,0.0436323060227107,27381.0336913008,-2820.29338150725,6060.41856837154,1,0,37.0075461708736,0.179720059736439,0.623087400711041
4.4625,29.5445969282225,21.6663325512732,5.35324742643457,0.25091891503536,0.179265642931833,0.00951410653204101,0.904918477336752,0.485347339437855,-0.0903035598024462,0.785398163397448,0.872662912371885,0,1.06977278759721e-05,0.829030537884667,0.0436323744872184,27442.9427340025,-2818.49321885156,6088.91853411333,1,0,37.0266178833839,0.179247381466321,0.625071916661323
4.475,29.5203620960389,21.7364733494528,5.33510222822248,0.249025149750406,0.18160968949943,0.0110448520342181,0.909023407606814,0.486635792268956,-0.0882048844384717,0.785398163397448,0.872663042886651,0,1.01917862689704e-05,0.82903060314205,0.0436324397446014,27504.3419427029,-2816.31175427383,6116.99771734933,1,0,37.0457739524808,0.178796237732763,0.627034998336329
4.4875,29.4963726848559,21.8059970477944,5.3176820076541,0.24713027768616,0.18394944664326,0.0125824672024341,0.913128993495475,0.487919405520203,-0.0860593311603764,0.785398163397448,0.872663167166974,0,9.70027456930492e-06,0.829030665282211,0.0436325018847631,27565.2418378798,-2813.75450282872,6144.66139787348,1,0,37.065013837133,0.178366631205623,0.628976608100547
4.5,29.472634420249,21.8749039871254,5.30098541132982,0.245234461216341,0.186284491520909,0.0141268699944507,0.917235345846823,0.489197767795498,-0.0838668391653569,0.785398163397448,0.872663285393807,0,9.22326353571554e-06,0.829030724395628,0.0436325609981794,27625.6530428426,-2810.82701704656,6171.91491749045,1,0,37.0843369961866,0.177958557267525,0.63089670896325
4.5125,29.4491529757804,21.9431945064901,5.28501089922093,0.243337858776469,0.188614404437035,0.015677979994107,0.921342571766404,0.490470464917778,-0.0816273570326421,0.785398163397448,0.872663397748724,0,8.76078366143975e-06,0.829030780573086,0.0436326171756377,27685.58628022,-2807.53488249067,6198.76367597023,1,0,37.1037428886285,0.177572004086643,0.632795264525722
4.525,29.4259339731948,22.010868941238,5.26975674910481,0.241440624879,0.190938768970226,0.0172357184126519,0.925450774417797,0.491737080026602,-0.0793408428081297,0.785398163397448,0.872663504413438,0,8.31282819736832e-06,0.829030833905443,0.0436326705079949,27745.0523684438,-2803.88371339395,6225.21312698013,1,0,37.1232309738513,0.177206952693263,0.634672238929731
4.5375,29.4029829826748,22.077927621165,5.2552210610468,0.239542910131198,0.193257172096813,0.0188000080891253,0.929560052819659,0.492997193677442,-0.0770072640879737,0.785398163397448,0.872663605569356,0,7.87935603208789e-06,0.829030884483402,0.0436327210859539,27804.0622182343,-2799.87914838027,6251.26877399819,1,0,37.142800711919,0.176863377060016,0.636527596807253
4.55,29.3803055231512,22.1443708687048,5.24140176192375,0.237644861255652,0.195569204311598,0.0203707734897914,0.933670501643442,0.494250383942672,-0.0746265981010391,0.785398163397448,0.872663701397163,0,7.46029443305577e-06,0.829030932397306,0.0436327689998575,27862.6268290879,-2795.52684627492,6276.9361662109,1,0,37.1624515638346,0.176541244185655,0.63836130323145
4.5625,29.3579070626695,22.2101989971737,5.22829660998469,0.235746621113374,0.197874459745494,0.0219479407066243,0.937782211011951,0.495496226514283,-0.0721988317901338,0.785398163397448,0.872663792076446,0,7.0555416528525e-06,0.829030977736947,0.0436328143394991,27920.7572857717,-2790.83248200646,6302.2208944007,1,0,37.1821829918091,0.176240514182266,0.640173323668904
4.575,29.3357930188063,22.2754123090635,5.21590319944382,0.233848328729371,0.200172536280036,0.0235314374548496,0.941895266298938,0.496734294808308,-0.0697239618919221,0.785398163397448,0.872663877785347,0,6.66496940477371e-06,0.829031020591398,0.0436328571939494,27978.4647548264,-2785.80174260406,6327.12858682566,1,0,37.2019944595312,0.175961140365772,0.641963623933125
4.5875,29.3139687591355,22.3400110943864,5.20421896510143,0.231950119320621,0.202463035658752,0.0251211930695443,0.94600974792992,0.497964160070984,-0.06720199501542,0.785398163397448,0.872663958700245,0,6.28842521171514e-06,0.829031061048846,0.0436328976513983,28035.760481079,-2780.44032329178,6351.66490509636,1,0,37.2218854324388,0.175703069349627,0.643732170139318
4.6,29.2924396017413,22.4039956290674,5.19324118698802,0.230052124326357,0.20474556359537,0.0267171385012989,0.950125731184425,0.499185391486633,-0.0646329477189654,0.785398163397448,0.872664034995469,0,5.92573463256986e-06,0.829031099196458,0.0436329357990101,28092.655784171,-2774.75392369026,6375.83554004927,1,0,37.2418553779906,0.175466241141562,0.645478928660411
4.6125,29.2712108157748,22.4673661733868,5.18296699502739,0.228154471440591,0.207019729878845,0.0283192063109485,0.954243285999848,0.500397556287286,-0.0620168465855533,0.785398163397448,0.872664106843036,0,5.57670337017836e-06,0.829031135120242,0.043632971722794,28149.1620550989,-2768.74824407962,6399.6462076458,1,0,37.2619037659393,0.175250589243254,0.647203866084354
4.625,29.2502876220522,22.5301229704689,5.17339337371423,0.226257284646766,0.209285148475173,0.0299273306633751,0.958362476777133,0.50160021986403,-0.0593537282964192,0.785398163397448,0.872664174412419,0,5.24111926482794e-06,0.829031168904934,0.0436330055074855,28205.2907527747,-2762.42898184432,6423.10264483726,1,0,37.2820300686057,0.1750560407528,0.64890694917268
4.6375,29.2296751936919,22.5922662448189,5.16451716680203,0.224360684254456,0.21154143762599,0.0315414473203869,0.96248336218848,0.502792945880088,-0.0566436397027484,0.785398163397448,0.872664237870331,0,4.9187541773438e-06,0.82903120063389,0.0436330372364416,28261.0534006029,-2755.80182794034,6446.21060548475,1,0,37.302233761153,0.174882516469869,0.650588144820322
4.65,29.2093786567879,22.6537962009056,5.15633508199701,0.222464786938045,0.213788219943929,0.0331614936326842,0.966605994987277,0.503975296385625,-0.0538866378953858,0.785398163397448,0.87266429738054,0,4.60936576580335e-06,0.829031230388994,0.0436330669915459,28316.4615830793,-2748.87246350575,6468.97585627409,1,0,37.3225143218622,0.174729931003387,0.652247420016686
4.6625,29.1894030911164,22.7147130217888,5.1488436956541,0.220569705777284,0.21602512250471,0.0347874085309182,0.970730421820486,0.50514683193427,-0.0510827902724147,0.785398163397448,0.8726643531037,0,4.31269915971873e-06,0.829031258250574,0.0436330948531259,28371.5269424102,-2741.64655656674,6491.40417265378,1,0,37.3428712324076,0.174598192881648,0.653884741807975
4.675,29.1697535308738,22.7750168677926,5.14203945747087,0.218675550299637,0.218251776935967,0.0364191325158487,0.974856683043667,0.50630711170135,-0.0482321746044672,0.785398163397448,0.872664405197207,0,4.02848853553027e-06,0.829031284297328,0.0436331208998793,28426.2611751551,-2734.12975884575,6513.50133479727,1,0,37.3633039781327,0.1744872046647,0.655500077260754
4.6875,29.1504349654434,22.8347078752206,5.13591869517551,0.216782426524349,0.220467819502767,0.0380566076476124,0.978984812538887,0.50745569360382,-0.0453348790976268,0.785398163397448,0.872664453815069,0,3.75645859726158e-06,0.829031308606259,0.0436331452088105,28480.6760288934,-2726.32770267293,6535.27312359102,1,0,37.3838120483273,0.174396863058901,0.657093393426755
4.7,29.1314523401867,22.8937861551154,5.13047761920497,0.214890437008138,0.222672891189829,0.0396997775341084,0.983114837535709,0.508592134421873,-0.0423910024537763,0.785398163397448,0.8726644991078,0,3.49632596610216e-06,0.829031331252624,0.0436331678551758,28534.783298915,-2718.24599799782,6556.72531665361,1,0,37.404394936503,0.174327059033484,0.65866465730891
4.7125,29.1128105572596,22.9522517920588,5.12571232736961,0.212999680892442,0.224866637780414,0.0413485873185135,0.98724677843548,0.509715989922224,-0.0394006539282431,0.785398163397448,0.872664541222323,0,3.24780048248766e-06,0.829031352309886,0.0436331889124375,28588.5948249363,-2709.89022950207,6577.86368438787,1,0,37.4250521406704,0.174277677939034,0.660213835828596
4.725,29.0945144764475,23.0101048430132,5.12161880950054,0.211110253952133,0.22704870993188,0.0430029836659359,0.991380648639162,0.510826814983031,-0.0363639533845864,0.785398163397448,0.872664580301898,0,3.01058642439442e-06,0.829031371849673,0.0436332084522247,28642.1224878422,-2701.26595381107,6598.69398606993,1,0,37.4457831636154,0.174248599627722,0.661740895794108
4.7375,29.07656891602,23.0673453362035,5.11819295207623,0.209222248645622,0.229218763247876,0.0446629147492196,0.995516454378899,0.511924163720444,-0.0332810313463702,0.785398163397448,0.872664616486054,0,2.78438364526387e-06,0.829031389941751,0.0436332265443028,28695.3782064542,-2692.37869680302,6619.22196597813,1,0,37.4665875131751,0.174239698575184,0.663245803870311
4.75,29.0589786536002,23.1239732700369,5.11543054282474,0.207335754166286,0.231376458347179,0.046328330233912,0.999654194553567,0.513007589616745,-0.0301520290457602,0.785398163397448,0.872664649910546,0,2.56888863504007e-06,0.829031406653997,0.0436332432565491,28748.3739343237,-2683.23395101346,6639.45334956511,1,0,37.4874647025141,0.174250844003901,0.664728526549502
4.7625,29.0417484270476,23.1799886120615,5.11332727529828,0.205450856495137,0.233521460929146,0.0479991812624052,1.00379386056852,0.514076645650059,-0.0269770984687807,0.785398163397448,0.872664680707318,0,2.36379550779051e-06,0.829031422052383,0.0436332586549351,28801.1216565535,-2673.83717313453,6659.39383967507,1,0,37.508414250399,0.174281900007968,0.666189030123432
4.775,29.0248829353512,23.2353912979622,5.1118787534167,0.203567638454663,0.235653441835778,0.0496754204372666,1.00793543617977,0.515130884425591,-0.0237564023970639,0.785398163397448,0.872664709004477,0,2.1687969189128e-06,0.829031436200963,0.0436332728035143,28853.6333866431,-2664.19378160578,6679.04911281045,1,0,37.529435681474,0.174332725679111,0.667627280656514
4.7875,29.0083868395311,23.2901812305915,5.11108049597679,0.201686179763771,0.237772077110388,0.0513570018037701,1.01207889734281,0.516169858308367,-0.0204901144459215,0.785398163397448,0.872664734926281,0,1.98358491548192e-06,0.829031449161864,0.0436332857644162,28905.9211633623,-2654.30915429527,6698.42481544902,1,0,37.5505285265338,0.174403175233834,0.669043243960166
4.8,28.9922647635461,23.3443582790365,5.11092794112408,0.199806557093764,0.239877048052857,0.0530438808316438,1.01622421206631,0.517193119557423,-0.0171784190985669,0.785398163397448,0.872664758593138,0,1.80785172256797e-06,0.829031460995293,0.043633297597845,28957.9970476481,-2644.18862626856,6717.52656041564,1,0,37.5716923227973,0.17449309814156,0.670436885568312
4.8125,28.9765212952045,23.3979222777199,5.11141645078422,0.197928844125295,0.241968041271475,0.054736014396047,1.02037134027097,0.518200220461409,-0.0138215117363127,0.785398163397448,0.872664780121614,0,1.64129046869854e-06,0.829031471759531,0.0436333083620828,29009.8731195286,-2633.83748764359,6736.35992330923,1,0,37.5929266141785,0.174602339253657,0.671808170714
4.825,28.961160987076,23.4508730255337,5.11254131505092,0.196053111606226,0.244044748731361,0.0564333607577939,1.02452023365362,0.519190713475561,-0.010419598664569,0.785398163397448,0.872664799624444,0,1.48359585336496e-06,0.829031481510946,0.0436333181134979,29061.5614750704,-2623.26098152935,6754.93043898894,1,0,37.6142309515579,0.174730738933206,0.673157064307143
4.8375,28.9461883574028,23.503210285005,5.11429775652755,0.194179427410324,0.246106867799454,0.0581358795428368,1.02867083555697,0.520164151359976,-0.00697289713446438,0.785398163397448,0.87266481721056,0,1.33446475940288e-06,0.829031490304004,0.0436333269065559,29113.0742233502,-2612.46430204552,6773.24359812061,1,0,37.6356048930508,0.1748781331854,0.674483530913359
4.85,28.9316078910078,23.5549337814939,5.11668093461968,0.192307856596765,0.24815410128608,0.0598435317210269,1.0328230808451,0.521120087319157,-0.00348163535991223,0.785398163397448,0.87266483298512,0,1.19359681302437e-06,0.829031498191284,0.0436333347938361,29164.423483449,-2601.45259242221,6791.30484378579,1,0,37.6570480042752,0.175044353788455,0.675787534733893
4.8625,28.9174240401966,23.6060432024206,5.11968594977565,0.190438461470354,0.250186157483077,0.0615562795841675,1.03697689578492,0.522058075142747,5.39474700553778e-05,0.785398163397448,0.872664847049547,0,1.06069489428093e-06,0.829031505223498,0.0436333418260495,29215.6213814696,-2590.23094317557,6809.1195681551,1,0,37.6785598586174,0.1752292284249,0.677069039586624
4.875,28.9036412256529,23.6565381965223,5.12330784767286,0.188571301642434,0.252202750198499,0.0632740867233772,1.04113219793397,0.522977669347405,0.00363360118386452,0.785398163397448,0.872664859501571,0,9.35465600343394e-07,0.829031511449509,0.0436333480520611,29266.6800475745,-2578.80439035952,6826.69310922818,1,0,37.700140037496,0.175432580813137,0.678328008888118
4.8875,28.8902638373243,23.7064183731383,5.1275416233469,0.186706434092415,0.254203598787882,0.064996918005779,1.04528889603454,0.523878425319748,0.0072570646250639,0.785398163397448,0.872664870435277,0,8.17619664323404e-07,0.829031516916363,0.0436333535189145,29317.6116130446,-2567.17791388936,6844.03074764095,1,0,37.7217881306233,0.175654230839151,0.679564405636733
4.9,28.8772962352959,23.7556833015226,5.13238222526128,0.184843913229887,0.256188428182091,0.0667247395505335,1.04944688991452,0.524759899460294,0.0109240656552532,0.785398163397448,0.872664879941166,0,7.0687233192175e-07,0.829031521669307,0.0436333582718587,29368.428207357,-2555.35643593634,6861.13770354245,1,0,37.7435037362651,0.175893994688256,0.68077819239675
4.9125,28.8647427506522,23.8043325101827,5.13782455931534,0.182983790957259,0.258156968911739,0.068457518704233,1.05360607039513,0.525621649328328,0.0146343211624501,0.785398163397448,0.872664888106204,0,6.02943698259318e-07,0.829031525751826,0.0436333623543776,29419.1419552813,-2543.34481939114,6878.01913354184,1,0,37.7652864614976,0.176151684976756,0.681969331283523
4.925,28.8526076863221,23.8523654862439,5.14386349278798,0.181126116732882,0.260108957128207,0.0701952240156742,1.05776631920567,0.526463233787616,0.0183875370750673,0.785398163397448,0.872664895013892,0,5.05559007163414e-07,0.82903152920567,0.0436333658082217,29469.7649739933,-2531.14786639351,6894.68012772751,1,0,37.7871359224619,0.176427110883421,0.683137783949621
4.9375,28.8408953179086,23.8997816748386,5.15049385821504,0.179270937634617,0.262044134621245,0.0719378252100275,1.06192750890567,0.527284213152882,0.0221834083816706,0.785398163397448,0.872664900744329,0,4.14448915089468e-07,0.829031532070889,0.0436333686734403,29520.309370204,-2518.77031692785,6911.12570675865,1,0,37.8090517446157,0.176720078280651,0.684283511571962
4.95,28.829609894499,23.9465804785187,5.15771045719828,0.177418298423794,0.263962248833205,0.0736852931624209,1.06608950281436,0.528084149336961,0.0260216191566832,0.785398163397448,0.872664905374282,0,3.29349721780391e-07,0.829031534385865,0.0436333709884167,29570.7872373041,-2506.21684748069,6927.36081903061,1,0,37.8310335629818,0.177030389865236,0.685406474839912
4.9625,28.8187556394551,23.9927612566914,5.16550806414375,0.175568241609538,0.26586305286988,0.0754375998709561,1.07025215494797,0.528862605998544,0.0299018425921996,0.785398163397448,0.872664908977257,0,2.50003569533347e-07,0.829031536187353,0.0436333727899044,29621.2106525217,-2493.49206976023,6943.39033791474,1,0,37.8530810223943,0.177357845288594,0.686506633944345
4.975,28.808336751182,24.0383233250767,5.17388142992773,0.173720807513411,0.267746305508006,0.0771947184291759,1.07441530996481,0.529619148690417,0.0338237410360668,0.785398163397448,0.872664911623575,0,1.7615861321488e-07,0.829031537510512,0.0436333741130632,29671.5916740933,-2480.6005294757,6959.21905907317,1,0,37.8751937777403,0.17770224128639,0.687583948567634
4.9875,28.7983574038733,24.0832659551856,5.18282528548829,0.171876034334339,0.269611771199412,0.0789566229980003,1.07857880311841,0.530353345008099,0.0377869660363868,0.785398163397448,0.872664913380445,0,1.07569162735352e-07,0.829031538388947,0.0436333749914984,29721.9423384449,-2467.54670517524,6974.85169784909,1,0,37.8973714941989,0.178063371807421,0.688638377874577
5,28.7888217482319,24.1275883738193,5.19233434534068,0.170033958213788,0.271459220071869,0.0807232887771495,1.08274246021886,0.531064764738773,0.0417911583925872,0.785398163397448,0.872664914312046,0,4.39957997696465e-08,0.829031538854747,0.0436333754572988,29772.2746573844,-2454.33500713976,6990.29288673339,1,0,37.9196138474766,0.178441028141689,0.689669880504227
