time,u,v,w,p,q,r,phi,theta,psi,betaML,betaMR,betaMLdot,betaMRdot,betaSym,betaDiff,lateralForceN,rollMomentNm,yawMomentNm,limitActive,analysisGuardValid,bodySpeedMps,alphaRad,sideslipRad
0,32.5081027705783,0,12.9700907574897,0,0,0,0,0.37962696762878,0,0.785398163397448,0.785398163397448,0,0,0.785398163397448,0,-2.27373675443232e-13,0,0,0,1,35,0.37962696762878,0
0.0125,32.5081027705848,-2.95834622937676e-19,12.9700907574865,5.12390227255022e-18,2.75483374797264e-12,9.17281331266051e-20,0,0.379626967628797,0,0.785398163397448,0.785398163397448,0,0,0.785398163397448,0,3.41132826909597e-13,-1.16021026660534e-15,2.18276484721196e-11,0,1,35.0000000000049,0.379626967628625,-8.45241779821814e-21
0.025,32.5081027705909,-8.92023278857031e-19,12.9700907574844,5.2606621802776e-18,5.49367551210475e-12,3.14485806089656e-18,8.14590888792997e-20,0.379626967628849,4.235445671231e-20,0.785398163397448,0.785398163397448,0,0,0.785398163397448,0,-1.06870608679083e-13,1.45509155485858e-11,7.26772461161646e-12,0,1,35.0000000000098,0.379626967628505,-2.5486379395908e-20
0.0375,32.5081027705966,-1.39453425125143e-19,12.9700907574834,5.30488574710897e-18,8.21611778202786e-12,4.15986303672635e-18,2.33049662599097e-19,0.379626967628934,9.96043106122403e-20,0.785398163397448,0.785398163397448,0,0,0.785398163397448,0,-1.55100714450613e-13,-9.77239403914889e-16,-1.55830739420536e-14,0,1,35.0000000000147,0.379626967628419,-3.98438357500242e-21
0.05,32.5081027706018,-2.20753231654624e-19,12.9700907574835,5.30401398870144e-18,1.09217661237756e-11,4.1554791128919e-18,3.2009058553962e-19,0.379626967629054,1.55559070005776e-19,0.785398163397448,0.785398163397448,0,0,0.785398163397448,0,5.8865473798573e-13,-9.74617962939741e-16,-1.45675017842033e-11,0,1,35.0000000000195,0.379626967628367,-6.30723519012858e-21
0.0625,32.5081027706065,9.3335090196325e-19,12.9700907574847,5.21142550074898e-18,1.36102253864145e-11,2.11630611292121e-18,3.95793319082332e-19,0.379626967629207,1.84041167539848e-19,0.785398163397448,0.785398163397448,0,0,0.785398163397448,0,-1.22807278743003e-12,-1.820095768604e-12,-1.54692435786872e-11,0,1,35.0000000000244,0.379626967628348,2.66671686275029e-20
0.075,32.5081027706108,1.67332904241922e-18,12.970090757487,2.50543410891295e-17,1.62811167892625e-11,2.21709033880264e-18,4.51404398876633e-19,0.379626967629394,1.8322662397909e-19,0.785398163397448,0.785398163397448,0,0,0.785398163397448,0,8.16171606693887e-14,-2.91095061364087e-11,-7.2773725416627e-12,0,1,35.0000000000292,0.379626967628362,4.7809401211938e-20
0.0875,32.5081027706146,3.42496822448281e-18,12.9700907574902,3.03134525443019e-17,1.89340648184883e-11,5.36502783111687e-18,6.40949470836906e-19,0.379626967629614,1.96885567075018e-19,0.785398163397448,0.785398163397448,0,0,0.785398163397448,0,-1.10057403643536e-12,-6.76161742917572e-15,-7.28545181731557e-12,0,1,35.0000000000339,0.379626967628408,9.78562349851283e-20
0.1,32.508102770618,5.71577103692056e-18,12.9700907574946,2.50929530484313e-17,2.1568700376967e-11,3.23468075540596e-18,1.04093431102081e-18,0.379626967629868,2.5536380682727e-19,0.785398163397448,0.785398163397448,0,0,0.785398163397448,0,2.2635369043578e-13,-5.75980792385352e-15,-7.27742539941143e-12,0,1,35.0000000000387,0.379626967628487,1.63307743911835e-19
0.1125,32.508102770621,8.59342311584244e-18,12.9700907574999,4.04605488641858e-17,2.41846695348805e-11,3.51049383639906e-18,1.36504900417804e-18,0.379626967630154,2.8518665109854e-19,0.785398163397448,0.785398163397448,0,0,0.785398163397448,0,2.9941192280786e-13,-9.36306478042811e-15,7.27403678842655e-12,0,1,35.0000000000434,0.379626967628598,2.45526374738051e-19
0.125,32.5081027706235,1.25509647080849e-17,12.9700907575063,3.02061025390272e-17,2.6781619973337e-11,3.32633970156816e-18,1.8939233076525e-18,0.379626967630472,3.46133935042073e-19,0.785398163397448,0.785398163397448,0,0,0.785398163397448,0,6.10853641760698e-13,2.90966787998315e-11,2.91025555659594e-11,0,1,35.0000000000481,0.37962696762874,3.58598991659075e-19
0.1375,32.5081027706255,1.54607148733744e-17,12.9700907575136,4.0630629466248e-17,2.93592136017941e-11,7.5808397013237e-18,2.43967947461218e-18,0.379626967630823,4.48193816901538e-19,0.785398163397448,0.785398163397448,0,0,0.785398163397448,0,1.30332091768485e-13,-4.36651434627878e-11,-2.1837654878382e-11,0,1,35.0000000000528,0.379626967628914,4.41734710667174e-19
0.15,32.5081027706272,1.68008045911312e-17,12.970090757522,3.028684595925e-17,3.19171167905054e-11,5.36104191442962e-18,2.7748438867495e-18,0.379626967631206,5.05374802234144e-19,0.785398163397448,0.785398163397448,0,0,0.785398163397448,0,-1.94244592895118e-13,-2.91110253056325e-11,-7.2775623982679e-12,0,1,35.0000000000574,0.379626967629118,4.80022988317246e-19
0.1625,32.5081027706284,1.81456480957336e-17,12.9700907575313,2.51595046971968e-17,3.44550047653198e-11,5.27000919374255e-18,3.04546806992683e-18,0.379626967631621,5.61345134815437e-19,0.785398163397448,0.785398163397448,0,0,0.785398163397448,0,-1.99899399177935e-12,-6.06824806177289e-15,-1.45532343942396e-11,0,1,35.0000000000619,0.379626967629352,5.18447088448615e-19
0.175,32.5081027706292,1.92357516211559e-17,12.9700907575416,2.49718068427631e-17,3.69725654925035e-11,1.19779442988746e-18,3.37491138604371e-18,0.379626967632068,6.04853227795536e-19,0.785398163397448,0.785398163397448,0,0,0.785398163397448,0,5.16929280478059e-13,1.45456243988261e-11,1.41137958297002e-14,0,1,35.0000000000665,0.379626967629616,5.49592903460555e-19
0.1875,32.5081027706295,2.55708147199095e-17,12.9700907575528,3.5214470585805e-17,3.94694833144886e-11,1.38509433900861e-18,3.75752195675975e-18,0.379626967632545,6.22233964042764e-19,0.785398163397448,0.785398163397448,0,0,0.785398163397448,0,5.9167350758347e-13,1.45430779801183e-11,2.11744994361929e-14,0,1,35.000000000071,0.37962696762991,7.30594706281648e-19
0.2,32.5081027706295,3.27046825053611e-17,12.9700907575649,4.02856478719111e-17,4.19454643017135e-11,4.64145373346628e-19,4.26909413394531e-18,0.379626967633054,6.42148502055833e-19,0.785398163397448,0.785398163397448,0,0,0.785398163397448,0,-9.19124310993618e-13,1.45416287989951e-11,7.30473577545169e-12,0,1,35.0000000000754,0.379626967630233,9.3441950015116e-19
0.2125,32.508102770629,3.74269945707472e-17,12.970090757578,3.51081131099877e-17,4.44002153465794e-11,-6.3924774020545e-19,4.84511522380989e-18,0.379626967633594,6.63389769410461e-19,0.785398163397448,0.785398163397448,0,0,0.785398163397448,0,1.04227319031717e-12,1.4542598894963e-11,7.30550693427615e-12,0,1,35.0000000000798,0.379626967630584,1.06934270201891e-18
0.225,32.5081027706281,4.4654523411134e-17,12.9700907575919,4.02249793109404e-17,4.68334493232136e-11,-5.3845487829068e-19,5.35091912787632e-18,0.379626967634164,6.69782905238467e-19,0.785398163397448,0.785398163397448,0,0,0.785398163397448,0,1.00227792485637e-13,-4.36700197977769e-11,-3.63429202086466e-11,0,1,35.0000000000841,0.379626967630964,1.27584352602933e-18
0.2375,32.5081027706268,5.12119405106312e-17,12.9700907576068,1.94011771245756e-17,4.9244892770119e-11,-8.01991443095789e-18,5.62922912538183e-18,0.379626967634765,5.90366749248375e-19,0.785398163397448,0.785398163397448,0,0,0.785398163397448,0,-1.59731100339794e-12,-1.45620512102778e-11,2.18892924389023e-11,0,1,35.0000000000884,0.379626967631371,1.46319830030005e-18
0.25,32.5081027706251,5.4832390320461e-17,12.9700907576225,1.44551719075696e-17,5.16342813213825e-11,-4.02281196539878e-18,5.78420123678954e-18,0.379626967635395,5.22434056701091e-19,0.785398163397448,0.785398163397448,0,0,0.785398163397448,0,-4.50854630055891e-13,-8.89493316461972e-15,-7.2223874594003e-12,0,1,35.0000000000926,0.379626967631807,1.5666397234376e-18
0.2625,32.5081027706229,5.86950823344091e-17,12.970090757639,1.95275963769477e-17,5.40013490811608e-11,-4.93357145387946e-18,5.93917757472695e-18,0.379626967636056,4.54687652303311e-19,0.785398163397448,0.785398163397448,0,0,0.785398163397448,0,2.94093456802172e-13,1.45416787908876e-11,1.4612894892813e-11,0,1,35.0000000000968,0.379626967632269,1.67700235240705e-18
0.275,32.5081027706204,6.41714866298904e-17,12.9700907576565,2.47359089925008e-17,5.6345847870801e-11,-2.78912906039855e-18,6.23448119910454e-18,0.379626967636745,4.17052953210528e-19,0.785398163397448,0.785398163397448,0,0,0.785398163397448,0,-6.57305547035065e-13,-1.45634048704917e-11,-2.17673636695233e-11,0,1,35.0000000001009,0.379626967632758,1.83347104656301e-18
0.2875,32.5081027706175,6.90891139045499e-17,12.9700907576747,1.94220062710819e-17,5.86675341464377e-11,-6.93563441179504e-18,6.44830168847173e-18,0.379626967637464,3.37274330485381e-19,0.785398163397448,0.785398163397448,0,0,0.785398163397448,0,-8.20474227779975e-14,-1.06664410535755e-14,-7.2066949315941e-12,0,1,35.000000000105,0.379626967633273,1.97397468298122e-18
0.3,32.5081027706142,7.60647369423878e-17,12.9700907576938,1.41080033374441e-17,6.09661726888255e-11,-1.10798964908295e-17,6.65084081212917e-18,0.379626967638212,2.30356040317539e-19,0.785398163397448,0.785398163397448,0,0,0.785398163397448,0,6.05344694328851e-13,1.45420045771086e-11,9.23467221291857e-14,0,1,35.0000000001089,0.379626967633814,2.17327819834717e-18
0.3125,32.5081027706105,8.50246049880843e-17,12.9700907577136,1.40554514750919e-17,6.3241534434437e-11,-1.20716586268725e-17,6.83646662101272e-18,0.379626967638989,8.26484360206051e-20,0.785398163397448,0.785398163397448,0,0,0.785398163397448,0,3.8337659172627e-13,-1.45621639427289e-11,7.37621589739151e-12,0,1,35.0000000001129,0.37962696763438,2.42927442822315e-18
0.325,32.5081027706064,9.08583209755641e-17,12.9700907577343,9.01810061576524e-18,6.5493398245383e-11,-1.00984462486399e-17,6.89313432483248e-18,0.379626967639793,-6.71538709681671e-20,0.785398163397448,0.785398163397448,0,0,0.785398163397448,0,3.85244313640554e-13,-1.45610888342e-11,9.31138715888241e-14,0,1,35.0000000001167,0.379626967634972,2.5959520278646e-18
0.3375,32.5081027706019,9.64280317038396e-17,12.9700907577557,1.41375121788423e-17,6.77215522263512e-11,-9.97964503710143e-18,6.89102254880683e-18,0.379626967640626,-2.04120520175816e-19,0.785398163397448,0.785398163397448,0,0,0.785398163397448,0,7.23606936454171e-13,-9.10547083283912e-12,-1.71865908569578e-12,0,1,35.0000000001205,0.379626967635588,2.75508662010022e-18
0.35,32.508102770597,1.03530350943258e-16,12.9700907577779,1.60864429609946e-17,6.9925792389668e-11,-9.15233423672357e-18,6.97627217645575e-18,0.379626967641486,-3.42438593415787e-19,0.785398163397448,0.785398163397448,0,0,0.785398163397448,0,-1.34335089581946e-14,-1.45630724688649e-11,1.00442620168287e-13,0,1,35.0000000001242,0.379626967636229,2.95801002693974e-18
0.3625,32.5081027705918,1.09035807180045e-16,12.9700907578008,1.0955506021087e-17,7.21059219263318e-11,-9.2149931441338e-18,7.06723008036828e-18,0.379626967642374,-4.66658655921529e-19,0.785398163397448,0.785398163397448,0,0,0.785398163397448,0,4.59539922536561e-14,5.81939433996142e-11,1.46599842170687e-11,0,1,35.0000000001278,0.379626967636893,3.11530877656135e-18
0.375,32.5081027705862,1.16182237457319e-16,12.9700907578245,1.08533737893351e-17,7.42617488331208e-11,-1.122324265142e-17,7.42756980198169e-18,0.379626967643289,-5.58121463561113e-19,0.785398163397448,0.785398163397448,0,0,0.785398163397448,0,-6.21059445861725e-13,-1.4565957274177e-11,-1.44357514420849e-11,0,1,35.0000000001314,0.37962696763758,3.31949249876809e-18
0.3875,32.5081027705802,1.22286016560124e-16,12.9700907578489,5.52091950520496e-19,7.63930921013109e-11,-1.23905762635209e-17,7.43148018533321e-18,0.379626967644231,-7.37596474998263e-19,0.785398163397448,0.785398163397448,0,0,0.785398163397448,0,1.36536663351816e-12,-1.19458464589891e-14,1.24320342048501e-13,0,1,35.0000000001348,0.379626967638291,3.49388618741864e-18
0.4,32.5081027705738,1.2881940082538e-16,12.970090757874,-9.65672441034278e-18,7.8499779775764e-11,-1.15198542100865e-17,7.37663002654307e-18,0.379626967645199,-9.04117931637001e-19,0.785398163397448,0.785398163397448,0,0,0.785398163397448,0,-5.15618157540727e-13,-1.45616851540005e-11,-7.15114072291527e-12,0,1,35.0000000001382,0.379626967639024,3.68055430928204e-18
0.4125,32.5081027705671,1.315788371409e-16,12.9700907578998,-2.50787677728171e-17,8.05816441731466e-11,-1.27775424156865e-17,7.12836328452054e-18,0.379626967646193,-1.07386130420496e-18,0.785398163397448,0.785398163397448,0,0,0.785398163397448,0,9.43715190929587e-14,-4.36621403423924e-11,-7.14297309348405e-12,0,1,35.0000000001415,0.379626967639779,3.75939534686765e-18
0.425,32.50810277056,1.28824504853789e-16,12.9700907579262,-4.05413077467337e-17,8.2638522841886e-11,-1.50517121497501e-17,6.55205749380135e-18,0.379626967647213,-1.26298429171871e-18,0.785398163397448,0.785398163397448,0,0,0.785398163397448,0,-1.07534465585191e-13,-1.45548016928456e-11,-7.14194429138287e-12,0,1,35.0000000001448,0.379626967640556,3.68070013866446e-18
0.4375,32.5081027705526,1.28070512994137e-16,12.9700907579533,-4.05860635722663e-17,8.46702685067157e-11,-1.60320511884027e-17,5.90015684878723e-18,0.379626967648259,-1.48024214650609e-18,0.785398163397448,0.785398163397448,0,0,0.785398163397448,0,8.79715118043024e-13,1.45490084488501e-11,1.34248097921727e-13,0,1,35.0000000001479,0.379626967641355,3.65915751410274e-18
0.45,32.5081027705448,1.29286583199888e-16,12.9700907579811,-3.02477377666087e-17,8.66767341623569e-11,-1.37741497740091e-17,5.3774727730376e-18,0.37962696764933,-1.69451722538261e-18,0.785398163397448,0.785398163397448,0,0,0.785398163397448,0,-1.99032714763009e-12,-5.19022087891325e-15,-2.89705153393024e-11,0,1,35.0000000001509,0.379626967642174,3.69390237712372e-18
0.4625,32.5081027705366,1.30678491799877e-16,12.9700907580095,-3.55111955293333e-17,8.86577820371085e-11,-1.68817685555599e-17,4.90815057101973e-18,0.379626967650426,-1.93446886147956e-18,0.785398163397448,0.785398163397448,0,0,0.785398163397448,0,1.05100122226072e-12,-1.45561194369767e-11,-1.44103483196828e-11,0,1,35.0000000001539,0.379626967643014,3.73367119426577e-18
0.475,32.5081027705281,1.33533220075773e-16,12.9700907580385,-4.07730450555601e-17,9.0613283601847e-11,-1.99870993461666e-17,4.30434668261445e-18,0.379626967651547,-2.19004866039167e-18,0.785398163397448,0.785398163397448,0,0,0.785398163397448,0,1.12845718819811e-12,3.09195534021026e-11,7.42586112357415e-12,0,1,35.0000000001568,0.379626967643874,3.81523485929071e-18
0.4875,32.5081027705193,1.37979974080789e-16,12.9700907580681,-2.47171807775679e-17,9.25431138462878e-11,-1.8640242376068e-17,3.83783327720889e-18,0.379626967652691,-2.44242634876043e-18,0.785398163397448,0.785398163397448,0,0,0.785398163397448,0,-7.17547407177839e-13,-7.01862044581454e-15,1.49214940734897e-13,0,1,35.0000000001595,0.379626967644753,3.94228497371885e-18
0.5,32.5081027705101,1.40197351514801e-16,12.9700907580983,-2.98899825435179e-17,9.44471596846013e-11,-1.97077549462397e-17,3.43598972524921e-18,0.37962696765386,-2.69300964063676e-18,0.785398163397448,0.785398163397448,0,0,0.785398163397448,0,-3.43198041810899e-13,-5.96535158889563e-15,1.5693477818105e-13,0,1,35.0000000001622,0.379626967645652,4.00563861469003e-18
0.5125,32.5081027705006,1.43851041954998e-16,12.9700907581291,-2.98004994231877e-17,9.63253109528242e-11,-1.76269267242734e-17,2.96417286243522e-18,0.379626967655053,-2.95794507977872e-18,0.785398163397448,0.785398163397448,0,0,0.785398163397448,0,-1.56298277885602e-12,-2.91098188305628e-11,-7.12650636113247e-12,0,1,35.0000000001648,0.37962696764657,4.11002977012344e-18
0.525,32.5081027704907,1.42598268137435e-16,12.9700907581605,-3.49709156330297e-17,9.81774663545878e-11,-1.86941581119142e-17,2.36918111588153e-18,0.379626967656268,-3.21106636913054e-18,0.785398163397448,0.785398163397448,0,0,0.785398163397448,0,-1.48182475784493e-12,1.4547093511958e-11,1.56968068757884e-13,0,1,35.0000000001672,0.379626967647506,4.07423623247867e-18
0.5375,32.5081027704806,1.43968855458169e-16,12.9700907581924,-2.98492478453732e-17,1.00003528082364e-10,-1.85586264696132e-17,1.90341895114892e-18,0.379626967657507,-3.46112593186944e-18,0.785398163397448,0.785398163397448,0,0,0.785398163397448,0,-3.0008045732017e-14,-1.45579488763645e-11,-7.1191288102463e-12,0,1,35.0000000001696,0.37962696764846,4.11339587021345e-18
0.55,32.5081027704701,1.45591083396003e-16,12.9700907582248,-4.53536364114657e-17,1.01803410859051e-10,-2.17169313403043e-17,1.36768296027813e-18,0.379626967658768,-3.72553776777587e-18,0.785398163397448,0.785398163397448,0,0,0.785398163397448,0,-9.14397260778661e-13,-2.70943530892198e-15,-7.11048719634907e-12,0,1,35.0000000001719,0.379626967649432,4.15974523986536e-18
0.5625,32.5081027704592,1.45988903777566e-16,12.9700907582577,-5.05232001697969e-17,1.03577034441319e-10,-2.27797784386674e-17,6.8691849852976e-19,0.379626967660052,-4.03120354258577e-18,0.785398163397448,0.785398163397448,0,0,0.785398163397448,0,-1.5655501716354e-13,-1.59691242987573e-15,1.65977026369084e-13,0,1,35.000000000174,0.379626967650421,4.17111153648114e-18
0.575,32.5081027704481,1.46557687985178e-16,12.9700907582912,-5.04763737465478e-17,1.05324323787598e-10,-2.17148528140643e-17,-5.8108153612827e-20,0.379626967661358,-4.33746543158077e-18,0.785398163397448,0.785398163397448,0,0,0.785398163397448,0,-1.39982243695557e-13,-1.45534814463611e-11,-2.16621654150231e-11,0,1,35.0000000001761,0.379626967651427,4.18736251384115e-18
0.5875,32.5081027704366,1.46447595397424e-16,12.9700907583252,-5.57373086716333e-17,1.07045213119895e-10,-2.48133577021082e-17,-8.78702854084819e-19,0.379626967662685,-4.67175089046063e-18,0.785398163397448,0.785398163397448,0,0,0.785398163397448,0,9.75117453236031e-14,1.4551384266877e-11,1.47257839763859e-11,0,1,35.000000000178,0.379626967652449,4.18421701133368e-18
0.6,32.5081027704249,1.46024756060904e-16,12.9700907583596,-6.0860213195456e-17,1.08739638406139e-10,-2.48576409342914e-17,-1.62322534058857e-18,0.379626967664034,-4.9767179035752e-18,0.785398163397448,0.785398163397448,0,0,0.785398163397448,0,-7.38698172506666e-13,1.45543468759873e-11,2.20019104946671e-11,0,1,35.0000000001799,0.379626967653488,4.17213588743296e-18
0.6125,32.5081027704128,1.44889990715726e-16,12.9700907583945,-7.11514493939793e-17,1.1040754469484e-10,-2.60141481082719e-17,-2.42633900255505e-18,0.379626967665404,-5.26857349107241e-18,0.785398163397448,0.785398163397448,0,0,0.785398163397448,0,1.49114603320345e-12,2.98742776251828e-15,1.74662212988009e-13,0,1,35.0000000001816,0.379626967654542,4.13971402042783e-18
0.625,32.5081027704004,1.43825094162632e-16,12.9700907584299,-7.57223087126179e-17,1.12048886100099e-10,-2.80824136555744e-17,-3.44532232081631e-18,0.379626967666794,-5.61834736883789e-18,0.785398163397448,0.785398163397448,0,0,0.785398163397448,0,-4.41150595911674e-13,1.4555869145708e-11,7.45840955409339e-12,0,1,35.0000000001832,0.379626967655611,4.10928840462511e-18
0.6375,32.5081027703877,1.42180497370346e-16,12.9700907584656,-6.53785195326966e-17,1.13663622513747e-10,-2.58120347765233e-17,-4.46158708685692e-18,0.379626967668205,-5.98100021359978e-18,0.785398163397448,0.785398163397448,0,0,0.785398163397448,0,-7.22058405144376e-13,-1.45501513897488e-11,-7.10171503295226e-12,0,1,35.0000000001847,0.379626967656695,4.0622999248456e-18
0.65,32.5081027703748,1.41476287951192e-16,12.9700907585019,-8.59615846718109e-17,1.15251714268599e-10,-2.81669721791199e-17,-5.47756546270085e-18,0.379626967669636,-6.34299628026561e-18,0.785398163397448,0.785398163397448,0,0,0.785398163397448,0,-1.4604480964422e-12,6.37449521009844e-15,7.45155270068075e-12,0,1,35.000000000186,0.379626967657794,4.04217965572685e-18
0.6625,32.5081027703615,1.35876250899371e-16,12.9700907585385,-8.07850719529881e-17,1.16813136876775e-10,-2.70086467936332e-17,-6.6867436924845e-18,0.379626967671086,-6.70803438592793e-18,0.785398163397448,0.785398163397448,0,0,0.785398163397448,0,-1.58017883549409e-12,2.91092670051929e-11,1.47195669182983e-11,0,1,35.0000000001873,0.379626967658906,3.8821785971041e-18
0.675,32.5081027703479,1.33890552146144e-16,12.9700907585755,-6.9794336017366e-17,1.18347866075383e-10,-2.46037875639617e-17,-7.69078385690113e-18,0.379626967672556,-7.04132266254132e-18,0.785398163397448,0.785398163397448,0,0,0.785398163397448,0,-1.74650271721987e-12,1.45550321175113e-11,-7.11659612815072e-12,0,1,35.0000000001884,0.379626967660032,3.82544434701208e-18
0.6875,32.5081027703341,1.30306478591746e-16,12.9700907586129,-6.46669900997412e-17,1.198558870751e-10,-2.44664410143703e-17,-8.62692726275548e-18,0.379626967674045,-7.38461674624433e-18,0.785398163397448,0.785398163397448,0,0,0.785398163397448,0,-5.45507495124271e-13,-4.36519029164916e-11,-7.11702574625856e-12,0,1,35.0000000001894,0.379626967661172,3.7230422454583e-18
0.7,32.50810277032,1.26651255730332e-16,12.9700907586507,-8.00321273082828e-17,1.21337186244549e-10,-2.46968220029209e-17,-9.75631578830437e-18,0.379626967675552,-7.73100132212868e-18,0.785398163397448,0.785398163397448,0,0,0.785398163397448,0,8.72582208980074e-13,4.366144288059e-11,7.43528413095896e-12,0,1,35.0000000001903,0.379626967662324,3.61860730656123e-18
0.7125,32.5081027703056,1.26484960206351e-16,12.9700907586889,-6.85800857148051e-17,1.22791762671771e-10,-2.62293848016563e-17,-1.06805663182959e-17,0.379626967677078,-8.04566458172964e-18,0.785398163397448,0.785398163397448,0,0,0.785398163397448,0,-9.4129032123545e-13,5.8210650693854e-11,2.92631758711483e-11,0,1,35.0000000001911,0.379626967663489,3.613856005876e-18
0.725,32.5081027702909,1.27566231032729e-16,12.9700907587274,-4.27705396711606e-17,1.24219618924651e-10,-2.15274901244883e-17,-1.13878572348955e-17,0.379626967678622,-8.33859851754204e-18,0.785398163397448,0.785398163397448,0,0,0.785398163397448,0,-6.36880895127814e-13,-2.69941363393015e-15,1.50060973663334e-13,0,1,35.0000000001917,0.379626967664666,3.644749458058e-18
0.7375,32.5081027702759,1.2931027981524e-16,12.9700907587662,-3.76007905198751e-17,1.25620759538979e-10,-2.03753041222863e-17,-1.20297474045564e-17,0.379626967680184,-8.62803695812901e-18,0.785398163397448,0.785398163397448,0,0,0.785398163397448,0,-1.24055023456667e-12,2.90999532057988e-11,2.19775271426095e-11,0,1,35.0000000001922,0.379626967665854,3.69457942327228e-18
0.75,32.5081027702607,1.29535995167806e-16,12.9700907588053,-2.20481284545325e-17,1.2699519732417e-10,-1.59867401487058e-17,-1.24553044425908e-17,0.379626967681763,-8.85838036101772e-18,0.785398163397448,0.785398163397448,0,0,0.785398163397448,0,-1.88665299820597e-12,5.82004571511992e-11,2.92446015085483e-11,0,1,35.0000000001926,0.379626967667054,3.70102843334553e-18
0.7625,32.5081027702453,1.28749656697194e-16,12.9700907588448,1.40418714454857e-17,1.28342954164224e-10,-1.02165273163131e-17,-1.25299228494758e-17,0.379626967683359,-9.01350276559324e-18,0.785398163397448,0.785398163397448,0,0,0.785398163397448,0,-2.56953734183806e-12,1.45367861937763e-11,-7.85888267857608e-13,0,1,35.0000000001928,0.379626967668265,3.67856161989957e-18
0.775,32.5081027702295,1.32798950787969e-16,12.9700907588845,3.68667566196269e-18,1.29664053296079e-10,-1.25298929938442e-17,-1.23415232849968e-17,0.379626967684971,-9.15124589700051e-18,0.785398163397448,0.785398163397448,0,0,0.785398163397448,0,-3.30133504870207e-12,-2.91168481654333e-11,-1.44199463009226e-11,0,1,35.0000000001929,0.379626967669486,3.79425573677821e-18
0.7875,32.5081027702135,1.33430724878281e-16,12.9700907589246,-6.70456620273522e-18,1.30958528579185e-10,-1.57307112984949e-17,-1.24982026067635e-17,0.3796269676866,-9.34951073146342e-18,0.785398163397448,0.785398163397448,0,0,0.785398163397448,0,-3.56199378275684e-13,-1.0836013103919e-14,1.40383912730215e-13,0,1,35.0000000001929,0.379626967670718,3.81230642507273e-18
0.8,32.5081027701973,1.3945434119423e-16,12.9700907589648,-6.75629832377566e-18,1.32226413111031e-10,-1.67089924045223e-17,-1.26604016915547e-17,0.379626967688245,-9.5609539815389e-18,0.785398163397448,0.785398163397448,0,0,0.785398163397448,0,8.62916063629245e-14,2.90927533460952e-11,-7.12783762941619e-12,0,1,35.0000000001928,0.379626967671959,3.98440974838463e-18
0.8125,32.5081027701808,1.47831824090858e-16,12.9700907590054,3.39217304034916e-18,1.33467750788609e-10,-1.85191822909815e-17,-1.2704761735848e-17,0.379626967689906,-9.79678630293947e-18,0.785398163397448,0.785398163397448,0,0,0.785398163397448,0,-1.3993231590577e-12,-1.45656969463758e-11,-7.11298382200314e-12,0,1,35.0000000001925,0.37962696767321,4.22376640257272e-18
0.825,32.508102770164,1.514633848548e-16,12.9700907590462,-1.78445502963138e-18,1.34682587464823e-10,-1.95827505128851e-17,-1.28248128193978e-17,0.379626967691582,-1.00606563729718e-17,0.785398163397448,0.785398163397448,0,0,0.785398163397448,0,-1.52180613280279e-12,-1.27737745038601e-14,1.7077531954585e-13,0,1,35.000000000192,0.37962696767447,4.32752528154198e-18
0.8375,32.5081027701471,1.55468262075e-16,12.9700907590872,8.45644746634555e-18,1.35870975916259e-10,-1.93516040488424e-17,-1.29447065873981e-17,0.379626967693273,-1.03238839836656e-17,0.785398163397448,0.785398163397448,0,0,0.785398163397448,0,-2.09871077402245e-12,1.6355663813835e-11,-7.10537557512876e-12,0,1,35.0000000001915,0.379626967675738,4.44195034497571e-18
0.85,32.5081027701298,1.63155401200302e-16,12.9700907591285,1.42100309965954e-17,1.37032972603337e-10,-1.91998343974115e-17,-1.28685306155452e-17,0.379626967694979,-1.05963193212976e-17,0.785398163397448,0.785398163397448,0,0,0.785398163397448,0,-2.26861873265465e-12,2.90870263392401e-11,1.77890522968733e-13,0,1,35.0000000001908,0.379626967677015,4.66158289141179e-18
0.8625,32.5081027701124,1.7289567891517e-16,12.9700907591699,2.44453161764952e-17,1.38168639221235e-10,-1.89659130615991e-17,-1.26575835418675e-17,0.379626967696699,-1.08519114250027e-17,0.785398163397448,0.785398163397448,0,0,0.785398163397448,0,-2.37530691633996e-12,-1.45749259427153e-11,-1.52762725668698e-11,0,1,35.0000000001899,0.3796269676783,4.93987654040663e-18
0.875,32.5081027700947,1.8187262297264e-16,12.9700907592116,1.40869669218682e-17,1.39278045351773e-10,-2.12598120717305e-17,-1.2523081295895e-17,0.379626967698433,-1.11371728910552e-17,0.785398163397448,0.785398163397448,0,0,0.785398163397448,0,-2.70111687102507e-13,1.45308558945849e-11,1.47456977511242e-11,0,1,35.0000000001889,0.379626967679593,5.19636065633308e-18
0.8875,32.5081027700768,1.91078092244176e-16,12.9700907592534,1.92434608918953e-17,1.40361263870618e-10,-2.00957727914193e-17,-1.23771534339862e-17,0.379626967700181,-1.13942798633376e-17,0.785398163397448,0.785398163397448,0,0,0.785398163397448,0,-3.83102673205693e-14,4.36332672758441e-11,1.47528298002326e-11,0,1,35.0000000001878,0.379626967680893,5.45937406409002e-18
0.9,32.5081027700586,2.01120501572296e-16,12.9700907592954,2.43515171296307e-17,1.4141837307119e-10,-1.99483688721564e-17,-1.20319523838206e-17,0.379626967701942,-1.16332385767702e-17,0.785398163397448,0.785398163397448,0,0,0.785398163397448,0,-1.94576449121989e-13,-2.39712318591751e-14,1.47603000229238e-11,0,1,35.0000000001865,0.379626967682199,5.74630004489214e-18
0.9125,32.5081027700403,2.10945786200098e-16,12.9700907593376,1.4043489255487e-17,1.42449456817657e-10,-2.10933365155537e-17,-1.18156849110206e-17,0.379626967703716,-1.18739031896964e-17,0.785398163397448,0.785398163397448,0,0,0.785398163397448,0,-1.30902004220302e-13,-2.91258248511308e-11,-2.1611120027995e-11,0,1,35.000000000185,0.379626967683513,6.02702246282808e-18
0.925,32.5081027700217,2.20247168031888e-16,12.9700907593799,8.81668701013579e-18,1.43454597885232e-10,-2.31581622809751e-17,-1.18912387646676e-17,0.379626967705503,-1.22009642844178e-17,0.785398163397448,0.785398163397448,0,0,0.785398163397448,0,-1.22053742000171e-12,-1.45731328163475e-11,2.25170747823198e-13,0,1,35.0000000001835,0.379626967684832,6.29277622944952e-18
0.9375,32.5081027700029,2.27436844372563e-16,12.9700907594223,1.39751274245397e-17,1.4443389460642e-10,-2.19840534041842e-17,-1.19609511127953e-17,0.379626967707303,-1.25134432296908e-17,0.785398163397448,0.785398163397448,0,0,0.785398163397448,0,2.35858533622348e-14,4.36331753190118e-11,2.20600548835898e-11,0,1,35.0000000001817,0.379626967686158,6.49819555346806e-18
0.95,32.5081027699839,2.38531391004505e-16,12.9700907594649,2.94230232555509e-17,1.45387441134917e-10,-1.96085576881045e-17,-1.16853449612239e-17,0.379626967709114,-1.27640490459726e-17,0.785398163397448,0.785398163397448,0,0,0.785398163397448,0,-7.61012724082104e-13,-4.36820889631469e-11,-7.04434496392408e-12,0,1,35.0000000001799,0.379626967687489,6.8151826000937e-18
0.9625,32.5081027699647,2.48948431077856e-16,12.9700907595076,8.77662329663299e-18,1.46315339514057e-10,-2.2964027703017e-17,-1.16144581701551e-17,0.379626967710937,-1.30449209795414e-17,0.785398163397448,0.785398163397448,0,0,0.785398163397448,0,-1.50257739032039e-12,-1.45740548898793e-11,-7.0278462585798e-12,0,1,35.0000000001778,0.379626967688825,7.11281231647405e-18
0.975,32.5081027699452,2.56757357710199e-16,12.9700907595504,3.59390503866241e-18,1.47217695456006e-10,-2.40038701372923e-17,-1.16893420999907e-17,0.379626967712772,-1.33684509155659e-17,0.785398163397448,0.785398163397448,0,0,0.785398163397448,0,-1.39710596780114e-12,4.36309268526634e-11,2.20840234306234e-11,0,1,35.0000000001756,0.379626967690166,7.33592450596886e-18
0.9875,32.5081027699256,2.66509113701917e-16,12.9700907595932,2.42115765075777e-17,1.48094618560754e-10,-2.05114936902563e-17,-1.15535659112158e-17,0.379626967714618,-1.36461948328704e-17,0.785398163397448,0.785398163397448,0,0,0.785398163397448,0,-9.94406745035122e-13,1.45222449841661e-11,-7.02095355628615e-12,0,1,35.0000000001733,0.379626967691511,7.61454610573136e-18
1,32.5081025941583,6.88122312617895e-05,12.9700904327375,9.32970900480167e-06,5.00158692688037e-08,3.38989015098938e-06,-1.12942971402437e-17,0.379626967716474,-1.39342366813629e-17,0.785398163397448,0.785398163397448,0,0,0.785398163397448,0,66.0149369631622,25.722977093232,22.8441072005299,0,1,34.9999997158635,0.37962696087866,1.96606376629898e-06
1.0125,32.5081022252909,0.000206519252948684,12.9700898218296,2.74788738762317e-05,1.4938755624228e-07,1.00503157245894e-05,2.65300923505626e-07,0.379626968963882,9.08389488940671e-08,0.785398163397448,0.785398163397448,0,0,0.785398163397448,0,65.9398866166701,25.0185781729503,22.4589743916637,0,1,34.9999991474134,0.379626948572364,5.90055022801748e-06
1.025,32.5081018391721,0.000344303875643645,12.9700892532305,4.51332539240115e-05,2.48376737931326e-07,1.65957790877882e-05,7.87261942867178e-07,0.379626971451015,2.70529833611703e-07,0.785398163397448,0.785398163397448,0,0,0.785398163397448,0,65.8789236973883,24.33114889085,22.0853412543717,0,1,34.9999985791613,0.379626937571479,9.83725398932425e-06
1.0375,32.5081014358919,0.000482161843778191,12.9700887264876,6.23047924393399e-05,3.46968839699377e-07,2.3029669621966e-05,1.5592090612085e-06,0.379626975172873,5.37548577241127e-07,0.785398163397448,0.785398163397448,0,0,0.785398163397448,0,65.8316836602093,23.6602680070294,21.7229165931309,0,1,34.9999980110239,0.379626927863044,1.37760534626766e-05
1.05,32.5081010155412,0.000620088704347866,12.970088241147,7.90051362075455e-05,4.45149431438511e-07,2.93552909470301e-05,2.57463238368381e-06,0.379626980124219,8.90416134584835e-07,0.785398163397448,0.785398163397448,0,0,0.785398163397448,0,65.7978111127337,23.0055248437579,21.3714162905876,0,1,34.9999974429182,0.379626919434051,1.77168214195334e-05
1.0625,32.5081005782117,0.00075807981269578,12.9700877967533,9.52456429403863e-05,5.42904235717892e-07,3.55758630095868e-05,3.8271820357192e-06,0.379626986299583,1.3276973521346e-06,0.785398163397448,0.785398163397448,0,0,0.785398163397448,0,65.7769595870181,22.3665190222175,21.0305631319081,0,1,34.9999968747613,0.379626912271444,2.16594251555979e-05
1.075,32.5081001239963,0.000896130338178633,12.9700873928499,0.000111037388522813,6.40219135436023e-07,4.16945241192045e-05,5.31066418328085e-06,0.379626993693269,1.84799985581128e-06,0.785398163397448,0.785398163397448,0,0,0.785398163397448,0,65.7687913170557,21.7428602045205,20.7000866333563,0,1,34.999996306471,0.379626906362121,2.56037266527043e-05
1.0875,32.5080996529888,0.00103423526971804,12.9700870289786,0.000126391174078626,7.37080181004784e-07,4.77143329341536e-05,7.01903715260718e-06,0.379627002299359,2.44997296576524e-06,0.785398163397448,0.785398163397448,0,0,0.785398163397448,0,65.7729770217657,21.1341678437486,20.3797228752926,0,1,34.9999957379651,0.379626901692932,2.95495827374258e-05
1.1,32.5080991652841,0.00117238942123987,12.97008670468,0.000141317532859798,8.33473597087528e-07,5.36382703978394e-05,8.94640764692819e-06,0.37962701211172,3.13230663756654e-06,0.785398163397448,0.785398163397448,0,0,0.785398163397448,0,65.7891956934079,20.5400709391235,20.0692143394976,0,1,34.9999951691619,0.379626898250678,3.34968452364843e-05
1.1125,32.5080986609778,0.00131058743700426,12.9700864194931,0.000155826736963855,9.29385788916287e-07,5.94692416272188e-05,1.10870270577479e-05,0.379627023124008,3.89373042912974e-06,0.785398163397448,0.785398163397448,0,0,0.785398163397448,0,65.8171343912524,19.9602077973747,19.7683097501341,0,1,34.99999459998,0.379626896022116,3.74453611290352e-05
1.125,32.508098140167,0.00144882379682881,12.9700861729558,0.000169928803883266,1.02480334819763e-06,6.52100777543117e-05,1.34352878683317e-05,0.379627035329675,4.73301249273465e-06,0.785398163397448,0.785398163397448,0,0,0.785398163397448,0,65.8564880404137,19.3942258007182,19.4767639192448,0,1,34.9999940303383,0.379626894993953,4.1394972695902e-05
1.1375,32.5080976029494,0.00158709282120764,12.9700859646043,0.000183633502891494,1.11971305863843e-06,7.08635377221042e-05,1.59857201470968e-05,0.379627048721972,5.64895859152064e-06,0.785398163397448,0.785398163397448,0,0,0.785398163397448,0,65.9069592356744,18.8417811799265,19.194337595701,0,1,34.9999934601561,0.379626895152852,4.53455176658328e-05
1.15,32.5080970494238,0.00172538867632851,12.970085793974,0.000196950361269474,1.21410190109146e-06,7.64323100358623e-05,1.87329881286631e-05,0.379627063293953,6.64041113984791e-06,0.785398163397448,0.785398163397448,0,0,0.785398163397448,0,65.9682580502184,18.3025387933091,18.9207973181631,0,1,34.9999928893532,0.379626896485429,4.92968293588482e-05
1.1625,32.5080964796904,0.00186370537899066,12.9700856605986,0.0002098886703765,1.30795705835989e-06,8.19190144710683e-05,2.16718868803758e-05,0.379627079038486,7.70624826693337e-06,0.785398163397448,0.785398163397448,0,0,0.785398163397448,0,66.0401018491,17.7761719113002,18.6559152714504,0,1,34.9999923178494,0.379626898978256,5.32487368267487e-05
1.175,32.5080958938498,0.00200203680142546,12.9700855640108,0.000222457491569584,1.40126591965488e-06,8.73262037389893e-05,2.47973390521658e-05,0.379627095948249,8.8453829031845e-06,0.785398163397448,0.785398163397448,0,0,0.785398163397448,0,66.1222151074,17.262362006169,18.3994691469735,0,1,34.9999917455654,0.379626902617861,5.72010649908479e-05
1.1875,32.5080952920041,0.00214037667602232,12.9700855037419,0.000234665661974905,1.49401608473916e-06,9.26563651110179e-05,2.81043917076695e-05,0.379627114015741,1.00567618886689e-05,0.785398163397448,0.785398163397448,0,0,0.785398163397448,0,66.2143292328646,16.760798547147,18.1512420060351,0,1,34.9999911724219,0.379626907390731,6.1153634776997e-05
1.2,32.5080946742563,0.00227871859996191,12.9700854793222,0.000246521800115017,1.5861953677612e-06,9.79119220027126e-05,3.15882132345786e-05,0.379627133233285,1.13393651031704e-05,0.785398163397448,0.785398163397448,0,0,0.785398163397448,0,66.3161823930144,16.2711788008231,17.9110221472317,0,1,34.99999059834,0.37962691328331,6.5106263247963e-05
1.2125,32.5080940407102,0.00241705603975895,12.9700854902809,0.000258034311395599,1.67779180079699e-06,0.000103095235518665,3.52440903322428e-05,0.379627153593032,1.26922046172983e-05,0.785398163397448,0.785398163397448,0,0,0.785398163397448,0,66.4275193465156,15.7932076359595,17.6786029766398,0,1,34.9999900232416,0.379626920282003,6.90587637332216e-05
1.225,32.5080933914709,0.00255538233571665,12.9700855361461,0.000269211393454979,1.76879363710155e-06,0.00010820860595909,3.90674250745965e-05,0.379627175086964,1.41143238641268e-05,0.785398163397448,0.785398163397448,0,0,0.785398163397448,0,66.5480912787839,15.3265973338463,17.4537828815255,0,1,34.9999894470486,0.379626928373175,7.30109459562257e-05
1.2375,32.5080927266442,0.00269369070629473,12.9700856164449,0.000280061041380118,1.85918935411789e-06,0.000113254274289131,4.30537320465295e-05,0.379627197706902,1.56047968308577e-05,0.785398163397448,0.785398163397448,0,0,0.785398163397448,0,66.6776556416505,14.8710674029228,17.2363651071364,0,1,34.9999888696836,0.379626937543157,7.69626161592064e-05
1.25,32.508092046337,0.00283197425239315,12.9700857307035,0.000290591052792201,1.94896765620611e-06,0.000118234423571811,4.7198635551869e-05,0.379627221444506,1.71627272700104e-05,0.785398163397448,0.785398163397448,0,0,0.785398163397448,0,66.8159759970713,14.4263443981681,17.0261576366062,0,1,34.9999882910694,0.379626947778241,8.09135772255648e-05
1.2625,32.5080913506574,0.00297022596155347,12.9700858784471,0.000300809032805148,2.03811747713664e-06,0.000123151180365527,5.14978668911847e-05,0.379627246291284,1.87872479296563e-05,0.785398163397448,0.785398163397448,0,0,0.785398163397448,0,66.9628218646783,13.9921617448865,16.82297307384,0,1,34.9999877111296,0.379626959064688,8.48636287999082e-05
1.275,32.508090639714,0.00310843871207954,12.9700860592002,0.000310722398860161,2.12662798235318e-06,0.000128006616086999,5.59472617076725e-05,0.37962727223859,2.04775198022254e-05,0.785398163397448,0.785398163397448,0,0,0.785398163397448,0,67.1179685731574,13.5682595671644,16.6266285293746,0,1,34.9999871297878,0.379626971388726,8.88125674057864e-05
1.2875,32.5080899136166,0.00324660527707964,12.9700862724865,0.00032033838543951,2.21448857101207e-06,0.000132802748340521,6.05427573994204e-05,0.379627299277636,2.22327313914283e-05,0.785398163397448,0.785398163397448,0,0,0.785398163397448,0,67.281197115321,13.1543845202979,16.4369455090729,0,1,34.9999865469685,0.379626984736553,9.27601865611781e-05
1.3,32.508089172476,0.0033847183284316,12.970086517829,0.000329664048662518,2.30168887780369e-06,0.000137541542214365,6.52803905963957e-05,0.379627327399487,2.40520979968437e-05,0.785398163397448,0.785398163397448,0,0,0.785398163397448,0,67.4522940067875,12.750289627624,16.2537498055489,0,1,34.9999859625963,0.379626999094339,9.67062768917814e-05
1.3125,32.5080884164037,0.00352277044067283,12.9700867947501,0.000338706270766467,2.38821877457826e-06,0.000142224911545132,7.01562947005415e-05,0.379627356595073,2.59348610157352e-05,0.785398163397448,0.785398163397448,0,0,0.785398163397448,0,67.6310511481849,12.3557341209861,16.0768713923987,0,1,34.9999853765967,0.379627014448227,0.000100650626242156
1.325,32.5080876455122,0.00366075409481684,12.9700871027715,0.000347471764475774,2.47406837177174e-06,0.000146854720150941,7.5166697487401e-05,0.379627386855187,2.78802872616732e-05,0.785398163397448,0.785398163397448,0,0,0.785398163397448,0,67.8172656907936,11.9704832858836,15.9061443211562,0,1,34.9999847888953,0.379627030784336,0.000104593019784766
1.3375,32.5080868599149,0.00379866168209795,12.9700874414146,0.000355967077261622,2.55922801964181e-06,0.000151432783034097,8.03079187677404e-05,0.379627418170494,2.98876682995459e-05,0.785398163397448,0.785398163397448,0,0,0.785398163397448,0,68.0107399055108,11.5943083100328,15.7414066206659,0,1,34.9999841994185,0.379627048088764,0.00010853324012697
1.35,32.508086059726,0.00393648550764578,12.9700878102003,0.000364198595495439,2.64368830933332e-06,0.000155960867554162,8.55763681076668e-05,0.37962745053153,3.19563197965543e-05,0.785398163397448,0.785398163397448,0,0,0.785398163397448,0,68.2112810551032,11.2269861353197,15.5825001988343,0,1,34.9999836080929,0.379627066347587,0.000112471067416009
1.3625,32.5080852450605,0.00407421779409113,12.9700882086491,0.000372172548498098,2.72744007377603e-06,0.000160440694572005,9.09685426057822e-05,0.379627483928708,3.40855808887989e-05,0.785398163397448,0.785398163397448,0,0,0.785398163397448,0,68.4187012696357,10.8682993146225,15.4292707475408,0,1,34.999983014846,0.379627085546864,0.000116406279442027
1.375,32.5080844160343,0.00421185068510469,12.9700886362813,0.000379895012488243,2.81047438840775e-06,0.000164873939565729,9.6481024725951e-05,0.379627518352322,3.62748135630713e-05,0.785398163397448,0.785398163397448,0,0,0.785398163397448,0,68.632817424993,10.5180358707507,15.2815676489742,0,1,34.9999824196055,0.379627105672637,0.000120338651739178
1.3875,32.5080835727641,0.00434937624887019,12.9700890926171,0.00038737191443167,2.89278257174946e-06,0.000169262233719044,0.000102110480184288,0.379627553792552,3.85234020534776e-05,0.785398163397448,0.785398163397448,0,0,0.785398163397448,0,68.8534510244276,10.1759891599557,15.1392438850109,0,1,34.9999818222998,0.379627126710937,0.00012426795768486
1.4,32.5080827153674,0.00448678648149328,12.9700895771763,0.000394609035794319,2.97435618583084e-06,0.00017360716498281,0.000107853655889019,0.379627590239463,4.0830752252527e-05,0.785398163397448,0.785398163397448,0,0,0.785398163397448,0,69.080428083078,9.84195773863928,15.0021559486553,0,1,34.9999812228578,0.37962714864778,0.000128193968597107
1.4125,32.5080818439622,0.00462407331034775,12.9700900894789,0.000401612016201683,3.05518703647616e-06,0.000177910279110493,0.000113707377931884,0.379627627683012,4.31962911363299e-05,0.785398163397448,0.785398163397448,0,0,0.785398163397448,0,69.3135790153305,9.51574523272487,14.8701637575905,0,1,34.9999806212089,0.379627171469175,0.000132116453830198
1.425,32.5080809586677,0.0047612285973602,12.9700906290448,0.000408386357006359,3.13526717344315e-06,0.00018217308066809,0.000119668549629808,0.379627666113054,4.5619466203558e-05,0.785398163397448,0.785398163397448,0,0,0.785398163397448,0,69.5527385250038,9.19716021135255,14.7431305700552,0,1,34.9999800172832,0.379627195161124,0.000136035180868502
1.4375,32.5080800596033,0.00489824414223484,12.9700911953942,0.000414937424766606,3.21458889044741e-06,0.000186397034019242,0.000125734149615575,0.379627705519338,4.80997449278277e-05,0.785398163397448,0.785398163397448,0,0,0.785398163397448,0,69.7977454982774,8.88601606279655,14.6209229028268,0,1,34.9999794110114,0.379627219709624,0.000139949915418616
1.45,32.5080791468896,0.00503511168561932,12.9700917880472,0.000421270454637585,3.2931447250452e-06,0.000190583564286078,0.000131901229976277,0.379627745891518,5.06366142231768e-05,0.785398163397448,0.785398163397448,0,0,0.785398163397448,0,70.048442899259,8.58213087395714,14.5034104510881,0,1,34.9999788023244,0.379627245100669,0.000143860421499814
1.4625,32.5080782206473,0.00517182291221325,12.9700924065244,0.000427390553677913,3.37092745840713e-06,0.000194734058286483,0.000138166914438364,0.379627787219153,5.32295799223124e-05,0.785398163397448,0.785398163397448,0,0,0.785398163397448,0,70.3046776681781,8.28532731286761,14.3904660104959,0,1,34.9999781911541,0.379627271320255,0.000147766461532866
1.475,32.5080772809983,0.00530836945382032,12.9700930503466,0.000433302704073503,3.44793011497313e-06,0.00019884986544832,0.000144528396598104,0.37962782949171,5.58781662673158e-05,0.785398163397448,0.785398163397448,0,0,0.785398163397448,0,70.566300622097,7.9954325136321,14.2819654011438,0,1,34.9999775774327,0.379627298354378,0.000151667796427234
1.4875,32.5080763280648,0.00544474289234549,12.9700937190352,0.000439011766280465,3.52414596200957e-06,0.000202932298701213,0.000150982938196343,0.379627872698569,5.85819154124997e-05,0.785398163397448,0.785398163397448,0,0,0.785398163397448,0,70.8331663580998,7.71227796505253,14.1777873933829,0,1,34.9999769610934,0.379627326189039,0.000155564185666711
1.5,32.5080753619696,0.00558093476273819,12.9700944121118,0.000444522482089557,3.59956850903446e-06,0.000206982635346446,0.000157527867436442,0.379627916829024,6.13403869391178e-05,0.785398163397448,0.785398163397448,0,0,0.785398163397448,0,71.1051331588977,7.43569940134541,14.0778136355432,0,1,34.9999763420694,0.379627354810248,0.000159455387393509
1.5125,32.5080743828362,0.00571693655588283,12.9700951290989,0.000449839477613863,3.67419150717999e-06,0.000211002117905512,0.000164160577344317,0.37962796187229,6.41531573816378e-05,0.785398163397448,0.785398163397448,0,0,0.785398163397448,0,71.3820629007701,7.16553669562088,13.9819285834889,0,1,34.9999757202951,0.379627384204023,0.000163341158490845
1.525,32.5080733907885,0.00585273972143767,12.9700958695195,0.000454967266201482,3.74800894842285e-06,0.00021499195494788,0.000170878524169537,0.379628007817501,6.70198197652922e-05,0.785398163397448,0.785398163397448,0,0,0.785398163397448,0,71.663820963812,6.90163375644761,13.8900194318629,0,1,34.9999750957052,0.379627414356393,0.00016722125466405
1.5375,32.5080723859512,0.00598833567062314,12.9700966328974,0.000459910251275447,3.82101506474001e-06,0.000218953321898472,0.000177679225826437,0.37962805465372,6.99399831546322e-05,0.785398163397448,0.785398163397448,0,0,0.785398163397448,0,71.9502761444012,6.64383842688632,13.801976047268,0,1,34.999974468235,0.379627445253402,0.000171095430520234
1.55,32.5080713684491,0.00612371577896063,12.9700974187571,0.000464672729102591,3.89320432718337e-06,0.000222887361825383,0.000184560260374271,0.379628102369935,7.2913272212815e-05,0.785398163397448,0.785398163397448,0,0,0.785398163397448,0,72.2413005698587,6.39200238564965,13.717690902758,0,1,34.9999738378206,0.37962747688111,0.000174963439646541
1.5625,32.5080703384078,0.00625887138896286,12.9700982266241,0.000469258891492744,3.96457144485764e-06,0.000226795186208302,0.0001915192645354,0.379628150955067,7.59393267713608e-05,0.785398163397448,0.785398163397448,0,0,0.785398163397448,0,72.5367696152258,6.14598105082445,13.6370590143493,0,1,34.9999732043986,0.379627509225596,0.000178825034687009
1.575,32.5080692959533,0.00639379381277671,12.9700990560249,0.000473672828430563,4.03511136381797e-06,0.000230677875688167,0.000198553932250592,0.379628200397971,7.90178014101242e-05,0.785398163397448,0.785398163397448,0,0,0.785398163397448,0,72.8365618220997,5.90563348657104,13.5599778788168,0,1,34.9999725679063,0.379627542272961,0.000182679967418084
1.5875,32.5080682412118,0.00652847433477958,12.970099906487,0.000477918530641293,4.1048192658986e-06,0.000234536480798478,0.000205662013270485,0.379628250687441,8.21483650472307e-05,0.785398163397448,0.785398163397448,0,0,0.785398163397448,0,73.1405588195225,5.67082231148723,13.4863474133928,0,1,34.9999719282818,0.379627576009327,0.000186527988822798
1.6,32.5080671743101,0.00666290421413018,12.9701007775389,0.000481999892092294,4.17369056746414e-06,0.00023837202267879,0.000212841311782322,0.379628301812212,8.53307005387332e-05,0.785398163397448,0.785398163397448,0,0,0.785398163397448,0,73.448645246805,5.44141360943571,13.4160698965762,0,1,34.9999712854635,0.379627610420844,0.000190368849163649
1.6125,32.5080660953754,0.00679707468727471,12.9701016687107,0.000485920712431763,4.24172091808407e-06,0.00024218549377074,0.000220089685071075,0.379628353760959,8.85645042877536e-05,0.785398163397448,0.785398163397448,0,0,0.785398163397448,0,73.7607086782901,5.21727684289223,13.3490499108015,0,1,34.9999706393907,0.379627645493688,0.000194202298054207
1.625,32.5080650045351,0.00693097697040924,12.9701025795332,0.000489684699366491,4.30890619915582e-06,0.000245977858497147,0.000227405042214087,0.379628406522309,9.18494858628762e-05,0.785398163397448,0.785398163397448,0,0,0.785398163397448,0,74.0766395499788,4.99828476761407,13.2851942862361,0,1,34.9999699900034,0.379627681214069,0.000198028084529464
1.6375,32.5080639019171,0.00706460226189928,12.9701035095392,0.000493295470979719,4.37524252243702e-06,0.000249750053924539,0.000234785342808411,0.379628460084837,9.51853676255677e-05,0.785398163397448,0.785398163397448,0,0,0.785398163397448,0,74.3963310879888,4.78431335096015,13.2244120462749,0,1,34.9999693372422,0.379627717568224,0.000201845957114964
1.65,32.5080627876494,0.00719794174465729,12.9701044582623,0.00049675655799113,4.44072622854275e-06,0.00025350299040954,0.000242228595730015,0.379628514437068,9.85718843664051e-05,0.785398163397448,0.785398163397448,0,0,0.785398163397448,0,74.719679238794,4.57524169042645,13.1666143540576,0,1,34.9999686810483,0.379627754542431,0.000205655663894734
1.6625,32.5080616618605,0.00733098658847899,12.9701054252382,0.000500071405960063,4.50535388537137e-06,0.000257237552229553,0.000249732857924063,0.379628569567487,0.000102008782949895,0.785398163397448,0.785398163397448,0,0,0.785398163397448,0,75.0465826011865,4.37095193565069,13.1117144609121,0,1,34.9999680213637,0.379627792122999,0.000209456952578033
1.675,32.5080605246789,0.00746372795233937,12.9701064100037,0.000503243377433383,4.56912228646847e-06,0.000260954598198098,0.000257296233225493,0.379628625464534,0.000105495821967679,0.785398163397448,0.785398163397448,0,0,0.785398163397448,0,75.3769423599575,4.17132921149205,13.0596276552334,0,1,34.999967358131,0.379627830296282,0.000213249570564949
1.6875,32.5080593762334,0.00759615698664895,12.9701074120975,0.000506275754039585,4.63202844934946e-06,0.000264654962265197,0.000264916871209131,0.379628682116613,0.000109032771399913,0.785398163397448,0.785398163397448,0,0,0.785398163397448,0,75.7106622211975,3.97626154344438,13.0102712134423,0,1,34.9999666912937,0.379627869048671,0.000217033265010869
1.7,32.5080582166532,0.0077282648354714,12.9701084310599,0.000509171738530184,4.69406961375871e-06,0.000268339454103185,0.000272592966068613,0.37962873951209,0.000112619412284639,0.785398163397448,0.785398163397448,0,0,0.785398163397448,0,76.0476483492187,3.7856397849189,12.9635643518006,0,1,34.9999660207956,0.379627908366604,0.000220807782889834
1.7125,32.5080570460674,0.00786004263870284,12.9701094664333,0.000511934456770036,4.75524323989158e-06,0.000272008859678321,0.000280322755523377,0.3796287976393,0.000116255536394931,0.785398163397448,0.785398163397448,0,0,0.785398163397448,0,76.3878093050646,3.59935754612663,12.9194281795221,0,1,34.9999653465815,0.379627948236564,0.000224572871056802
1.725,32.5080558646055,0.00799148153421395,12.9701105177616,0.000514566959677585,4.81554700655892e-06,0.000275663941808554,0.000288104519753041,0.379628856486547,0.000119940945923648,0.785398163397448,0.785398163397448,0,0,0.785398163397448,0,76.7310559865189,3.41731112454968,12.8777856527983,0,1,34.999964668597,0.37962798864508,0.000228328276308858
1.7375,32.5080546723967,0.00812257265995533,12.9701115845907,0.000517072225116347,4.8749788093081e-06,0.00027930544070775,0.00029593658035847,0.379628916042107,0.000123675453175603,0.785398163397448,0.785398163397448,0,0,0.785398163397448,0,77.0773015696245,3.2393994380449,12.8385615306783,0,1,34.999963986788,0.379628029578733,0.000232073745445359
1.75,32.5080534695708,0.00825330715602692,12.9701126664688,0.000519453159739016,4.93353675850448e-06,0.00028293407451682,0.000303817299348868,0.379628976294232,0.00012745888026696,0.785398163397448,0.785398163397448,0,0,0.785398163397448,0,77.4264614516571,3.06552395829162,12.8016823310596,0,1,34.9999633011015,0.379628071024158,0.000235809025327062
1.7625,32.5080522562574,0.00838367616671203,12.9701137629458,0.000521712600785137,4.99121917737497e-06,0.000286550539821936,0.000311745078154243,0.379629037231151,0.000131291058831699,0.785398163397448,0.785398163397448,0,0,0.785398163397448,0,77.7784531955033,2.89558864713505,12.7670762887854,0,1,34.999962611485,0.37962811296804,0.000239533862934241
1.775,32.5080510325862,0.00851367084247684,12.9701148735739,0.000523853317833624,5.0480246000048e-06,0.000290155512160303,0.000319718356662613,0.379629098841074,0.000135171829734967,0.785398163397448,0.785398163397448,0,0,0.785398163397448,0,78.133196475444,2.72949989377339,12.7346733140372,0,1,34.9999619178868,0.379628155397125,0.000243248005423809
1.7875,32.5080497986868,0.00864328234193571,12.9701159979077,0.00052587801451135,5.10395176929971e-06,0.000293749646513699,0.000327735612281329,0.379629161112195,0.00013910104279315,0.785398163397448,0.785398163397448,0,0,0.785398163397448,0,78.4906130242706,2.56716645357596,12.7044049521882,0,1,34.9999612202559,0.379628198298214,0.000246951200185476
1.8,32.5080485546891,0.00877250183378323,12.9701171355037,0.000527789330158556,5.15899963492103e-06,0.000297333577790136,0.000335795359021917,0.379629224032692,0.000143078556500517,0.785398163397448,0.785398163397448,0,0,0.785398163397448,0,78.8506265817125,2.40849938876135,12.6762043444215,0,1,34.999960518542,0.37962824165817,0.000250643194896944
1.8125,32.5080473007226,0.00890132049869336,12.9701182859211,0.000529589841452571,5.21316735117029e-06,0.000300907921293907,0.000343896146607841,0.379629287590733,0.000147104237762252,0.785398163397448,0.785398163397448,0,0,0.785398163397448,0,79.2131628441607,2.25341201032415,12.6500061897093,0,1,34.9999598126957,0.379628285463919,0.000254323737578168
1.825,32.508046036917,0.00902972953118636,12.9701194487213,0.000531282063990662,5.26645427485619e-06,0.000304473273184377,0.000352036559604628,0.379629351774477,0.00015117796163375,0.785398163397448,0.785398163397448,0,0,0.785398163397448,0,79.5781494156372,2.10181982129551,12.6257467071821,0,1,34.999959102668,0.379628329702449,0.0002579925766447
1.8375,32.5080447634019,0.00915772014146406,12.9701206234681,0.000532868453832942,5.31885996312921e-06,0.000308030210923691,0.000360215216571778,0.379629416572074,0.000155299611066006,0.785398163397448,0.785398163397448,0,0,0.785398163397448,0,79.9455157599772,1.95364046168477,12.6033635999707,0,1,34.9999583884109,0.379628374360816,0.000261649460960119
1.85,32.5080434803067,0.00928528355721405,12.9701218097281,0.000534351409006684,5.37038417128808e-06,0.000311579293713816,0.000368430769235928,0.379629481971673,0.000159469076656954,0.785398163397448,0.785398163397448,0,0,0.785398163397448,0,80.3151931542051,1.80879365461985,12.582796019702,0,1,34.9999576698771,0.379628419426145,0.000265294139887586
1.8625,32.5080421877607,0.00941241102538324,12.9701230070702,0.000535733270972515,5.42102685054118e-06,0.000315121062923055,0.000376681901684727,0.37962954796142,0.000163686256408621,0.785398163397448,0.785398163397448,0,0,0.785398163397448,0,80.6871146430735,1.66720115405739,12.5639845318916,0,1,34.9999569470199,0.379628464885629,0.000268926363340506
1.875,32.5080408858932,0.00953909381392146,12.9701242150662,0.000537016326053908,5.47078814577709e-06,0.00031865604250238,0.000384967329580912,0.37962961452946,0.000167951055489952,0.785398163397448,0.785398163397448,0,0,0.785398163397448,0,81.0612149947211,1.52878669312362,12.5468710821977,0,1,34.9999562197935,0.379628510726534,0.000272545881832355
1.8875,32.5080395748331,0.00966532321349542,12.9701254332903,0.000538202806830524,5.51966839327349e-06,0.000322184739391806,0.000393285799396073,0.379629681663944,0.000172263386005169,0.785398163397448,0.785398163397448,0,0,0.785398163397448,0,81.437430657446,1.39347593489219,12.5313989637681,0,1,34.9999554881527,0.3796285569362,0.000276152446525642
1.9,32.5080382547093,0.00979109053917373,12.9701266613198,0.000539294893496579,5.5676681184115e-06,0.000325707643917065,0.000401636087663615,0.379629749353027,0.000176623166767531,0.785398163397448,0.785398163397448,0,0,0.785398163397448,0,81.8156997175371,1.26119642304318,12.5175127849453,0,1,34.9999547520533,0.37962860350204,0.000279745809280056
1.9125,32.5080369256503,0.00991638713208328,12.9701278987347,0.000540294715184786,5.61478803335052e-06,0.000329225230176814,0.000410017000250436,0.379629817584871,0.000181030323078373,0.785398163397448,0.785398163397448,0,0,0.785398163397448,0,82.1959618581811,1.13187753507477,12.5051584382546,0,1,34.9999540114514,0.379628650411547,0.000283325722699786
1.925,32.5080355877846,0.0100412043610376,12.9701291451177,0.000541204351257221,5.66102903469284e-06,0.000332737956420637,0.000418427371646857,0.379629886347651,0.000185484786511293,0.785398163397448,0.785398163397448,0,0,0.785398163397448,0,82.5781583193572,1.00545043564502,12.494283069815,0,1,34.9999532663043,0.379628697652292,0.00028689194018005
1.9375,32.5080342412402,0.0101655336241375,12.9701304000546,0.000542025832563443,5.70639220112111e-06,0.000336246265418046,0.000426866064274339,0.379629955629552,0.000189986494701358,0.785398163397448,0.785398163397448,0,0,0.785398163397448,0,82.96223185875,0.881848031451033,12.4848350497752,0,1,34.9999525165698,0.379628745211925,0.000290444215952827
1.95,32.508032886145,0.0102893663503449,12.9701316631342,0.000542761142666795,5.75087879102533e-06,0.000339750584818717,0.000435331967810542,0.379630025418774,0.000194535391139227,0.785398163397448,0.785398163397448,0,0,0.785398163397448,0,83.3481267136342,0.761004927512899,12.4767639432882,0,1,34.9999517622065,0.37962879307818,0.000293982305131811
1.9625,32.5080315226264,0.010412694001029,12.9701329339483,0.000543412219040057,5.79449024011141e-06,0.000343251327504196,0.000443823998531299,0.379630095703535,0.000199131424970057,0.785398163397448,0.785398163397448,0,0,0.785398163397448,0,83.7357885636868,0.64285738418712,12.4700204824881,0,1,34.9999510031737,0.379628841238875,0.000297505963756607
1.975,32.5080301508117,0.0105355080714874,12.9701342120917,0.00054398095423075,5.83722815898793e-06,0.000346748891931286,0.000452341098669073,0.37963016647207,0.000203774550797091,0.785398163397448,0.785398163397448,0,0,0.785398163397448,0,84.1251644947576,0.5273432749822,12.4645565386277,0,1,34.9999502394315,0.379628889681911,0.000301014948836173
1.9875,32.5080287708276,0.0106578000924402,12.9701354971625,0.000544469196996864,5.8790943307479e-06,0.000350243662467262,0.000460882235787486,0.379630237712638,0.000208464728489804,0.785398163397448,0.785398163397448,0,0,0.785398163397448,0,84.5162029635097,0.414402046651538,12.4603250958474,0,1,34.9999494709409,0.379628938395277,0.000304509018391518
2,32.5080273828008,0.0107795616314993,12.9701367887618,0.00054487875341429,5.92009070852357e-06,0.000353736009717231,0.000469446402171517,0.379630309413519,0.000213201922996519,0.785398163397448,0.785398163397448,0,0,0.785398163397448,0,84.9088537629337,0.303974678307385,12.4572802244156,0,1,34.9999486976633,0.379628987367052,0.000307987931497674
2.0125,32.5080259868571,0.0109007842946123,12.9701380864941,0.00054521138795595,5.96021941304767e-06,0.000357226290843748,0.000478032614232978,0.37963038156302,0.000217986104161361,0.785398163397448,0.785398163397448,0,0,0.785398163397448,0,85.3030679887593,0.19600364375927,12.4553770556795,0,1,34.9999479195613,0.379629036585402,0.000311451448324953
2.025,32.5080245831224,0.0110214597274813,12.9701393899669,0.000545468824543821,5.99948273018211e-06,0.000360714849878896,0.000486639911930883,0.379630454149474,0.000222817246545479,0.785398163397448,0.785398163397448,0,0,0.785398163397448,0,85.6987980066661,0.0904328728969785,12.4545717572337,0,1,34.9999471365978,0.379629086038587,0.000314899330179491
2.0375,32.5080231717218,0.0111415796169583,12.9701406987915,0.000545652747574317,6.03788310845929e-06,0.000364202018029087,0.000495267358206335,0.379630527161246,0.000227695329252403,0.785398163397448,0.785398163397448,0,0,0.785398163397448,0,86.0959974203054,-0.0127922848518558,12.4548215083056,0,1,34.9999463487367,0.379629135714958,0.0003183313395431
2.05,32.5080217527801,0.0112611356924154,12.9701420125821,0.000545764802917627,6.0754231565855e-06,0.000367688113972609,0.000503914038431568,0.379630600586731,0.000232620335757459,0.785398163397448,0.785398163397448,0,0,0.785398163397448,0,86.4946210401497,-0.113725096397461,12.4560844766432,0,1,34.9999455559426,0.37962918560296,0.000321747240112434
2.0625,32.5080203264216,0.0113801197270926,12.9701433309564,0.000545806598891973,6.11210564096941e-06,0.000371173444150311,0.000512579059872788,0.379630674414358,0.00023759225374115,0.785398163397448,0.785398163397448,0,0,0.785398163397448,0,86.8946248530844,-0.212417480013469,12.4583197953181,0,1,34.9999447581809,0.379629235691135,0.000325146796837477
2.075,32.5080188927701,0.0114985235394209,12.9701446535358,0.000545779707213241,6.14793348320729e-06,0.000374658303049464,0.000521261551166471,0.379630748632591,0.000242611074926389,0.785398163397448,0.785398163397448,0,0,0.785398163397448,0,87.2959659927679,-0.308920039996188,12.4614875401109,0,1,34.9999439554178,0.37962928596812,0.000328529775959364
2.0875,32.5080174519489,0.0116163389943237,12.970145979945,0.00054568566392012,6.18290975759489e-06,0.000378142973480912,0.000529960661808774,0.379630823229932,0.000247676794919517,0.785398163397448,0.785398163397448,0,0,0.785398163397448,0,87.6986027107208,-0.403282099193294,12.4655487079136,0,1,34.99994314762,0.37962933642265,0.00033189594504755
2.1,32.5080160040808,0.0117335580044946,12.9701473098122,0.000545525970276434,6.2170376886061e-06,0.000381627726849906,0.00053867556165773,0.379630898194922,0.000252789413055002,0.785398163397448,0.785398163397448,0,0,0.785398163397448,0,88.102494348156,-0.495551732079823,12.4704651953028,0,1,34.9999423347551,0.379629387043561,0.000335245073036327
2.1125,32.508014549288,0.0118501725316534,12.9701486427692,0.000545302093650209,6.25032064838686e-06,0.000385112823420523,0.000547405440447915,0.379630973516144,0.000257948932243746,0.785398163397448,0.785398163397448,0,0,0.785398163397448,0,88.5076013084659,-0.585775796293111,12.4761997777254,0,1,34.9999415167916,0.379629437819789,0.000338576930260705
2.125,32.5080130876921,0.0119661745877799,12.9701499784514,0.000545015468370473,6.28276215423003e-06,0.000388598512574002,0.000556149507317258,0.379631049182225,0.000263155358824902,0.785398163397448,0.785398163397448,0,0,0.785398163397448,0,88.9138850304364,-0.673999963387354,12.482716089282,0,1,34.9999406936986,0.379629488740369,0.000341891288491659
2.1375,32.5080116194142,0.0120815562363259,12.970151316498,0.000544667496562552,6.31436586605643e-06,0.00039208503306109,0.000564906990345705,0.379631125181833,0.000268408702421128,0.785398163397448,0.785398163397448,0,0,0.785398163397448,0,89.3213079620952,-0.760268749137054,12.4899786029663,0,1,34.9999398654458,0.379629539794441,0.000345187920970763
2.15,32.5080101445748,0.0121963095934057,12.9701526565515,0.000544259548961911,6.34513558388707e-06,0.000395572613248534,0.000573677136105429,0.379631201503687,0.000273708975797208,0.785398163397448,0.785398163397448,0,0,0.785398163397448,0,89.7298335352331,-0.844625542827453,12.4979526113967,0,1,34.999939032004,0.37962959097125,0.000348466602444202
2.1625,32.5080086632936,0.0123104268289657,12.9701539982585,0.000543792965707485,6.37507524531479e-06,0.000399061471359913,0.000582459209222302,0.379631278136553,0.000279056194721935,0.785398163397448,0.785398163397448,0,0,0.785398163397448,0,90.1394261405371,-0.927112635806635,12.5066042080544,0,1,34.9999381933443,0.379629642260145,0.000351727109196186
2.175,32.50800717569,0.0124239001679326,12.9701553412691,0.000543269057114903,6.40418892298596e-06,0.000402551815710898,0.000591252491948333,0.379631355069246,0.00028445037783321,0.785398163397448,0.785398163397448,0,0,0.785398163397448,0,90.5500511033467,-1.00777124978528,12.5159002688976,0,1,34.999937349439,0.379629693650578,0.000354969219081765
2.1875,32.5080056818823,0.0125367218913419,12.9701566852373,0.000542689104429809,6.43248082205561e-06,0.00040604384493911,0.00060005628374482,0.379631432290634,0.000289891546506268,0.785398163397448,0.785398163397448,0,0,0.785398163397448,0,90.9616746600294,-1.08664156336864,12.5258084346963,0,1,34.9999365002609,0.379629745132113,0.000358192711559052
2.2,32.5080041819885,0.0126488843374449,12.9701580298208,0.000542054360562435,6.4599552776727e-06,0.00040953774822873,0.00060886990087592,0.379631509789638,0.000295379724724955,0.785398163397448,0.785398163397448,0,0,0.785398163397448,0,91.3742639349109,-1.16376273928603,12.5362970934342,0,1,34.9999356457834,0.379629796694418,0.000361397367720869
2.2125,32.5080026761257,0.0127603799027963,12.9701593746811,0.000541366050803124,6.48661675244476e-06,0.000413033705529931,0.000617692676012398,0.379631587555236,0.000300914938956003,0.785398163397448,0.785398163397448,0,0,0.785398163397448,0,91.7877869178099,-1.23917294997454,12.5473353635329,0,1,34.9999347859809,0.379629848327272,0.000364582970325818
2.225,32.5080011644104,0.012871201043322,12.9701607194837,0.000540625373519845,6.51246983391631e-06,0.000416531887773342,0.000626523957845276,0.379631665576458,0.000306497218026218,0.785398163397448,0.785398163397448,0,0,0.785398163397448,0,92.2022124421098,-1.31290940279084,12.5588930771232,0,1,34.9999339208285,0.379629900020563,0.000367749303828778
2.2375,32.5079996469583,0.0129813402753669,12.9701620638979,0.000539833500837871,6.53751923204084e-06,0.000420032457079585,0.000635363110709159,0.379631743842399,0.000312126593002522,0.785398163397448,0.785398163397448,0,0,0.785398163397448,0,92.6175101633766,-1.38500836475994,12.5709407640928,0,1,34.9999330503019,0.37962995176429,0.000370896154410855
2.25,32.5079981238844,0.0130907901767235,12.9701634075969,0.000538991579302215,6.56176977665967e-06,0.000423535566964089,0.000644209514214972,0.379631822342207,0.000317803097074783,0.785398163397448,0.785398163397448,0,0,0.785398163397448,0,93.0336505385183,-1.45550518649911,12.5834496362191,0,1,34.9999321743775,0.379630003548563,0.000374023310008761
2.2625,32.507996595303,0.0131995433876415,12.9701647502579,0.000538100730523108,6.58522641499511e-06,0.000427041362537224,0.00065306256289188,0.379631901065097,0.000323526765441369,0.785398163397448,0.785398163397448,0,0,0.785398163397448,0,93.4506048054538,-1.52443432550629,12.5963915720117,0,1,34.9999312930327,0.379630055363606,0.000377130560343663
2.275,32.5079950613275,0.0133075926118183,12.9701660915619,0.000537162051805024,6.60789420912102e-06,0.000430549980699935,0.000661921665838161,0.379631980000343,0.000329297635197367,0.785398163397448,0.785398163397448,0,0,0.785398163397448,0,93.8683449632861,-1.59182936925132,12.6097391016063,0,1,34.9999304062453,0.379630107199753,0.000380217696949482
2.2875,32.5079935220706,0.0134149306173706,12.970167431194,0.000536176616759678,6.62977833346234e-06,0.00043406155033494,0.000670786246380809,0.379632059137285,0.000335115745225404,0.785398163397448,0.785398163397448,0,0,0.785398163397448,0,94.286843752966,-1.65772305713704,12.6234653923467,0,1,34.9999295139941,0.379630159047456,0.000383284513200658
2.3,32.5079919776442,0.0135215502377883,12.9701687688433,0.000535145475903459,6.65088407229276e-06,0.000437576192493666,0.000679655741743636,0.379632138465329,0.00034098113608901,0.785398163397448,0.785398163397448,0,0,0.785398163397448,0,94.7060746384398,-1.72214730251275,12.6375442343525,0,1,34.9999286162584,0.379630210897276,0.000386330804339388
2.3125,32.5079904281594,0.0136274443728691,12.9701701042029,0.000534069657239325,6.67121681723854e-06,0.000441094020578912,0.000688529602723669,0.379632217973948,0.000346893849928472,0.785398163397448,0.785398163397448,0,0,0.785398163397448,0,95.1260117882731,-1.7851332132883,12.6519500270472,0,1,34.9999277130183,0.379630262739896,0.000389356367502347
2.325,32.5079888737264,0.0137326059896356,12.9701714369699,0.000532950166824255,6.69078206477789e-06,0.000444615140523517,0.00069740729337563,0.379632297652681,0.000352853930359113,0.785398163397448,0.785398163397448,0,0,0.785398163397448,0,95.5466300576955,-1.84671111328657,12.6666577652017,0,1,34.9999268042546,0.379630314566108,0.000392361001746882
2.3375,32.5079873144547,0.0138370281232345,12.9701727668455,0.00053178798932171,6.70958541376843e-06,0.00044813965096495,0.000706288290704297,0.37963237749114,0.000358861422371955,0.785398163397448,0.785398163397448,0,0,0.785398163397448,0,95.9679049711483,-1.90691056180211,12.6816430260928,0,1,34.9999258899489,0.379630366366826,0.000395344508076702
2.35,32.5079857504527,0.0139407038778183,12.9701740935349,0.000530584088540316,6.72763256296277e-06,0.00045166764341607,0.000715172084364541,0.379632457479008,0.000364916372236699,0.785398163397448,0.785398163397448,0,0,0.785398163397448,0,96.3898127052087,-1.96576037325054,12.6968819566214,0,1,34.9999249700834,0.379630418133078,0.000398306689467065
2.3625,32.5079841818282,0.0140436264274085,12.9701754167474,0.000529339407958592,6.74492930853935e-06,0.000455199202432071,0.00072405817636885,0.379632537606037,0.000371018827406984,0.785398163397448,0.785398163397448,0,0,0.785398163397448,0,96.8123300719692,-2.02328863663431,12.7123512606757,0,1,34.999924044641,0.37963046985601,0.00040124735088946
2.375,32.5079826086881,0.0141457890167431,12.9701767361966,0.000528054871236212,6.76148154164907e-06,0.000458734405773729,0.000732946080802157,0.379632617862056,0.00037716883642786,0.785398163397448,0.785398163397448,0,0,0.785398163397448,0,97.235434502826,-2.07952273383867,12.7280281869679,0,1,34.9999231136054,0.379630521526887,0.000404166299335793
2.3875,32.5079810311381,0.0142471849621055,12.9701780516,0.000526731382712258,6.77729524595607e-06,0.000462273324567048,0.000741835323543772,0.379632698236967,0.000383366448845443,0.785398163397448,0.785398163397448,0,0,0.785398163397448,0,97.659104032653,-2.13448935796243,12.7438905172665,0,1,34.9999221769609,0.379630573137092,0.000407063343842091
2.4,32.5079794492833,0.0143478076521373,12.9701793626792,0.000525369827890627,6.79237649520739e-06,0.000465816023459398,0.000750725441996253,0.37963277872075,0.000389611715118682,0.785398163397448,0.785398163397448,0,0,0.785398163397448,0,98.0833172843945,-2.18821453071748,12.7599165546565,0,1,34.9999212346925,0.379630624678127,0.000409938295511714
2.4125,32.5079778632279,0.0144476505486339,12.97018066916,0.000523971073913031,6.80673145078635e-06,0.000469362560772207,0.000759615984821039,0.37963285930346,0.000395904686533217,0.785398163397448,0.785398163397448,0,0,0.785398163397448,0,98.5080534540213,-2.24072362062715,12.7760851121581,0,1,34.999920286786,0.379630676141614,0.000412790967538091
2.425,32.507976273075,0.0145467071873237,12.9701819707724,0.000522535970019596,6.82036635929807e-06,0.000472912988650318,0.000768506511680664,0.379632939975232,0.000402245415117263,0.785398163397448,0.785398163397448,0,0,0.785398163397448,0,98.9332922958562,-2.29204135865622,12.7923755018782,0,1,34.9999193332277,0.379630727519294,0.000415621175226983
2.4375,32.5079746789268,0.0146449711786307,12.9701832672506,0.000521065347997976,6.83328755015931e-06,0.000476467353208083,0.000777396592987396,0.379633020726278,0.000408633953559477,0.785398163397448,0.785398163397448,0,0,0.785398163397448,0,99.359014108285,-2.34219185552419,12.8087675241853,0,1,34.9999183740047,0.379630778803029,0.000418428736018268
2.45,32.5079730808847,0.0147424362084212,12.9701845583328,0.000519560022620652,6.84550143319703e-06,0.000480025694672298,0.000786285809658135,0.379633101546893,0.000415070355128783,0.785398163397448,0.785398163397448,0,0,0.785398163397448,0,99.785199719801,-2.39119861719968,12.8252414571598,0,1,34.9999174091049,0.379630829984802,0.000421213469507269
2.4625,32.5079714790489,0.0148390960387333,12.9701858437614,0.00051802079207113,6.85701449626927e-06,0.000483588047522023,0.000795173752875413,0.379633182427453,0.000421554673596086,0.785398163397448,0.785398163397448,0,0,0.785398163397448,0,100.211830475403,-2.439084560923,12.8417780464031,0,1,34.9999164385165,0.379630881056715,0.000423975197465617
2.475,32.5079698735189,0.0149349445084918,12.9701871232832,0.000516448438358985,6.86783330287169e-06,0.000487154440625366,0.000804060023854337,0.379633263358415,0.000428086963157852,0.785398163397448,0.785398163397448,0,0,0.785398163397448,0,100.638888223328,-2.48587203015964,12.8583584950549,0,1,34.9999154622287,0.379630932010993,0.000426713743861656
2.4875,32.507968264393,0.0150299755342064,12.9701883966488,0.00051484372772428,6.87796448979237e-06,0.000490724897373339,0.000812944233615337,0.379633344330321,0.000434667278361516,0.785398163397448,0.785398163397448,0,0,0.785398163397448,0,101.066355302134,-2.53158280949794,12.8749644540983,0,1,34.9999144802314,0.379630982839981,0.000429428934880396
2.5,32.5079666517686,0.0151241831106541,12.9701896636134,0.000513207411031664,6.88741476475322e-06,0.000494299435810848,0.000821826002762547,0.379633425333797,0.000441295674032658,0.785398163397448,0.785398163397448,0,0,0.785398163397448,0,101.494214528062,-2.57623813925104,12.8915780128088,0,1,34.9999134925148,0.379631033536147,0.00043212059894302
2.5125,32.5079650357421,0.0152175613115467,12.9701909239362,0.000511540224153995,6.89619090407348e-06,0.000497878068764844,0.000830704961267711,0.379633506359555,0.000447972205203933,0.785398163397448,0.785398163397448,0,0,0.785398163397448,0,101.92244918274,-2.61985872922633,12.9081816895871,0,1,34.9999124990701,0.37963108409208,0.000434788566725943
2.525,32.507963416409,0.0153101042901822,12.9701921773804,0.000509842888346398,6.90429975034265e-06,0.00050146080396979,0.000839580748259445,0.379633587398392,0.000454696927045708,0.785398163397448,0.785398163397448,0,0,0.785398163397448,0,102.351043001193,-2.66246477315789,12.9247584228014,0,1,34.999911499889,0.379631134500491,0.000437432671179432
2.5375,32.5079617938636,0.0154018062800814,12.9701934237137,0.000508116110610241,6.9117482101222e-06,0.000505047644190405,0.000848453011817731,0.379633668441193,0.000461469894798359,0.785398163397448,0.785398163397448,0,0,0.785398163397448,0,102.779980160142,-2.70407596120607,12.9412915621086,0,1,34.9999104949638,0.379631184754212,0.000440052747545788
2.55,32.5079601681993,0.0154926615956091,12.9701946627079,0.0005063605840481,6.91854325164235e-06,0.00050863858734186,0.000857321408773514,0.379633749478931,0.000468291163706215,0.785398163397448,0.785398163397448,0,0,0.785398163397448,0,103.209245266593,-2.74471149375683,12.9577648599213,0,1,34.9999094842877,0.3796312348462,0.000442648633377099
2.5625,32.5079585395084,0.0155826646325802,12.970195894139,0.000504576988209205,6.92469190252328e-06,0.000512233626607412,0.000866185604513261,0.379633830502668,0.000475160788953092,0.785398163397448,0.785398163397448,0,0,0.785398163397448,0,103.638823346707,-2.78439009391777,12.9741624627801,0,1,34.9999084678542,0.379631284769531,0.000445220168552557
2.575,32.5079569078822,0.0156718098688514,12.9701971177871,0.000502765989426056,6.93020124751069e-06,0.000515832750553563,0.000875045272788372,0.379633911503555,0.000482078825599403,0.785398163397448,0.785398163397448,0,0,0.785398163397448,0,104.06869983495,-2.82313001994776,12.990468903468,0,1,34.9999074456576,0.379631334517406,0.000447767195295357
2.5875,32.5079552734109,0.0157600918648973,12.9701983334366,0.000500928241142241,6.93507842623033e-06,0.000519435943242818,0.000883900095529303,0.379633992472834,0.000489045328520788,0.785398163397448,0.785398163397448,0,0,0.785398163397448,0,104.498860563519,-2.8609490773403,13.0066690928699,0,1,34.9999064176929,0.379631384083146,0.000450289558189169
2.6,32.5079536361838,0.0158475052643728,12.9701995408761,0.000499064384231774,6.93933063094618e-06,0.000523043184344073,0.000892749762664295,0.379634073401837,0.000496060352348262,0.785398163397448,0.785398163397448,0,0,0.785398163397448,0,104.929291752014,-2.89786463089336,13.022748312259,0,1,34.9999053839556,0.379631433460196,0.000452787104194191
2.6125,32.507951996289,0.0159340447946598,12.9702007398983,0.000497175047310089,6.94296510434713e-06,0.000526654449240736,0.000901593971942584,0.379634154281989,0.000503123951409821,0.785398163397448,0.785398163397448,0,0,0.785398163397448,0,105.359979997374,-2.93389361564889,13.0386922057936,0,1,34.9999043444417,0.379631482642123,0.00045525968266279
2.625,32.5079503538135,0.0160197052674012,12.9702019303001,0.0004952608470369,6.94598913734965e-06,0.000530269709136581,0.00091043242876198,0.379634235104808,0.000510236179673488,0.785398163397448,0.785398163397448,0,0,0.785398163397448,0,105.79091226408,-2.96905254877589,13.0544867730292,0,1,34.9999032991481,0.379631531622615,0.000457707145354732
2.6375,32.5079487088434,0.0161044815790184,12.9702031118825,0.000493322388411332,6.94841006690647e-06,0.000533888931159444,0.000919264846000709,0.379634315861903,0.00051739709069178,0.785398163397448,0.785398163397448,0,0,0.785398163397448,0,106.222075874555,-3.00335754028312,13.0701183616692,0,1,34.9999022480722,0.379631580395483,0.000460129346451996
2.65,32.5079470614636,0.0161883687112167,12.970204284451,0.00049136026505905,6.95023527384054e-06,0.000537512078462759,0.0009280909438534,0.379634396544979,0.00052460673754754,0.785398163397448,0.785398163397448,0,0,0.785398163397448,0,106.653458499862,-3.03682430350763,13.0855736606291,0,1,34.9999011912119,0.37963162895466,0.000462526142573194
2.6625,32.507945411758,0.0162713617314753,12.9702054478148,0.00048937505951214,6.95147218069632e-06,0.000541139110325048,0.00093691044967112,0.379634477145834,0.000531865172801138,0.785398163397448,0.785398163397448,0,0,0.785398163397448,0,107.085048150574,-3.06946816581917,13.1008396931075,0,1,34.9999001285657,0.379631677294201,0.000464897392787575
2.675,32.5079437598092,0.0163534557935236,12.9702066017876,0.00048736734348146,6.9521282496075e-06,0.00054476998224733,0.000945723097805352,0.379634557656362,0.00053917244843898,0.785398163397448,0.785398163397448,0,0,0.785398163397448,0,107.516833167922,-3.10130407844379,13.1159038100377,0,1,34.9998990601329,0.379631725408284,0.000467242958628645
2.6875,32.507942105699,0.0164346461378043,12.9702077461871,0.000485337678122142,6.95221098017632e-06,0.000548404646048656,0.000954528629455807,0.37963463806855,0.000546528615823331,0.785398163397448,0.785398163397448,0,0,0.785398163397448,0,107.948802215123,-3.13234662654533,13.1307536834053,0,1,34.9998979859131,0.379631773291205,0.000469562704107379
2.7,32.5079404495079,0.0165149280919215,12.9702088808351,0.0004832866142919,6.95172790737912e-06,0.00055204304995962,0.000963326792521996,0.379634718374485,0.000553933725643398,0.785398163397448,0.785398163397448,0,0,0.785398163397448,0,108.380944268946,-3.16261003910818,13.1453772997477,0,1,34.9998969059066,0.379631820937384,0.000471856495725045
2.7125,32.5079387913153,0.0165942970710764,12.9702100055576,0.000481214692802445,6.95068659949079e-06,0.000555685138713989,0.000972117341458428,0.379634798566347,0.000561387827867664,0.785398163397448,0.785398163397448,0,0,0.785398163397448,0,108.813248611474,-3.19210819793394,13.1597629542235,0,1,34.9998958201145,0.379631868341361,0.000474124202485636
2.725,32.5079371311997,0.0166727485784886,12.9702111201847,0.000479122444664626,6.94909465602364e-06,0.00055933085363855,0.000980900037133386,0.379634878636416,0.000568890971697445,0.785398163397448,0.785398163397448,0,0,0.785398163397448,0,109.245704822093,-3.22085464679227,13.1738992444653,0,1,34.999894728538,0.379631915497799,0.000476365695907917
2.7375,32.5079354692382,0.0167502782058044,12.9702122245506,0.000477010391326947,6.94695970567598e-06,0.000562980132741149,0.000989674646691151,0.379634958577066,0.000576443205521639,0.785398163397448,0.785398163397448,0,0,0.785398163397448,0,109.678302769634,-3.24886260073351,13.1877750645994,0,1,34.9998936311792,0.379631962401479,0.000478580850037087
2.75,32.5079338055071,0.0168268816334916,12.9702133184935,0.000474879044907759,6.94428940431938e-06,0.000566632910796979,0.000998440943417608,0.379635038380771,0.00058404457687265,0.785398163397448,0.785398163397448,0,0,0.785398163397448,0,110.111032604763,-3.27614495456418,13.2013795993706,0,1,34.9998925280407,0.379632009047302,0.000480769541456054
2.7625,32.5079321400812,0.0169025546312205,12.9702144018557,0.000472728908421314,6.94109143299255e-06,0.000570289119433123,0.00100719870660915,0.379635118040104,0.000591695132383462,0.785398163397448,0.785398163397448,0,0,0.785398163397448,0,110.54388475253,-3.30271429116778,13.2147023187343,0,1,34.9998914191257,0.379632055430291,0.000482931649296341
2.775,32.5079304730346,0.016977293058233,12.9702154744838,0.000470560475998045,6.93737349591617e-06,0.000573948687211489,0.00101594772144477,0.379635197547735,0.000599394917745839,0.785398163397448,0.785398163397448,0,0,0.785398163397448,0,110.976849905102,-3.32858289043108,13.2277329720998,0,1,34.9998903044377,0.379632101545588,0.000485067055248603
2.7875,32.5079288044399,0.0170510928636972,12.9702165362281,0.00046837423309867,6.93314331852706e-06,0.000577611539710082,0.00102468777886129,0.379635276896433,0.000607143977669631,0.785398163397448,0.785398163397448,0,0,0.785398163397448,0,111.409919014687,-3.35376273621492,13.2404615833101,0,1,34.999889183981,0.379632147388453,0.000487175643572782
2.8,32.5079271343689,0.0171239500870501,12.9702175869431,0.000466170656722999,6.92840864553551e-06,0.000581277599602719,0.00103341867543166,0.379635356079067,0.000614942355843161,0.785398163397448,0.785398163397448,0,0,0.785398163397448,0,111.843083286641,-3.37826552537485,13.252878445019,0,1,34.9998880577603,0.379632192954265,0.000489257301107884
2.8125,32.5079254628919,0.0171958608583266,12.9702186264873,0.00046395021561304,6.92317723899757e-06,0.000584946786737194,0.00104214021324613,0.379635435088606,0.000622790094894677,0.785398163397448,0.785398163397448,0,0,0.785398163397448,0,112.276334172705,-3.4021026746281,13.2649741138072,0,1,34.9998869257809,0.379632238238523,0.000491311917281391
2.825,32.5079237900785,0.017266821398476,12.9702196547231,0.000461713370450593,6.91745687640792e-06,0.000588619018211893,0.00105085219979647,0.379635513918118,0.000630687236354843,0.785398163397448,0.785398163397448,0,0,0.785398163397448,0,112.709663364473,-3.42528532849728,13.2767394050632,0,1,34.9998857880485,0.379632283236843,0.0004933393841183
2.8375,32.5079221159969,0.0173368280196664,12.9702206715171,0.00045946057404976,6.91125534882657e-06,0.000592294208450972,0.00105955444786283,0.379635592560772,0.000638633820620252,0.785398163397448,0.785398163397448,0,0,0.785398163397448,0,113.143062786969,-3.44782436637194,13.2881653882282,0,1,34.9998846445696,0.379632327944957,0.000495339596249809
2.85,32.5079204407142,0.0174058771255752,12.9702216767396,0.000457192271544271,6.90458045899891e-06,0.000595972269278098,0.00106824677540347,0.379635671009835,0.000646629886917942,0.785398163397448,0.785398163397448,0,0,0.785398163397448,0,113.5765245924,-3.4697304094064,13.2992433820335,0,1,34.9998834953508,0.379632372358717,0.000497312450921633
2.8625,32.5079187642963,0.0174739652116678,12.970222670265,0.000454908900569817,6.8974400195199e-06,0.000599653109988773,0.00107692900544713,0.379635749258677,0.000654675473270892,0.785398163397448,0.785398163397448,0,0,0.785398163397448,0,114.010041154086,-3.49101382798698,13.3099649497047,0,1,34.9998823403994,0.379632416474089,0.000499257848001967
2.875,32.5079170868082,0.017541088865464,12.9702236519716,0.000452610891441501,6.88984185101177e-06,0.000603336637421286,0.001085600965988,0.379635827300769,0.000662770616464488,0.785398163397448,0.785398163397448,0,0,0.785398163397448,0,114.443605060501,-3.51168474805888,13.3203218945784,0,1,34.9998811797234,0.379632460287156,0.000501175689989086
2.8875,32.5079154083135,0.0176072447667918,12.9702246217415,0.000450298667326545,6.88179378031888e-06,0.000607022756026332,0.00109426248988317,0.379635905129681,0.000670915352013926,0.785398163397448,0.785398163397448,0,0,0.785398163397448,0,114.877209109496,-3.53175305786596,13.3303062555663,0,1,34.999880013331,0.379632503794117,0.0005030658820186
2.9,32.5079137288749,0.0176724296880282,12.9702255794607,0.000447972644412355,6.87330363873368e-06,0.0006107113679353,0.00110291341475272,0.379635982739085,0.000679109714132549,0.785398163397448,0.785398163397448,0,0,0.785398163397448,0,115.310846302648,-3.55122841410144,13.3399103029267,0,1,34.9998788412309,0.379632546991285,0.000504928331870346
2.9125,32.5079120485538,0.0177366404943293,12.9702265250193,0.000445633232070223,6.86437926022391e-06,0.000614402373027357,0.001111553582882,0.379636060122754,0.000687353735701096,0.785398163397448,0.785398163397448,0,0,0.785398163397448,0,115.744509839754,-3.57012024864445,13.3491265340363,0,1,34.9998776634325,0.379632589875088,0.000506762949974944
2.925,32.5079103674105,0.0177998741438465,12.9702274583108,0.000443280833014337,6.85502847970907e-06,0.000618095668995188,0.00112018284112643,0.379636137274562,0.000695647448237838,0.785398163397448,0.785398163397448,0,0,0.785398163397448,0,116.178193113458,-3.58843777417073,13.3579476691542,0,1,34.9998764799454,0.379632632442066,0.000508569649419994
2.9375,32.5079086855042,0.017862127687932,12.9702283792329,0.000440915843456761,6.84525913133387e-06,0.000621791151409584,0.00112880104081855,0.379636214188485,0.000703990881869599,0.785398163397448,0.785398163397448,0,0,0.785398163397448,0,116.611889704021,-3.60618999039485,13.3663666475218,0,1,34.9998752907799,0.379632674688876,0.00051034834595593
2.95,32.5079070028929,0.0179233982713315,12.970229287687,0.000438538653258117,6.83507904677303e-06,0.000625488713782825,0.00113740803767719,0.3796362908586,0.000712384065303628,0.785398163397448,0.785398163397448,0,0,0.785398163397448,0,117.04559337422,-3.62338568966327,13.3743766233263,0,1,34.9998740959466,0.379632716612284,0.000512098958001544
2.9625,32.5079053196336,0.0179836831323655,12.970230183578,0.000436149646074313,6.82449605355983e-06,0.000629188247630909,0.00114600369171899,0.379636367279085,0.000720827025800328,0.785398163397448,0.785398163397448,0,0,0.785398163397448,0,117.479298064345,-3.64003346274044,13.3819709619312,0,1,34.9998728954566,0.379632758209168,0.000513821406649146
2.975,32.5079036357819,0.0180429796030982,12.9702310668149,0.000433749199499207,6.81351797343671e-06,0.000632889642534635,0.00115458786717188,0.37963644344422,0.000729319789146807,0.785398163397448,0.785398163397448,0,0,0.785398163397448,0,117.912997887379,-3.65614170425881,13.3891432361172,0,1,34.9998716893214,0.379632799476521,0.000515515615669411
2.9875,32.5079019513926,0.0181012851094952,12.9702319373102,0.000431337685203305,6.80215262071645e-06,0.000636592786199584,0.00116316043239072,0.379636519348386,0.000737862379631242,0.785398163397448,0.785398163397448,0,0,0.785398163397448,0,118.346687124231,-3.67171861792519,13.3958872223787,0,1,34.9998704775532,0.379632840411441,0.00051718151151587
3,32.5079002665192,0.0181585971715692,12.9702327949801,0.000428915469068971,6.79040780068059e-06,0.000640297564515017,0.00117172125977489,0.379636594986065,0.000746454820018051,0.785398163397448,0.785398163397448,0,0,0.785398163397448,0,118.78036021915,-3.68677222192414,13.4021968973638,0,1,34.9998692601642,0.379632881011141,0.000518819023329076
3.0125,32.507898581214,0.0182149134035138,12.9702336397446,0.000426482911321719,6.77829130799139e-06,0.000644003861611728,0.00118027022568786,0.379636670351841,0.00075509713152384,0.785398163397448,0.785398163397448,0,0,0.785398163397448,0,119.214011775191,-3.70131035402147,13.4080664343552,0,1,34.9998680371673,0.379632921272941,0.00052042808294044
3.025,32.5078968955283,0.0182702315138267,12.9702344715272,0.000424040366658058,6.76581092512747e-06,0.000647711559918858,0.0011888072103787,0.379636745440399,0.000763789333794132,0.785398163397448,0.785398163397448,0,0,0.785398163397448,0,119.647636549854,-3.7153406762589,13.4134901998826,0,1,34.9998668085759,0.379632961194267,0.00052200862487573
3.0375,32.5078952095123,0.0183245493054201,12.9702352902551,0.000421588184369768,6.75297442084175e-06,0.000651420540219689,0.00119733209790534,0.379636820246525,0.000772531444880845,0.785398163397448,0.785398163397448,0,0,0.785398163397448,0,120.081229450789,-3.72887068020019,13.4184627503373,0,1,34.9998655744036,0.379633000772658,0.000523560586358248
3.05,32.507893523215,0.0183778646757211,12.970236095859,0.000419126708464785,6.7397895486343e-06,0.000655130681706465,0.00120584477605977,0.379636894765106,0.000781323481220522,0.785398163397448,0.785398163397448,0,0,0.785398163397448,0,120.514785531629,-3.74190769108646,13.4229788287903,0,1,34.9998643346644,0.379633040005755,0.000525083907311675
3.0625,32.5078918366842,0.0184301756167593,12.9702368882732,0.000416656277784945,6.72626404526509e-06,0.00065884186203426,0.00121434513629491,0.379636968991129,0.000790165457613282,0.785398163397448,0.785398163397448,0,0,0.785398163397448,0,120.94829998791,-3.7544588731451,13.4270333615313,0,1,34.999863089373,0.379633078891309,0.000526578530362604
3.075,32.5078901499668,0.0184814802152446,12.9702376674355,0.000414177226120159,6.71240562927727e-06,0.000662553957373865,0.00122283307365322,0.379637042919684,0.000799057387202502,0.785398163397448,0.785398163397448,0,0,0.785398163397448,0,121.381768153121,-3.76653123324934,13.4306214554452,0,1,34.9998618385442,0.379633117427173,0.000528044400842735
3.0875,32.5078884631084,0.0185317766526327,12.9702384332873,0.000411689882319827,6.69822199953275e-06,0.000666266842463819,0.00123130848669702,0.379637116545959,0.000807999281455193,0.785398163397448,0.785398163397448,0,0,0.785398163397448,0,121.815185494825,-3.77813162596261,13.4337383943919,0,1,34.9998605821932,0.379633155611308,0.000529481466790763
3.1,32.5078867761535,0.01858106320518,12.9702391857734,0.000409194570400863,6.68372083379369e-06,0.000669980390661464,0.00123977127744036,0.379637189865244,0.000816991150143077,0.785398163397448,0.785398163397448,0,0,0.785398163397448,0,122.248547610878,-3.78926675735188,13.4363796366646,0,1,34.9998593203358,0.379633193441777,0.000530889678953947
3.1125,32.5078850891457,0.0186293382439874,12.970239924842,0.000406691609652953,6.66890978730791e-06,0.000673694473993194,0.00124822135128254,0.379637262872928,0.000826033001324344,0.785398163397448,0.785398163397448,0,0,0.785398163397448,0,122.681850225768,-3.79994318907993,13.438540811858,0,1,34.999858052988,0.379633230916745,0.000532268990789354
3.125,32.5078834021273,0.018676600235033,12.9702406504447,0.000404181314740905,6.65379649142311e-06,0.000677408963203809,0.00125665861694318,0.379637335564502,0.000835124841326078,0.785398163397448,0.785398163397448,0,0,0.785398163397448,0,123.11508918702,-3.81016734299107,13.4402177179951,0,1,34.9998567801662,0.379633268034481,0.000533619358464799
3.1375,32.5078817151395,0.0187228477391939,12.9702413625366,0.000401663995803857,6.63838855222426e-06,0.000681123727805004,0.00126508298639873,0.379637407935553,0.000844266674727342,0.785398163397448,0.785398163397448,0,0,0.785398163397448,0,123.548260461698,-3.81994550448595,13.4414063188523,0,1,34.9998555018872,0.379633304793355,0.000534940740859471
3.15,32.5078800282225,0.0187680794122574,12.970242061076,0.000399139958552163,6.62269354919414e-06,0.000684838636123093,0.00127349437482048,0.379637479981771,0.000853458504342909,0.785398163397448,0.785398163397448,0,0,0.785398163397448,0,123.981360132999,-3.82928382643543,13.4421027410851,0,1,34.9998542181681,0.379633341191836,0.000536233099564244
3.1625,32.5078783414153,0.0188122940049209,12.9702427460247,0.000396609504361266,6.60671903388902e-06,0.000688553555345878,0.00128189270051406,0.379637551698944,0.000862700331207631,0.785398163397448,0.785398163397448,0,0,0.785398163397448,0,124.414384396929,-3.83818833307872,13.4423032717504,0,1,34.9998529290263,0.379633377228496,0.000537496398881689
3.175,32.5078766547561,0.0188554903627818,12.9702434173475,0.000394072930363126,6.59047252864958e-06,0.000692268351568774,0.00129027788486021,0.379637623082958,0.000871992154561434,0.785398163397448,0.785398163397448,0,0,0.785398163397448,0,124.847329559059,-3.84666492340721,13.4420043555805,0,1,34.9998516344798,0.379633412902002,0.000538730605825772
3.1875,32.5078749682815,0.018897667426316,12.9702440750129,0.000391530529535018,6.57396152532058e-06,0.000695982889840145,0.00129864985225699,0.379637694129799,0.000881333971834928,0.785398163397448,0.785398163397448,0,0,0.785398163397448,0,125.280192031374,-3.85471937514582,13.4412025922695,0,1,34.9998503345467,0.379633448211121,0.000539935690121249
3.2,32.5078732820276,0.0189388242308464,12.9702447189922,0.000388982590785772,6.55719348400432e-06,0.000699697034205849,0.0013070085300633,0.379637764835548,0.000890725778635618,0.785398163397448,0.785398163397448,0,0,0.785398163397448,0,125.712968329182,-3.86235734757058,13.4398947343114,0,1,34.9998490292454,0.379633483154715,0.000541111624202769
3.2125,32.507871596029,0.0189789599065008,12.9702453492601,0.000386429399039748,6.54017583182987e-06,0.000703410647753132,0.00131535384854363,0.379637835196389,0.00090016756873472,0.785398163397448,0.785398163397448,0,0,0.785398163397448,0,126.145655068117,-3.86958438530028,13.4380776843146,0,1,34.9998477185948,0.379633517731746,0.000542258383213659
3.225,32.5078699103194,0.019018073678159,12.9702459657943,0.000383871235318387,6.52291596174365e-06,0.000707123592653744,0.00132368574081413,0.379637905208599,0.000909659334054546,0.785398163397448,0.785398163397448,0,0,0.785398163397448,0,126.578248961215,-3.87640592154658,13.4357484926078,0,1,34.9998464026141,0.379633551941266,0.000543375945004427
3.2375,32.5078682249315,0.01905616486539,12.9702465685759,0.000381308376819378,6.50542123133245e-06,0.000710835730206346,0.00133200414278987,0.379637974868555,0.000919201064656483,0.785398163397448,0.785398163397448,0,0,0.785398163397448,0,127.010746816044,-3.88282728104846,13.4329043549486,0,1,34.9998450813227,0.379633585782424,0.000544464290130962
3.25,32.5078665398969,0.0190932328823787,12.9702471575889,0.000378741096993755,6.48769896165931e-06,0.000714546920878248,0.00134030899313326,0.379638044172728,0.000928792748729525,0.785398163397448,0.785398163397448,0,0,0.785398163397448,0,127.443145531944,-3.88885368356933,13.4295426102864,0,1,34.9998437547403,0.379633619254463,0.000545523401852435
3.2625,32.507864855246,0.0191292772378418,12.9702477328204,0.000376169665620526,6.46975643612096e-06,0.000718257024346486,0.00134860023320366,0.379638113117688,0.000938434372579367,0.785398163397448,0.785398163397448,0,0,0.785398163397448,0,127.875442097301,-3.89449024635997,13.4256607383133,0,1,34.999842422887,0.379633652356717,0.000546553266128917
3.275,32.5078631710085,0.0191642975349351,12.9702482942604,0.000373594348879554,6.4516008993341e-06,0.000721965899538182,0.00135687780700811,0.379638181700099,0.000948125920618046,0.785398163397448,0.785398163397448,0,0,0.785398163397448,0,128.307633586901,-3.89974198750984,13.4212563575956,0,1,34.9998410857832,0.379633685088611,0.000547553871618701
3.2875,32.5078614872127,0.0191982934711485,12.9702488419022,0.000371015409422071,6.43323955603842e-06,0.000725673404670333,0.00136514166115314,0.379638249916722,0.000957867375354121,0.785398163397448,0.785398163397448,0,0,0.785398163397448,0,128.739717159358,-3.90461382890631,13.4163272229494,0,1,34.9998397434494,0.379633717449661,0.000548525209675334
3.3,32.507859803886,0.0192312648381931,12.9702493757417,0.000368433106439281,6.41467957002844e-06,0.000729379397288881,0.00137339174479765,0.379638317764412,0.000967658717383386,0.785398163397448,0.785398163397448,0,0,0.785398163397448,0,129.171690054602,-3.90911059858886,13.4108712237318,0,1,34.9998383959067,0.379633749439472,0.000549467274344364
3.3125,32.5078581210549,0.0192632115218766,12.970249895778,0.000365847695729024,6.39592806310131e-06,0.000733083734307243,0.00138162800960685,0.379638385240119,0.000977499925380102,0.785398163397448,0.785398163397448,0,0,0.785398163397448,0,129.603549591424,-3.91323703361529,13.4048863816717,0,1,34.9998370431761,0.379633781057739,0.000550380062359803
3.325,32.5078564387448,0.01929413350197,12.9702504020129,0.000363259429760519,6.37699211402791e-06,0.000736786272044192,0.00138985040970716,0.379638452340886,0.000987390976088745,0.785398163397448,0.785398163397448,0,0,0.785398163397448,0,130.035293165096,-3.91699778323795,13.398370848673,0,1,34.9998356852793,0.379633812304242,0.000551263573140306
3.3375,32.50785475698,0.0193240308520638,12.9702508944513,0.000360668557737147,6.35787875755085e-06,0.000740486866261133,0.00139805890164219,0.379638519063851,0.000997331844316255,0.785398163397448,0.785398163397448,0,0,0.785398163397448,0,130.466918245036,-3.92039741055646,13.3913229048917,0,1,34.9998343222378,0.379633843178849,0.000552117808785067
3.35,32.507853075784,0.0193529037394146,12.9702513731006,0.000358075325657546,6.33859498339698e-06,0.000744185372198798,0.00140625344432957,0.379638585406245,0.00100732250292479,0.785398163397448,0.785398163397448,0,0,0.785398163397448,0,130.898422372547,-3.92344039565014,13.3837409570545,0,1,34.9998329540736,0.379633873681513,0.000552942774069441
3.3625,32.507851395179,0.0193807524247821,12.9702518379712,0.000355479976374955,6.31914773531416e-06,0.000747881644613423,0.00141443399901875,0.379638651365391,0.00101736292282498,0.785398163397448,0.785398163397448,0,0,0.785398163397448,0,131.329803158604,-3.92613113806736,13.3756235359884,0,1,34.9998315808091,0.379633903812271,0.000553738476440277
3.375,32.5078497151865,0.0194075772622563,12.9702522890762,0.000352882749654648,6.29954391013764e-06,0.000751575537812268,0.00142260052924977,0.379638716938704,0.00102745307296961,0.785398163397448,0.785398163397448,0,0,0.785398163397448,0,131.761058281695,-3.92847395862812,13.3669692953906,0,1,34.9998302024666,0.379633933571246,0.000554504926010994
3.3875,32.5078480358269,0.0194333786990752,12.9702527264314,0.000350283882229914,6.27979035686752e-06,0.000755266905688678,0.00143075300081284,0.379638782123691,0.00103759292034786,0.785398163397448,0.785398163397448,0,0,0.785398163397448,0,132.192185485728,-3.93047310242088,13.3577770094746,0,1,34.9998288190689,0.379633962958639,0.000555242135556364
3.4,32.5078463571197,0.0194581572754328,12.9702531500553,0.000347683607856302,6.25989387577519e-06,0.00075895560175655,0.0014388913817088,0.379638846917948,0.00104778242997997,0.785398163397448,0.785398163397448,0,0,0.785398163397448,0,132.623182577979,-3.93213274063421,13.3480455714036,0,1,34.9998274306389,0.379633991974735,0.000555950120507034
3.4125,32.5078446790832,0.0194819136242781,12.970253559969,0.000345082157364269,6.23986121752987e-06,0.000762641479184289,0.00144701564211043,0.379638911319166,0.00105802156491233,0.785398163397448,0.785398163397448,0,0,0.785398163397448,0,133.054047427102,-3.93345697281324,13.3377739914957,0,1,34.9998260371998,0.3796340206199,0.000556628898943778
3.425,32.5078430017351,0.0195046484711043,12.9702539561962,0.000342479758710267,6.21969908233928e-06,0.000766324390828243,0.00145512575432459,0.37963897532512,0.00106831028621308,0.785398163397448,0.785398163397448,0,0,0.785398163397448,0,133.484777961178,-3.93444982896775,13.3269613955031,0,1,34.9998246387749,0.379634048894578,0.000557278491591477
3.4375,32.5078413250919,0.0195263626337287,12.9702543387633,0.000339876637026569,6.19941411912914e-06,0.000770004189265656,0.00146322169275511,0.379639038933678,0.00107864855296815,0.785398163397448,0.785398163397448,0,0,0.785398163397448,0,133.915372165829,-3.93511527195423,13.3156070227748,0,1,34.9998232353879,0.379634076799291,0.000557898921812835
3.45,32.5078396491692,0.0195470570220637,12.970254707699,0.000337273014669146,6.17901292472192e-06,0.000773680726827053,0.00147130343386651,0.379639102142796,0.00108903632227771,0.785398163397448,0.785398163397448,0,0,0.785398163397448,0,134.345828082369,-3.93545719899833,13.3037102247853,0,1,34.9998218270625,0.379634104334639,0.00055849021560183
3.4625,32.5078379739817,0.0195667326378782,12.9702550630348,0.00033466911126464,6.15850204305654e-06,0.000777353855628223,0.00147937095614842,0.379639164950517,0.00109947354925308,0.785398163397448,0.785398163397448,0,0,0.785398163397448,0,134.776143806001,-3.93547944402958,13.2912704632841,0,1,34.9998204138229,0.379634131501298,0.000559052401576903
3.475,32.5078362995432,0.0195853905745502,12.9702554048044,0.000332065143755541,6.13788796441708e-06,0.000781023427601642,0.00148742424008077,0.379639227354973,0.00110996018701402,0.785398163397448,0.785398163397448,0,0,0.785398163397448,0,135.206317484076,-3.93518577951329,13.2782873088739,0,1,34.9998189956931,0.379634158300019,0.000559585510973889
3.4875,32.5078346258665,0.0196030320168101,12.970255733044,0.000329461326444359,6.11717712468875e-06,0.000784689294527498,0.0014954632680997,0.37963928935438,0.00112049618668653,0.785398163397448,0.785398163397448,0,0,0.785398163397448,0,135.636347314367,-3.93457991819597,13.2647604392732,0,1,34.9998175726976,0.379634184731628,0.000560089577638683
3.5,32.5078329529635,0.0196196582404754,12.9702560477923,0.000326857871036129,6.09637590463103e-06,0.000788351308064188,0.00150348802456412,0.379639350947044,0.00113108149740098,0.785398163397448,0.785398163397448,0,0,0.785398163397448,0,136.066231543427,-3.93366551513746,13.2506896377802,0,1,34.9998161448609,0.379634210797022,0.000560564638019657
3.5125,32.5078312808454,0.0196352706121757,12.9702563490901,0.000324254986679987,6.07549062917855e-06,0.000792009319778395,0.00151149849572299,0.379639412131352,0.00114171606629067,0.785398163397448,0.785398163397448,0,0,0.785398163397448,0,136.495968464951,-3.93244616922376,13.2360747919083,0,1,34.9998147122078,0.379634236497171,0.000561010731159816
3.525,32.5078296095222,0.0196498705890699,12.9702566369809,0.000321652880009223,6.05452756674858e-06,0.000795663181174726,0.00151949466968323,0.37963947290578,0.0011523998384908,0.785398163397448,0.785398163397448,0,0,0.785398163397448,0,136.925556418204,-3.93092542496825,13.2209158916413,0,1,34.9998132747632,0.379634261833117,0.000561427898688706
3.5375,32.5078279390033,0.0196634597185541,12.9702569115101,0.000319051755180298,6.03349292858458e-06,0.000799312743724877,0.00152747653637831,0.379639533268885,0.00116313275713787,0.785398163397448,0.785398163397448,0,0,0.785398163397448,0,137.354993786486,-3.92910677422123,13.2052130281915,0,1,34.9998118325523,0.379634286805969,0.000561816184814068
3.55,32.507826269297,0.0196760396379603,12.9702571727255,0.000316451813910641,6.01239286811225e-06,0.000802957858896415,0.00153544408753741,0.37963959321931,0.00117391476336938,0.785398163397448,0.785398163397448,0,0,0.785398163397448,0,137.78427899562,-3.92699365792226,13.1889663922189,0,1,34.9998103856002,0.379634311416908,0.000562175636313243
3.5625,32.5078246004108,0.0196876120742472,12.9702574206771,0.000313853255515256,5.99123348032697e-06,0.000806598378181078,0.00154339731665523,0.379639652755777,0.00118474579632401,0.785398163397448,0.785398163397448,0,0,0.785398163397448,0,138.213410512508,-3.92458946732792,13.1721762729055,0,1,34.9998089339323,0.37963433566718,0.000562506302524332
3.575,32.5078229323515,0.0196981788436823,12.9702576554171,0.000311256276942231,5.97002080117337e-06,0.00081023415312272,0.00155133621896239,0.379639711877095,0.00119562579314211,0.785398163397448,0.785398163397448,0,0,0.785398163397448,0,138.6423868437,-3.92189754581169,13.1548430560625,0,1,34.9998074775744,0.3796343595581,0.000562808235337109
3.5875,32.5078212651248,0.0197077418515151,12.9702578769998,0.000308661072807276,5.94876080698254e-06,0.000813865035344814,0.00155926079139637,0.37963977058215,0.00120655468896663,0.785398163397448,0.785398163397448,0,0,0.785398163397448,0,139.071206534013,-3.91892119042495,13.1369672229476,0,1,34.9998060165519,0.379634383091045,0.000563081489183692
3.6,32.5078195987358,0.0197163030916422,12.9702580854816,0.000306067835427008,5.92745941390177e-06,0.000817490876577546,0.00156717103257303,0.379639828869912,0.0012175324169443,0.785398163397448,0.785398163397448,0,0,0.785398163397448,0,139.49986816518,-3.91566365303135,13.1185493489382,0,1,34.9998045508908,0.37963440626746,0.00056332612102897
3.6125,32.5078179331886,0.019723864646264,12.9702582809209,0.000303476754851329,5.90612247735126e-06,0.000821111528684513,0.00157506694275871,0.379639886739428,0.00122855890822734,0.785398163397448,0.785398163397448,0,0,0.785398163397448,0,139.92837035453,-3.91212814198462,13.0995901022409,0,1,34.9998030806171,0.379634429088852,0.000563542190360796
3.625,32.5078162684867,0.0197304286855326,12.9702584633782,0.000300888018894867,5.8847557915132e-06,0.000824726843689077,0.00158294852384278,0.379639944189826,0.00123963409197538,0.785398163397448,0.785398163397448,0,0,0.785398163397448,0,140.356711753729,-3.90831782341427,13.0800902423327,0,1,34.9998016057568,0.379634451556789,0.000563729759179937
3.6375,32.5078146046325,0.0197359974671925,12.970258632916,0.000298301813167297,5.86336508882408e-06,0.00082833667380028,0.00159081577931081,0.379640001220312,0.00125075789535778,0.785398163397448,0.785398163397448,0,0,0.785398163397448,0,140.784891047507,-3.90423582245079,13.0600506190359,0,1,34.9998001263362,0.379634473672902,0.000563888891989793
3.65,32.5078129416278,0.0197405733362118,12.9702587895986,0.000295718321102942,5.8419560394874e-06,0.000831940871438436,0.00159866871421813,0.37964005783017,0.00126193024355636,0.785398163397448,0.785398163397448,0,0,0.785398163397448,0,141.212906952463,-3.89988522482655,13.0394721708042,0,1,34.9997986423816,0.379634495438882,0.000564019655785877
3.6625,32.5078112794735,0.0197441587244067,12.9702589334924,0.00029313772398916,5.82053425102315e-06,0.000835539289260273,0.001606507335164,0.37964011401876,0.00127315105976835,0.785398163397448,0.785398163397448,0,0,0.785398163397448,0,141.640758215886,-3.89526907779572,13.018355923896,0,1,34.9997971539194,0.379634516856477,0.000564122120045069
3.675,32.5078096181699,0.0197467561500565,12.9702590646655,0.00029056020099403,5.79910526781094e-06,0.000839131780183803,0.00161433165026612,0.379640169785519,0.0012844202652098,0.785398163397448,0.785398163397448,0,0,0.785398163397448,0,142.068443614593,-3.89039039161015,12.9967029908331,0,1,34.9997956609763,0.379634537927496,0.000564196356714639
3.6875,32.5078079577164,0.019748368217512,12.970259183188,0.000287985929193231,5.77767457067922e-06,0.00084271819741278,0.00162214166913573,0.37964022512996,0.0012957377791192,0.785398163397448,0.785398163397448,0,0,0.785398163397448,0,142.495961953816,-3.88525214041972,12.9745145693121,0,1,34.9997941635788,0.379634558653803,0.000564242440201041
3.7,32.5078062981115,0.0197489976167951,12.9702592891317,0.00028541508359595,5.75624757648837e-06,0.000846298394460812,0.00162993740285309,0.379640280051669,0.00130710351876155,0.785398163397448,0.785398163397448,0,0,0.785398163397448,0,142.923312066106,-3.87985726369232,12.9517919409823,0,1,34.9997926617538,0.379634579037317,0.000564260447358478
3.7125,32.5078046393534,0.0197486471231907,12.9702593825702,0.000282847837170006,5.73482963774846e-06,0.000849872225175122,0.0016377188639434,0.379640334550308,0.00131851739943267,0.785398163397448,0.785398163397448,0,0,0.785398163397448,0,143.350492810293,-3.87420866725839,12.9285364702973,0,1,34.999791155528,0.379634599080013,0.000564250457477257
3.725,32.507802981439,0.0197473195968315,12.9702594635787,0.000280284360866213,5.71342604225553e-06,0.000853439543759984,0.00164548606635319,0.37964038862561,0.00132997933446383,0.785398163397448,0.785398163397448,0,0,0.785398163397448,0,143.777503070429,-3.8683092243185,12.9047496032533,0,1,34.9997896449285,0.379634618783919,0.000564212552271901
3.7375,32.5078013243649,0.0197450179822742,12.9702595322343,0.000277724823641993,5.69204201273505e-06,0.000857000204799811,0.00165323902542706,0.379640442277381,0.00134148923522674,0.785398163397448,0.785398163397448,0,0,0.785398163397448,0,144.204341754789,-3.8621617767613,12.8804328662998,0,1,34.9997881299821,0.379634638151118,0.000564146815869062
3.75,32.5077996681269,0.0197417453080686,12.9702595886157,0.00027516939248408,5.67068270651618e-06,0.000860554063281897,0.00166097775788491,0.3796404955055,0.00135304701113883,0.785398163397448,0.785398163397448,0,0,0.785398163397448,0,144.631007794904,-3.85576913571865,12.8555878652696,0,1,34.999786610716,0.37963465718374,0.000564053334795205
3.7625,32.5077980127198,0.0197375046863189,12.9702596328031,0.00027261823243079,5.64935321521045e-06,0.000864100974618852,0.00166870228179946,0.379640548309915,0.00136465256966878,0.785398163397448,0.785398163397448,0,0,0.785398163397448,0,145.057500144606,-3.84913408302426,12.8302162841494,0,1,34.9997850871574,0.379634675883969,0.000563932197964075
3.775,32.5077963581382,0.0197322993122382,12.9702596648783,0.000270071506593266,5.6280585644331e-06,0.000867640794670699,0.00167641261657423,0.379640600690644,0.00137630581634244,0.785398163397448,0.785398163397448,0,0,0.785398163397448,0,145.48381777909,-3.8422593719204,12.8043198839903,0,1,34.9997835593334,0.379634694254037,0.000563783496663961
3.7875,32.5077947043755,0.0197261324636943,12.9702596849248,0.00026752937617628,5.60680371350894e-06,0.000871173379766661,0.00168410878292191,0.379640652647775,0.00138800665474898,0.785398163397448,0.785398163397448,0,0,0.785398163397448,0,145.90995969403,-3.83514772814056,12.7779005018696,0,1,34.9997820272714,0.379634712296224,0.000563607324544734
3.8,32.5077930514248,0.0197190075007498,12.9702596930274,0.000264992000498234,5.58559355522337e-06,0.000874698586726618,0.00169179080284298,0.379640704181464,0.00139975498654733,0.785398163397448,0.785398163397448,0,0,0.785398163397448,0,146.335924904692,-3.82780185078955,12.7509600498135,0,1,34.9997804909987,0.379634730012858,0.00056340377760469
3.8125,32.5077913992784,0.019710927865193,12.9702596892726,0.000262459537010568,5.56443291557034e-06,0.000878216272882288,0.00169945869960481,0.379640755291935,0.001411550711473,0.785398163397448,0.785398163397448,0,0,0.785398163397448,0,146.76171244509,-3.82022441291215,12.7235005137088,0,1,34.9997789505426,0.379634747406313,0.000563172954177173
3.825,32.5077897479279,0.0197018970800639,12.9702596737481,0.000259932141316569,5.5433265535408e-06,0.000881726296098058,0.00170711249772101,0.379640805979476,0.00142339372734502,0.785398163397448,0.785398163397448,0,0,0.785398163397448,0,147.187321367149,-3.81241806288678,12.6955239522829,0,1,34.9997774059307,0.379634764479007,0.000562914954917003
3.8375,32.5077880973644,0.0196919187491707,12.9702596465432,0.000257409967189497,5.52227916090405e-06,0.000885228514791535,0.0017147522229312,0.379640856244446,0.00143528393007331,0.785398163397448,0.785398163397448,0,0,0.785398163397448,0,147.612750739904,-3.80438542517841,12.6670324958978,0,1,34.9997758571903,0.379634781233403,0.00056262988278669
3.85,32.5077864475782,0.0196809965566013,12.9702596077485,0.000254893166590115,5.50129536202407e-06,0.000888722787953801,0.00172237790218099,0.379640906087264,0.00144722121366624,0.785398163397448,0.785398163397448,0,0,0.785398163397448,0,148.037999648714,-3.79612910049431,12.6380283459337,0,1,34.999774304349,0.379634797672008,0.000562317843042457
3.8625,32.5077847985591,0.0196691342662265,12.9702595574559,0.000252381889683812,5.48037971368086e-06,0.000892208975169391,0.00172998956360243,0.379640955508415,0.00145920547023849,0.785398163397448,0.785398163397448,0,0,0.785398163397448,0,148.463067194508,-3.78765166746905,12.6085137732407,0,1,34.9997727474344,0.379634813797368,0.000561978943220055
3.875,32.5077831502963,0.0196563357211966,12.9702594957587,0.000249876284856888,5.45953670491707e-06,0.000895686936635903,0.0017375872364946,0.37964100450845,0.00147123659001917,0.785398163397448,0.785398163397448,0,0,0.785398163397448,0,148.887952493029,-3.77895568265531,12.5784911176791,0,1,34.999771186474,0.379634829612073,0.000561613293120389
3.8875,32.5077815027782,0.0196426048434317,12.9702594227512,0.000247376498732625,5.43877075689405e-06,0.000899156533183428,0.00174517095130462,0.379641053087977,0.0014833144613602,0.785398163397448,0.785398163397448,0,0,0.785398163397448,0,149.312654674128,-3.77004368189858,12.5479627866537,0,1,34.9997696214955,0.379634845118751,0.000561221004794938
3.9,32.5077798559928,0.0196279456331045,12.9702593385292,0.000244882676186558,5.41808622276698e-06,0.000902617626293621,0.00175274073960893,0.379641101247671,0.00149543897074495,0.785398163397448,0.785398163397448,0,0,0.785398163397448,0,149.737172881056,-3.76091818055257,12.516931254498,0,1,34.9997680525263,0.37963486032007,0.000560802192530995
3.9125,32.5077782099275,0.0196123621681169,12.9702592431895,0.000242394960361442,5.3974873875845e-06,0.000906070078118525,0.00176029663409478,0.379641148988265,0.00150761000279716,0.785398163397448,0.785398163397448,0,0,0.785398163397448,0,150.161506269787,-3.75158167442534,12.4853990613422,0,1,34.9997664795943,0.379634875218733,0.000560356972836704
3.925,32.5077765645691,0.0195958586035698,12.9702591368304,0.000239913492681542,5.37697846819092e-06,0.000909513751499094,0.0017678386685421,0.379641196310554,0.00151982744029005,0.785398163397448,0.785398163397448,0,0,0.785398163397448,0,150.585654008364,-3.7420366404775,12.4533688121338,0,1,34.9997649027269,0.379634889817484,0.000559885464425916
3.9375,32.5077749199039,0.0195784391712265,12.9702590195508,0.000237438412866639,5.35656361314536e-06,0.000912948509983475,0.0017753668778056,0.379641243215389,0.00153209116415574,0.785398163397448,0.785398163397448,0,0,0.785398163397448,0,151.009615276241,-3.73228553716709,12.4208431757938,0,1,34.999763321952,0.379634904119099,0.000559387788202854
3.95,32.5077732759176,0.0195601081789692,12.9702588914512,0.00023496985894541,5.33624690266181e-06,0.000916374217844968,0.00178288129779707,0.379641289703682,0.0015444010534949,0.785398163397448,0.785398163397448,0,0,0.785398163397448,0,151.433389263672,-3.72233080550147,12.3878248841944,0,1,34.999761737297,0.37963491812639,0.000558864067246596
3.9625,32.5077716325952,0.01954087001025,12.9702587526327,0.000232507967268512,5.31603234857352e-06,0.000919790740099783,0.00179038196546801,0.379641335776402,0.0015567569855866,0.785398163397448,0.785398163397448,0,0,0.785398163397448,0,151.856975171105,-3.71217486943947,12.3543167312855,0,1,34.9997601487897,0.379634931842204,0.000558314426795372
3.975,32.5077699899216,0.0195207291235343,12.9702586031978,0.000230052872521078,5.29592389429108e-06,0.000923197942524469,0.00179786891879253,0.379641381434574,0.00156915883589844,0.785398163397448,0.785398163397448,0,0,0.785398163397448,0,152.280372208587,-3.70182013624562,12.3203215722614,0,1,34.9997585564578,0.379634945269419,0.000557738994230685
3.9875,32.5077683478807,0.0194996900517393,12.9702584432498,0.000227604707734953,5.27592541479109e-06,0.000926595691673152,0.00180534219675036,0.37964142667928,0.00158160647809693,0.785398163397448,0.785398163397448,0,0,0.785398163397448,0,152.703579595202,-3.69126899763523,12.285842322329,0,1,34.9997569603288,0.379634958410944,0.000557137899061249
4,32.5077667064563,0.0194777574016655,12.9702582728929,0.000225163604300308,5.25604071661499e-06,0.000929983854894403,0.00181280183931025,0.379641471511656,0.001594099784058,0.785398163397448,0.785398163397448,0,0,0.785398163397448,0,153.126596558509,-3.68052382954572,12.2508819563656,0,1,34.9997553604303,0.379634971269721,0.000556511272906754
4.0125,32.5077650656315,0.0194549358534223,12.9702580922324,0.000222729691977227,5.23627353788265e-06,0.000933362300347999,0.0018202478874135,0.379641515932892,0.00160663862387789,0.785398163397448,0.785398163397448,0,0,0.785398163397448,0,153.549422334009,-3.66958699347721,12.2154435074057,0,1,34.9997537567901,0.37963498384872,0.000555859249481455
4.025,32.5077634253889,0.0194312301598473,12.9702579013744,0.000220303098906479,5.21662754831908e-06,0.000936730897021289,0.00182768038295773,0.379641559944231,0.0016192228658841,0.785398163397448,0.785398163397448,0,0,0.785398163397448,0,153.972056164622,-3.65846083640298,12.1795300662322,0,1,34.9997521494356,0.37963499615094,0.00055518196457759
4.0375,32.5077617857106,0.0194066451459207,12.9702577004258,0.000217883951620263,5.19710634930295e-06,0.000940089514745389,0.0018350993687809,0.379641603546969,0.00163185237664671,0.785398163397448,0.785398163397448,0,0,0.785398163397448,0,154.394497300174,-3.64714769168169,12.1431447803181,0,1,34.9997505383944,0.379635008179407,0.00055447955604863
4.05,32.5077601465786,0.0193811857081722,12.9702574894943,0.000215472375052364,5.17771347391854e-06,0.000943438024211129,0.00184250488864549,0.379641646742454,0.00164452702098977,0.785398163397448,0.785398163397448,0,0,0.785398163397448,0,154.816744996925,-3.63564987906886,12.1062908529135,0,1,34.9997489236941,0.379635019937176,0.000553752163792354
4.0625,32.5077585079739,0.0193548568140836,12.9702572686886,0.00021306849254821,5.15845238702419e-06,0.000946776296984687,0.00184989698722296,0.379641689532084,0.00165724666200305,0.785398163397448,0.785398163397448,0,0,0.785398163397448,0,155.23879851707,-3.62396970571011,12.0689715423318,0,1,34.9997473053621,0.379635031427325,0.000552999929733769
4.075,32.5077568698775,0.0193276635014849,12.9702570381179,0.000210672425874307,5.13932648533788e-06,0.00095010420552306,0.00185727571007828,0.379641731917307,0.00167001116105387,0.785398163397448,0.785398163397448,0,0,0.785398163397448,0,155.660657128286,-3.61210946628449,12.0311901609845,0,1,34.9997456834259,0.379635042652957,0.00055222299780786
4.0875,32.5077552322697,0.0192996108779448,12.9702567978924,0.000208284295227581,5.12033909754042e-06,0.000953421623189239,0.00186464110365483,0.379641773899619,0.00168282037779921,0.785398163397448,0.785398163397448,0,0,0.785398163397448,0,156.082320103296,-3.6000714432039,11.9929500746579,0,1,34.9997440579129,0.379635053617201,0.000551421513942177
4.1,32.5077535951306,0.0192707041201561,12.9702565481226,0.00020590421924446,5.10149348437689e-06,0.000956728424267188,0.00187199321525931,0.379641815480565,0.00169567417019801,0.785398163397448,0.785398163397448,0,0,0.785398163397448,0,156.503786719417,-3.58785790779608,11.954254701447,0,1,34.9997424288506,0.379635064323207,0.000550595626039271
4.1125,32.5077519584398,0.0192409484733147,12.9702562889201,0.000203532315009251,5.08279283878462e-06,0.000960024483976512,0.00187933209304698,0.379641856661738,0.00170857239452368,0.785398163397448,0.785398163397448,0,0,0.785398163397448,0,156.925056258147,-3.57547111986465,11.9151075111964,0,1,34.9997407962661,0.379635074774148,0.000549745483958963
4.125,32.5077503221764,0.0192103492504944,12.9702560203969,0.000201168698062737,5.06424028603732e-06,0.000963309678486969,0.00188665778600698,0.379641897444777,0.00172151490537674,0.785398163397448,0.785398163397448,0,0,0.785398163397448,0,157.346128004769,-3.56291332849303,11.87551202462,0,1,34.9997391601869,0.379635084973216,0.00054887123950047
4.1375,32.5077486863193,0.0191789118320154,12.9702557426656,0.00019881348241023,5.04583888387976e-06,0.000966583884932728,0.00189397034394788,0.379641937831365,0.00173450155569774,0.785398163397448,0.785398163397448,0,0,0.785398163397448,0,157.767001247932,-3.55018677234591,11.8354718123472,0,1,34.9997375206401,0.379635094923626,0.000547973046384365
4.15,32.5077470508469,0.0191466416648078,12.9702554558394,0.000196466780529386,5.02759162270312e-06,0.000969846981426355,0.00190126981748337,0.379641977823231,0.00174753219678036,0.785398163397448,0.785398163397448,0,0,0.785398163397448,0,158.187675279296,-3.53729368017406,11.794990494181,0,1,34.9997358776529,0.379635104628609,0.0005470510602344
4.1625,32.5077454157373,0.0191135442617702,12.9702551600321,0.000194128703377762,5.00950142571257e-06,0.000973098847072613,0.00190855625801815,0.379642017422149,0.00176060667828461,0.785398163397448,0.785398163397448,0,0,0.785398163397448,0,158.608149393148,-3.52423627085853,11.7540717384192,0,1,34.9997342312525,0.379635114091416,0.000546105438559171
4.175,32.5077437809683,0.0190796252011227,12.9702548553579,0.000191799360400153,4.99157114911583e-06,0.000976339361982018,0.00191582971773394,0.379642056629934,0.0017737248482503,0.785398163397448,0.785398163397448,0,0,0.785398163397448,0,159.028422886043,-3.51101675395841,11.7127192608812,0,1,34.9997325814658,0.379635123315315,0.000545136340733644
4.1875,32.5077421465171,0.0190448901257557,12.9702545419316,0.000189478859535684,4.97380358231898e-06,0.000979568407284169,0.00192309024957565,0.379642095448444,0.0017868865531107,0.785398163397448,0.785398163397448,0,0,0.785398163397448,0,159.448495056471,-3.49763732994537,11.6709368242186,0,1,34.9997309283198,0.37963513230359,0.000544143927980531
4.2,32.507740512361,0.0190093447425724,12.9702542198683,0.00018716730722465,4.95620144814032e-06,0.000982785865140849,0.00193033790723777,0.379642133879578,0.00180009163770629,0.785398163397448,0.785398163397448,0,0,0.785398163397448,0,159.868365204517,-3.48410019068337,11.6287282371115,0,1,34.9997292718414,0.379635141059541,0.000543128363351531
4.2125,32.5077388784765,0.0189729948218281,12.9702538892837,0.000184864808415124,4.93876740303009e-06,0.000985991618758923,0.0019375727451508,0.379642171925277,0.00181333994529878,0.785398163397448,0.785398163397448,0,0,0.785398163397448,0,160.288032631523,-3.47040751939691,11.586097353495,0,1,34.9997276120576,0.379635149586482,0.000542089811708425
4.225,32.5077372448402,0.018935846196463,12.9702535502937,0.00018257146656943,4.92150403730559e-06,0.000989185552402994,0.00194479481846794,0.379642209587519,0.00182663131758522,0.785398163397448,0.785398163397448,0,0,0.785398163397448,0,160.707496639806,-3.45656149114102,11.5430480718257,0,1,34.999725948995,0.37963515788774,0.000541028439704044
4.2375,32.5077356114283,0.0188979047614319,12.9702532030148,0.000180287383670333,4.90441387539291e-06,0.000992367551407849,0.0019520041830518,0.379642246868323,0.00183996559471237,0.785398163397448,0.785398163397448,0,0,0.785398163397448,0,161.126756532337,-3.44256427327456,11.4995843342003,0,1,34.9997242826803,0.379635165966657,0.000539944415763089
4.25,32.5077339782164,0.0188591764730279,12.9702528475636,0.000178012660227064,4.88749937607698e-06,0.000995537502190697,0.00195920089546137,0.379642283769745,0.00185334261529114,0.785398163397448,0.785398163397448,0,0,0.785398163397448,0,161.545811612442,-3.42841802526373,11.4557101256796,0,1,34.9997226131402,0.379635173826585,0.00053883791006283
4.2625,32.5077323451803,0.0188196673482023,12.9702524840571,0.000175747395281156,4.8707629327818e-06,0.00099869529226317,0.00196638501293904,0.379642320293879,0.00186676221641126,0.785398163397448,0.785398163397448,0,0,0.785398163397448,0,161.964661183557,-3.41412489936398,11.4114294734749,0,1,34.9997209404011,0.379635181470888,0.000537709094513667
4.275,32.5077307122952,0.0187793834638802,12.9702521126126,0.000173491686412021,4.85420687383554e-06,0.00100184081024311,0.00197355659339778,0.379642356442854,0.0018802242336561,0.785398163397448,0.785398163397448,0,0,0.785398163397448,0,162.383304548911,-3.39968704049569,11.3667464464172,0,1,34.9997192644895,0.379635188902939,0.000536558142739571
4.2875,32.5077290795362,0.0187383309562707,12.9702517333477,0.000171245629742563,4.83783346275972e-06,0.00100497394586618,0.00198071569540847,0.379642392218835,0.0018937285011176,0.785398163397448,0.785398163397448,0,0,0.785398163397448,0,162.801741011303,-3.38510658689446,11.3216651537298,0,1,34.9997175854317,0.379635196126122,0.000535385230058388
4.3,32.507727446878,0.018696516020174,12.9702513463801,0.000169009319944351,4.82164489856311e-06,0.00100809458999723,0.00198786237818727,0.379642427624022,0.00190727485141143,0.785398163397448,0.785398163397448,0,0,0.785398163397448,0,163.219969872828,-3.37038566987717,11.2761897448662,0,1,34.999715903254,0.379635203143828,0.000534190533462032
4.3125,32.5077258142953,0.0186539449082832,12.9702509518277,0.000166782850242862,4.80564331606105e-06,0.00101120263464144,0.00199499670158325,0.379642462660649,0.00192086311569223,0.785398163397448,0.785398163397448,0,0,0.785398163397448,0,163.637990434651,-3.35552641433884,11.2303244082916,0,1,34.9997142179826,0.379635209959457,0.000532974231596545
4.325,32.5077241817624,0.0186106239304829,12.9702505498087,0.000164566312422405,4.78983078617403e-06,0.00101429797295528,0.00200211872606601,0.379642497330982,0.00193449312366904,0.785398163397448,0.785398163397448,0,0,0.785398163397448,0,164.055801996762,-3.34053093882551,11.1840733711609,0,1,34.9997125296434,0.379635216576416,0.000531736504742048
4.3375,32.5077225492535,0.0185665594531427,12.9702501404414,0.000162359796831079,4.77420931627376e-06,0.00101738049925732,0.00200922851271348,0.37964253163732,0.0019481647036209,0.785398163397448,0.785398163397448,0,0,0.785398163397448,0,164.473403857753,-3.32540135579417,11.1374408981444,0,1,34.9997108382626,0.379635222998116,0.000530477534792569
4.35,32.5077209167423,0.0185217578984077,12.9702497238442,0.000160163392385391,4.75878085050092e-06,0.00102045010903867,0.00201632612319981,0.379642565581994,0.00196187768241251,0.785398163397448,0.785398163397448,0,0,0.785398163397448,0,164.890795314617,-3.3101397718251,11.0904312910436,0,1,34.9997091438658,0.379635229227975,0.000529197505235755
4.3625,32.5077192842028,0.0184762257434842,12.9702493001354,0.000157977186574875,4.74354727012574e-06,0.00102350669897337,0.00202341161978341,0.379642599167364,0.00197563188551011,0.785398163397448,0.785398163397448,0,0,0.785398163397448,0,165.307975662512,-3.29474828770849,11.0430488879327,0,1,34.9997074464789,0.379635235269416,0.000527896601132481
4.375,32.5077176516084,0.0184299695199222,12.9702488694337,0.000155801265466488,4.72851039389089e-06,0.00102655016692853,0.00203048506529503,0.379642632395821,0.00198942713699744,0.785398163397448,0.785398163397448,0,0,0.785398163397448,0,165.724944194594,-3.27922899845436,10.995298062532,0,1,34.9997057461276,0.379635241125864,0.000526575009096341
4.3875,32.5077160189325,0.0183829958128937,12.9702484318576,0.000153635713709075,4.71367197837803e-06,0.00102958041197426,0.002037546523126,0.379642665269784,0.00200326325959192,0.785398163397448,0.785398163397448,0,0,0.785398163397448,0,166.141700201814,-3.26358399385166,10.9471832234077,0,1,34.9997040428373,0.379635246800748,0.000525232917273028
4.4,32.5077143861483,0.0183353112604674,12.9702479875258,0.000151480614537518,4.69903371838423e-06,0.00103259733439339,0.00204459605721655,0.379642697791702,0.00201714007466084,0.785398163397448,0.785398163397448,0,0,0.785398163397448,0,166.558242972724,-3.24781535826485,10.8987088131557,0,1,34.9997023366335,0.379635252297498,0.000523870515319621
4.4125,32.5077127532289,0.0182869225528804,12.9702475365567,0.000149336049776838,4.68459724729441e-06,0.00103560083569098,0.00205163373204426,0.379642729964048,0.00203105740223778,0.785398163397448,0.785398163397448,0,0,0.785398163397448,0,166.974571793322,-3.2319251710106,10.8498793080435,0,1,34.9997006275416,0.379635257619547,0.00052248799438376
4.425,32.5077111201471,0.0182378364318051,12.9702470790691,0.000147202099846201,4.67036413747975e-06,0.0010385908186037,0.00205865961261252,0.379642761789326,0.00204501506103914,0.785398163397448,0.785398163397448,0,0,0.785398163397448,0,167.390685946866,-3.21591550615583,10.8006992169096,0,1,34.9996989155866,0.379635262770328,0.000521085547082716
4.4375,32.5077094868759,0.0181880596896138,12.9702466151812,0.000145078843762869,4.65633590067849e-06,0.00104156718710891,0.00206567376443923,0.379642793270061,0.00205901286848072,0.785398163397448,0.785398163397448,0,0,0.785398163397448,0,167.806584713727,-3.19978843305215,10.7511730807789,0,1,34.9996972007938,0.379635267753273,0.000519663367482379
4.45,32.5077078533877,0.0181375991686395,12.9702461450117,0.00014296635914595,4.64251398841981e-06,0.00104452984643366,0.00207267625354543,0.379642824408808,0.00207305064069452,0.785398163397448,0.785398163397448,0,0,0.785398163397448,0,168.222267371232,-3.18354601606798,10.7013054719567,0,1,34.9996954831881,0.379635272571814,0.000518221651076127
4.4625,32.5077062196551,0.0180864617604335,12.9702456686786,0.000140864722220323,4.62889979241762e-06,0.00104747870306338,0.00207966714644416,0.379642855208142,0.00208712819254563,0.785398163397448,0.785398163397448,0,0,0.785398163397448,0,168.637733193519,-3.16719031501166,10.6511009934498,0,1,34.9996937627943,0.379635277229381,0.000516760594763621
4.475,32.5077045856506,0.0180346544050193,12.9702451863004,0.000138774007820019,4.61549464500777e-06,0.00105041366475044,0.00208664651012934,0.379642885670663,0.00210124533764916,0.785398163397448,0.785398163397448,0,0,0.785398163397448,0,169.052981451394,-3.15072338498865,10.6005642782416,0,1,34.9996920396371,0.379635281729403,0.0005152803968295
4.4875,32.5077029513465,0.0179821840901443,12.9702446979948,0.000136694289392035,4.60229981956185e-06,0.00105333464052254,0.00209361441206472,0.379642915798995,0.00211540188838743,0.785398163397448,0.785398163397448,0,0,0.785398163397448,0,169.468011412196,-3.13414727671512,10.5496999886162,0,1,34.9996903137412,0.379635286075303,0.000513781256921982
4.5,32.507701316715,0.0179290578505277,12.9702442038799,0.000134625638999724,4.58931653092315e-06,0.00105624154069081,0.00210057092017301,0.379642945595783,0.00212959765592712,0.785398163397448,0.785398163397448,0,0,0.785398163397448,0,169.882822339688,-3.11746403639843,10.4985128154745,0,1,34.999688585131,0.379635290270504,0.000512263376031384
4.5125,32.5076996817283,0.0178752827671055,12.9702437040732,0.000132568127326257,4.57654593585794e-06,0.00105913427685785,0.00210751610282493,0.379642975063692,0.00214383245023662,0.785398163397448,0.785398163397448,0,0,0.785398163397448,0,170.29741349392,-3.10067570599574,10.4470074775437,0,1,34.9996868538309,0.379635294318422,0.000510726956468559
4.525,32.5076980463585,0.0178208659662732,12.9702431986921,0.000130521823678004,4.56398913349238e-06,0.00106201276192545,0.00211445002882853,0.379643004205408,0.00215810608010349,0.785398163397448,0.785398163397448,0,0,0.785398163397448,0,170.711784131119,-3.08378432300869,10.3951887210609,0,1,34.9996851198651,0.379635298222468,0.000509172201843244
4.5375,32.5076964105777,0.0177658146191248,12.9702426878539,0.000128486795987861,4.55164716576955e-06,0.00106487691010223,0.00212137276741847,0.379643033023639,0.00217241835315193,0.785398163397448,0.785398163397448,0,0,0.785398163397448,0,171.125933503596,-3.06679192099818,10.3430613186532,0,1,34.9996833832577,0.379635301986049,0.000507599317042332
4.55,32.5076947743577,0.0177101359406899,12.9702421716755,0.000126463110818478,4.53952101791669e-06,0.001067726636911,0.00212828438824539,0.379643061521108,0.00218676907586049,0.785398163397448,0.785398163397448,0,0,0.785398163397448,0,171.539860859621,-3.04970052920582,10.29063006896,0,1,34.9996816440326,0.379635305612563,0.000506008508208064
4.5625,32.5076931376706,0.0176538371891676,12.9702416502735,0.000124450833365502,4.52761161890872e-06,0.00107056185919603,0.00213518496136539,0.37964308970056,0.00220115805357976,0.785398163397448,0.785398163397448,0,0,0.785398163397448,0,171.953565443349,-3.03251217276649,10.2378997958095,0,1,34.9996799022136,0.379635309105404,0.000504399982716147
4.575,32.5076915004883,0.0175969256651579,12.9702411237643,0.000122450027460823,4.51591984193931e-06,0.00107338249513002,0.00214207455722959,0.379643117564754,0.00221558509055021,0.785398163397448,0.785398163397448,0,0,0.785398163397448,0,172.367046494719,-3.01522887291713,10.1848753477077,0,1,34.9996781578245,0.379635312467956,0.000502773949153795
4.5875,32.5076898627827,0.0175394087108912,12.9702405922638,0.00012046075557558,4.50444650490292e-06,0.00107618846422098,0.00214895324667371,0.379643145116469,0.00223004998992014,0.785398163397448,0.785398163397448,0,0,0.785398163397448,0,172.780303249376,-2.99785264684503,10.1315615970667,0,1,34.9996764108888,0.379635315703594,0.000501130617297707
4.6,32.5076882245256,0.0174812937094543,12.9702400558877,0.000118483078823319,4.49319237088326e-06,0.0010789796873189,0.00215582110090778,0.379643172358496,0.00224455255376363,0.785398163397448,0.785398163397448,0,0,0.785398163397448,0,173.193334938588,-2.98038550783459,10.0779634395175,0,1,34.99967466143,0.379635318815688,0.000499470198091966
4.6125,32.5076865856888,0.0174225880840152,12.9702395147514,0.000116517056963043,4.48215814863831e-06,0.0010817560866222,0.0021626781915059,0.379643199293646,0.00225909258309873,0.785398163397448,0.785398163397448,0,0,0.785398163397448,0,173.606140789176,-2.96282946518089,10.0240857933949,0,1,34.9996729094712,0.379635321807593,0.000497792903625879
4.625,32.5076849462444,0.0173632992970449,12.9702389689697,0.000114562748402189,4.47134449309787e-06,0.00108451758568399,0.00216952459039606,0.379643225924741,0.00227366987790558,0.785398163397448,0.785398163397448,0,0,0.785398163397448,0,174.018720023442,-2.94518652424146,9.96993359904236,0,1,34.9996711550355,0.379635324682658,0.000496098947111748
4.6375,32.5076833061641,0.0173034348495372,12.9702384186572,0.000112620210199718,4.4607520058672e-06,0.00108726410941829,0.00217636036985004,0.379643252254619,0.00228828423714472,0.785398163397448,0.785398163397448,0,0,0.785398163397448,0,174.431071859112,-2.92745868668265,9.91551181798656,0,1,34.9996693981461,0.379635327444219,0.000494388542862581
4.65,32.5076816654198,0.0172430022802267,12.9702378639279,0.000110689498069086,4.45038123573793e-06,0.00108999558410583,0.00218318560247337,0.379643278286129,0.00230293545877543,0.785398163397448,0.785398163397448,0,0,0.785398163397448,0,174.84319550927,-2.90964795018547,9.86082543257692,0,1,34.9996676388258,0.379635330095601,0.000492661906269746
4.6625,32.5076800239835,0.0171820091648046,12.9702373048956,0.000108770666381107,4.4402326791864e-06,0.00109271193739988,0.00219000036119539,0.379643304022135,0.00231762333977415,0.785398163397448,0.785398163397448,0,0,0.785398163397448,0,175.255090182314,-2.89175630874991,9.80587944511206,0,1,34.9996658770972,0.379635332640117,0.000490919253780563
4.675,32.5076783818272,0.0171204631151324,12.9702367416733,0.000106863768166943,4.4303067809019e-06,0.0010954130983318,0.00219680471925929,0.37964332946551,0.00233234767615302,0.785398163397448,0.785398163397448,0,0,0.785398163397448,0,175.666755081902,-2.87378575225156,9.75067887740751,0,1,34.9996641129829,0.379635335081069,0.000489160802875844
4.6875,32.5076767389228,0.0170583717784538,12.9702361743738,0.000104968855121141,4.42060393430216e-06,0.00109809899731641,0.00220359875021232,0.379643354619142,0.00234710826297846,0.785398163397448,0.785398163397448,0,0,0.785398163397448,0,176.078189406905,-2.85573826704216,9.69522876989235,0,1,34.9996623465054,0.379635337421744,0.000487386772047379
4.7,32.5076750952424,0.0169957428366054,12.9702356031094,0.000103085977604396,4.41112448205892e-06,0.00110076956615723,0.00221038252789599,0.379643379485924,0.00236190489438977,0.785398163397448,0.785398163397448,0,0,0.785398163397448,0,176.489392351381,-2.83761583576429,9.63953418115724,0,1,34.9996605776868,0.379635339665415,0.000485597380775371
4.7125,32.5076734507581,0.0169325840052247,12.9702350279917,0.00010121518464652,4.40186871663058e-06,0.0011034247380515,0.00221715612643637,0.379643404068764,0.00237673736361793,0.785398163397448,0.785398163397448,0,0,0.785398163397448,0,176.900363104518,-2.81942043681859,9.58360018737378,0,1,34.9996588065494,0.379635341815343,0.000483792849505824
4.725,32.5076718054422,0.0168689030329575,12.970234449132,9.93565239493576e-05,4.39283688078639e-06,0.00110606444759503,0.00222391962023442,0.379643428370576,0.00239160546300433,0.785398163397448,0.785398163397448,0,0,0.785398163397448,0,177.311100850629,-2.80115404509868,9.52743188151445,0,1,34.999657033115,0.379635343874772,0.000481973399627887
4.7375,32.5076701592668,0.016804707700663,12.9702338666407,9.75100418896584e-05,4.3840291681572e-06,0.00110868863078689,0.00223067308395641,0.379643452394283,0.00240650898401965,0.785398163397448,0.785398163397448,0,0,0.785398163397448,0,177.721604769101,-2.78281863153466,9.47103437284542,0,1,34.9996552574056,0.379635345846931,0.000480139253451148
4.75,32.5076685122043,0.0167400058206182,12.9702332806281,9.56757835220929e-05,4.37544572376657e-06,0.00111129722503395,0.00223741659252435,0.379643476142816,0.00242144771728276,0.785398163397448,0.785398163397448,0,0,0.785398163397448,0,178.131874034391,-2.76441616332765,9.41441278615386,0,1,34.9996534794428,0.379635347735035,0.000478290634182894
4.7625,32.5076668642272,0.0166748052357199,12.9702326912037,9.38537925819944e-05,4.36708664457467e-06,0.00111389016915513,0.00224415022110658,0.379643499619114,0.00243642145257972,0.785398163397448,0.785398163397448,0,0,0.785398163397448,0,178.541907816001,-2.74594860365869,9.35757226132054,0,1,34.999651699248,0.379635349542281,0.000476427765905327
4.775,32.507665215308,0.0166091138186866,12.9702320984762,9.20441114884097e-05,4.35895198003896e-06,0.00111646740338566,0.00225087404510829,0.379643522826121,0.00245142997888279,0.785398163397448,0.785398163397448,0,0,0.785398163397448,0,178.951705278466,-2.7274179120069,9.30051795252558,0,1,34.9996499168427,0.37963535127185,0.000474550873552744
4.7875,32.5076635654193,0.0165429394712583,12.970231502554,9.0246781346931e-05,4.351041732646e-06,0.00111902886938098,0.00225758814016218,0.379643545766787,0.00246647308436953,0.785398163397448,0.785398163397448,0,0,0.785398163397448,0,179.361265581326,-2.70882604368726,9.24325502775396,0,1,34.9996481322482,0.379635352926905,0.000472660182888689
4.8,32.5076619145339,0.0164762901233955,12.9702309035449,8.84618419527369e-05,4.34335585848266e-06,0.00112157451022063,0.00226429258211918,0.379643568444069,0.0024815505564419,0.785398163397448,0.785398163397448,0,0,0.785398163397448,0,179.770587879155,-2.69017495025961,9.18578866808231,0,1,34.9996463454854,0.379635354510591,0.000470755920483058
4.8125,32.5076602626247,0.0164091737324774,12.9702303015557,8.66893317934814e-05,4.33589426778069e-06,0.00112410427041183,0.00227098744703914,0.379643590860926,0.00249666218174552,0.785398163397448,0.785398163397448,0,0,0.785398163397448,0,180.179671321521,-2.67146657927562,9.12812406725688,0,1,34.9996445565752,0.379635356026037,0.000468838313689191
4.825,32.5076586096647,0.0163415982824986,12.9702296966929,8.4929288052242e-05,4.32865682549232e-06,0.00112661809589301,0.00227767281118168,0.379643613020323,0.00251180774618885,0.785398163397448,0.785398163397448,0,0,0.785398163397448,0,180.588515053011,-2.65270287432574,9.07026643073079,0,1,34.9996427655385,0.379635357476352,0.000466907590620924
4.8375,32.5076569556269,0.016273571783265,12.9702290890622,8.31817466104845e-05,4.3216433518332e-06,0.00112911593403705,0.00228434875099706,0.379643634925227,0.00252698703496249,0.785398163397448,0.785398163397448,0,0,0.785398163397448,0,180.997118213214,-2.63388577476596,9.01222097547071,0,1,34.9996409723959,0.379635358864623,0.000464963980129623
4.85,32.5076553004848,0.0162051022695898,12.9702284787686,8.14467420511436e-05,4.31485362286787e-06,0.00113159773365447,0.00229101534311704,0.379643656578608,0.00254219983255851,0.785398163397448,0.785398163397448,0,0,0.785398163397448,0,181.405479936752,-2.61501721614872,8.95399292900048,0,1,34.9996391771678,0.379635360193922,0.00046300771178119
4.8625,32.5076536442117,0.0161361978004873,12.9702278659164,7.9724307661605e-05,4.30828737106161e-06,0.00113406344499637,0.00229767266434589,0.37964367798344,0.0025574459227898,0.785398163397448,0.785398163397448,0,0,0.785398163397448,0,181.813599353271,-2.59609912944033,8.89558752915507,0,1,34.9996373798744,0.379635361467299,0.000461039015833048
4.875,32.5076519867812,0.016066866458367,12.9702272506093,7.80144754368575e-05,4.30194428585723e-06,0.00113651301975725,0.00230432079165137,0.379643699142696,0.00257272508880951,0.785398163397448,0.785398163397448,0,0,0.785398163397448,0,182.221475587465,-2.57713344196831,8.8370100230276,0,1,34.999635580536,0.379635362687783,0.000459058123211114
4.8875,32.507650328167,0.0159971163482271,12.9702266329502,7.63172760823445e-05,4.29582401424762e-06,0.00113894641107762,0.00231095980215586,0.379643720059351,0.00258803711313046,0.785398163397448,0.785398163397448,0,0,0.785398163397448,0,182.629107759086,-2.55812207652612,8.77826566682997,0,1,34.9996337791726,0.379635363858383,0.000457065265486748
4.9,32.5076486683431,0.0159269555968471,12.9702260130411,7.4632739017268e-05,4.28992616135034e-06,0.00114136357354647,0.00231758977312739,0.379643740736381,0.00260338177764464,0.785398163397448,0.785398163397448,0,0,0.785398163397448,0,183.036494982968,-2.53906695149106,8.71935972501677,0,1,34.9996319758039,0.379635364982085,0.000455060674853689
4.9125,32.5076470072836,0.0158563923519804,12.9702253909837,7.29608923777064e-05,4.28425029097559e-06,0.00114376446320356,0.00232421078197089,0.379643761176762,0.00261875886364268,0.785398163397448,0.785398163397448,0,0,0.785398163397448,0,183.443636369049,-2.51996998136054,8.66029746975859,0,1,34.9996301704496,0.379635366061857,0.000453044584104984
4.925,32.5076453449626,0.0157854347815461,12.9702247668784,7.13017630196368e-05,4.27879592621582e-06,0.00114614903754161,0.00233082290621939,0.379643781383467,0.00263416815183345,0.785398163397448,0.785398163397448,0,0,0.785398163397448,0,183.8505310224,-2.50083307578769,8.60108418041753,0,1,34.9996283631293,0.379635367100641,0.000451017226609903
4.9375,32.5076436813548,0.015714091072821,12.9702241408253,6.96553765223315e-05,4.27356255001042e-06,0.00114851725550822,0.00233742622352526,0.379643801359471,0.00264960942236357,0.785398163397448,0.785398163397448,0,0,0.785398163397448,0,184.257178043245,-2.48165814017051,8.54172514287755,0,1,34.9996265538624,0.37963536810136,0.000448978836290845
4.95,32.5076420164347,0.015642369431631,12.9702235129233,6.80217571914721e-05,4.2685496057375e-06,0.00115086907750767,0.00234402081165156,0.379643821107745,0.00266508245483702,0.785398163397448,0.785398163397448,0,0,0.785398163397448,0,184.663576526999,-2.46244707541325,8.48222564892874,0,1,34.999624742668,0.37963536906691,0.000446929647600244
4.9625,32.5076403501771,0.0155702780815428,12.9702228832709,6.6400928062412e-05,4.26375649778752e-06,0.00115320446540262,0.00235060674846342,0.379643840631258,0.00268058702833478,0.785398163397448,0.785398163397448,0,0,0.785398163397448,0,185.069725564301,-2.44320177778069,8.42259099586489,0,1,34.9996229295652,0.379635370000169,0.000444869895497468
4.975,32.5076386825572,0.0154978252630555,12.9702222519655,6.47929109035571e-05,4.2591825921527e-06,0.00115552338251555,0.00235718411191943,0.379643859932977,0.00269612292143444,0.785398163397448,0.785398163397448,0,0,0.785398163397448,0,185.475624241051,-2.42392413889437,8.3628264857805,0,1,34.9996211145729,0.379635370903987,0.000442799815425718
4.9875,32.5076370135502,0.0154250192327917,12.9702216191038,6.3197726219738e-05,4.25482721700321e-06,0.00115782579363011,0.00236375298006313,0.379643879015864,0.00271168991222983,0.785398163397448,0.785398163397448,0,0,0.785398163397448,0,185.88127163845,-2.40461604568151,8.30293742487283,0,1,34.9996192977099,0.379635371781192,0.000440719643288929
5,32.5076353431316,0.0153518682626894,12.9702209847817,6.16153932554782e-05,4.25068966327483e-06,0.00116011166499226,0.00237031343101452,0.379643897882879,0.00272728777835076,0.785398163397448,0.785398163397448,0,0,0.785398163397448,0,186.286666833032,-2.38527938037311,8.24292912315673,0,1,34.9996174789947,0.379635372634589,0.000438629615428676
