alpha_deg,alpha_rad,CL,CD,Cm,source,Re,Mach,flap_deg,source_class,validity
-180,-3.141592653589793,0.0,0.08,0.0,PERIODIC_CLOSURE_ASSUMED,,,0,PERIODIC_CLOSURE_ASSUMED,PROVISIONAL_SURROGATE_V0_DO_NOT_USE_FOR_FINAL_PASS
-179,-3.12413936106985,-0.018750000000000003,0.11175,0.00075,LINEAR_BRIDGE_PERIODIC_CLOSURE_ASSUMED__TO__FLAT_PLATE_BRIDGE_ASSUMED,,,0,LINEAR_BRIDGE_PERIODIC_CLOSURE_ASSUMED__TO__FLAT_PLATE_BRIDGE_ASSUMED,PROVISIONAL_SURROGATE_V0_DO_NOT_USE_FOR_FINAL_PASS
-178,-3.1066860685499065,-0.037500000000000006,0.14350000000000002,0.0015,LINEAR_BRIDGE_PERIODIC_CLOSURE_ASSUMED__TO__FLAT_PLATE_BRIDGE_ASSUMED,,,0,LINEAR_BRIDGE_PERIODIC_CLOSURE_ASSUMED__TO__FLAT_PLATE_BRIDGE_ASSUMED,PROVISIONAL_SURROGATE_V0_DO_NOT_USE_FOR_FINAL_PASS
-177,-3.0892327760299634,-0.056249999999999994,0.17525000000000002,0.00225,LINEAR_BRIDGE_PERIODIC_CLOSURE_ASSUMED__TO__FLAT_PLATE_BRIDGE_ASSUMED,,,0,LINEAR_BRIDGE_PERIODIC_CLOSURE_ASSUMED__TO__FLAT_PLATE_BRIDGE_ASSUMED,PROVISIONAL_SURROGATE_V0_DO_NOT_USE_FOR_FINAL_PASS
-176,-3.07177948351002,-0.07500000000000001,0.20700000000000002,0.003,LINEAR_BRIDGE_PERIODIC_CLOSURE_ASSUMED__TO__FLAT_PLATE_BRIDGE_ASSUMED,,,0,LINEAR_BRIDGE_PERIODIC_CLOSURE_ASSUMED__TO__FLAT_PLATE_BRIDGE_ASSUMED,PROVISIONAL_SURROGATE_V0_DO_NOT_USE_FOR_FINAL_PASS
-175,-3.0543261909900767,-0.09375,0.23875000000000002,0.00375,LINEAR_BRIDGE_PERIODIC_CLOSURE_ASSUMED__TO__FLAT_PLATE_BRIDGE_ASSUMED,,,0,LINEAR_BRIDGE_PERIODIC_CLOSURE_ASSUMED__TO__FLAT_PLATE_BRIDGE_ASSUMED,PROVISIONAL_SURROGATE_V0_DO_NOT_USE_FOR_FINAL_PASS
-174,-3.036872898470133,-0.11249999999999999,0.2705,0.0045,LINEAR_BRIDGE_PERIODIC_CLOSURE_ASSUMED__TO__FLAT_PLATE_BRIDGE_ASSUMED,,,0,LINEAR_BRIDGE_PERIODIC_CLOSURE_ASSUMED__TO__FLAT_PLATE_BRIDGE_ASSUMED,PROVISIONAL_SURROGATE_V0_DO_NOT_USE_FOR_FINAL_PASS
-173,-3.01941960595019,-0.13124999999999998,0.30225,0.0052499999999999995,LINEAR_BRIDGE_PERIODIC_CLOSURE_ASSUMED__TO__FLAT_PLATE_BRIDGE_ASSUMED,,,0,LINEAR_BRIDGE_PERIODIC_CLOSURE_ASSUMED__TO__FLAT_PLATE_BRIDGE_ASSUMED,PROVISIONAL_SURROGATE_V0_DO_NOT_USE_FOR_FINAL_PASS
-172,-3.001966313430247,-0.15000000000000002,0.334,0.006,LINEAR_BRIDGE_PERIODIC_CLOSURE_ASSUMED__TO__FLAT_PLATE_BRIDGE_ASSUMED,,,0,LINEAR_BRIDGE_PERIODIC_CLOSURE_ASSUMED__TO__FLAT_PLATE_BRIDGE_ASSUMED,PROVISIONAL_SURROGATE_V0_DO_NOT_USE_FOR_FINAL_PASS
-171,-2.9845130209103035,-0.16875,0.36575,0.00675,LINEAR_BRIDGE_PERIODIC_CLOSURE_ASSUMED__TO__FLAT_PLATE_BRIDGE_ASSUMED,,,0,LINEAR_BRIDGE_PERIODIC_CLOSURE_ASSUMED__TO__FLAT_PLATE_BRIDGE_ASSUMED,PROVISIONAL_SURROGATE_V0_DO_NOT_USE_FOR_FINAL_PASS
-170,-2.9670597283903604,-0.1875,0.3975,0.0075,LINEAR_BRIDGE_PERIODIC_CLOSURE_ASSUMED__TO__FLAT_PLATE_BRIDGE_ASSUMED,,,0,LINEAR_BRIDGE_PERIODIC_CLOSURE_ASSUMED__TO__FLAT_PLATE_BRIDGE_ASSUMED,PROVISIONAL_SURROGATE_V0_DO_NOT_USE_FOR_FINAL_PASS
-169,-2.949606435870417,-0.20625000000000002,0.4292500000000001,0.00825,LINEAR_BRIDGE_PERIODIC_CLOSURE_ASSUMED__TO__FLAT_PLATE_BRIDGE_ASSUMED,,,0,LINEAR_BRIDGE_PERIODIC_CLOSURE_ASSUMED__TO__FLAT_PLATE_BRIDGE_ASSUMED,PROVISIONAL_SURROGATE_V0_DO_NOT_USE_FOR_FINAL_PASS
-168,-2.9321531433504737,-0.22499999999999998,0.461,0.009,LINEAR_BRIDGE_PERIODIC_CLOSURE_ASSUMED__TO__FLAT_PLATE_BRIDGE_ASSUMED,,,0,LINEAR_BRIDGE_PERIODIC_CLOSURE_ASSUMED__TO__FLAT_PLATE_BRIDGE_ASSUMED,PROVISIONAL_SURROGATE_V0_DO_NOT_USE_FOR_FINAL_PASS
-167,-2.91469985083053,-0.24375000000000002,0.49275,0.00975,LINEAR_BRIDGE_PERIODIC_CLOSURE_ASSUMED__TO__FLAT_PLATE_BRIDGE_ASSUMED,,,0,LINEAR_BRIDGE_PERIODIC_CLOSURE_ASSUMED__TO__FLAT_PLATE_BRIDGE_ASSUMED,PROVISIONAL_SURROGATE_V0_DO_NOT_USE_FOR_FINAL_PASS
-166,-2.897246558310587,-0.26249999999999996,0.5245,0.010499999999999999,LINEAR_BRIDGE_PERIODIC_CLOSURE_ASSUMED__TO__FLAT_PLATE_BRIDGE_ASSUMED,,,0,LINEAR_BRIDGE_PERIODIC_CLOSURE_ASSUMED__TO__FLAT_PLATE_BRIDGE_ASSUMED,PROVISIONAL_SURROGATE_V0_DO_NOT_USE_FOR_FINAL_PASS
-165,-2.8797932657906435,-0.28125,0.5562500000000001,0.01125,LINEAR_BRIDGE_PERIODIC_CLOSURE_ASSUMED__TO__FLAT_PLATE_BRIDGE_ASSUMED,,,0,LINEAR_BRIDGE_PERIODIC_CLOSURE_ASSUMED__TO__FLAT_PLATE_BRIDGE_ASSUMED,PROVISIONAL_SURROGATE_V0_DO_NOT_USE_FOR_FINAL_PASS
-164,-2.8623399732707004,-0.30000000000000004,0.5880000000000001,0.012,LINEAR_BRIDGE_PERIODIC_CLOSURE_ASSUMED__TO__FLAT_PLATE_BRIDGE_ASSUMED,,,0,LINEAR_BRIDGE_PERIODIC_CLOSURE_ASSUMED__TO__FLAT_PLATE_BRIDGE_ASSUMED,PROVISIONAL_SURROGATE_V0_DO_NOT_USE_FOR_FINAL_PASS
-163,-2.8448866807507573,-0.31875,0.61975,0.01275,LINEAR_BRIDGE_PERIODIC_CLOSURE_ASSUMED__TO__FLAT_PLATE_BRIDGE_ASSUMED,,,0,LINEAR_BRIDGE_PERIODIC_CLOSURE_ASSUMED__TO__FLAT_PLATE_BRIDGE_ASSUMED,PROVISIONAL_SURROGATE_V0_DO_NOT_USE_FOR_FINAL_PASS
-162,-2.827433388230814,-0.3375,0.6515000000000001,0.0135,LINEAR_BRIDGE_PERIODIC_CLOSURE_ASSUMED__TO__FLAT_PLATE_BRIDGE_ASSUMED,,,0,LINEAR_BRIDGE_PERIODIC_CLOSURE_ASSUMED__TO__FLAT_PLATE_BRIDGE_ASSUMED,PROVISIONAL_SURROGATE_V0_DO_NOT_USE_FOR_FINAL_PASS
-161,-2.8099800957108707,-0.35624999999999996,0.68325,0.014249999999999999,LINEAR_BRIDGE_PERIODIC_CLOSURE_ASSUMED__TO__FLAT_PLATE_BRIDGE_ASSUMED,,,0,LINEAR_BRIDGE_PERIODIC_CLOSURE_ASSUMED__TO__FLAT_PLATE_BRIDGE_ASSUMED,PROVISIONAL_SURROGATE_V0_DO_NOT_USE_FOR_FINAL_PASS
-160,-2.792526803190927,-0.375,0.7150000000000001,0.015,LINEAR_BRIDGE_PERIODIC_CLOSURE_ASSUMED__TO__FLAT_PLATE_BRIDGE_ASSUMED,,,0,LINEAR_BRIDGE_PERIODIC_CLOSURE_ASSUMED__TO__FLAT_PLATE_BRIDGE_ASSUMED,PROVISIONAL_SURROGATE_V0_DO_NOT_USE_FOR_FINAL_PASS
-159,-2.775073510670984,-0.39375000000000004,0.7467500000000001,0.01575,LINEAR_BRIDGE_PERIODIC_CLOSURE_ASSUMED__TO__FLAT_PLATE_BRIDGE_ASSUMED,,,0,LINEAR_BRIDGE_PERIODIC_CLOSURE_ASSUMED__TO__FLAT_PLATE_BRIDGE_ASSUMED,PROVISIONAL_SURROGATE_V0_DO_NOT_USE_FOR_FINAL_PASS
-158,-2.7576202181510405,-0.41250000000000003,0.7785000000000002,0.0165,LINEAR_BRIDGE_PERIODIC_CLOSURE_ASSUMED__TO__FLAT_PLATE_BRIDGE_ASSUMED,,,0,LINEAR_BRIDGE_PERIODIC_CLOSURE_ASSUMED__TO__FLAT_PLATE_BRIDGE_ASSUMED,PROVISIONAL_SURROGATE_V0_DO_NOT_USE_FOR_FINAL_PASS
-157,-2.7401669256310974,-0.43124999999999997,0.81025,0.017249999999999998,LINEAR_BRIDGE_PERIODIC_CLOSURE_ASSUMED__TO__FLAT_PLATE_BRIDGE_ASSUMED,,,0,LINEAR_BRIDGE_PERIODIC_CLOSURE_ASSUMED__TO__FLAT_PLATE_BRIDGE_ASSUMED,PROVISIONAL_SURROGATE_V0_DO_NOT_USE_FOR_FINAL_PASS
-156,-2.722713633111154,-0.44999999999999996,0.8420000000000001,0.018,LINEAR_BRIDGE_PERIODIC_CLOSURE_ASSUMED__TO__FLAT_PLATE_BRIDGE_ASSUMED,,,0,LINEAR_BRIDGE_PERIODIC_CLOSURE_ASSUMED__TO__FLAT_PLATE_BRIDGE_ASSUMED,PROVISIONAL_SURROGATE_V0_DO_NOT_USE_FOR_FINAL_PASS
-155,-2.705260340591211,-0.46875,0.87375,0.01875,LINEAR_BRIDGE_PERIODIC_CLOSURE_ASSUMED__TO__FLAT_PLATE_BRIDGE_ASSUMED,,,0,LINEAR_BRIDGE_PERIODIC_CLOSURE_ASSUMED__TO__FLAT_PLATE_BRIDGE_ASSUMED,PROVISIONAL_SURROGATE_V0_DO_NOT_USE_FOR_FINAL_PASS
-154,-2.6878070480712677,-0.48750000000000004,0.9055000000000001,0.0195,LINEAR_BRIDGE_PERIODIC_CLOSURE_ASSUMED__TO__FLAT_PLATE_BRIDGE_ASSUMED,,,0,LINEAR_BRIDGE_PERIODIC_CLOSURE_ASSUMED__TO__FLAT_PLATE_BRIDGE_ASSUMED,PROVISIONAL_SURROGATE_V0_DO_NOT_USE_FOR_FINAL_PASS
-153,-2.670353755551324,-0.5062500000000001,0.9372500000000001,0.02025,LINEAR_BRIDGE_PERIODIC_CLOSURE_ASSUMED__TO__FLAT_PLATE_BRIDGE_ASSUMED,,,0,LINEAR_BRIDGE_PERIODIC_CLOSURE_ASSUMED__TO__FLAT_PLATE_BRIDGE_ASSUMED,PROVISIONAL_SURROGATE_V0_DO_NOT_USE_FOR_FINAL_PASS
-152,-2.652900463031381,-0.5249999999999999,0.969,0.020999999999999998,LINEAR_BRIDGE_PERIODIC_CLOSURE_ASSUMED__TO__FLAT_PLATE_BRIDGE_ASSUMED,,,0,LINEAR_BRIDGE_PERIODIC_CLOSURE_ASSUMED__TO__FLAT_PLATE_BRIDGE_ASSUMED,PROVISIONAL_SURROGATE_V0_DO_NOT_USE_FOR_FINAL_PASS
-151,-2.6354471705114375,-0.54375,1.00075,0.02175,LINEAR_BRIDGE_PERIODIC_CLOSURE_ASSUMED__TO__FLAT_PLATE_BRIDGE_ASSUMED,,,0,LINEAR_BRIDGE_PERIODIC_CLOSURE_ASSUMED__TO__FLAT_PLATE_BRIDGE_ASSUMED,PROVISIONAL_SURROGATE_V0_DO_NOT_USE_FOR_FINAL_PASS
-150,-2.6179938779914944,-0.5625,1.0325000000000002,0.0225,LINEAR_BRIDGE_PERIODIC_CLOSURE_ASSUMED__TO__FLAT_PLATE_BRIDGE_ASSUMED,,,0,LINEAR_BRIDGE_PERIODIC_CLOSURE_ASSUMED__TO__FLAT_PLATE_BRIDGE_ASSUMED,PROVISIONAL_SURROGATE_V0_DO_NOT_USE_FOR_FINAL_PASS
-149,-2.600540585471551,-0.58125,1.0642500000000001,0.02325,LINEAR_BRIDGE_PERIODIC_CLOSURE_ASSUMED__TO__FLAT_PLATE_BRIDGE_ASSUMED,,,0,LINEAR_BRIDGE_PERIODIC_CLOSURE_ASSUMED__TO__FLAT_PLATE_BRIDGE_ASSUMED,PROVISIONAL_SURROGATE_V0_DO_NOT_USE_FOR_FINAL_PASS
-148,-2.5830872929516078,-0.6000000000000001,1.096,0.024,LINEAR_BRIDGE_PERIODIC_CLOSURE_ASSUMED__TO__FLAT_PLATE_BRIDGE_ASSUMED,,,0,LINEAR_BRIDGE_PERIODIC_CLOSURE_ASSUMED__TO__FLAT_PLATE_BRIDGE_ASSUMED,PROVISIONAL_SURROGATE_V0_DO_NOT_USE_FOR_FINAL_PASS
-147,-2.5656340004316642,-0.6187499999999999,1.12775,0.024749999999999998,LINEAR_BRIDGE_PERIODIC_CLOSURE_ASSUMED__TO__FLAT_PLATE_BRIDGE_ASSUMED,,,0,LINEAR_BRIDGE_PERIODIC_CLOSURE_ASSUMED__TO__FLAT_PLATE_BRIDGE_ASSUMED,PROVISIONAL_SURROGATE_V0_DO_NOT_USE_FOR_FINAL_PASS
-146,-2.548180707911721,-0.6375,1.1595,0.0255,LINEAR_BRIDGE_PERIODIC_CLOSURE_ASSUMED__TO__FLAT_PLATE_BRIDGE_ASSUMED,,,0,LINEAR_BRIDGE_PERIODIC_CLOSURE_ASSUMED__TO__FLAT_PLATE_BRIDGE_ASSUMED,PROVISIONAL_SURROGATE_V0_DO_NOT_USE_FOR_FINAL_PASS
-145,-2.530727415391778,-0.65625,1.1912500000000001,0.02625,LINEAR_BRIDGE_PERIODIC_CLOSURE_ASSUMED__TO__FLAT_PLATE_BRIDGE_ASSUMED,,,0,LINEAR_BRIDGE_PERIODIC_CLOSURE_ASSUMED__TO__FLAT_PLATE_BRIDGE_ASSUMED,PROVISIONAL_SURROGATE_V0_DO_NOT_USE_FOR_FINAL_PASS
-144,-2.5132741228718345,-0.675,1.223,0.027,LINEAR_BRIDGE_PERIODIC_CLOSURE_ASSUMED__TO__FLAT_PLATE_BRIDGE_ASSUMED,,,0,LINEAR_BRIDGE_PERIODIC_CLOSURE_ASSUMED__TO__FLAT_PLATE_BRIDGE_ASSUMED,PROVISIONAL_SURROGATE_V0_DO_NOT_USE_FOR_FINAL_PASS
-143,-2.4958208303518914,-0.6937500000000001,1.2547500000000003,0.02775,LINEAR_BRIDGE_PERIODIC_CLOSURE_ASSUMED__TO__FLAT_PLATE_BRIDGE_ASSUMED,,,0,LINEAR_BRIDGE_PERIODIC_CLOSURE_ASSUMED__TO__FLAT_PLATE_BRIDGE_ASSUMED,PROVISIONAL_SURROGATE_V0_DO_NOT_USE_FOR_FINAL_PASS
-142,-2.478367537831948,-0.7124999999999999,1.2865,0.028499999999999998,LINEAR_BRIDGE_PERIODIC_CLOSURE_ASSUMED__TO__FLAT_PLATE_BRIDGE_ASSUMED,,,0,LINEAR_BRIDGE_PERIODIC_CLOSURE_ASSUMED__TO__FLAT_PLATE_BRIDGE_ASSUMED,PROVISIONAL_SURROGATE_V0_DO_NOT_USE_FOR_FINAL_PASS
-141,-2.4609142453120048,-0.73125,1.3182500000000001,0.029249999999999998,LINEAR_BRIDGE_PERIODIC_CLOSURE_ASSUMED__TO__FLAT_PLATE_BRIDGE_ASSUMED,,,0,LINEAR_BRIDGE_PERIODIC_CLOSURE_ASSUMED__TO__FLAT_PLATE_BRIDGE_ASSUMED,PROVISIONAL_SURROGATE_V0_DO_NOT_USE_FOR_FINAL_PASS
-140,-2.443460952792061,-0.75,1.35,0.03,FLAT_PLATE_BRIDGE_ASSUMED,,,0,FLAT_PLATE_BRIDGE_ASSUMED,PROVISIONAL_SURROGATE_V0_DO_NOT_USE_FOR_FINAL_PASS
-139,-2.426007660272118,-0.7342857142857142,1.348,0.02971428571428571,LINEAR_BRIDGE_FLAT_PLATE_BRIDGE_ASSUMED__TO__TM88373_DIGITIZED_ANCHOR_APPROX,,,0,LINEAR_BRIDGE_FLAT_PLATE_BRIDGE_ASSUMED__TO__TM88373_DIGITIZED_ANCHOR_APPROX,PROVISIONAL_SURROGATE_V0_DO_NOT_USE_FOR_FINAL_PASS
-138,-2.4085543677521746,-0.7185714285714285,1.346,0.02942857142857143,LINEAR_BRIDGE_FLAT_PLATE_BRIDGE_ASSUMED__TO__TM88373_DIGITIZED_ANCHOR_APPROX,,,0,LINEAR_BRIDGE_FLAT_PLATE_BRIDGE_ASSUMED__TO__TM88373_DIGITIZED_ANCHOR_APPROX,PROVISIONAL_SURROGATE_V0_DO_NOT_USE_FOR_FINAL_PASS
-137,-2.3911010752322315,-0.7028571428571428,1.344,0.02914285714285714,LINEAR_BRIDGE_FLAT_PLATE_BRIDGE_ASSUMED__TO__TM88373_DIGITIZED_ANCHOR_APPROX,,,0,LINEAR_BRIDGE_FLAT_PLATE_BRIDGE_ASSUMED__TO__TM88373_DIGITIZED_ANCHOR_APPROX,PROVISIONAL_SURROGATE_V0_DO_NOT_USE_FOR_FINAL_PASS
-136,-2.3736477827122884,-0.6871428571428572,1.342,0.028857142857142856,LINEAR_BRIDGE_FLAT_PLATE_BRIDGE_ASSUMED__TO__TM88373_DIGITIZED_ANCHOR_APPROX,,,0,LINEAR_BRIDGE_FLAT_PLATE_BRIDGE_ASSUMED__TO__TM88373_DIGITIZED_ANCHOR_APPROX,PROVISIONAL_SURROGATE_V0_DO_NOT_USE_FOR_FINAL_PASS
-135,-2.356194490192345,-0.6714285714285715,1.34,0.02857142857142857,LINEAR_BRIDGE_FLAT_PLATE_BRIDGE_ASSUMED__TO__TM88373_DIGITIZED_ANCHOR_APPROX,,,0,LINEAR_BRIDGE_FLAT_PLATE_BRIDGE_ASSUMED__TO__TM88373_DIGITIZED_ANCHOR_APPROX,PROVISIONAL_SURROGATE_V0_DO_NOT_USE_FOR_FINAL_PASS
-134,-2.3387411976724017,-0.6557142857142857,1.338,0.028285714285714286,LINEAR_BRIDGE_FLAT_PLATE_BRIDGE_ASSUMED__TO__TM88373_DIGITIZED_ANCHOR_APPROX,,,0,LINEAR_BRIDGE_FLAT_PLATE_BRIDGE_ASSUMED__TO__TM88373_DIGITIZED_ANCHOR_APPROX,PROVISIONAL_SURROGATE_V0_DO_NOT_USE_FOR_FINAL_PASS
-133,-2.321287905152458,-0.6400000000000001,1.336,0.028,LINEAR_BRIDGE_FLAT_PLATE_BRIDGE_ASSUMED__TO__TM88373_DIGITIZED_ANCHOR_APPROX,,,0,LINEAR_BRIDGE_FLAT_PLATE_BRIDGE_ASSUMED__TO__TM88373_DIGITIZED_ANCHOR_APPROX,PROVISIONAL_SURROGATE_V0_DO_NOT_USE_FOR_FINAL_PASS
-132,-2.303834612632515,-0.6242857142857143,1.334,0.027714285714285712,LINEAR_BRIDGE_FLAT_PLATE_BRIDGE_ASSUMED__TO__TM88373_DIGITIZED_ANCHOR_APPROX,,,0,LINEAR_BRIDGE_FLAT_PLATE_BRIDGE_ASSUMED__TO__TM88373_DIGITIZED_ANCHOR_APPROX,PROVISIONAL_SURROGATE_V0_DO_NOT_USE_FOR_FINAL_PASS
-131,-2.2863813201125716,-0.6085714285714285,1.332,0.02742857142857143,LINEAR_BRIDGE_FLAT_PLATE_BRIDGE_ASSUMED__TO__TM88373_DIGITIZED_ANCHOR_APPROX,,,0,LINEAR_BRIDGE_FLAT_PLATE_BRIDGE_ASSUMED__TO__TM88373_DIGITIZED_ANCHOR_APPROX,PROVISIONAL_SURROGATE_V0_DO_NOT_USE_FOR_FINAL_PASS
-130,-2.2689280275926285,-0.5928571428571429,1.33,0.027142857142857142,LINEAR_BRIDGE_FLAT_PLATE_BRIDGE_ASSUMED__TO__TM88373_DIGITIZED_ANCHOR_APPROX,,,0,LINEAR_BRIDGE_FLAT_PLATE_BRIDGE_ASSUMED__TO__TM88373_DIGITIZED_ANCHOR_APPROX,PROVISIONAL_SURROGATE_V0_DO_NOT_USE_FOR_FINAL_PASS
-129,-2.251474735072685,-0.5771428571428571,1.328,0.026857142857142857,LINEAR_BRIDGE_FLAT_PLATE_BRIDGE_ASSUMED__TO__TM88373_DIGITIZED_ANCHOR_APPROX,,,0,LINEAR_BRIDGE_FLAT_PLATE_BRIDGE_ASSUMED__TO__TM88373_DIGITIZED_ANCHOR_APPROX,PROVISIONAL_SURROGATE_V0_DO_NOT_USE_FOR_FINAL_PASS
-128,-2.234021442552742,-0.5614285714285715,1.326,0.02657142857142857,LINEAR_BRIDGE_FLAT_PLATE_BRIDGE_ASSUMED__TO__TM88373_DIGITIZED_ANCHOR_APPROX,,,0,LINEAR_BRIDGE_FLAT_PLATE_BRIDGE_ASSUMED__TO__TM88373_DIGITIZED_ANCHOR_APPROX,PROVISIONAL_SURROGATE_V0_DO_NOT_USE_FOR_FINAL_PASS
-127,-2.2165681500327987,-0.5457142857142857,1.324,0.026285714285714287,LINEAR_BRIDGE_FLAT_PLATE_BRIDGE_ASSUMED__TO__TM88373_DIGITIZED_ANCHOR_APPROX,,,0,LINEAR_BRIDGE_FLAT_PLATE_BRIDGE_ASSUMED__TO__TM88373_DIGITIZED_ANCHOR_APPROX,PROVISIONAL_SURROGATE_V0_DO_NOT_USE_FOR_FINAL_PASS
-126,-2.199114857512855,-0.53,1.322,0.026,LINEAR_BRIDGE_FLAT_PLATE_BRIDGE_ASSUMED__TO__TM88373_DIGITIZED_ANCHOR_APPROX,,,0,LINEAR_BRIDGE_FLAT_PLATE_BRIDGE_ASSUMED__TO__TM88373_DIGITIZED_ANCHOR_APPROX,PROVISIONAL_SURROGATE_V0_DO_NOT_USE_FOR_FINAL_PASS
-125,-2.181661564992912,-0.5142857142857142,1.32,0.02571428571428571,LINEAR_BRIDGE_FLAT_PLATE_BRIDGE_ASSUMED__TO__TM88373_DIGITIZED_ANCHOR_APPROX,,,0,LINEAR_BRIDGE_FLAT_PLATE_BRIDGE_ASSUMED__TO__TM88373_DIGITIZED_ANCHOR_APPROX,PROVISIONAL_SURROGATE_V0_DO_NOT_USE_FOR_FINAL_PASS
-124,-2.1642082724729685,-0.4985714285714286,1.318,0.025428571428571432,LINEAR_BRIDGE_FLAT_PLATE_BRIDGE_ASSUMED__TO__TM88373_DIGITIZED_ANCHOR_APPROX,,,0,LINEAR_BRIDGE_FLAT_PLATE_BRIDGE_ASSUMED__TO__TM88373_DIGITIZED_ANCHOR_APPROX,PROVISIONAL_SURROGATE_V0_DO_NOT_USE_FOR_FINAL_PASS
-123,-2.1467549799530254,-0.4828571428571428,1.316,0.02514285714285714,LINEAR_BRIDGE_FLAT_PLATE_BRIDGE_ASSUMED__TO__TM88373_DIGITIZED_ANCHOR_APPROX,,,0,LINEAR_BRIDGE_FLAT_PLATE_BRIDGE_ASSUMED__TO__TM88373_DIGITIZED_ANCHOR_APPROX,PROVISIONAL_SURROGATE_V0_DO_NOT_USE_FOR_FINAL_PASS
-122,-2.129301687433082,-0.4671428571428572,1.314,0.024857142857142855,LINEAR_BRIDGE_FLAT_PLATE_BRIDGE_ASSUMED__TO__TM88373_DIGITIZED_ANCHOR_APPROX,,,0,LINEAR_BRIDGE_FLAT_PLATE_BRIDGE_ASSUMED__TO__TM88373_DIGITIZED_ANCHOR_APPROX,PROVISIONAL_SURROGATE_V0_DO_NOT_USE_FOR_FINAL_PASS
-121,-2.111848394913139,-0.4514285714285714,1.312,0.02457142857142857,LINEAR_BRIDGE_FLAT_PLATE_BRIDGE_ASSUMED__TO__TM88373_DIGITIZED_ANCHOR_APPROX,,,0,LINEAR_BRIDGE_FLAT_PLATE_BRIDGE_ASSUMED__TO__TM88373_DIGITIZED_ANCHOR_APPROX,PROVISIONAL_SURROGATE_V0_DO_NOT_USE_FOR_FINAL_PASS
-120,-2.0943951023931953,-0.4357142857142857,1.31,0.024285714285714285,LINEAR_BRIDGE_FLAT_PLATE_BRIDGE_ASSUMED__TO__TM88373_DIGITIZED_ANCHOR_APPROX,,,0,LINEAR_BRIDGE_FLAT_PLATE_BRIDGE_ASSUMED__TO__TM88373_DIGITIZED_ANCHOR_APPROX,PROVISIONAL_SURROGATE_V0_DO_NOT_USE_FOR_FINAL_PASS
-119,-2.076941809873252,-0.42000000000000004,1.308,0.024,LINEAR_BRIDGE_FLAT_PLATE_BRIDGE_ASSUMED__TO__TM88373_DIGITIZED_ANCHOR_APPROX,,,0,LINEAR_BRIDGE_FLAT_PLATE_BRIDGE_ASSUMED__TO__TM88373_DIGITIZED_ANCHOR_APPROX,PROVISIONAL_SURROGATE_V0_DO_NOT_USE_FOR_FINAL_PASS
-118,-2.059488517353309,-0.4042857142857143,1.306,0.023714285714285716,LINEAR_BRIDGE_FLAT_PLATE_BRIDGE_ASSUMED__TO__TM88373_DIGITIZED_ANCHOR_APPROX,,,0,LINEAR_BRIDGE_FLAT_PLATE_BRIDGE_ASSUMED__TO__TM88373_DIGITIZED_ANCHOR_APPROX,PROVISIONAL_SURROGATE_V0_DO_NOT_USE_FOR_FINAL_PASS
-117,-2.0420352248333655,-0.38857142857142857,1.304,0.02342857142857143,LINEAR_BRIDGE_FLAT_PLATE_BRIDGE_ASSUMED__TO__TM88373_DIGITIZED_ANCHOR_APPROX,,,0,LINEAR_BRIDGE_FLAT_PLATE_BRIDGE_ASSUMED__TO__TM88373_DIGITIZED_ANCHOR_APPROX,PROVISIONAL_SURROGATE_V0_DO_NOT_USE_FOR_FINAL_PASS
-116,-2.0245819323134224,-0.3728571428571429,1.302,0.023142857142857146,LINEAR_BRIDGE_FLAT_PLATE_BRIDGE_ASSUMED__TO__TM88373_DIGITIZED_ANCHOR_APPROX,,,0,LINEAR_BRIDGE_FLAT_PLATE_BRIDGE_ASSUMED__TO__TM88373_DIGITIZED_ANCHOR_APPROX,PROVISIONAL_SURROGATE_V0_DO_NOT_USE_FOR_FINAL_PASS
-115,-2.007128639793479,-0.35714285714285715,1.3,0.022857142857142857,LINEAR_BRIDGE_FLAT_PLATE_BRIDGE_ASSUMED__TO__TM88373_DIGITIZED_ANCHOR_APPROX,,,0,LINEAR_BRIDGE_FLAT_PLATE_BRIDGE_ASSUMED__TO__TM88373_DIGITIZED_ANCHOR_APPROX,PROVISIONAL_SURROGATE_V0_DO_NOT_USE_FOR_FINAL_PASS
-114,-1.9896753472735358,-0.3414285714285714,1.298,0.022571428571428572,LINEAR_BRIDGE_FLAT_PLATE_BRIDGE_ASSUMED__TO__TM88373_DIGITIZED_ANCHOR_APPROX,,,0,LINEAR_BRIDGE_FLAT_PLATE_BRIDGE_ASSUMED__TO__TM88373_DIGITIZED_ANCHOR_APPROX,PROVISIONAL_SURROGATE_V0_DO_NOT_USE_FOR_FINAL_PASS
-113,-1.9722220547535925,-0.32571428571428573,1.296,0.022285714285714287,LINEAR_BRIDGE_FLAT_PLATE_BRIDGE_ASSUMED__TO__TM88373_DIGITIZED_ANCHOR_APPROX,,,0,LINEAR_BRIDGE_FLAT_PLATE_BRIDGE_ASSUMED__TO__TM88373_DIGITIZED_ANCHOR_APPROX,PROVISIONAL_SURROGATE_V0_DO_NOT_USE_FOR_FINAL_PASS
-112,-1.9547687622336491,-0.31,1.294,0.022,LINEAR_BRIDGE_FLAT_PLATE_BRIDGE_ASSUMED__TO__TM88373_DIGITIZED_ANCHOR_APPROX,,,0,LINEAR_BRIDGE_FLAT_PLATE_BRIDGE_ASSUMED__TO__TM88373_DIGITIZED_ANCHOR_APPROX,PROVISIONAL_SURROGATE_V0_DO_NOT_USE_FOR_FINAL_PASS
-111,-1.9373154697137058,-0.29428571428571426,1.292,0.021714285714285714,LINEAR_BRIDGE_FLAT_PLATE_BRIDGE_ASSUMED__TO__TM88373_DIGITIZED_ANCHOR_APPROX,,,0,LINEAR_BRIDGE_FLAT_PLATE_BRIDGE_ASSUMED__TO__TM88373_DIGITIZED_ANCHOR_APPROX,PROVISIONAL_SURROGATE_V0_DO_NOT_USE_FOR_FINAL_PASS
-110,-1.9198621771937625,-0.2785714285714286,1.29,0.02142857142857143,LINEAR_BRIDGE_FLAT_PLATE_BRIDGE_ASSUMED__TO__TM88373_DIGITIZED_ANCHOR_APPROX,,,0,LINEAR_BRIDGE_FLAT_PLATE_BRIDGE_ASSUMED__TO__TM88373_DIGITIZED_ANCHOR_APPROX,PROVISIONAL_SURROGATE_V0_DO_NOT_USE_FOR_FINAL_PASS
-109,-1.9024088846738192,-0.2628571428571429,1.288,0.021142857142857144,LINEAR_BRIDGE_FLAT_PLATE_BRIDGE_ASSUMED__TO__TM88373_DIGITIZED_ANCHOR_APPROX,,,0,LINEAR_BRIDGE_FLAT_PLATE_BRIDGE_ASSUMED__TO__TM88373_DIGITIZED_ANCHOR_APPROX,PROVISIONAL_SURROGATE_V0_DO_NOT_USE_FOR_FINAL_PASS
-108,-1.8849555921538759,-0.24714285714285716,1.286,0.02085714285714286,LINEAR_BRIDGE_FLAT_PLATE_BRIDGE_ASSUMED__TO__TM88373_DIGITIZED_ANCHOR_APPROX,,,0,LINEAR_BRIDGE_FLAT_PLATE_BRIDGE_ASSUMED__TO__TM88373_DIGITIZED_ANCHOR_APPROX,PROVISIONAL_SURROGATE_V0_DO_NOT_USE_FOR_FINAL_PASS
-107,-1.8675022996339325,-0.23142857142857146,1.284,0.02057142857142857,LINEAR_BRIDGE_FLAT_PLATE_BRIDGE_ASSUMED__TO__TM88373_DIGITIZED_ANCHOR_APPROX,,,0,LINEAR_BRIDGE_FLAT_PLATE_BRIDGE_ASSUMED__TO__TM88373_DIGITIZED_ANCHOR_APPROX,PROVISIONAL_SURROGATE_V0_DO_NOT_USE_FOR_FINAL_PASS
-106,-1.8500490071139892,-0.21571428571428572,1.282,0.02028571428571429,LINEAR_BRIDGE_FLAT_PLATE_BRIDGE_ASSUMED__TO__TM88373_DIGITIZED_ANCHOR_APPROX,,,0,LINEAR_BRIDGE_FLAT_PLATE_BRIDGE_ASSUMED__TO__TM88373_DIGITIZED_ANCHOR_APPROX,PROVISIONAL_SURROGATE_V0_DO_NOT_USE_FOR_FINAL_PASS
-105,-1.8325957145940461,-0.2,1.28,0.02,TM88373_DIGITIZED_ANCHOR_APPROX,,,0,TM88373_DIGITIZED_ANCHOR_APPROX,PROVISIONAL_SURROGATE_V0_DO_NOT_USE_FOR_FINAL_PASS
-104,-1.8151424220741028,-0.18333333333333335,1.2666666666666666,0.01888888888888889,LINEAR_BRIDGE_TM88373_DIGITIZED_ANCHOR_APPROX__TO__TM88373_TEXT_OPPOSITE_ROTATION_ANCHOR,,,0,LINEAR_BRIDGE_TM88373_DIGITIZED_ANCHOR_APPROX__TO__TM88373_TEXT_OPPOSITE_ROTATION_ANCHOR,PROVISIONAL_SURROGATE_V0_DO_NOT_USE_FOR_FINAL_PASS
-103,-1.7976891295541595,-0.16666666666666666,1.2533333333333334,0.017777777777777778,LINEAR_BRIDGE_TM88373_DIGITIZED_ANCHOR_APPROX__TO__TM88373_TEXT_OPPOSITE_ROTATION_ANCHOR,,,0,LINEAR_BRIDGE_TM88373_DIGITIZED_ANCHOR_APPROX__TO__TM88373_TEXT_OPPOSITE_ROTATION_ANCHOR,PROVISIONAL_SURROGATE_V0_DO_NOT_USE_FOR_FINAL_PASS
-102,-1.7802358370342162,-0.15000000000000002,1.2400000000000002,0.01666666666666667,LINEAR_BRIDGE_TM88373_DIGITIZED_ANCHOR_APPROX__TO__TM88373_TEXT_OPPOSITE_ROTATION_ANCHOR,,,0,LINEAR_BRIDGE_TM88373_DIGITIZED_ANCHOR_APPROX__TO__TM88373_TEXT_OPPOSITE_ROTATION_ANCHOR,PROVISIONAL_SURROGATE_V0_DO_NOT_USE_FOR_FINAL_PASS
-101,-1.7627825445142729,-0.13333333333333333,1.2266666666666666,0.015555555555555555,LINEAR_BRIDGE_TM88373_DIGITIZED_ANCHOR_APPROX__TO__TM88373_TEXT_OPPOSITE_ROTATION_ANCHOR,,,0,LINEAR_BRIDGE_TM88373_DIGITIZED_ANCHOR_APPROX__TO__TM88373_TEXT_OPPOSITE_ROTATION_ANCHOR,PROVISIONAL_SURROGATE_V0_DO_NOT_USE_FOR_FINAL_PASS
-100,-1.7453292519943295,-0.11666666666666667,1.2133333333333334,0.014444444444444444,LINEAR_BRIDGE_TM88373_DIGITIZED_ANCHOR_APPROX__TO__TM88373_TEXT_OPPOSITE_ROTATION_ANCHOR,,,0,LINEAR_BRIDGE_TM88373_DIGITIZED_ANCHOR_APPROX__TO__TM88373_TEXT_OPPOSITE_ROTATION_ANCHOR,PROVISIONAL_SURROGATE_V0_DO_NOT_USE_FOR_FINAL_PASS
-99,-1.7278759594743862,-0.1,1.2,0.013333333333333334,LINEAR_BRIDGE_TM88373_DIGITIZED_ANCHOR_APPROX__TO__TM88373_TEXT_OPPOSITE_ROTATION_ANCHOR,,,0,LINEAR_BRIDGE_TM88373_DIGITIZED_ANCHOR_APPROX__TO__TM88373_TEXT_OPPOSITE_ROTATION_ANCHOR,PROVISIONAL_SURROGATE_V0_DO_NOT_USE_FOR_FINAL_PASS
-98,-1.710422666954443,-0.08333333333333334,1.1866666666666665,0.012222222222222223,LINEAR_BRIDGE_TM88373_DIGITIZED_ANCHOR_APPROX__TO__TM88373_TEXT_OPPOSITE_ROTATION_ANCHOR,,,0,LINEAR_BRIDGE_TM88373_DIGITIZED_ANCHOR_APPROX__TO__TM88373_TEXT_OPPOSITE_ROTATION_ANCHOR,PROVISIONAL_SURROGATE_V0_DO_NOT_USE_FOR_FINAL_PASS
-97,-1.6929693744344996,-0.06666666666666668,1.1733333333333333,0.011111111111111112,LINEAR_BRIDGE_TM88373_DIGITIZED_ANCHOR_APPROX__TO__TM88373_TEXT_OPPOSITE_ROTATION_ANCHOR,,,0,LINEAR_BRIDGE_TM88373_DIGITIZED_ANCHOR_APPROX__TO__TM88373_TEXT_OPPOSITE_ROTATION_ANCHOR,PROVISIONAL_SURROGATE_V0_DO_NOT_USE_FOR_FINAL_PASS
-96,-1.6755160819145565,-0.05,1.16,0.01,TM88373_TEXT_OPPOSITE_ROTATION_ANCHOR,,,0,TM88373_TEXT_OPPOSITE_ROTATION_ANCHOR,PROVISIONAL_SURROGATE_V0_DO_NOT_USE_FOR_FINAL_PASS
-95,-1.6580627893946132,-0.03636363636363636,1.1536363636363636,0.00909090909090909,LINEAR_BRIDGE_TM88373_TEXT_OPPOSITE_ROTATION_ANCHOR__TO__TM88373_TEXT_60DEG_FLAP_ANCHOR,,,0,LINEAR_BRIDGE_TM88373_TEXT_OPPOSITE_ROTATION_ANCHOR__TO__TM88373_TEXT_60DEG_FLAP_ANCHOR,PROVISIONAL_SURROGATE_V0_DO_NOT_USE_FOR_FINAL_PASS
-94,-1.6406094968746698,-0.022727272727272724,1.1472727272727272,0.00818181818181818,LINEAR_BRIDGE_TM88373_TEXT_OPPOSITE_ROTATION_ANCHOR__TO__TM88373_TEXT_60DEG_FLAP_ANCHOR,,,0,LINEAR_BRIDGE_TM88373_TEXT_OPPOSITE_ROTATION_ANCHOR__TO__TM88373_TEXT_60DEG_FLAP_ANCHOR,PROVISIONAL_SURROGATE_V0_DO_NOT_USE_FOR_FINAL_PASS
-93,-1.6231562043547265,-0.009090909090909097,1.1409090909090909,0.007272727272727273,LINEAR_BRIDGE_TM88373_TEXT_OPPOSITE_ROTATION_ANCHOR__TO__TM88373_TEXT_60DEG_FLAP_ANCHOR,,,0,LINEAR_BRIDGE_TM88373_TEXT_OPPOSITE_ROTATION_ANCHOR__TO__TM88373_TEXT_60DEG_FLAP_ANCHOR,PROVISIONAL_SURROGATE_V0_DO_NOT_USE_FOR_FINAL_PASS
-92,-1.6057029118347832,0.004545454545454547,1.1345454545454545,0.006363636363636364,LINEAR_BRIDGE_TM88373_TEXT_OPPOSITE_ROTATION_ANCHOR__TO__TM88373_TEXT_60DEG_FLAP_ANCHOR,,,0,LINEAR_BRIDGE_TM88373_TEXT_OPPOSITE_ROTATION_ANCHOR__TO__TM88373_TEXT_60DEG_FLAP_ANCHOR,PROVISIONAL_SURROGATE_V0_DO_NOT_USE_FOR_FINAL_PASS
-91,-1.5882496193148399,0.018181818181818184,1.128181818181818,0.005454545454545454,LINEAR_BRIDGE_TM88373_TEXT_OPPOSITE_ROTATION_ANCHOR__TO__TM88373_TEXT_60DEG_FLAP_ANCHOR,,,0,LINEAR_BRIDGE_TM88373_TEXT_OPPOSITE_ROTATION_ANCHOR__TO__TM88373_TEXT_60DEG_FLAP_ANCHOR,PROVISIONAL_SURROGATE_V0_DO_NOT_USE_FOR_FINAL_PASS
-90,-1.5707963267948966,0.031818181818181815,1.121818181818182,0.004545454545454546,LINEAR_BRIDGE_TM88373_TEXT_OPPOSITE_ROTATION_ANCHOR__TO__TM88373_TEXT_60DEG_FLAP_ANCHOR,,,0,LINEAR_BRIDGE_TM88373_TEXT_OPPOSITE_ROTATION_ANCHOR__TO__TM88373_TEXT_60DEG_FLAP_ANCHOR,PROVISIONAL_SURROGATE_V0_DO_NOT_USE_FOR_FINAL_PASS
-89,-1.5533430342749532,0.045454545454545456,1.1154545454545455,0.0036363636363636364,LINEAR_BRIDGE_TM88373_TEXT_OPPOSITE_ROTATION_ANCHOR__TO__TM88373_TEXT_60DEG_FLAP_ANCHOR,,,0,LINEAR_BRIDGE_TM88373_TEXT_OPPOSITE_ROTATION_ANCHOR__TO__TM88373_TEXT_60DEG_FLAP_ANCHOR,PROVISIONAL_SURROGATE_V0_DO_NOT_USE_FOR_FINAL_PASS
-88,-1.53588974175501,0.059090909090909104,1.1090909090909091,0.002727272727272727,LINEAR_BRIDGE_TM88373_TEXT_OPPOSITE_ROTATION_ANCHOR__TO__TM88373_TEXT_60DEG_FLAP_ANCHOR,,,0,LINEAR_BRIDGE_TM88373_TEXT_OPPOSITE_ROTATION_ANCHOR__TO__TM88373_TEXT_60DEG_FLAP_ANCHOR,PROVISIONAL_SURROGATE_V0_DO_NOT_USE_FOR_FINAL_PASS
-87,-1.5184364492350666,0.07272727272727274,1.1027272727272728,0.0018181818181818177,LINEAR_BRIDGE_TM88373_TEXT_OPPOSITE_ROTATION_ANCHOR__TO__TM88373_TEXT_60DEG_FLAP_ANCHOR,,,0,LINEAR_BRIDGE_TM88373_TEXT_OPPOSITE_ROTATION_ANCHOR__TO__TM88373_TEXT_60DEG_FLAP_ANCHOR,PROVISIONAL_SURROGATE_V0_DO_NOT_USE_FOR_FINAL_PASS
-86,-1.5009831567151235,0.08636363636363636,1.0963636363636364,0.0009090909090909094,LINEAR_BRIDGE_TM88373_TEXT_OPPOSITE_ROTATION_ANCHOR__TO__TM88373_TEXT_60DEG_FLAP_ANCHOR,,,0,LINEAR_BRIDGE_TM88373_TEXT_OPPOSITE_ROTATION_ANCHOR__TO__TM88373_TEXT_60DEG_FLAP_ANCHOR,PROVISIONAL_SURROGATE_V0_DO_NOT_USE_FOR_FINAL_PASS
-85,-1.4835298641951802,0.1,1.09,0.0,TM88373_TEXT_60DEG_FLAP_ANCHOR,,,0,TM88373_TEXT_60DEG_FLAP_ANCHOR,PROVISIONAL_SURROGATE_V0_DO_NOT_USE_FOR_FINAL_PASS
-84,-1.4660765716752369,0.11000000000000001,1.092,-0.002,LINEAR_BRIDGE_TM88373_TEXT_60DEG_FLAP_ANCHOR__TO__TM88373_TEXT_XV15_WAKE_ANCHOR,,,0,LINEAR_BRIDGE_TM88373_TEXT_60DEG_FLAP_ANCHOR__TO__TM88373_TEXT_XV15_WAKE_ANCHOR,PROVISIONAL_SURROGATE_V0_DO_NOT_USE_FOR_FINAL_PASS
-83,-1.4486232791552935,0.12,1.094,-0.004,LINEAR_BRIDGE_TM88373_TEXT_60DEG_FLAP_ANCHOR__TO__TM88373_TEXT_XV15_WAKE_ANCHOR,,,0,LINEAR_BRIDGE_TM88373_TEXT_60DEG_FLAP_ANCHOR__TO__TM88373_TEXT_XV15_WAKE_ANCHOR,PROVISIONAL_SURROGATE_V0_DO_NOT_USE_FOR_FINAL_PASS
-82,-1.4311699866353502,0.13,1.096,-0.006,LINEAR_BRIDGE_TM88373_TEXT_60DEG_FLAP_ANCHOR__TO__TM88373_TEXT_XV15_WAKE_ANCHOR,,,0,LINEAR_BRIDGE_TM88373_TEXT_60DEG_FLAP_ANCHOR__TO__TM88373_TEXT_XV15_WAKE_ANCHOR,PROVISIONAL_SURROGATE_V0_DO_NOT_USE_FOR_FINAL_PASS
-81,-1.413716694115407,0.13999999999999999,1.098,-0.008,LINEAR_BRIDGE_TM88373_TEXT_60DEG_FLAP_ANCHOR__TO__TM88373_TEXT_XV15_WAKE_ANCHOR,,,0,LINEAR_BRIDGE_TM88373_TEXT_60DEG_FLAP_ANCHOR__TO__TM88373_TEXT_XV15_WAKE_ANCHOR,PROVISIONAL_SURROGATE_V0_DO_NOT_USE_FOR_FINAL_PASS
-80,-1.3962634015954636,0.15,1.1,-0.01,TM88373_TEXT_XV15_WAKE_ANCHOR,,,0,TM88373_TEXT_XV15_WAKE_ANCHOR,PROVISIONAL_SURROGATE_V0_DO_NOT_USE_FOR_FINAL_PASS
-79,-1.3788101090755203,0.16,1.12,-0.012,LINEAR_BRIDGE_TM88373_TEXT_XV15_WAKE_ANCHOR__TO__TM88373_RANGE_ENDPOINT_ANCHOR,,,0,LINEAR_BRIDGE_TM88373_TEXT_XV15_WAKE_ANCHOR__TO__TM88373_RANGE_ENDPOINT_ANCHOR,PROVISIONAL_SURROGATE_V0_DO_NOT_USE_FOR_FINAL_PASS
-78,-1.361356816555577,0.17,1.1400000000000001,-0.014,LINEAR_BRIDGE_TM88373_TEXT_XV15_WAKE_ANCHOR__TO__TM88373_RANGE_ENDPOINT_ANCHOR,,,0,LINEAR_BRIDGE_TM88373_TEXT_XV15_WAKE_ANCHOR__TO__TM88373_RANGE_ENDPOINT_ANCHOR,PROVISIONAL_SURROGATE_V0_DO_NOT_USE_FOR_FINAL_PASS
-77,-1.3439035240356338,0.18,1.1600000000000001,-0.016,LINEAR_BRIDGE_TM88373_TEXT_XV15_WAKE_ANCHOR__TO__TM88373_RANGE_ENDPOINT_ANCHOR,,,0,LINEAR_BRIDGE_TM88373_TEXT_XV15_WAKE_ANCHOR__TO__TM88373_RANGE_ENDPOINT_ANCHOR,PROVISIONAL_SURROGATE_V0_DO_NOT_USE_FOR_FINAL_PASS
-76,-1.3264502315156905,0.19000000000000003,1.18,-0.018,LINEAR_BRIDGE_TM88373_TEXT_XV15_WAKE_ANCHOR__TO__TM88373_RANGE_ENDPOINT_ANCHOR,,,0,LINEAR_BRIDGE_TM88373_TEXT_XV15_WAKE_ANCHOR__TO__TM88373_RANGE_ENDPOINT_ANCHOR,PROVISIONAL_SURROGATE_V0_DO_NOT_USE_FOR_FINAL_PASS
-75,-1.3089969389957472,0.2,1.2,-0.02,TM88373_RANGE_ENDPOINT_ANCHOR,,,0,TM88373_RANGE_ENDPOINT_ANCHOR,PROVISIONAL_SURROGATE_V0_DO_NOT_USE_FOR_FINAL_PASS
-74,-1.2915436464758039,0.17427800000000002,1.1790722,-0.020242,LINEAR_BRIDGE_TM88373_RANGE_ENDPOINT_ANCHOR__TO__XFOIL_CLEAN_SURROGATE_GEOMETRY,,,0,LINEAR_BRIDGE_TM88373_RANGE_ENDPOINT_ANCHOR__TO__XFOIL_CLEAN_SURROGATE_GEOMETRY,PROVISIONAL_SURROGATE_V0_DO_NOT_USE_FOR_FINAL_PASS
-73,-1.2740903539558606,0.148556,1.1581443999999999,-0.020484,LINEAR_BRIDGE_TM88373_RANGE_ENDPOINT_ANCHOR__TO__XFOIL_CLEAN_SURROGATE_GEOMETRY,,,0,LINEAR_BRIDGE_TM88373_RANGE_ENDPOINT_ANCHOR__TO__XFOIL_CLEAN_SURROGATE_GEOMETRY,PROVISIONAL_SURROGATE_V0_DO_NOT_USE_FOR_FINAL_PASS
-72,-1.2566370614359172,0.122834,1.1372166,-0.020726,LINEAR_BRIDGE_TM88373_RANGE_ENDPOINT_ANCHOR__TO__XFOIL_CLEAN_SURROGATE_GEOMETRY,,,0,LINEAR_BRIDGE_TM88373_RANGE_ENDPOINT_ANCHOR__TO__XFOIL_CLEAN_SURROGATE_GEOMETRY,PROVISIONAL_SURROGATE_V0_DO_NOT_USE_FOR_FINAL_PASS
-71,-1.239183768915974,0.09711200000000002,1.1162888000000002,-0.020968,LINEAR_BRIDGE_TM88373_RANGE_ENDPOINT_ANCHOR__TO__XFOIL_CLEAN_SURROGATE_GEOMETRY,,,0,LINEAR_BRIDGE_TM88373_RANGE_ENDPOINT_ANCHOR__TO__XFOIL_CLEAN_SURROGATE_GEOMETRY,PROVISIONAL_SURROGATE_V0_DO_NOT_USE_FOR_FINAL_PASS
-70,-1.2217304763960306,0.07139000000000001,1.095361,-0.021210000000000003,LINEAR_BRIDGE_TM88373_RANGE_ENDPOINT_ANCHOR__TO__XFOIL_CLEAN_SURROGATE_GEOMETRY,,,0,LINEAR_BRIDGE_TM88373_RANGE_ENDPOINT_ANCHOR__TO__XFOIL_CLEAN_SURROGATE_GEOMETRY,PROVISIONAL_SURROGATE_V0_DO_NOT_USE_FOR_FINAL_PASS
-69,-1.2042771838760873,0.045668000000000014,1.0744332,-0.021452,LINEAR_BRIDGE_TM88373_RANGE_ENDPOINT_ANCHOR__TO__XFOIL_CLEAN_SURROGATE_GEOMETRY,,,0,LINEAR_BRIDGE_TM88373_RANGE_ENDPOINT_ANCHOR__TO__XFOIL_CLEAN_SURROGATE_GEOMETRY,PROVISIONAL_SURROGATE_V0_DO_NOT_USE_FOR_FINAL_PASS
-68,-1.1868238913561442,0.01994599999999999,1.0535054,-0.021693999999999998,LINEAR_BRIDGE_TM88373_RANGE_ENDPOINT_ANCHOR__TO__XFOIL_CLEAN_SURROGATE_GEOMETRY,,,0,LINEAR_BRIDGE_TM88373_RANGE_ENDPOINT_ANCHOR__TO__XFOIL_CLEAN_SURROGATE_GEOMETRY,PROVISIONAL_SURROGATE_V0_DO_NOT_USE_FOR_FINAL_PASS
-67,-1.1693705988362009,-0.005776000000000003,1.0325776,-0.021935999999999997,LINEAR_BRIDGE_TM88373_RANGE_ENDPOINT_ANCHOR__TO__XFOIL_CLEAN_SURROGATE_GEOMETRY,,,0,LINEAR_BRIDGE_TM88373_RANGE_ENDPOINT_ANCHOR__TO__XFOIL_CLEAN_SURROGATE_GEOMETRY,PROVISIONAL_SURROGATE_V0_DO_NOT_USE_FOR_FINAL_PASS
-66,-1.1519173063162575,-0.03149799999999997,1.0116498,-0.022178,LINEAR_BRIDGE_TM88373_RANGE_ENDPOINT_ANCHOR__TO__XFOIL_CLEAN_SURROGATE_GEOMETRY,,,0,LINEAR_BRIDGE_TM88373_RANGE_ENDPOINT_ANCHOR__TO__XFOIL_CLEAN_SURROGATE_GEOMETRY,PROVISIONAL_SURROGATE_V0_DO_NOT_USE_FOR_FINAL_PASS
-65,-1.1344640137963142,-0.05721999999999999,0.990722,-0.02242,LINEAR_BRIDGE_TM88373_RANGE_ENDPOINT_ANCHOR__TO__XFOIL_CLEAN_SURROGATE_GEOMETRY,,,0,LINEAR_BRIDGE_TM88373_RANGE_ENDPOINT_ANCHOR__TO__XFOIL_CLEAN_SURROGATE_GEOMETRY,PROVISIONAL_SURROGATE_V0_DO_NOT_USE_FOR_FINAL_PASS
-64,-1.117010721276371,-0.08294199999999999,0.9697941999999999,-0.022662,LINEAR_BRIDGE_TM88373_RANGE_ENDPOINT_ANCHOR__TO__XFOIL_CLEAN_SURROGATE_GEOMETRY,,,0,LINEAR_BRIDGE_TM88373_RANGE_ENDPOINT_ANCHOR__TO__XFOIL_CLEAN_SURROGATE_GEOMETRY,PROVISIONAL_SURROGATE_V0_DO_NOT_USE_FOR_FINAL_PASS
-63,-1.0995574287564276,-0.10866399999999998,0.9488663999999999,-0.022904,LINEAR_BRIDGE_TM88373_RANGE_ENDPOINT_ANCHOR__TO__XFOIL_CLEAN_SURROGATE_GEOMETRY,,,0,LINEAR_BRIDGE_TM88373_RANGE_ENDPOINT_ANCHOR__TO__XFOIL_CLEAN_SURROGATE_GEOMETRY,PROVISIONAL_SURROGATE_V0_DO_NOT_USE_FOR_FINAL_PASS
-62,-1.0821041362364843,-0.13438600000000003,0.9279386000000001,-0.023146,LINEAR_BRIDGE_TM88373_RANGE_ENDPOINT_ANCHOR__TO__XFOIL_CLEAN_SURROGATE_GEOMETRY,,,0,LINEAR_BRIDGE_TM88373_RANGE_ENDPOINT_ANCHOR__TO__XFOIL_CLEAN_SURROGATE_GEOMETRY,PROVISIONAL_SURROGATE_V0_DO_NOT_USE_FOR_FINAL_PASS
-61,-1.064650843716541,-0.16010800000000006,0.9070108,-0.023388,LINEAR_BRIDGE_TM88373_RANGE_ENDPOINT_ANCHOR__TO__XFOIL_CLEAN_SURROGATE_GEOMETRY,,,0,LINEAR_BRIDGE_TM88373_RANGE_ENDPOINT_ANCHOR__TO__XFOIL_CLEAN_SURROGATE_GEOMETRY,PROVISIONAL_SURROGATE_V0_DO_NOT_USE_FOR_FINAL_PASS
-60,-1.0471975511965976,-0.18583000000000002,0.886083,-0.023629999999999998,LINEAR_BRIDGE_TM88373_RANGE_ENDPOINT_ANCHOR__TO__XFOIL_CLEAN_SURROGATE_GEOMETRY,,,0,LINEAR_BRIDGE_TM88373_RANGE_ENDPOINT_ANCHOR__TO__XFOIL_CLEAN_SURROGATE_GEOMETRY,PROVISIONAL_SURROGATE_V0_DO_NOT_USE_FOR_FINAL_PASS
-59,-1.0297442586766545,-0.21155200000000005,0.8651551999999999,-0.023871999999999997,LINEAR_BRIDGE_TM88373_RANGE_ENDPOINT_ANCHOR__TO__XFOIL_CLEAN_SURROGATE_GEOMETRY,,,0,LINEAR_BRIDGE_TM88373_RANGE_ENDPOINT_ANCHOR__TO__XFOIL_CLEAN_SURROGATE_GEOMETRY,PROVISIONAL_SURROGATE_V0_DO_NOT_USE_FOR_FINAL_PASS
-58,-1.0122909661567112,-0.23727400000000007,0.8442274,-0.024113999999999997,LINEAR_BRIDGE_TM88373_RANGE_ENDPOINT_ANCHOR__TO__XFOIL_CLEAN_SURROGATE_GEOMETRY,,,0,LINEAR_BRIDGE_TM88373_RANGE_ENDPOINT_ANCHOR__TO__XFOIL_CLEAN_SURROGATE_GEOMETRY,PROVISIONAL_SURROGATE_V0_DO_NOT_USE_FOR_FINAL_PASS
-57,-0.9948376736367679,-0.262996,0.8232996,-0.024356,LINEAR_BRIDGE_TM88373_RANGE_ENDPOINT_ANCHOR__TO__XFOIL_CLEAN_SURROGATE_GEOMETRY,,,0,LINEAR_BRIDGE_TM88373_RANGE_ENDPOINT_ANCHOR__TO__XFOIL_CLEAN_SURROGATE_GEOMETRY,PROVISIONAL_SURROGATE_V0_DO_NOT_USE_FOR_FINAL_PASS
-56,-0.9773843811168246,-0.28871800000000003,0.8023718,-0.024598,LINEAR_BRIDGE_TM88373_RANGE_ENDPOINT_ANCHOR__TO__XFOIL_CLEAN_SURROGATE_GEOMETRY,,,0,LINEAR_BRIDGE_TM88373_RANGE_ENDPOINT_ANCHOR__TO__XFOIL_CLEAN_SURROGATE_GEOMETRY,PROVISIONAL_SURROGATE_V0_DO_NOT_USE_FOR_FINAL_PASS
-55,-0.9599310885968813,-0.31444000000000005,0.781444,-0.02484,LINEAR_BRIDGE_TM88373_RANGE_ENDPOINT_ANCHOR__TO__XFOIL_CLEAN_SURROGATE_GEOMETRY,,,0,LINEAR_BRIDGE_TM88373_RANGE_ENDPOINT_ANCHOR__TO__XFOIL_CLEAN_SURROGATE_GEOMETRY,PROVISIONAL_SURROGATE_V0_DO_NOT_USE_FOR_FINAL_PASS
-54,-0.9424777960769379,-0.34016199999999996,0.7605162000000001,-0.025082,LINEAR_BRIDGE_TM88373_RANGE_ENDPOINT_ANCHOR__TO__XFOIL_CLEAN_SURROGATE_GEOMETRY,,,0,LINEAR_BRIDGE_TM88373_RANGE_ENDPOINT_ANCHOR__TO__XFOIL_CLEAN_SURROGATE_GEOMETRY,PROVISIONAL_SURROGATE_V0_DO_NOT_USE_FOR_FINAL_PASS
-53,-0.9250245035569946,-0.365884,0.7395884,-0.025324,LINEAR_BRIDGE_TM88373_RANGE_ENDPOINT_ANCHOR__TO__XFOIL_CLEAN_SURROGATE_GEOMETRY,,,0,LINEAR_BRIDGE_TM88373_RANGE_ENDPOINT_ANCHOR__TO__XFOIL_CLEAN_SURROGATE_GEOMETRY,PROVISIONAL_SURROGATE_V0_DO_NOT_USE_FOR_FINAL_PASS
-52,-0.9075712110370514,-0.391606,0.7186606,-0.025566,LINEAR_BRIDGE_TM88373_RANGE_ENDPOINT_ANCHOR__TO__XFOIL_CLEAN_SURROGATE_GEOMETRY,,,0,LINEAR_BRIDGE_TM88373_RANGE_ENDPOINT_ANCHOR__TO__XFOIL_CLEAN_SURROGATE_GEOMETRY,PROVISIONAL_SURROGATE_V0_DO_NOT_USE_FOR_FINAL_PASS
-51,-0.8901179185171081,-0.41732800000000003,0.6977328,-0.025807999999999998,LINEAR_BRIDGE_TM88373_RANGE_ENDPOINT_ANCHOR__TO__XFOIL_CLEAN_SURROGATE_GEOMETRY,,,0,LINEAR_BRIDGE_TM88373_RANGE_ENDPOINT_ANCHOR__TO__XFOIL_CLEAN_SURROGATE_GEOMETRY,PROVISIONAL_SURROGATE_V0_DO_NOT_USE_FOR_FINAL_PASS
-50,-0.8726646259971648,-0.44305000000000005,0.676805,-0.026049999999999997,LINEAR_BRIDGE_TM88373_RANGE_ENDPOINT_ANCHOR__TO__XFOIL_CLEAN_SURROGATE_GEOMETRY,,,0,LINEAR_BRIDGE_TM88373_RANGE_ENDPOINT_ANCHOR__TO__XFOIL_CLEAN_SURROGATE_GEOMETRY,PROVISIONAL_SURROGATE_V0_DO_NOT_USE_FOR_FINAL_PASS
-49,-0.8552113334772214,-0.4687720000000001,0.6558771999999999,-0.026291999999999996,LINEAR_BRIDGE_TM88373_RANGE_ENDPOINT_ANCHOR__TO__XFOIL_CLEAN_SURROGATE_GEOMETRY,,,0,LINEAR_BRIDGE_TM88373_RANGE_ENDPOINT_ANCHOR__TO__XFOIL_CLEAN_SURROGATE_GEOMETRY,PROVISIONAL_SURROGATE_V0_DO_NOT_USE_FOR_FINAL_PASS
-48,-0.8377580409572782,-0.4944940000000001,0.6349494,-0.026534,LINEAR_BRIDGE_TM88373_RANGE_ENDPOINT_ANCHOR__TO__XFOIL_CLEAN_SURROGATE_GEOMETRY,,,0,LINEAR_BRIDGE_TM88373_RANGE_ENDPOINT_ANCHOR__TO__XFOIL_CLEAN_SURROGATE_GEOMETRY,PROVISIONAL_SURROGATE_V0_DO_NOT_USE_FOR_FINAL_PASS
-47,-0.8203047484373349,-0.5202160000000001,0.6140216,-0.026775999999999998,LINEAR_BRIDGE_TM88373_RANGE_ENDPOINT_ANCHOR__TO__XFOIL_CLEAN_SURROGATE_GEOMETRY,,,0,LINEAR_BRIDGE_TM88373_RANGE_ENDPOINT_ANCHOR__TO__XFOIL_CLEAN_SURROGATE_GEOMETRY,PROVISIONAL_SURROGATE_V0_DO_NOT_USE_FOR_FINAL_PASS
-46,-0.8028514559173916,-0.545938,0.5930938,-0.027017999999999997,LINEAR_BRIDGE_TM88373_RANGE_ENDPOINT_ANCHOR__TO__XFOIL_CLEAN_SURROGATE_GEOMETRY,,,0,LINEAR_BRIDGE_TM88373_RANGE_ENDPOINT_ANCHOR__TO__XFOIL_CLEAN_SURROGATE_GEOMETRY,PROVISIONAL_SURROGATE_V0_DO_NOT_USE_FOR_FINAL_PASS
-45,-0.7853981633974483,-0.5716600000000001,0.572166,-0.027259999999999996,LINEAR_BRIDGE_TM88373_RANGE_ENDPOINT_ANCHOR__TO__XFOIL_CLEAN_SURROGATE_GEOMETRY,,,0,LINEAR_BRIDGE_TM88373_RANGE_ENDPOINT_ANCHOR__TO__XFOIL_CLEAN_SURROGATE_GEOMETRY,PROVISIONAL_SURROGATE_V0_DO_NOT_USE_FOR_FINAL_PASS
-44,-0.767944870877505,-0.5973820000000001,0.5512382,-0.027501999999999995,LINEAR_BRIDGE_TM88373_RANGE_ENDPOINT_ANCHOR__TO__XFOIL_CLEAN_SURROGATE_GEOMETRY,,,0,LINEAR_BRIDGE_TM88373_RANGE_ENDPOINT_ANCHOR__TO__XFOIL_CLEAN_SURROGATE_GEOMETRY,PROVISIONAL_SURROGATE_V0_DO_NOT_USE_FOR_FINAL_PASS
-43,-0.7504915783575618,-0.6231040000000001,0.5303104,-0.027743999999999998,LINEAR_BRIDGE_TM88373_RANGE_ENDPOINT_ANCHOR__TO__XFOIL_CLEAN_SURROGATE_GEOMETRY,,,0,LINEAR_BRIDGE_TM88373_RANGE_ENDPOINT_ANCHOR__TO__XFOIL_CLEAN_SURROGATE_GEOMETRY,PROVISIONAL_SURROGATE_V0_DO_NOT_USE_FOR_FINAL_PASS
-42,-0.7330382858376184,-0.6488260000000001,0.5093826,-0.027986,LINEAR_BRIDGE_TM88373_RANGE_ENDPOINT_ANCHOR__TO__XFOIL_CLEAN_SURROGATE_GEOMETRY,,,0,LINEAR_BRIDGE_TM88373_RANGE_ENDPOINT_ANCHOR__TO__XFOIL_CLEAN_SURROGATE_GEOMETRY,PROVISIONAL_SURROGATE_V0_DO_NOT_USE_FOR_FINAL_PASS
-41,-0.7155849933176751,-0.6745480000000001,0.48845479999999997,-0.028228,LINEAR_BRIDGE_TM88373_RANGE_ENDPOINT_ANCHOR__TO__XFOIL_CLEAN_SURROGATE_GEOMETRY,,,0,LINEAR_BRIDGE_TM88373_RANGE_ENDPOINT_ANCHOR__TO__XFOIL_CLEAN_SURROGATE_GEOMETRY,PROVISIONAL_SURROGATE_V0_DO_NOT_USE_FOR_FINAL_PASS
-40,-0.6981317007977318,-0.70027,0.467527,-0.02847,LINEAR_BRIDGE_TM88373_RANGE_ENDPOINT_ANCHOR__TO__XFOIL_CLEAN_SURROGATE_GEOMETRY,,,0,LINEAR_BRIDGE_TM88373_RANGE_ENDPOINT_ANCHOR__TO__XFOIL_CLEAN_SURROGATE_GEOMETRY,PROVISIONAL_SURROGATE_V0_DO_NOT_USE_FOR_FINAL_PASS
-39,-0.6806784082777885,-0.725992,0.44659920000000003,-0.028711999999999998,LINEAR_BRIDGE_TM88373_RANGE_ENDPOINT_ANCHOR__TO__XFOIL_CLEAN_SURROGATE_GEOMETRY,,,0,LINEAR_BRIDGE_TM88373_RANGE_ENDPOINT_ANCHOR__TO__XFOIL_CLEAN_SURROGATE_GEOMETRY,PROVISIONAL_SURROGATE_V0_DO_NOT_USE_FOR_FINAL_PASS
-38,-0.6632251157578453,-0.751714,0.4256714,-0.028953999999999997,LINEAR_BRIDGE_TM88373_RANGE_ENDPOINT_ANCHOR__TO__XFOIL_CLEAN_SURROGATE_GEOMETRY,,,0,LINEAR_BRIDGE_TM88373_RANGE_ENDPOINT_ANCHOR__TO__XFOIL_CLEAN_SURROGATE_GEOMETRY,PROVISIONAL_SURROGATE_V0_DO_NOT_USE_FOR_FINAL_PASS
-37,-0.6457718232379019,-0.777436,0.4047436,-0.029195999999999996,LINEAR_BRIDGE_TM88373_RANGE_ENDPOINT_ANCHOR__TO__XFOIL_CLEAN_SURROGATE_GEOMETRY,,,0,LINEAR_BRIDGE_TM88373_RANGE_ENDPOINT_ANCHOR__TO__XFOIL_CLEAN_SURROGATE_GEOMETRY,PROVISIONAL_SURROGATE_V0_DO_NOT_USE_FOR_FINAL_PASS
-36,-0.6283185307179586,-0.803158,0.38381579999999993,-0.029438,LINEAR_BRIDGE_TM88373_RANGE_ENDPOINT_ANCHOR__TO__XFOIL_CLEAN_SURROGATE_GEOMETRY,,,0,LINEAR_BRIDGE_TM88373_RANGE_ENDPOINT_ANCHOR__TO__XFOIL_CLEAN_SURROGATE_GEOMETRY,PROVISIONAL_SURROGATE_V0_DO_NOT_USE_FOR_FINAL_PASS
-35,-0.6108652381980153,-0.8288800000000001,0.36288799999999993,-0.029679999999999998,LINEAR_BRIDGE_TM88373_RANGE_ENDPOINT_ANCHOR__TO__XFOIL_CLEAN_SURROGATE_GEOMETRY,,,0,LINEAR_BRIDGE_TM88373_RANGE_ENDPOINT_ANCHOR__TO__XFOIL_CLEAN_SURROGATE_GEOMETRY,PROVISIONAL_SURROGATE_V0_DO_NOT_USE_FOR_FINAL_PASS
-34,-0.5934119456780721,-0.854602,0.34196020000000005,-0.029921999999999997,LINEAR_BRIDGE_TM88373_RANGE_ENDPOINT_ANCHOR__TO__XFOIL_CLEAN_SURROGATE_GEOMETRY,,,0,LINEAR_BRIDGE_TM88373_RANGE_ENDPOINT_ANCHOR__TO__XFOIL_CLEAN_SURROGATE_GEOMETRY,PROVISIONAL_SURROGATE_V0_DO_NOT_USE_FOR_FINAL_PASS
-33,-0.5759586531581288,-0.880324,0.3210324,-0.030163999999999996,LINEAR_BRIDGE_TM88373_RANGE_ENDPOINT_ANCHOR__TO__XFOIL_CLEAN_SURROGATE_GEOMETRY,,,0,LINEAR_BRIDGE_TM88373_RANGE_ENDPOINT_ANCHOR__TO__XFOIL_CLEAN_SURROGATE_GEOMETRY,PROVISIONAL_SURROGATE_V0_DO_NOT_USE_FOR_FINAL_PASS
-32,-0.5585053606381855,-0.906046,0.3001046,-0.030405999999999996,LINEAR_BRIDGE_TM88373_RANGE_ENDPOINT_ANCHOR__TO__XFOIL_CLEAN_SURROGATE_GEOMETRY,,,0,LINEAR_BRIDGE_TM88373_RANGE_ENDPOINT_ANCHOR__TO__XFOIL_CLEAN_SURROGATE_GEOMETRY,PROVISIONAL_SURROGATE_V0_DO_NOT_USE_FOR_FINAL_PASS
-31,-0.5410520681182421,-0.931768,0.2791768,-0.030647999999999998,LINEAR_BRIDGE_TM88373_RANGE_ENDPOINT_ANCHOR__TO__XFOIL_CLEAN_SURROGATE_GEOMETRY,,,0,LINEAR_BRIDGE_TM88373_RANGE_ENDPOINT_ANCHOR__TO__XFOIL_CLEAN_SURROGATE_GEOMETRY,PROVISIONAL_SURROGATE_V0_DO_NOT_USE_FOR_FINAL_PASS
-30,-0.5235987755982988,-0.9574900000000001,0.25824899999999995,-0.030889999999999997,LINEAR_BRIDGE_TM88373_RANGE_ENDPOINT_ANCHOR__TO__XFOIL_CLEAN_SURROGATE_GEOMETRY,,,0,LINEAR_BRIDGE_TM88373_RANGE_ENDPOINT_ANCHOR__TO__XFOIL_CLEAN_SURROGATE_GEOMETRY,PROVISIONAL_SURROGATE_V0_DO_NOT_USE_FOR_FINAL_PASS
-29,-0.5061454830783556,-0.9832120000000001,0.23732119999999995,-0.031132,LINEAR_BRIDGE_TM88373_RANGE_ENDPOINT_ANCHOR__TO__XFOIL_CLEAN_SURROGATE_GEOMETRY,,,0,LINEAR_BRIDGE_TM88373_RANGE_ENDPOINT_ANCHOR__TO__XFOIL_CLEAN_SURROGATE_GEOMETRY,PROVISIONAL_SURROGATE_V0_DO_NOT_USE_FOR_FINAL_PASS
-28,-0.4886921905584123,-1.008934,0.21639340000000004,-0.031374,LINEAR_BRIDGE_TM88373_RANGE_ENDPOINT_ANCHOR__TO__XFOIL_CLEAN_SURROGATE_GEOMETRY,,,0,LINEAR_BRIDGE_TM88373_RANGE_ENDPOINT_ANCHOR__TO__XFOIL_CLEAN_SURROGATE_GEOMETRY,PROVISIONAL_SURROGATE_V0_DO_NOT_USE_FOR_FINAL_PASS
-27,-0.47123889803846897,-1.034656,0.19546560000000004,-0.031616,LINEAR_BRIDGE_TM88373_RANGE_ENDPOINT_ANCHOR__TO__XFOIL_CLEAN_SURROGATE_GEOMETRY,,,0,LINEAR_BRIDGE_TM88373_RANGE_ENDPOINT_ANCHOR__TO__XFOIL_CLEAN_SURROGATE_GEOMETRY,PROVISIONAL_SURROGATE_V0_DO_NOT_USE_FOR_FINAL_PASS
-26,-0.4537856055185257,-1.060378,0.17453780000000002,-0.03185799999999999,LINEAR_BRIDGE_TM88373_RANGE_ENDPOINT_ANCHOR__TO__XFOIL_CLEAN_SURROGATE_GEOMETRY,,,0,LINEAR_BRIDGE_TM88373_RANGE_ENDPOINT_ANCHOR__TO__XFOIL_CLEAN_SURROGATE_GEOMETRY,PROVISIONAL_SURROGATE_V0_DO_NOT_USE_FOR_FINAL_PASS
-25,-0.4363323129985824,-1.0861,0.15361,-0.0321,XFOIL_CLEAN_SURROGATE_GEOMETRY,,,0,XFOIL_CLEAN_SURROGATE_GEOMETRY,PROVISIONAL_SURROGATE_V0_DO_NOT_USE_FOR_FINAL_PASS
-24,-0.4188790204786391,-1.0908,0.13923,-0.0415,XFOIL_CLEAN_SURROGATE_GEOMETRY,,,0,XFOIL_CLEAN_SURROGATE_GEOMETRY,PROVISIONAL_SURROGATE_V0_DO_NOT_USE_FOR_FINAL_PASS
-23,-0.4014257279586958,-1.103,0.12424,-0.0502,XFOIL_CLEAN_SURROGATE_GEOMETRY,,,0,XFOIL_CLEAN_SURROGATE_GEOMETRY,PROVISIONAL_SURROGATE_V0_DO_NOT_USE_FOR_FINAL_PASS
-22,-0.3839724354387525,-1.1232,0.10836,-0.0583,XFOIL_CLEAN_SURROGATE_GEOMETRY,,,0,XFOIL_CLEAN_SURROGATE_GEOMETRY,PROVISIONAL_SURROGATE_V0_DO_NOT_USE_FOR_FINAL_PASS
-21,-0.3665191429188092,-1.1553,0.09135,-0.0658,XFOIL_CLEAN_SURROGATE_GEOMETRY,,,0,XFOIL_CLEAN_SURROGATE_GEOMETRY,PROVISIONAL_SURROGATE_V0_DO_NOT_USE_FOR_FINAL_PASS
-20,-0.3490658503988659,-1.1947,0.07407,-0.0726,XFOIL_CLEAN_SURROGATE_GEOMETRY,,,0,XFOIL_CLEAN_SURROGATE_GEOMETRY,PROVISIONAL_SURROGATE_V0_DO_NOT_USE_FOR_FINAL_PASS
-19,-0.33161255787892263,-1.2207,0.05911,-0.0775,XFOIL_CLEAN_SURROGATE_GEOMETRY,,,0,XFOIL_CLEAN_SURROGATE_GEOMETRY,PROVISIONAL_SURROGATE_V0_DO_NOT_USE_FOR_FINAL_PASS
-18,-0.3141592653589793,-1.2412,0.04574,-0.0807,XFOIL_CLEAN_SURROGATE_GEOMETRY,,,0,XFOIL_CLEAN_SURROGATE_GEOMETRY,PROVISIONAL_SURROGATE_V0_DO_NOT_USE_FOR_FINAL_PASS
-17,-0.29670597283903605,-1.2343,0.03661,-0.081,XFOIL_CLEAN_SURROGATE_GEOMETRY,,,0,XFOIL_CLEAN_SURROGATE_GEOMETRY,PROVISIONAL_SURROGATE_V0_DO_NOT_USE_FOR_FINAL_PASS
-16,-0.2792526803190927,-1.2385,0.0296,-0.0755,XFOIL_CLEAN_SURROGATE_GEOMETRY,,,0,XFOIL_CLEAN_SURROGATE_GEOMETRY,PROVISIONAL_SURROGATE_V0_DO_NOT_USE_FOR_FINAL_PASS
-15,-0.2617993877991494,-1.2135,0.02454,-0.0711,XFOIL_CLEAN_SURROGATE_GEOMETRY,,,0,XFOIL_CLEAN_SURROGATE_GEOMETRY,PROVISIONAL_SURROGATE_V0_DO_NOT_USE_FOR_FINAL_PASS
-14,-0.24434609527920614,-1.1136,0.02059,-0.0768,XFOIL_CLEAN_SURROGATE_GEOMETRY,,,0,XFOIL_CLEAN_SURROGATE_GEOMETRY,PROVISIONAL_SURROGATE_V0_DO_NOT_USE_FOR_FINAL_PASS
-13,-0.22689280275926285,-1.0104,0.01768,-0.0805,XFOIL_CLEAN_SURROGATE_GEOMETRY,,,0,XFOIL_CLEAN_SURROGATE_GEOMETRY,PROVISIONAL_SURROGATE_V0_DO_NOT_USE_FOR_FINAL_PASS
-12,-0.20943951023931956,-0.932,0.01545,-0.0775,XFOIL_CLEAN_SURROGATE_GEOMETRY,,,0,XFOIL_CLEAN_SURROGATE_GEOMETRY,PROVISIONAL_SURROGATE_V0_DO_NOT_USE_FOR_FINAL_PASS
-11,-0.19198621771937624,-0.8608,0.01382,-0.0715,XFOIL_CLEAN_SURROGATE_GEOMETRY,,,0,XFOIL_CLEAN_SURROGATE_GEOMETRY,PROVISIONAL_SURROGATE_V0_DO_NOT_USE_FOR_FINAL_PASS
-10,-0.17453292519943295,-0.7798,0.01261,-0.0665,XFOIL_CLEAN_SURROGATE_GEOMETRY,,,0,XFOIL_CLEAN_SURROGATE_GEOMETRY,PROVISIONAL_SURROGATE_V0_DO_NOT_USE_FOR_FINAL_PASS
-9,-0.15707963267948966,-0.6955,0.0117,-0.0616,XFOIL_CLEAN_SURROGATE_GEOMETRY,,,0,XFOIL_CLEAN_SURROGATE_GEOMETRY,PROVISIONAL_SURROGATE_V0_DO_NOT_USE_FOR_FINAL_PASS
-8,-0.13962634015954636,-0.5997,0.01094,-0.0587,XFOIL_CLEAN_SURROGATE_GEOMETRY,,,0,XFOIL_CLEAN_SURROGATE_GEOMETRY,PROVISIONAL_SURROGATE_V0_DO_NOT_USE_FOR_FINAL_PASS
-7,-0.12217304763960307,-0.5007,0.01031,-0.0562,XFOIL_CLEAN_SURROGATE_GEOMETRY,,,0,XFOIL_CLEAN_SURROGATE_GEOMETRY,PROVISIONAL_SURROGATE_V0_DO_NOT_USE_FOR_FINAL_PASS
-6,-0.10471975511965978,-0.3979,0.00983,-0.0543,XFOIL_CLEAN_SURROGATE_GEOMETRY,,,0,XFOIL_CLEAN_SURROGATE_GEOMETRY,PROVISIONAL_SURROGATE_V0_DO_NOT_USE_FOR_FINAL_PASS
-5,-0.08726646259971647,-0.2947,0.00943,-0.0524,XFOIL_CLEAN_SURROGATE_GEOMETRY,,,0,XFOIL_CLEAN_SURROGATE_GEOMETRY,PROVISIONAL_SURROGATE_V0_DO_NOT_USE_FOR_FINAL_PASS
-4,-0.06981317007977318,-0.1903,0.00913,-0.0506,XFOIL_CLEAN_SURROGATE_GEOMETRY,,,0,XFOIL_CLEAN_SURROGATE_GEOMETRY,PROVISIONAL_SURROGATE_V0_DO_NOT_USE_FOR_FINAL_PASS
-3,-0.05235987755982989,-0.0852,0.00894,-0.049,XFOIL_CLEAN_SURROGATE_GEOMETRY,,,0,XFOIL_CLEAN_SURROGATE_GEOMETRY,PROVISIONAL_SURROGATE_V0_DO_NOT_USE_FOR_FINAL_PASS
-2,-0.03490658503988659,0.02,0.00883,-0.0473,XFOIL_CLEAN_SURROGATE_GEOMETRY,,,0,XFOIL_CLEAN_SURROGATE_GEOMETRY,PROVISIONAL_SURROGATE_V0_DO_NOT_USE_FOR_FINAL_PASS
-1,-0.017453292519943295,0.1248,0.00874,-0.0456,XFOIL_CLEAN_SURROGATE_GEOMETRY,,,0,XFOIL_CLEAN_SURROGATE_GEOMETRY,PROVISIONAL_SURROGATE_V0_DO_NOT_USE_FOR_FINAL_PASS
0,0.0,0.2295,0.00865,-0.044,XFOIL_CLEAN_SURROGATE_GEOMETRY,,,0,XFOIL_CLEAN_SURROGATE_GEOMETRY,PROVISIONAL_SURROGATE_V0_DO_NOT_USE_FOR_FINAL_PASS
1,0.017453292519943295,0.3335,0.00864,-0.0421,XFOIL_CLEAN_SURROGATE_GEOMETRY,,,0,XFOIL_CLEAN_SURROGATE_GEOMETRY,PROVISIONAL_SURROGATE_V0_DO_NOT_USE_FOR_FINAL_PASS
2,0.03490658503988659,0.4359,0.00878,-0.0401,XFOIL_CLEAN_SURROGATE_GEOMETRY,,,0,XFOIL_CLEAN_SURROGATE_GEOMETRY,PROVISIONAL_SURROGATE_V0_DO_NOT_USE_FOR_FINAL_PASS
3,0.05235987755982989,0.5388,0.00889,-0.0381,XFOIL_CLEAN_SURROGATE_GEOMETRY,,,0,XFOIL_CLEAN_SURROGATE_GEOMETRY,PROVISIONAL_SURROGATE_V0_DO_NOT_USE_FOR_FINAL_PASS
4,0.06981317007977318,0.6359,0.00913,-0.0351,XFOIL_CLEAN_SURROGATE_GEOMETRY,,,0,XFOIL_CLEAN_SURROGATE_GEOMETRY,PROVISIONAL_SURROGATE_V0_DO_NOT_USE_FOR_FINAL_PASS
5,0.08726646259971647,0.727,0.00953,-0.031,XFOIL_CLEAN_SURROGATE_GEOMETRY,,,0,XFOIL_CLEAN_SURROGATE_GEOMETRY,PROVISIONAL_SURROGATE_V0_DO_NOT_USE_FOR_FINAL_PASS
6,0.10471975511965978,0.8195,0.01013,-0.0274,XFOIL_CLEAN_SURROGATE_GEOMETRY,,,0,XFOIL_CLEAN_SURROGATE_GEOMETRY,PROVISIONAL_SURROGATE_V0_DO_NOT_USE_FOR_FINAL_PASS
7,0.12217304763960307,0.9041,0.01097,-0.0223,XFOIL_CLEAN_SURROGATE_GEOMETRY,,,0,XFOIL_CLEAN_SURROGATE_GEOMETRY,PROVISIONAL_SURROGATE_V0_DO_NOT_USE_FOR_FINAL_PASS
8,0.13962634015954636,0.9943,0.01228,-0.0191,XFOIL_CLEAN_SURROGATE_GEOMETRY,,,0,XFOIL_CLEAN_SURROGATE_GEOMETRY,PROVISIONAL_SURROGATE_V0_DO_NOT_USE_FOR_FINAL_PASS
9,0.15707963267948966,1.1223,0.01399,-0.0248,XFOIL_CLEAN_SURROGATE_GEOMETRY,,,0,XFOIL_CLEAN_SURROGATE_GEOMETRY,PROVISIONAL_SURROGATE_V0_DO_NOT_USE_FOR_FINAL_PASS
10,0.17453292519943295,1.176,0.01548,-0.0164,XFOIL_CLEAN_SURROGATE_GEOMETRY,,,0,XFOIL_CLEAN_SURROGATE_GEOMETRY,PROVISIONAL_SURROGATE_V0_DO_NOT_USE_FOR_FINAL_PASS
11,0.19198621771937624,1.2347,0.01777,-0.0102,XFOIL_CLEAN_SURROGATE_GEOMETRY,,,0,XFOIL_CLEAN_SURROGATE_GEOMETRY,PROVISIONAL_SURROGATE_V0_DO_NOT_USE_FOR_FINAL_PASS
12,0.20943951023931956,1.2939,0.02069,-0.0054,XFOIL_CLEAN_SURROGATE_GEOMETRY,,,0,XFOIL_CLEAN_SURROGATE_GEOMETRY,PROVISIONAL_SURROGATE_V0_DO_NOT_USE_FOR_FINAL_PASS
13,0.22689280275926285,1.3458,0.02449,-0.0011,XFOIL_CLEAN_SURROGATE_GEOMETRY,,,0,XFOIL_CLEAN_SURROGATE_GEOMETRY,PROVISIONAL_SURROGATE_V0_DO_NOT_USE_FOR_FINAL_PASS
14,0.24434609527920614,1.3891,0.02939,0.0026,XFOIL_CLEAN_SURROGATE_GEOMETRY,,,0,XFOIL_CLEAN_SURROGATE_GEOMETRY,PROVISIONAL_SURROGATE_V0_DO_NOT_USE_FOR_FINAL_PASS
15,0.2617993877991494,1.4212,0.03571,0.0057,XFOIL_CLEAN_SURROGATE_GEOMETRY,,,0,XFOIL_CLEAN_SURROGATE_GEOMETRY,PROVISIONAL_SURROGATE_V0_DO_NOT_USE_FOR_FINAL_PASS
16,0.2792526803190927,1.4465,0.04317,0.0077,XFOIL_CLEAN_SURROGATE_GEOMETRY,,,0,XFOIL_CLEAN_SURROGATE_GEOMETRY,PROVISIONAL_SURROGATE_V0_DO_NOT_USE_FOR_FINAL_PASS
17,0.29670597283903605,1.4572,0.05249,0.0089,XFOIL_CLEAN_SURROGATE_GEOMETRY,,,0,XFOIL_CLEAN_SURROGATE_GEOMETRY,PROVISIONAL_SURROGATE_V0_DO_NOT_USE_FOR_FINAL_PASS
18,0.3141592653589793,1.4577,0.06335,0.0091,XFOIL_CLEAN_SURROGATE_GEOMETRY,,,0,XFOIL_CLEAN_SURROGATE_GEOMETRY,PROVISIONAL_SURROGATE_V0_DO_NOT_USE_FOR_FINAL_PASS
19,0.33161255787892263,1.4476,0.07585,0.0081,XFOIL_CLEAN_SURROGATE_GEOMETRY,,,0,XFOIL_CLEAN_SURROGATE_GEOMETRY,PROVISIONAL_SURROGATE_V0_DO_NOT_USE_FOR_FINAL_PASS
20,0.3490658503988659,1.4317,0.08947,0.006,XFOIL_CLEAN_SURROGATE_GEOMETRY,,,0,XFOIL_CLEAN_SURROGATE_GEOMETRY,PROVISIONAL_SURROGATE_V0_DO_NOT_USE_FOR_FINAL_PASS
21,0.3665191429188092,1.413,0.10385,0.0025,XFOIL_CLEAN_SURROGATE_GEOMETRY,,,0,XFOIL_CLEAN_SURROGATE_GEOMETRY,PROVISIONAL_SURROGATE_V0_DO_NOT_USE_FOR_FINAL_PASS
22,0.3839724354387525,1.3936,0.1187,-0.0023,XFOIL_CLEAN_SURROGATE_GEOMETRY,,,0,XFOIL_CLEAN_SURROGATE_GEOMETRY,PROVISIONAL_SURROGATE_V0_DO_NOT_USE_FOR_FINAL_PASS
23,0.4014257279586958,1.3758,0.13365,-0.0086,XFOIL_CLEAN_SURROGATE_GEOMETRY,,,0,XFOIL_CLEAN_SURROGATE_GEOMETRY,PROVISIONAL_SURROGATE_V0_DO_NOT_USE_FOR_FINAL_PASS
24,0.4188790204786391,1.3623,0.14828,-0.0161,XFOIL_CLEAN_SURROGATE_GEOMETRY,,,0,XFOIL_CLEAN_SURROGATE_GEOMETRY,PROVISIONAL_SURROGATE_V0_DO_NOT_USE_FOR_FINAL_PASS
25,0.4363323129985824,1.3622,0.16112,-0.0239,XFOIL_CLEAN_SURROGATE_GEOMETRY,,,0,XFOIL_CLEAN_SURROGATE_GEOMETRY,PROVISIONAL_SURROGATE_V0_DO_NOT_USE_FOR_FINAL_PASS
26,0.4537856055185257,1.330956,0.1818976,-0.023022,LINEAR_BRIDGE_XFOIL_CLEAN_SURROGATE_GEOMETRY__TO__ASSUMED_POSITIVE_DEEP_STALL_MIRROR_OF_TM88373_RANGE_ENDPOINT_ANCHOR,,,0,LINEAR_BRIDGE_XFOIL_CLEAN_SURROGATE_GEOMETRY__TO__ASSUMED_POSITIVE_DEEP_STALL_MIRROR_OF_TM88373_RANGE_ENDPOINT_ANCHOR,PROVISIONAL_SURROGATE_V0_DO_NOT_USE_FOR_FINAL_PASS
27,0.47123889803846897,1.299712,0.2026752,-0.022144,LINEAR_BRIDGE_XFOIL_CLEAN_SURROGATE_GEOMETRY__TO__ASSUMED_POSITIVE_DEEP_STALL_MIRROR_OF_TM88373_RANGE_ENDPOINT_ANCHOR,,,0,LINEAR_BRIDGE_XFOIL_CLEAN_SURROGATE_GEOMETRY__TO__ASSUMED_POSITIVE_DEEP_STALL_MIRROR_OF_TM88373_RANGE_ENDPOINT_ANCHOR,PROVISIONAL_SURROGATE_V0_DO_NOT_USE_FOR_FINAL_PASS
28,0.4886921905584123,1.268468,0.2234528,-0.021266,LINEAR_BRIDGE_XFOIL_CLEAN_SURROGATE_GEOMETRY__TO__ASSUMED_POSITIVE_DEEP_STALL_MIRROR_OF_TM88373_RANGE_ENDPOINT_ANCHOR,,,0,LINEAR_BRIDGE_XFOIL_CLEAN_SURROGATE_GEOMETRY__TO__ASSUMED_POSITIVE_DEEP_STALL_MIRROR_OF_TM88373_RANGE_ENDPOINT_ANCHOR,PROVISIONAL_SURROGATE_V0_DO_NOT_USE_FOR_FINAL_PASS
29,0.5061454830783556,1.237224,0.24423040000000001,-0.020388,LINEAR_BRIDGE_XFOIL_CLEAN_SURROGATE_GEOMETRY__TO__ASSUMED_POSITIVE_DEEP_STALL_MIRROR_OF_TM88373_RANGE_ENDPOINT_ANCHOR,,,0,LINEAR_BRIDGE_XFOIL_CLEAN_SURROGATE_GEOMETRY__TO__ASSUMED_POSITIVE_DEEP_STALL_MIRROR_OF_TM88373_RANGE_ENDPOINT_ANCHOR,PROVISIONAL_SURROGATE_V0_DO_NOT_USE_FOR_FINAL_PASS
30,0.5235987755982988,1.20598,0.265008,-0.01951,LINEAR_BRIDGE_XFOIL_CLEAN_SURROGATE_GEOMETRY__TO__ASSUMED_POSITIVE_DEEP_STALL_MIRROR_OF_TM88373_RANGE_ENDPOINT_ANCHOR,,,0,LINEAR_BRIDGE_XFOIL_CLEAN_SURROGATE_GEOMETRY__TO__ASSUMED_POSITIVE_DEEP_STALL_MIRROR_OF_TM88373_RANGE_ENDPOINT_ANCHOR,PROVISIONAL_SURROGATE_V0_DO_NOT_USE_FOR_FINAL_PASS
31,0.5410520681182421,1.174736,0.2857856,-0.018632000000000003,LINEAR_BRIDGE_XFOIL_CLEAN_SURROGATE_GEOMETRY__TO__ASSUMED_POSITIVE_DEEP_STALL_MIRROR_OF_TM88373_RANGE_ENDPOINT_ANCHOR,,,0,LINEAR_BRIDGE_XFOIL_CLEAN_SURROGATE_GEOMETRY__TO__ASSUMED_POSITIVE_DEEP_STALL_MIRROR_OF_TM88373_RANGE_ENDPOINT_ANCHOR,PROVISIONAL_SURROGATE_V0_DO_NOT_USE_FOR_FINAL_PASS
32,0.5585053606381855,1.143492,0.30656320000000004,-0.017754,LINEAR_BRIDGE_XFOIL_CLEAN_SURROGATE_GEOMETRY__TO__ASSUMED_POSITIVE_DEEP_STALL_MIRROR_OF_TM88373_RANGE_ENDPOINT_ANCHOR,,,0,LINEAR_BRIDGE_XFOIL_CLEAN_SURROGATE_GEOMETRY__TO__ASSUMED_POSITIVE_DEEP_STALL_MIRROR_OF_TM88373_RANGE_ENDPOINT_ANCHOR,PROVISIONAL_SURROGATE_V0_DO_NOT_USE_FOR_FINAL_PASS
33,0.5759586531581288,1.112248,0.3273408,-0.016876,LINEAR_BRIDGE_XFOIL_CLEAN_SURROGATE_GEOMETRY__TO__ASSUMED_POSITIVE_DEEP_STALL_MIRROR_OF_TM88373_RANGE_ENDPOINT_ANCHOR,,,0,LINEAR_BRIDGE_XFOIL_CLEAN_SURROGATE_GEOMETRY__TO__ASSUMED_POSITIVE_DEEP_STALL_MIRROR_OF_TM88373_RANGE_ENDPOINT_ANCHOR,PROVISIONAL_SURROGATE_V0_DO_NOT_USE_FOR_FINAL_PASS
34,0.5934119456780721,1.081004,0.34811840000000005,-0.015998000000000002,LINEAR_BRIDGE_XFOIL_CLEAN_SURROGATE_GEOMETRY__TO__ASSUMED_POSITIVE_DEEP_STALL_MIRROR_OF_TM88373_RANGE_ENDPOINT_ANCHOR,,,0,LINEAR_BRIDGE_XFOIL_CLEAN_SURROGATE_GEOMETRY__TO__ASSUMED_POSITIVE_DEEP_STALL_MIRROR_OF_TM88373_RANGE_ENDPOINT_ANCHOR,PROVISIONAL_SURROGATE_V0_DO_NOT_USE_FOR_FINAL_PASS
35,0.6108652381980153,1.04976,0.368896,-0.015120000000000001,LINEAR_BRIDGE_XFOIL_CLEAN_SURROGATE_GEOMETRY__TO__ASSUMED_POSITIVE_DEEP_STALL_MIRROR_OF_TM88373_RANGE_ENDPOINT_ANCHOR,,,0,LINEAR_BRIDGE_XFOIL_CLEAN_SURROGATE_GEOMETRY__TO__ASSUMED_POSITIVE_DEEP_STALL_MIRROR_OF_TM88373_RANGE_ENDPOINT_ANCHOR,PROVISIONAL_SURROGATE_V0_DO_NOT_USE_FOR_FINAL_PASS
36,0.6283185307179586,1.018516,0.38967360000000006,-0.014242000000000001,LINEAR_BRIDGE_XFOIL_CLEAN_SURROGATE_GEOMETRY__TO__ASSUMED_POSITIVE_DEEP_STALL_MIRROR_OF_TM88373_RANGE_ENDPOINT_ANCHOR,,,0,LINEAR_BRIDGE_XFOIL_CLEAN_SURROGATE_GEOMETRY__TO__ASSUMED_POSITIVE_DEEP_STALL_MIRROR_OF_TM88373_RANGE_ENDPOINT_ANCHOR,PROVISIONAL_SURROGATE_V0_DO_NOT_USE_FOR_FINAL_PASS
37,0.6457718232379019,0.9872719999999999,0.4104512,-0.013364000000000001,LINEAR_BRIDGE_XFOIL_CLEAN_SURROGATE_GEOMETRY__TO__ASSUMED_POSITIVE_DEEP_STALL_MIRROR_OF_TM88373_RANGE_ENDPOINT_ANCHOR,,,0,LINEAR_BRIDGE_XFOIL_CLEAN_SURROGATE_GEOMETRY__TO__ASSUMED_POSITIVE_DEEP_STALL_MIRROR_OF_TM88373_RANGE_ENDPOINT_ANCHOR,PROVISIONAL_SURROGATE_V0_DO_NOT_USE_FOR_FINAL_PASS
38,0.6632251157578453,0.9560280000000001,0.4312288,-0.012486,LINEAR_BRIDGE_XFOIL_CLEAN_SURROGATE_GEOMETRY__TO__ASSUMED_POSITIVE_DEEP_STALL_MIRROR_OF_TM88373_RANGE_ENDPOINT_ANCHOR,,,0,LINEAR_BRIDGE_XFOIL_CLEAN_SURROGATE_GEOMETRY__TO__ASSUMED_POSITIVE_DEEP_STALL_MIRROR_OF_TM88373_RANGE_ENDPOINT_ANCHOR,PROVISIONAL_SURROGATE_V0_DO_NOT_USE_FOR_FINAL_PASS
39,0.6806784082777885,0.9247839999999999,0.45200640000000003,-0.011608,LINEAR_BRIDGE_XFOIL_CLEAN_SURROGATE_GEOMETRY__TO__ASSUMED_POSITIVE_DEEP_STALL_MIRROR_OF_TM88373_RANGE_ENDPOINT_ANCHOR,,,0,LINEAR_BRIDGE_XFOIL_CLEAN_SURROGATE_GEOMETRY__TO__ASSUMED_POSITIVE_DEEP_STALL_MIRROR_OF_TM88373_RANGE_ENDPOINT_ANCHOR,PROVISIONAL_SURROGATE_V0_DO_NOT_USE_FOR_FINAL_PASS
40,0.6981317007977318,0.89354,0.472784,-0.010729999999999998,LINEAR_BRIDGE_XFOIL_CLEAN_SURROGATE_GEOMETRY__TO__ASSUMED_POSITIVE_DEEP_STALL_MIRROR_OF_TM88373_RANGE_ENDPOINT_ANCHOR,,,0,LINEAR_BRIDGE_XFOIL_CLEAN_SURROGATE_GEOMETRY__TO__ASSUMED_POSITIVE_DEEP_STALL_MIRROR_OF_TM88373_RANGE_ENDPOINT_ANCHOR,PROVISIONAL_SURROGATE_V0_DO_NOT_USE_FOR_FINAL_PASS
41,0.7155849933176751,0.862296,0.4935616,-0.009852,LINEAR_BRIDGE_XFOIL_CLEAN_SURROGATE_GEOMETRY__TO__ASSUMED_POSITIVE_DEEP_STALL_MIRROR_OF_TM88373_RANGE_ENDPOINT_ANCHOR,,,0,LINEAR_BRIDGE_XFOIL_CLEAN_SURROGATE_GEOMETRY__TO__ASSUMED_POSITIVE_DEEP_STALL_MIRROR_OF_TM88373_RANGE_ENDPOINT_ANCHOR,PROVISIONAL_SURROGATE_V0_DO_NOT_USE_FOR_FINAL_PASS
42,0.7330382858376184,0.8310519999999999,0.5143392,-0.008974,LINEAR_BRIDGE_XFOIL_CLEAN_SURROGATE_GEOMETRY__TO__ASSUMED_POSITIVE_DEEP_STALL_MIRROR_OF_TM88373_RANGE_ENDPOINT_ANCHOR,,,0,LINEAR_BRIDGE_XFOIL_CLEAN_SURROGATE_GEOMETRY__TO__ASSUMED_POSITIVE_DEEP_STALL_MIRROR_OF_TM88373_RANGE_ENDPOINT_ANCHOR,PROVISIONAL_SURROGATE_V0_DO_NOT_USE_FOR_FINAL_PASS
43,0.7504915783575618,0.7998080000000001,0.5351168,-0.008096,LINEAR_BRIDGE_XFOIL_CLEAN_SURROGATE_GEOMETRY__TO__ASSUMED_POSITIVE_DEEP_STALL_MIRROR_OF_TM88373_RANGE_ENDPOINT_ANCHOR,,,0,LINEAR_BRIDGE_XFOIL_CLEAN_SURROGATE_GEOMETRY__TO__ASSUMED_POSITIVE_DEEP_STALL_MIRROR_OF_TM88373_RANGE_ENDPOINT_ANCHOR,PROVISIONAL_SURROGATE_V0_DO_NOT_USE_FOR_FINAL_PASS
44,0.767944870877505,0.768564,0.5558944,-0.007218000000000001,LINEAR_BRIDGE_XFOIL_CLEAN_SURROGATE_GEOMETRY__TO__ASSUMED_POSITIVE_DEEP_STALL_MIRROR_OF_TM88373_RANGE_ENDPOINT_ANCHOR,,,0,LINEAR_BRIDGE_XFOIL_CLEAN_SURROGATE_GEOMETRY__TO__ASSUMED_POSITIVE_DEEP_STALL_MIRROR_OF_TM88373_RANGE_ENDPOINT_ANCHOR,PROVISIONAL_SURROGATE_V0_DO_NOT_USE_FOR_FINAL_PASS
45,0.7853981633974483,0.73732,0.576672,-0.00634,LINEAR_BRIDGE_XFOIL_CLEAN_SURROGATE_GEOMETRY__TO__ASSUMED_POSITIVE_DEEP_STALL_MIRROR_OF_TM88373_RANGE_ENDPOINT_ANCHOR,,,0,LINEAR_BRIDGE_XFOIL_CLEAN_SURROGATE_GEOMETRY__TO__ASSUMED_POSITIVE_DEEP_STALL_MIRROR_OF_TM88373_RANGE_ENDPOINT_ANCHOR,PROVISIONAL_SURROGATE_V0_DO_NOT_USE_FOR_FINAL_PASS
46,0.8028514559173916,0.7060760000000001,0.5974496,-0.005462000000000003,LINEAR_BRIDGE_XFOIL_CLEAN_SURROGATE_GEOMETRY__TO__ASSUMED_POSITIVE_DEEP_STALL_MIRROR_OF_TM88373_RANGE_ENDPOINT_ANCHOR,,,0,LINEAR_BRIDGE_XFOIL_CLEAN_SURROGATE_GEOMETRY__TO__ASSUMED_POSITIVE_DEEP_STALL_MIRROR_OF_TM88373_RANGE_ENDPOINT_ANCHOR,PROVISIONAL_SURROGATE_V0_DO_NOT_USE_FOR_FINAL_PASS
47,0.8203047484373349,0.6748320000000001,0.6182272000000001,-0.004584000000000001,LINEAR_BRIDGE_XFOIL_CLEAN_SURROGATE_GEOMETRY__TO__ASSUMED_POSITIVE_DEEP_STALL_MIRROR_OF_TM88373_RANGE_ENDPOINT_ANCHOR,,,0,LINEAR_BRIDGE_XFOIL_CLEAN_SURROGATE_GEOMETRY__TO__ASSUMED_POSITIVE_DEEP_STALL_MIRROR_OF_TM88373_RANGE_ENDPOINT_ANCHOR,PROVISIONAL_SURROGATE_V0_DO_NOT_USE_FOR_FINAL_PASS
48,0.8377580409572782,0.6435880000000002,0.6390048,-0.003706000000000001,LINEAR_BRIDGE_XFOIL_CLEAN_SURROGATE_GEOMETRY__TO__ASSUMED_POSITIVE_DEEP_STALL_MIRROR_OF_TM88373_RANGE_ENDPOINT_ANCHOR,,,0,LINEAR_BRIDGE_XFOIL_CLEAN_SURROGATE_GEOMETRY__TO__ASSUMED_POSITIVE_DEEP_STALL_MIRROR_OF_TM88373_RANGE_ENDPOINT_ANCHOR,PROVISIONAL_SURROGATE_V0_DO_NOT_USE_FOR_FINAL_PASS
49,0.8552113334772214,0.6123440000000001,0.6597824,-0.0028280000000000024,LINEAR_BRIDGE_XFOIL_CLEAN_SURROGATE_GEOMETRY__TO__ASSUMED_POSITIVE_DEEP_STALL_MIRROR_OF_TM88373_RANGE_ENDPOINT_ANCHOR,,,0,LINEAR_BRIDGE_XFOIL_CLEAN_SURROGATE_GEOMETRY__TO__ASSUMED_POSITIVE_DEEP_STALL_MIRROR_OF_TM88373_RANGE_ENDPOINT_ANCHOR,PROVISIONAL_SURROGATE_V0_DO_NOT_USE_FOR_FINAL_PASS
50,0.8726646259971648,0.5811000000000001,0.6805599999999999,-0.0019500000000000003,LINEAR_BRIDGE_XFOIL_CLEAN_SURROGATE_GEOMETRY__TO__ASSUMED_POSITIVE_DEEP_STALL_MIRROR_OF_TM88373_RANGE_ENDPOINT_ANCHOR,,,0,LINEAR_BRIDGE_XFOIL_CLEAN_SURROGATE_GEOMETRY__TO__ASSUMED_POSITIVE_DEEP_STALL_MIRROR_OF_TM88373_RANGE_ENDPOINT_ANCHOR,PROVISIONAL_SURROGATE_V0_DO_NOT_USE_FOR_FINAL_PASS
51,0.8901179185171081,0.549856,0.7013376,-0.0010719999999999983,LINEAR_BRIDGE_XFOIL_CLEAN_SURROGATE_GEOMETRY__TO__ASSUMED_POSITIVE_DEEP_STALL_MIRROR_OF_TM88373_RANGE_ENDPOINT_ANCHOR,,,0,LINEAR_BRIDGE_XFOIL_CLEAN_SURROGATE_GEOMETRY__TO__ASSUMED_POSITIVE_DEEP_STALL_MIRROR_OF_TM88373_RANGE_ENDPOINT_ANCHOR,PROVISIONAL_SURROGATE_V0_DO_NOT_USE_FOR_FINAL_PASS
52,0.9075712110370514,0.518612,0.7221152000000001,-0.00019399999999999973,LINEAR_BRIDGE_XFOIL_CLEAN_SURROGATE_GEOMETRY__TO__ASSUMED_POSITIVE_DEEP_STALL_MIRROR_OF_TM88373_RANGE_ENDPOINT_ANCHOR,,,0,LINEAR_BRIDGE_XFOIL_CLEAN_SURROGATE_GEOMETRY__TO__ASSUMED_POSITIVE_DEEP_STALL_MIRROR_OF_TM88373_RANGE_ENDPOINT_ANCHOR,PROVISIONAL_SURROGATE_V0_DO_NOT_USE_FOR_FINAL_PASS
53,0.9250245035569946,0.487368,0.7428928,0.0006840000000000023,LINEAR_BRIDGE_XFOIL_CLEAN_SURROGATE_GEOMETRY__TO__ASSUMED_POSITIVE_DEEP_STALL_MIRROR_OF_TM88373_RANGE_ENDPOINT_ANCHOR,,,0,LINEAR_BRIDGE_XFOIL_CLEAN_SURROGATE_GEOMETRY__TO__ASSUMED_POSITIVE_DEEP_STALL_MIRROR_OF_TM88373_RANGE_ENDPOINT_ANCHOR,PROVISIONAL_SURROGATE_V0_DO_NOT_USE_FOR_FINAL_PASS
54,0.9424777960769379,0.4561240000000001,0.7636704,0.0015619999999999974,LINEAR_BRIDGE_XFOIL_CLEAN_SURROGATE_GEOMETRY__TO__ASSUMED_POSITIVE_DEEP_STALL_MIRROR_OF_TM88373_RANGE_ENDPOINT_ANCHOR,,,0,LINEAR_BRIDGE_XFOIL_CLEAN_SURROGATE_GEOMETRY__TO__ASSUMED_POSITIVE_DEEP_STALL_MIRROR_OF_TM88373_RANGE_ENDPOINT_ANCHOR,PROVISIONAL_SURROGATE_V0_DO_NOT_USE_FOR_FINAL_PASS
55,0.9599310885968813,0.42488000000000004,0.784448,0.0024399999999999995,LINEAR_BRIDGE_XFOIL_CLEAN_SURROGATE_GEOMETRY__TO__ASSUMED_POSITIVE_DEEP_STALL_MIRROR_OF_TM88373_RANGE_ENDPOINT_ANCHOR,,,0,LINEAR_BRIDGE_XFOIL_CLEAN_SURROGATE_GEOMETRY__TO__ASSUMED_POSITIVE_DEEP_STALL_MIRROR_OF_TM88373_RANGE_ENDPOINT_ANCHOR,PROVISIONAL_SURROGATE_V0_DO_NOT_USE_FOR_FINAL_PASS
56,0.9773843811168246,0.393636,0.8052256,0.0033179999999999998,LINEAR_BRIDGE_XFOIL_CLEAN_SURROGATE_GEOMETRY__TO__ASSUMED_POSITIVE_DEEP_STALL_MIRROR_OF_TM88373_RANGE_ENDPOINT_ANCHOR,,,0,LINEAR_BRIDGE_XFOIL_CLEAN_SURROGATE_GEOMETRY__TO__ASSUMED_POSITIVE_DEEP_STALL_MIRROR_OF_TM88373_RANGE_ENDPOINT_ANCHOR,PROVISIONAL_SURROGATE_V0_DO_NOT_USE_FOR_FINAL_PASS
57,0.9948376736367679,0.362392,0.8260032,0.004196,LINEAR_BRIDGE_XFOIL_CLEAN_SURROGATE_GEOMETRY__TO__ASSUMED_POSITIVE_DEEP_STALL_MIRROR_OF_TM88373_RANGE_ENDPOINT_ANCHOR,,,0,LINEAR_BRIDGE_XFOIL_CLEAN_SURROGATE_GEOMETRY__TO__ASSUMED_POSITIVE_DEEP_STALL_MIRROR_OF_TM88373_RANGE_ENDPOINT_ANCHOR,PROVISIONAL_SURROGATE_V0_DO_NOT_USE_FOR_FINAL_PASS
58,1.0122909661567112,0.331148,0.8467808,0.005074000000000002,LINEAR_BRIDGE_XFOIL_CLEAN_SURROGATE_GEOMETRY__TO__ASSUMED_POSITIVE_DEEP_STALL_MIRROR_OF_TM88373_RANGE_ENDPOINT_ANCHOR,,,0,LINEAR_BRIDGE_XFOIL_CLEAN_SURROGATE_GEOMETRY__TO__ASSUMED_POSITIVE_DEEP_STALL_MIRROR_OF_TM88373_RANGE_ENDPOINT_ANCHOR,PROVISIONAL_SURROGATE_V0_DO_NOT_USE_FOR_FINAL_PASS
59,1.0297442586766545,0.29990399999999995,0.8675584000000001,0.0059520000000000016,LINEAR_BRIDGE_XFOIL_CLEAN_SURROGATE_GEOMETRY__TO__ASSUMED_POSITIVE_DEEP_STALL_MIRROR_OF_TM88373_RANGE_ENDPOINT_ANCHOR,,,0,LINEAR_BRIDGE_XFOIL_CLEAN_SURROGATE_GEOMETRY__TO__ASSUMED_POSITIVE_DEEP_STALL_MIRROR_OF_TM88373_RANGE_ENDPOINT_ANCHOR,PROVISIONAL_SURROGATE_V0_DO_NOT_USE_FOR_FINAL_PASS
60,1.0471975511965976,0.2686600000000001,0.888336,0.0068299999999999975,LINEAR_BRIDGE_XFOIL_CLEAN_SURROGATE_GEOMETRY__TO__ASSUMED_POSITIVE_DEEP_STALL_MIRROR_OF_TM88373_RANGE_ENDPOINT_ANCHOR,,,0,LINEAR_BRIDGE_XFOIL_CLEAN_SURROGATE_GEOMETRY__TO__ASSUMED_POSITIVE_DEEP_STALL_MIRROR_OF_TM88373_RANGE_ENDPOINT_ANCHOR,PROVISIONAL_SURROGATE_V0_DO_NOT_USE_FOR_FINAL_PASS
61,1.064650843716541,0.23741600000000004,0.9091136,0.007707999999999999,LINEAR_BRIDGE_XFOIL_CLEAN_SURROGATE_GEOMETRY__TO__ASSUMED_POSITIVE_DEEP_STALL_MIRROR_OF_TM88373_RANGE_ENDPOINT_ANCHOR,,,0,LINEAR_BRIDGE_XFOIL_CLEAN_SURROGATE_GEOMETRY__TO__ASSUMED_POSITIVE_DEEP_STALL_MIRROR_OF_TM88373_RANGE_ENDPOINT_ANCHOR,PROVISIONAL_SURROGATE_V0_DO_NOT_USE_FOR_FINAL_PASS
62,1.0821041362364843,0.20617200000000005,0.9298912,0.008586,LINEAR_BRIDGE_XFOIL_CLEAN_SURROGATE_GEOMETRY__TO__ASSUMED_POSITIVE_DEEP_STALL_MIRROR_OF_TM88373_RANGE_ENDPOINT_ANCHOR,,,0,LINEAR_BRIDGE_XFOIL_CLEAN_SURROGATE_GEOMETRY__TO__ASSUMED_POSITIVE_DEEP_STALL_MIRROR_OF_TM88373_RANGE_ENDPOINT_ANCHOR,PROVISIONAL_SURROGATE_V0_DO_NOT_USE_FOR_FINAL_PASS
63,1.0995574287564276,0.17492799999999997,0.9506687999999999,0.009464,LINEAR_BRIDGE_XFOIL_CLEAN_SURROGATE_GEOMETRY__TO__ASSUMED_POSITIVE_DEEP_STALL_MIRROR_OF_TM88373_RANGE_ENDPOINT_ANCHOR,,,0,LINEAR_BRIDGE_XFOIL_CLEAN_SURROGATE_GEOMETRY__TO__ASSUMED_POSITIVE_DEEP_STALL_MIRROR_OF_TM88373_RANGE_ENDPOINT_ANCHOR,PROVISIONAL_SURROGATE_V0_DO_NOT_USE_FOR_FINAL_PASS
64,1.117010721276371,0.14368399999999998,0.9714463999999999,0.010342,LINEAR_BRIDGE_XFOIL_CLEAN_SURROGATE_GEOMETRY__TO__ASSUMED_POSITIVE_DEEP_STALL_MIRROR_OF_TM88373_RANGE_ENDPOINT_ANCHOR,,,0,LINEAR_BRIDGE_XFOIL_CLEAN_SURROGATE_GEOMETRY__TO__ASSUMED_POSITIVE_DEEP_STALL_MIRROR_OF_TM88373_RANGE_ENDPOINT_ANCHOR,PROVISIONAL_SURROGATE_V0_DO_NOT_USE_FOR_FINAL_PASS
65,1.1344640137963142,0.11243999999999993,0.992224,0.01122,LINEAR_BRIDGE_XFOIL_CLEAN_SURROGATE_GEOMETRY__TO__ASSUMED_POSITIVE_DEEP_STALL_MIRROR_OF_TM88373_RANGE_ENDPOINT_ANCHOR,,,0,LINEAR_BRIDGE_XFOIL_CLEAN_SURROGATE_GEOMETRY__TO__ASSUMED_POSITIVE_DEEP_STALL_MIRROR_OF_TM88373_RANGE_ENDPOINT_ANCHOR,PROVISIONAL_SURROGATE_V0_DO_NOT_USE_FOR_FINAL_PASS
66,1.1519173063162575,0.08119600000000007,1.0130016,0.012097999999999998,LINEAR_BRIDGE_XFOIL_CLEAN_SURROGATE_GEOMETRY__TO__ASSUMED_POSITIVE_DEEP_STALL_MIRROR_OF_TM88373_RANGE_ENDPOINT_ANCHOR,,,0,LINEAR_BRIDGE_XFOIL_CLEAN_SURROGATE_GEOMETRY__TO__ASSUMED_POSITIVE_DEEP_STALL_MIRROR_OF_TM88373_RANGE_ENDPOINT_ANCHOR,PROVISIONAL_SURROGATE_V0_DO_NOT_USE_FOR_FINAL_PASS
67,1.1693705988362009,0.04995200000000005,1.0337792000000001,0.012975999999999998,LINEAR_BRIDGE_XFOIL_CLEAN_SURROGATE_GEOMETRY__TO__ASSUMED_POSITIVE_DEEP_STALL_MIRROR_OF_TM88373_RANGE_ENDPOINT_ANCHOR,,,0,LINEAR_BRIDGE_XFOIL_CLEAN_SURROGATE_GEOMETRY__TO__ASSUMED_POSITIVE_DEEP_STALL_MIRROR_OF_TM88373_RANGE_ENDPOINT_ANCHOR,PROVISIONAL_SURROGATE_V0_DO_NOT_USE_FOR_FINAL_PASS
68,1.1868238913561442,0.018708000000000002,1.0545568,0.013854,LINEAR_BRIDGE_XFOIL_CLEAN_SURROGATE_GEOMETRY__TO__ASSUMED_POSITIVE_DEEP_STALL_MIRROR_OF_TM88373_RANGE_ENDPOINT_ANCHOR,,,0,LINEAR_BRIDGE_XFOIL_CLEAN_SURROGATE_GEOMETRY__TO__ASSUMED_POSITIVE_DEEP_STALL_MIRROR_OF_TM88373_RANGE_ENDPOINT_ANCHOR,PROVISIONAL_SURROGATE_V0_DO_NOT_USE_FOR_FINAL_PASS
69,1.2042771838760873,-0.01253600000000002,1.0753344,0.014732000000000002,LINEAR_BRIDGE_XFOIL_CLEAN_SURROGATE_GEOMETRY__TO__ASSUMED_POSITIVE_DEEP_STALL_MIRROR_OF_TM88373_RANGE_ENDPOINT_ANCHOR,,,0,LINEAR_BRIDGE_XFOIL_CLEAN_SURROGATE_GEOMETRY__TO__ASSUMED_POSITIVE_DEEP_STALL_MIRROR_OF_TM88373_RANGE_ENDPOINT_ANCHOR,PROVISIONAL_SURROGATE_V0_DO_NOT_USE_FOR_FINAL_PASS
70,1.2217304763960306,-0.04378000000000004,1.096112,0.015610000000000002,LINEAR_BRIDGE_XFOIL_CLEAN_SURROGATE_GEOMETRY__TO__ASSUMED_POSITIVE_DEEP_STALL_MIRROR_OF_TM88373_RANGE_ENDPOINT_ANCHOR,,,0,LINEAR_BRIDGE_XFOIL_CLEAN_SURROGATE_GEOMETRY__TO__ASSUMED_POSITIVE_DEEP_STALL_MIRROR_OF_TM88373_RANGE_ENDPOINT_ANCHOR,PROVISIONAL_SURROGATE_V0_DO_NOT_USE_FOR_FINAL_PASS
71,1.239183768915974,-0.07502400000000008,1.1168896000000001,0.016488,LINEAR_BRIDGE_XFOIL_CLEAN_SURROGATE_GEOMETRY__TO__ASSUMED_POSITIVE_DEEP_STALL_MIRROR_OF_TM88373_RANGE_ENDPOINT_ANCHOR,,,0,LINEAR_BRIDGE_XFOIL_CLEAN_SURROGATE_GEOMETRY__TO__ASSUMED_POSITIVE_DEEP_STALL_MIRROR_OF_TM88373_RANGE_ENDPOINT_ANCHOR,PROVISIONAL_SURROGATE_V0_DO_NOT_USE_FOR_FINAL_PASS
72,1.2566370614359172,-0.10626799999999992,1.1376671999999999,0.017366,LINEAR_BRIDGE_XFOIL_CLEAN_SURROGATE_GEOMETRY__TO__ASSUMED_POSITIVE_DEEP_STALL_MIRROR_OF_TM88373_RANGE_ENDPOINT_ANCHOR,,,0,LINEAR_BRIDGE_XFOIL_CLEAN_SURROGATE_GEOMETRY__TO__ASSUMED_POSITIVE_DEEP_STALL_MIRROR_OF_TM88373_RANGE_ENDPOINT_ANCHOR,PROVISIONAL_SURROGATE_V0_DO_NOT_USE_FOR_FINAL_PASS
73,1.2740903539558606,-0.13751199999999997,1.1584447999999998,0.018243999999999996,LINEAR_BRIDGE_XFOIL_CLEAN_SURROGATE_GEOMETRY__TO__ASSUMED_POSITIVE_DEEP_STALL_MIRROR_OF_TM88373_RANGE_ENDPOINT_ANCHOR,,,0,LINEAR_BRIDGE_XFOIL_CLEAN_SURROGATE_GEOMETRY__TO__ASSUMED_POSITIVE_DEEP_STALL_MIRROR_OF_TM88373_RANGE_ENDPOINT_ANCHOR,PROVISIONAL_SURROGATE_V0_DO_NOT_USE_FOR_FINAL_PASS
74,1.2915436464758039,-0.168756,1.1792224,0.019122,LINEAR_BRIDGE_XFOIL_CLEAN_SURROGATE_GEOMETRY__TO__ASSUMED_POSITIVE_DEEP_STALL_MIRROR_OF_TM88373_RANGE_ENDPOINT_ANCHOR,,,0,LINEAR_BRIDGE_XFOIL_CLEAN_SURROGATE_GEOMETRY__TO__ASSUMED_POSITIVE_DEEP_STALL_MIRROR_OF_TM88373_RANGE_ENDPOINT_ANCHOR,PROVISIONAL_SURROGATE_V0_DO_NOT_USE_FOR_FINAL_PASS
75,1.3089969389957472,-0.2,1.2,0.02,ASSUMED_POSITIVE_DEEP_STALL_MIRROR_OF_TM88373_RANGE_ENDPOINT_ANCHOR,,,0,ASSUMED_POSITIVE_DEEP_STALL_MIRROR_OF_TM88373_RANGE_ENDPOINT_ANCHOR,PROVISIONAL_SURROGATE_V0_DO_NOT_USE_FOR_FINAL_PASS
76,1.3264502315156905,-0.19000000000000003,1.18,0.018000000000000002,LINEAR_BRIDGE_ASSUMED_POSITIVE_DEEP_STALL_MIRROR_OF_TM88373_RANGE_ENDPOINT_ANCHOR__TO__ASSUMED_POSITIVE_DEEP_STALL_MIRROR_OF_TM88373_TEXT_XV15_WAKE_ANCHOR,,,0,LINEAR_BRIDGE_ASSUMED_POSITIVE_DEEP_STALL_MIRROR_OF_TM88373_RANGE_ENDPOINT_ANCHOR__TO__ASSUMED_POSITIVE_DEEP_STALL_MIRROR_OF_TM88373_TEXT_XV15_WAKE_ANCHOR,PROVISIONAL_SURROGATE_V0_DO_NOT_USE_FOR_FINAL_PASS
77,1.3439035240356338,-0.18,1.1600000000000001,0.016,LINEAR_BRIDGE_ASSUMED_POSITIVE_DEEP_STALL_MIRROR_OF_TM88373_RANGE_ENDPOINT_ANCHOR__TO__ASSUMED_POSITIVE_DEEP_STALL_MIRROR_OF_TM88373_TEXT_XV15_WAKE_ANCHOR,,,0,LINEAR_BRIDGE_ASSUMED_POSITIVE_DEEP_STALL_MIRROR_OF_TM88373_RANGE_ENDPOINT_ANCHOR__TO__ASSUMED_POSITIVE_DEEP_STALL_MIRROR_OF_TM88373_TEXT_XV15_WAKE_ANCHOR,PROVISIONAL_SURROGATE_V0_DO_NOT_USE_FOR_FINAL_PASS
78,1.361356816555577,-0.17,1.1400000000000001,0.014,LINEAR_BRIDGE_ASSUMED_POSITIVE_DEEP_STALL_MIRROR_OF_TM88373_RANGE_ENDPOINT_ANCHOR__TO__ASSUMED_POSITIVE_DEEP_STALL_MIRROR_OF_TM88373_TEXT_XV15_WAKE_ANCHOR,,,0,LINEAR_BRIDGE_ASSUMED_POSITIVE_DEEP_STALL_MIRROR_OF_TM88373_RANGE_ENDPOINT_ANCHOR__TO__ASSUMED_POSITIVE_DEEP_STALL_MIRROR_OF_TM88373_TEXT_XV15_WAKE_ANCHOR,PROVISIONAL_SURROGATE_V0_DO_NOT_USE_FOR_FINAL_PASS
79,1.3788101090755203,-0.15999999999999998,1.12,0.012,LINEAR_BRIDGE_ASSUMED_POSITIVE_DEEP_STALL_MIRROR_OF_TM88373_RANGE_ENDPOINT_ANCHOR__TO__ASSUMED_POSITIVE_DEEP_STALL_MIRROR_OF_TM88373_TEXT_XV15_WAKE_ANCHOR,,,0,LINEAR_BRIDGE_ASSUMED_POSITIVE_DEEP_STALL_MIRROR_OF_TM88373_RANGE_ENDPOINT_ANCHOR__TO__ASSUMED_POSITIVE_DEEP_STALL_MIRROR_OF_TM88373_TEXT_XV15_WAKE_ANCHOR,PROVISIONAL_SURROGATE_V0_DO_NOT_USE_FOR_FINAL_PASS
80,1.3962634015954636,-0.15,1.1,0.01,ASSUMED_POSITIVE_DEEP_STALL_MIRROR_OF_TM88373_TEXT_XV15_WAKE_ANCHOR,,,0,ASSUMED_POSITIVE_DEEP_STALL_MIRROR_OF_TM88373_TEXT_XV15_WAKE_ANCHOR,PROVISIONAL_SURROGATE_V0_DO_NOT_USE_FOR_FINAL_PASS
81,1.413716694115407,-0.14,1.098,0.008,LINEAR_BRIDGE_ASSUMED_POSITIVE_DEEP_STALL_MIRROR_OF_TM88373_TEXT_XV15_WAKE_ANCHOR__TO__ASSUMED_POSITIVE_DEEP_STALL_MIRROR_OF_TM88373_TEXT_60DEG_FLAP_ANCHOR,,,0,LINEAR_BRIDGE_ASSUMED_POSITIVE_DEEP_STALL_MIRROR_OF_TM88373_TEXT_XV15_WAKE_ANCHOR__TO__ASSUMED_POSITIVE_DEEP_STALL_MIRROR_OF_TM88373_TEXT_60DEG_FLAP_ANCHOR,PROVISIONAL_SURROGATE_V0_DO_NOT_USE_FOR_FINAL_PASS
82,1.4311699866353502,-0.13,1.096,0.006,LINEAR_BRIDGE_ASSUMED_POSITIVE_DEEP_STALL_MIRROR_OF_TM88373_TEXT_XV15_WAKE_ANCHOR__TO__ASSUMED_POSITIVE_DEEP_STALL_MIRROR_OF_TM88373_TEXT_60DEG_FLAP_ANCHOR,,,0,LINEAR_BRIDGE_ASSUMED_POSITIVE_DEEP_STALL_MIRROR_OF_TM88373_TEXT_XV15_WAKE_ANCHOR__TO__ASSUMED_POSITIVE_DEEP_STALL_MIRROR_OF_TM88373_TEXT_60DEG_FLAP_ANCHOR,PROVISIONAL_SURROGATE_V0_DO_NOT_USE_FOR_FINAL_PASS
83,1.4486232791552935,-0.12,1.094,0.004,LINEAR_BRIDGE_ASSUMED_POSITIVE_DEEP_STALL_MIRROR_OF_TM88373_TEXT_XV15_WAKE_ANCHOR__TO__ASSUMED_POSITIVE_DEEP_STALL_MIRROR_OF_TM88373_TEXT_60DEG_FLAP_ANCHOR,,,0,LINEAR_BRIDGE_ASSUMED_POSITIVE_DEEP_STALL_MIRROR_OF_TM88373_TEXT_XV15_WAKE_ANCHOR__TO__ASSUMED_POSITIVE_DEEP_STALL_MIRROR_OF_TM88373_TEXT_60DEG_FLAP_ANCHOR,PROVISIONAL_SURROGATE_V0_DO_NOT_USE_FOR_FINAL_PASS
84,1.4660765716752369,-0.11000000000000001,1.092,0.0019999999999999996,LINEAR_BRIDGE_ASSUMED_POSITIVE_DEEP_STALL_MIRROR_OF_TM88373_TEXT_XV15_WAKE_ANCHOR__TO__ASSUMED_POSITIVE_DEEP_STALL_MIRROR_OF_TM88373_TEXT_60DEG_FLAP_ANCHOR,,,0,LINEAR_BRIDGE_ASSUMED_POSITIVE_DEEP_STALL_MIRROR_OF_TM88373_TEXT_XV15_WAKE_ANCHOR__TO__ASSUMED_POSITIVE_DEEP_STALL_MIRROR_OF_TM88373_TEXT_60DEG_FLAP_ANCHOR,PROVISIONAL_SURROGATE_V0_DO_NOT_USE_FOR_FINAL_PASS
85,1.4835298641951802,-0.1,1.09,-0.0,ASSUMED_POSITIVE_DEEP_STALL_MIRROR_OF_TM88373_TEXT_60DEG_FLAP_ANCHOR,,,0,ASSUMED_POSITIVE_DEEP_STALL_MIRROR_OF_TM88373_TEXT_60DEG_FLAP_ANCHOR,PROVISIONAL_SURROGATE_V0_DO_NOT_USE_FOR_FINAL_PASS
86,1.5009831567151235,-0.08636363636363636,1.0963636363636364,-0.0009090909090909091,LINEAR_BRIDGE_ASSUMED_POSITIVE_DEEP_STALL_MIRROR_OF_TM88373_TEXT_60DEG_FLAP_ANCHOR__TO__ASSUMED_POSITIVE_DEEP_STALL_MIRROR_OF_TM88373_TEXT_OPPOSITE_ROTATION_ANCHOR,,,0,LINEAR_BRIDGE_ASSUMED_POSITIVE_DEEP_STALL_MIRROR_OF_TM88373_TEXT_60DEG_FLAP_ANCHOR__TO__ASSUMED_POSITIVE_DEEP_STALL_MIRROR_OF_TM88373_TEXT_OPPOSITE_ROTATION_ANCHOR,PROVISIONAL_SURROGATE_V0_DO_NOT_USE_FOR_FINAL_PASS
87,1.5184364492350666,-0.07272727272727272,1.1027272727272728,-0.0018181818181818182,LINEAR_BRIDGE_ASSUMED_POSITIVE_DEEP_STALL_MIRROR_OF_TM88373_TEXT_60DEG_FLAP_ANCHOR__TO__ASSUMED_POSITIVE_DEEP_STALL_MIRROR_OF_TM88373_TEXT_OPPOSITE_ROTATION_ANCHOR,,,0,LINEAR_BRIDGE_ASSUMED_POSITIVE_DEEP_STALL_MIRROR_OF_TM88373_TEXT_60DEG_FLAP_ANCHOR__TO__ASSUMED_POSITIVE_DEEP_STALL_MIRROR_OF_TM88373_TEXT_OPPOSITE_ROTATION_ANCHOR,PROVISIONAL_SURROGATE_V0_DO_NOT_USE_FOR_FINAL_PASS
88,1.53588974175501,-0.059090909090909104,1.1090909090909091,-0.002727272727272727,LINEAR_BRIDGE_ASSUMED_POSITIVE_DEEP_STALL_MIRROR_OF_TM88373_TEXT_60DEG_FLAP_ANCHOR__TO__ASSUMED_POSITIVE_DEEP_STALL_MIRROR_OF_TM88373_TEXT_OPPOSITE_ROTATION_ANCHOR,,,0,LINEAR_BRIDGE_ASSUMED_POSITIVE_DEEP_STALL_MIRROR_OF_TM88373_TEXT_60DEG_FLAP_ANCHOR__TO__ASSUMED_POSITIVE_DEEP_STALL_MIRROR_OF_TM88373_TEXT_OPPOSITE_ROTATION_ANCHOR,PROVISIONAL_SURROGATE_V0_DO_NOT_USE_FOR_FINAL_PASS
89,1.5533430342749532,-0.045454545454545456,1.1154545454545455,-0.0036363636363636364,LINEAR_BRIDGE_ASSUMED_POSITIVE_DEEP_STALL_MIRROR_OF_TM88373_TEXT_60DEG_FLAP_ANCHOR__TO__ASSUMED_POSITIVE_DEEP_STALL_MIRROR_OF_TM88373_TEXT_OPPOSITE_ROTATION_ANCHOR,,,0,LINEAR_BRIDGE_ASSUMED_POSITIVE_DEEP_STALL_MIRROR_OF_TM88373_TEXT_60DEG_FLAP_ANCHOR__TO__ASSUMED_POSITIVE_DEEP_STALL_MIRROR_OF_TM88373_TEXT_OPPOSITE_ROTATION_ANCHOR,PROVISIONAL_SURROGATE_V0_DO_NOT_USE_FOR_FINAL_PASS
90,1.5707963267948966,-0.031818181818181815,1.1218181818181818,-0.004545454545454545,LINEAR_BRIDGE_ASSUMED_POSITIVE_DEEP_STALL_MIRROR_OF_TM88373_TEXT_60DEG_FLAP_ANCHOR__TO__ASSUMED_POSITIVE_DEEP_STALL_MIRROR_OF_TM88373_TEXT_OPPOSITE_ROTATION_ANCHOR,,,0,LINEAR_BRIDGE_ASSUMED_POSITIVE_DEEP_STALL_MIRROR_OF_TM88373_TEXT_60DEG_FLAP_ANCHOR__TO__ASSUMED_POSITIVE_DEEP_STALL_MIRROR_OF_TM88373_TEXT_OPPOSITE_ROTATION_ANCHOR,PROVISIONAL_SURROGATE_V0_DO_NOT_USE_FOR_FINAL_PASS
91,1.5882496193148399,-0.01818181818181819,1.1281818181818182,-0.005454545454545454,LINEAR_BRIDGE_ASSUMED_POSITIVE_DEEP_STALL_MIRROR_OF_TM88373_TEXT_60DEG_FLAP_ANCHOR__TO__ASSUMED_POSITIVE_DEEP_STALL_MIRROR_OF_TM88373_TEXT_OPPOSITE_ROTATION_ANCHOR,,,0,LINEAR_BRIDGE_ASSUMED_POSITIVE_DEEP_STALL_MIRROR_OF_TM88373_TEXT_60DEG_FLAP_ANCHOR__TO__ASSUMED_POSITIVE_DEEP_STALL_MIRROR_OF_TM88373_TEXT_OPPOSITE_ROTATION_ANCHOR,PROVISIONAL_SURROGATE_V0_DO_NOT_USE_FOR_FINAL_PASS
92,1.6057029118347832,-0.004545454545454547,1.1345454545454545,-0.006363636363636364,LINEAR_BRIDGE_ASSUMED_POSITIVE_DEEP_STALL_MIRROR_OF_TM88373_TEXT_60DEG_FLAP_ANCHOR__TO__ASSUMED_POSITIVE_DEEP_STALL_MIRROR_OF_TM88373_TEXT_OPPOSITE_ROTATION_ANCHOR,,,0,LINEAR_BRIDGE_ASSUMED_POSITIVE_DEEP_STALL_MIRROR_OF_TM88373_TEXT_60DEG_FLAP_ANCHOR__TO__ASSUMED_POSITIVE_DEEP_STALL_MIRROR_OF_TM88373_TEXT_OPPOSITE_ROTATION_ANCHOR,PROVISIONAL_SURROGATE_V0_DO_NOT_USE_FOR_FINAL_PASS
93,1.6231562043547265,0.009090909090909097,1.1409090909090909,-0.007272727272727273,LINEAR_BRIDGE_ASSUMED_POSITIVE_DEEP_STALL_MIRROR_OF_TM88373_TEXT_60DEG_FLAP_ANCHOR__TO__ASSUMED_POSITIVE_DEEP_STALL_MIRROR_OF_TM88373_TEXT_OPPOSITE_ROTATION_ANCHOR,,,0,LINEAR_BRIDGE_ASSUMED_POSITIVE_DEEP_STALL_MIRROR_OF_TM88373_TEXT_60DEG_FLAP_ANCHOR__TO__ASSUMED_POSITIVE_DEEP_STALL_MIRROR_OF_TM88373_TEXT_OPPOSITE_ROTATION_ANCHOR,PROVISIONAL_SURROGATE_V0_DO_NOT_USE_FOR_FINAL_PASS
94,1.6406094968746698,0.02272727272727274,1.1472727272727272,-0.008181818181818182,LINEAR_BRIDGE_ASSUMED_POSITIVE_DEEP_STALL_MIRROR_OF_TM88373_TEXT_60DEG_FLAP_ANCHOR__TO__ASSUMED_POSITIVE_DEEP_STALL_MIRROR_OF_TM88373_TEXT_OPPOSITE_ROTATION_ANCHOR,,,0,LINEAR_BRIDGE_ASSUMED_POSITIVE_DEEP_STALL_MIRROR_OF_TM88373_TEXT_60DEG_FLAP_ANCHOR__TO__ASSUMED_POSITIVE_DEEP_STALL_MIRROR_OF_TM88373_TEXT_OPPOSITE_ROTATION_ANCHOR,PROVISIONAL_SURROGATE_V0_DO_NOT_USE_FOR_FINAL_PASS
95,1.6580627893946132,0.03636363636363636,1.1536363636363636,-0.00909090909090909,LINEAR_BRIDGE_ASSUMED_POSITIVE_DEEP_STALL_MIRROR_OF_TM88373_TEXT_60DEG_FLAP_ANCHOR__TO__ASSUMED_POSITIVE_DEEP_STALL_MIRROR_OF_TM88373_TEXT_OPPOSITE_ROTATION_ANCHOR,,,0,LINEAR_BRIDGE_ASSUMED_POSITIVE_DEEP_STALL_MIRROR_OF_TM88373_TEXT_60DEG_FLAP_ANCHOR__TO__ASSUMED_POSITIVE_DEEP_STALL_MIRROR_OF_TM88373_TEXT_OPPOSITE_ROTATION_ANCHOR,PROVISIONAL_SURROGATE_V0_DO_NOT_USE_FOR_FINAL_PASS
96,1.6755160819145565,0.05,1.16,-0.01,ASSUMED_POSITIVE_DEEP_STALL_MIRROR_OF_TM88373_TEXT_OPPOSITE_ROTATION_ANCHOR,,,0,ASSUMED_POSITIVE_DEEP_STALL_MIRROR_OF_TM88373_TEXT_OPPOSITE_ROTATION_ANCHOR,PROVISIONAL_SURROGATE_V0_DO_NOT_USE_FOR_FINAL_PASS
97,1.6929693744344996,0.06666666666666667,1.1733333333333333,-0.011111111111111112,LINEAR_BRIDGE_ASSUMED_POSITIVE_DEEP_STALL_MIRROR_OF_TM88373_TEXT_OPPOSITE_ROTATION_ANCHOR__TO__ASSUMED_POSITIVE_DEEP_STALL_MIRROR_OF_TM88373_DIGITIZED_ANCHOR_APPROX,,,0,LINEAR_BRIDGE_ASSUMED_POSITIVE_DEEP_STALL_MIRROR_OF_TM88373_TEXT_OPPOSITE_ROTATION_ANCHOR__TO__ASSUMED_POSITIVE_DEEP_STALL_MIRROR_OF_TM88373_DIGITIZED_ANCHOR_APPROX,PROVISIONAL_SURROGATE_V0_DO_NOT_USE_FOR_FINAL_PASS
98,1.710422666954443,0.08333333333333334,1.1866666666666665,-0.012222222222222223,LINEAR_BRIDGE_ASSUMED_POSITIVE_DEEP_STALL_MIRROR_OF_TM88373_TEXT_OPPOSITE_ROTATION_ANCHOR__TO__ASSUMED_POSITIVE_DEEP_STALL_MIRROR_OF_TM88373_DIGITIZED_ANCHOR_APPROX,,,0,LINEAR_BRIDGE_ASSUMED_POSITIVE_DEEP_STALL_MIRROR_OF_TM88373_TEXT_OPPOSITE_ROTATION_ANCHOR__TO__ASSUMED_POSITIVE_DEEP_STALL_MIRROR_OF_TM88373_DIGITIZED_ANCHOR_APPROX,PROVISIONAL_SURROGATE_V0_DO_NOT_USE_FOR_FINAL_PASS
99,1.7278759594743862,0.1,1.2,-0.013333333333333334,LINEAR_BRIDGE_ASSUMED_POSITIVE_DEEP_STALL_MIRROR_OF_TM88373_TEXT_OPPOSITE_ROTATION_ANCHOR__TO__ASSUMED_POSITIVE_DEEP_STALL_MIRROR_OF_TM88373_DIGITIZED_ANCHOR_APPROX,,,0,LINEAR_BRIDGE_ASSUMED_POSITIVE_DEEP_STALL_MIRROR_OF_TM88373_TEXT_OPPOSITE_ROTATION_ANCHOR__TO__ASSUMED_POSITIVE_DEEP_STALL_MIRROR_OF_TM88373_DIGITIZED_ANCHOR_APPROX,PROVISIONAL_SURROGATE_V0_DO_NOT_USE_FOR_FINAL_PASS
100,1.7453292519943295,0.11666666666666667,1.2133333333333334,-0.014444444444444444,LINEAR_BRIDGE_ASSUMED_POSITIVE_DEEP_STALL_MIRROR_OF_TM88373_TEXT_OPPOSITE_ROTATION_ANCHOR__TO__ASSUMED_POSITIVE_DEEP_STALL_MIRROR_OF_TM88373_DIGITIZED_ANCHOR_APPROX,,,0,LINEAR_BRIDGE_ASSUMED_POSITIVE_DEEP_STALL_MIRROR_OF_TM88373_TEXT_OPPOSITE_ROTATION_ANCHOR__TO__ASSUMED_POSITIVE_DEEP_STALL_MIRROR_OF_TM88373_DIGITIZED_ANCHOR_APPROX,PROVISIONAL_SURROGATE_V0_DO_NOT_USE_FOR_FINAL_PASS
101,1.7627825445142729,0.13333333333333333,1.2266666666666666,-0.015555555555555555,LINEAR_BRIDGE_ASSUMED_POSITIVE_DEEP_STALL_MIRROR_OF_TM88373_TEXT_OPPOSITE_ROTATION_ANCHOR__TO__ASSUMED_POSITIVE_DEEP_STALL_MIRROR_OF_TM88373_DIGITIZED_ANCHOR_APPROX,,,0,LINEAR_BRIDGE_ASSUMED_POSITIVE_DEEP_STALL_MIRROR_OF_TM88373_TEXT_OPPOSITE_ROTATION_ANCHOR__TO__ASSUMED_POSITIVE_DEEP_STALL_MIRROR_OF_TM88373_DIGITIZED_ANCHOR_APPROX,PROVISIONAL_SURROGATE_V0_DO_NOT_USE_FOR_FINAL_PASS
102,1.7802358370342162,0.15,1.24,-0.016666666666666666,LINEAR_BRIDGE_ASSUMED_POSITIVE_DEEP_STALL_MIRROR_OF_TM88373_TEXT_OPPOSITE_ROTATION_ANCHOR__TO__ASSUMED_POSITIVE_DEEP_STALL_MIRROR_OF_TM88373_DIGITIZED_ANCHOR_APPROX,,,0,LINEAR_BRIDGE_ASSUMED_POSITIVE_DEEP_STALL_MIRROR_OF_TM88373_TEXT_OPPOSITE_ROTATION_ANCHOR__TO__ASSUMED_POSITIVE_DEEP_STALL_MIRROR_OF_TM88373_DIGITIZED_ANCHOR_APPROX,PROVISIONAL_SURROGATE_V0_DO_NOT_USE_FOR_FINAL_PASS
103,1.7976891295541595,0.16666666666666666,1.2533333333333334,-0.017777777777777778,LINEAR_BRIDGE_ASSUMED_POSITIVE_DEEP_STALL_MIRROR_OF_TM88373_TEXT_OPPOSITE_ROTATION_ANCHOR__TO__ASSUMED_POSITIVE_DEEP_STALL_MIRROR_OF_TM88373_DIGITIZED_ANCHOR_APPROX,,,0,LINEAR_BRIDGE_ASSUMED_POSITIVE_DEEP_STALL_MIRROR_OF_TM88373_TEXT_OPPOSITE_ROTATION_ANCHOR__TO__ASSUMED_POSITIVE_DEEP_STALL_MIRROR_OF_TM88373_DIGITIZED_ANCHOR_APPROX,PROVISIONAL_SURROGATE_V0_DO_NOT_USE_FOR_FINAL_PASS
104,1.8151424220741028,0.18333333333333335,1.2666666666666666,-0.01888888888888889,LINEAR_BRIDGE_ASSUMED_POSITIVE_DEEP_STALL_MIRROR_OF_TM88373_TEXT_OPPOSITE_ROTATION_ANCHOR__TO__ASSUMED_POSITIVE_DEEP_STALL_MIRROR_OF_TM88373_DIGITIZED_ANCHOR_APPROX,,,0,LINEAR_BRIDGE_ASSUMED_POSITIVE_DEEP_STALL_MIRROR_OF_TM88373_TEXT_OPPOSITE_ROTATION_ANCHOR__TO__ASSUMED_POSITIVE_DEEP_STALL_MIRROR_OF_TM88373_DIGITIZED_ANCHOR_APPROX,PROVISIONAL_SURROGATE_V0_DO_NOT_USE_FOR_FINAL_PASS
105,1.8325957145940461,0.2,1.28,-0.02,ASSUMED_POSITIVE_DEEP_STALL_MIRROR_OF_TM88373_DIGITIZED_ANCHOR_APPROX,,,0,ASSUMED_POSITIVE_DEEP_STALL_MIRROR_OF_TM88373_DIGITIZED_ANCHOR_APPROX,PROVISIONAL_SURROGATE_V0_DO_NOT_USE_FOR_FINAL_PASS
106,1.8500490071139892,0.21571428571428572,1.282,-0.02028571428571429,LINEAR_BRIDGE_ASSUMED_POSITIVE_DEEP_STALL_MIRROR_OF_TM88373_DIGITIZED_ANCHOR_APPROX__TO__ASSUMED_POSITIVE_DEEP_STALL_MIRROR_OF_FLAT_PLATE_BRIDGE_ASSUMED,,,0,LINEAR_BRIDGE_ASSUMED_POSITIVE_DEEP_STALL_MIRROR_OF_TM88373_DIGITIZED_ANCHOR_APPROX__TO__ASSUMED_POSITIVE_DEEP_STALL_MIRROR_OF_FLAT_PLATE_BRIDGE_ASSUMED,PROVISIONAL_SURROGATE_V0_DO_NOT_USE_FOR_FINAL_PASS
107,1.8675022996339325,0.23142857142857143,1.284,-0.02057142857142857,LINEAR_BRIDGE_ASSUMED_POSITIVE_DEEP_STALL_MIRROR_OF_TM88373_DIGITIZED_ANCHOR_APPROX__TO__ASSUMED_POSITIVE_DEEP_STALL_MIRROR_OF_FLAT_PLATE_BRIDGE_ASSUMED,,,0,LINEAR_BRIDGE_ASSUMED_POSITIVE_DEEP_STALL_MIRROR_OF_TM88373_DIGITIZED_ANCHOR_APPROX__TO__ASSUMED_POSITIVE_DEEP_STALL_MIRROR_OF_FLAT_PLATE_BRIDGE_ASSUMED,PROVISIONAL_SURROGATE_V0_DO_NOT_USE_FOR_FINAL_PASS
108,1.8849555921538759,0.24714285714285714,1.286,-0.02085714285714286,LINEAR_BRIDGE_ASSUMED_POSITIVE_DEEP_STALL_MIRROR_OF_TM88373_DIGITIZED_ANCHOR_APPROX__TO__ASSUMED_POSITIVE_DEEP_STALL_MIRROR_OF_FLAT_PLATE_BRIDGE_ASSUMED,,,0,LINEAR_BRIDGE_ASSUMED_POSITIVE_DEEP_STALL_MIRROR_OF_TM88373_DIGITIZED_ANCHOR_APPROX__TO__ASSUMED_POSITIVE_DEEP_STALL_MIRROR_OF_FLAT_PLATE_BRIDGE_ASSUMED,PROVISIONAL_SURROGATE_V0_DO_NOT_USE_FOR_FINAL_PASS
109,1.9024088846738192,0.2628571428571429,1.288,-0.021142857142857144,LINEAR_BRIDGE_ASSUMED_POSITIVE_DEEP_STALL_MIRROR_OF_TM88373_DIGITIZED_ANCHOR_APPROX__TO__ASSUMED_POSITIVE_DEEP_STALL_MIRROR_OF_FLAT_PLATE_BRIDGE_ASSUMED,,,0,LINEAR_BRIDGE_ASSUMED_POSITIVE_DEEP_STALL_MIRROR_OF_TM88373_DIGITIZED_ANCHOR_APPROX__TO__ASSUMED_POSITIVE_DEEP_STALL_MIRROR_OF_FLAT_PLATE_BRIDGE_ASSUMED,PROVISIONAL_SURROGATE_V0_DO_NOT_USE_FOR_FINAL_PASS
110,1.9198621771937625,0.2785714285714286,1.29,-0.02142857142857143,LINEAR_BRIDGE_ASSUMED_POSITIVE_DEEP_STALL_MIRROR_OF_TM88373_DIGITIZED_ANCHOR_APPROX__TO__ASSUMED_POSITIVE_DEEP_STALL_MIRROR_OF_FLAT_PLATE_BRIDGE_ASSUMED,,,0,LINEAR_BRIDGE_ASSUMED_POSITIVE_DEEP_STALL_MIRROR_OF_TM88373_DIGITIZED_ANCHOR_APPROX__TO__ASSUMED_POSITIVE_DEEP_STALL_MIRROR_OF_FLAT_PLATE_BRIDGE_ASSUMED,PROVISIONAL_SURROGATE_V0_DO_NOT_USE_FOR_FINAL_PASS
111,1.9373154697137058,0.29428571428571426,1.292,-0.021714285714285714,LINEAR_BRIDGE_ASSUMED_POSITIVE_DEEP_STALL_MIRROR_OF_TM88373_DIGITIZED_ANCHOR_APPROX__TO__ASSUMED_POSITIVE_DEEP_STALL_MIRROR_OF_FLAT_PLATE_BRIDGE_ASSUMED,,,0,LINEAR_BRIDGE_ASSUMED_POSITIVE_DEEP_STALL_MIRROR_OF_TM88373_DIGITIZED_ANCHOR_APPROX__TO__ASSUMED_POSITIVE_DEEP_STALL_MIRROR_OF_FLAT_PLATE_BRIDGE_ASSUMED,PROVISIONAL_SURROGATE_V0_DO_NOT_USE_FOR_FINAL_PASS
112,1.9547687622336491,0.31000000000000005,1.294,-0.022,LINEAR_BRIDGE_ASSUMED_POSITIVE_DEEP_STALL_MIRROR_OF_TM88373_DIGITIZED_ANCHOR_APPROX__TO__ASSUMED_POSITIVE_DEEP_STALL_MIRROR_OF_FLAT_PLATE_BRIDGE_ASSUMED,,,0,LINEAR_BRIDGE_ASSUMED_POSITIVE_DEEP_STALL_MIRROR_OF_TM88373_DIGITIZED_ANCHOR_APPROX__TO__ASSUMED_POSITIVE_DEEP_STALL_MIRROR_OF_FLAT_PLATE_BRIDGE_ASSUMED,PROVISIONAL_SURROGATE_V0_DO_NOT_USE_FOR_FINAL_PASS
113,1.9722220547535925,0.32571428571428573,1.2960000000000003,-0.022285714285714287,LINEAR_BRIDGE_ASSUMED_POSITIVE_DEEP_STALL_MIRROR_OF_TM88373_DIGITIZED_ANCHOR_APPROX__TO__ASSUMED_POSITIVE_DEEP_STALL_MIRROR_OF_FLAT_PLATE_BRIDGE_ASSUMED,,,0,LINEAR_BRIDGE_ASSUMED_POSITIVE_DEEP_STALL_MIRROR_OF_TM88373_DIGITIZED_ANCHOR_APPROX__TO__ASSUMED_POSITIVE_DEEP_STALL_MIRROR_OF_FLAT_PLATE_BRIDGE_ASSUMED,PROVISIONAL_SURROGATE_V0_DO_NOT_USE_FOR_FINAL_PASS
114,1.9896753472735358,0.3414285714285714,1.298,-0.022571428571428572,LINEAR_BRIDGE_ASSUMED_POSITIVE_DEEP_STALL_MIRROR_OF_TM88373_DIGITIZED_ANCHOR_APPROX__TO__ASSUMED_POSITIVE_DEEP_STALL_MIRROR_OF_FLAT_PLATE_BRIDGE_ASSUMED,,,0,LINEAR_BRIDGE_ASSUMED_POSITIVE_DEEP_STALL_MIRROR_OF_TM88373_DIGITIZED_ANCHOR_APPROX__TO__ASSUMED_POSITIVE_DEEP_STALL_MIRROR_OF_FLAT_PLATE_BRIDGE_ASSUMED,PROVISIONAL_SURROGATE_V0_DO_NOT_USE_FOR_FINAL_PASS
115,2.007128639793479,0.35714285714285715,1.3,-0.022857142857142857,LINEAR_BRIDGE_ASSUMED_POSITIVE_DEEP_STALL_MIRROR_OF_TM88373_DIGITIZED_ANCHOR_APPROX__TO__ASSUMED_POSITIVE_DEEP_STALL_MIRROR_OF_FLAT_PLATE_BRIDGE_ASSUMED,,,0,LINEAR_BRIDGE_ASSUMED_POSITIVE_DEEP_STALL_MIRROR_OF_TM88373_DIGITIZED_ANCHOR_APPROX__TO__ASSUMED_POSITIVE_DEEP_STALL_MIRROR_OF_FLAT_PLATE_BRIDGE_ASSUMED,PROVISIONAL_SURROGATE_V0_DO_NOT_USE_FOR_FINAL_PASS
116,2.0245819323134224,0.3728571428571429,1.302,-0.023142857142857146,LINEAR_BRIDGE_ASSUMED_POSITIVE_DEEP_STALL_MIRROR_OF_TM88373_DIGITIZED_ANCHOR_APPROX__TO__ASSUMED_POSITIVE_DEEP_STALL_MIRROR_OF_FLAT_PLATE_BRIDGE_ASSUMED,,,0,LINEAR_BRIDGE_ASSUMED_POSITIVE_DEEP_STALL_MIRROR_OF_TM88373_DIGITIZED_ANCHOR_APPROX__TO__ASSUMED_POSITIVE_DEEP_STALL_MIRROR_OF_FLAT_PLATE_BRIDGE_ASSUMED,PROVISIONAL_SURROGATE_V0_DO_NOT_USE_FOR_FINAL_PASS
117,2.0420352248333655,0.38857142857142857,1.304,-0.02342857142857143,LINEAR_BRIDGE_ASSUMED_POSITIVE_DEEP_STALL_MIRROR_OF_TM88373_DIGITIZED_ANCHOR_APPROX__TO__ASSUMED_POSITIVE_DEEP_STALL_MIRROR_OF_FLAT_PLATE_BRIDGE_ASSUMED,,,0,LINEAR_BRIDGE_ASSUMED_POSITIVE_DEEP_STALL_MIRROR_OF_TM88373_DIGITIZED_ANCHOR_APPROX__TO__ASSUMED_POSITIVE_DEEP_STALL_MIRROR_OF_FLAT_PLATE_BRIDGE_ASSUMED,PROVISIONAL_SURROGATE_V0_DO_NOT_USE_FOR_FINAL_PASS
118,2.059488517353309,0.4042857142857143,1.306,-0.023714285714285716,LINEAR_BRIDGE_ASSUMED_POSITIVE_DEEP_STALL_MIRROR_OF_TM88373_DIGITIZED_ANCHOR_APPROX__TO__ASSUMED_POSITIVE_DEEP_STALL_MIRROR_OF_FLAT_PLATE_BRIDGE_ASSUMED,,,0,LINEAR_BRIDGE_ASSUMED_POSITIVE_DEEP_STALL_MIRROR_OF_TM88373_DIGITIZED_ANCHOR_APPROX__TO__ASSUMED_POSITIVE_DEEP_STALL_MIRROR_OF_FLAT_PLATE_BRIDGE_ASSUMED,PROVISIONAL_SURROGATE_V0_DO_NOT_USE_FOR_FINAL_PASS
119,2.076941809873252,0.42000000000000004,1.308,-0.024,LINEAR_BRIDGE_ASSUMED_POSITIVE_DEEP_STALL_MIRROR_OF_TM88373_DIGITIZED_ANCHOR_APPROX__TO__ASSUMED_POSITIVE_DEEP_STALL_MIRROR_OF_FLAT_PLATE_BRIDGE_ASSUMED,,,0,LINEAR_BRIDGE_ASSUMED_POSITIVE_DEEP_STALL_MIRROR_OF_TM88373_DIGITIZED_ANCHOR_APPROX__TO__ASSUMED_POSITIVE_DEEP_STALL_MIRROR_OF_FLAT_PLATE_BRIDGE_ASSUMED,PROVISIONAL_SURROGATE_V0_DO_NOT_USE_FOR_FINAL_PASS
120,2.0943951023931953,0.43571428571428567,1.31,-0.024285714285714285,LINEAR_BRIDGE_ASSUMED_POSITIVE_DEEP_STALL_MIRROR_OF_TM88373_DIGITIZED_ANCHOR_APPROX__TO__ASSUMED_POSITIVE_DEEP_STALL_MIRROR_OF_FLAT_PLATE_BRIDGE_ASSUMED,,,0,LINEAR_BRIDGE_ASSUMED_POSITIVE_DEEP_STALL_MIRROR_OF_TM88373_DIGITIZED_ANCHOR_APPROX__TO__ASSUMED_POSITIVE_DEEP_STALL_MIRROR_OF_FLAT_PLATE_BRIDGE_ASSUMED,PROVISIONAL_SURROGATE_V0_DO_NOT_USE_FOR_FINAL_PASS
121,2.111848394913139,0.45142857142857146,1.3120000000000003,-0.02457142857142857,LINEAR_BRIDGE_ASSUMED_POSITIVE_DEEP_STALL_MIRROR_OF_TM88373_DIGITIZED_ANCHOR_APPROX__TO__ASSUMED_POSITIVE_DEEP_STALL_MIRROR_OF_FLAT_PLATE_BRIDGE_ASSUMED,,,0,LINEAR_BRIDGE_ASSUMED_POSITIVE_DEEP_STALL_MIRROR_OF_TM88373_DIGITIZED_ANCHOR_APPROX__TO__ASSUMED_POSITIVE_DEEP_STALL_MIRROR_OF_FLAT_PLATE_BRIDGE_ASSUMED,PROVISIONAL_SURROGATE_V0_DO_NOT_USE_FOR_FINAL_PASS
122,2.129301687433082,0.46714285714285714,1.314,-0.024857142857142855,LINEAR_BRIDGE_ASSUMED_POSITIVE_DEEP_STALL_MIRROR_OF_TM88373_DIGITIZED_ANCHOR_APPROX__TO__ASSUMED_POSITIVE_DEEP_STALL_MIRROR_OF_FLAT_PLATE_BRIDGE_ASSUMED,,,0,LINEAR_BRIDGE_ASSUMED_POSITIVE_DEEP_STALL_MIRROR_OF_TM88373_DIGITIZED_ANCHOR_APPROX__TO__ASSUMED_POSITIVE_DEEP_STALL_MIRROR_OF_FLAT_PLATE_BRIDGE_ASSUMED,PROVISIONAL_SURROGATE_V0_DO_NOT_USE_FOR_FINAL_PASS
123,2.1467549799530254,0.4828571428571428,1.316,-0.02514285714285714,LINEAR_BRIDGE_ASSUMED_POSITIVE_DEEP_STALL_MIRROR_OF_TM88373_DIGITIZED_ANCHOR_APPROX__TO__ASSUMED_POSITIVE_DEEP_STALL_MIRROR_OF_FLAT_PLATE_BRIDGE_ASSUMED,,,0,LINEAR_BRIDGE_ASSUMED_POSITIVE_DEEP_STALL_MIRROR_OF_TM88373_DIGITIZED_ANCHOR_APPROX__TO__ASSUMED_POSITIVE_DEEP_STALL_MIRROR_OF_FLAT_PLATE_BRIDGE_ASSUMED,PROVISIONAL_SURROGATE_V0_DO_NOT_USE_FOR_FINAL_PASS
124,2.1642082724729685,0.49857142857142855,1.318,-0.02542857142857143,LINEAR_BRIDGE_ASSUMED_POSITIVE_DEEP_STALL_MIRROR_OF_TM88373_DIGITIZED_ANCHOR_APPROX__TO__ASSUMED_POSITIVE_DEEP_STALL_MIRROR_OF_FLAT_PLATE_BRIDGE_ASSUMED,,,0,LINEAR_BRIDGE_ASSUMED_POSITIVE_DEEP_STALL_MIRROR_OF_TM88373_DIGITIZED_ANCHOR_APPROX__TO__ASSUMED_POSITIVE_DEEP_STALL_MIRROR_OF_FLAT_PLATE_BRIDGE_ASSUMED,PROVISIONAL_SURROGATE_V0_DO_NOT_USE_FOR_FINAL_PASS
125,2.181661564992912,0.5142857142857142,1.32,-0.02571428571428571,LINEAR_BRIDGE_ASSUMED_POSITIVE_DEEP_STALL_MIRROR_OF_TM88373_DIGITIZED_ANCHOR_APPROX__TO__ASSUMED_POSITIVE_DEEP_STALL_MIRROR_OF_FLAT_PLATE_BRIDGE_ASSUMED,,,0,LINEAR_BRIDGE_ASSUMED_POSITIVE_DEEP_STALL_MIRROR_OF_TM88373_DIGITIZED_ANCHOR_APPROX__TO__ASSUMED_POSITIVE_DEEP_STALL_MIRROR_OF_FLAT_PLATE_BRIDGE_ASSUMED,PROVISIONAL_SURROGATE_V0_DO_NOT_USE_FOR_FINAL_PASS
126,2.199114857512855,0.53,1.322,-0.026,LINEAR_BRIDGE_ASSUMED_POSITIVE_DEEP_STALL_MIRROR_OF_TM88373_DIGITIZED_ANCHOR_APPROX__TO__ASSUMED_POSITIVE_DEEP_STALL_MIRROR_OF_FLAT_PLATE_BRIDGE_ASSUMED,,,0,LINEAR_BRIDGE_ASSUMED_POSITIVE_DEEP_STALL_MIRROR_OF_TM88373_DIGITIZED_ANCHOR_APPROX__TO__ASSUMED_POSITIVE_DEEP_STALL_MIRROR_OF_FLAT_PLATE_BRIDGE_ASSUMED,PROVISIONAL_SURROGATE_V0_DO_NOT_USE_FOR_FINAL_PASS
127,2.2165681500327987,0.5457142857142857,1.324,-0.026285714285714287,LINEAR_BRIDGE_ASSUMED_POSITIVE_DEEP_STALL_MIRROR_OF_TM88373_DIGITIZED_ANCHOR_APPROX__TO__ASSUMED_POSITIVE_DEEP_STALL_MIRROR_OF_FLAT_PLATE_BRIDGE_ASSUMED,,,0,LINEAR_BRIDGE_ASSUMED_POSITIVE_DEEP_STALL_MIRROR_OF_TM88373_DIGITIZED_ANCHOR_APPROX__TO__ASSUMED_POSITIVE_DEEP_STALL_MIRROR_OF_FLAT_PLATE_BRIDGE_ASSUMED,PROVISIONAL_SURROGATE_V0_DO_NOT_USE_FOR_FINAL_PASS
128,2.234021442552742,0.5614285714285715,1.326,-0.02657142857142857,LINEAR_BRIDGE_ASSUMED_POSITIVE_DEEP_STALL_MIRROR_OF_TM88373_DIGITIZED_ANCHOR_APPROX__TO__ASSUMED_POSITIVE_DEEP_STALL_MIRROR_OF_FLAT_PLATE_BRIDGE_ASSUMED,,,0,LINEAR_BRIDGE_ASSUMED_POSITIVE_DEEP_STALL_MIRROR_OF_TM88373_DIGITIZED_ANCHOR_APPROX__TO__ASSUMED_POSITIVE_DEEP_STALL_MIRROR_OF_FLAT_PLATE_BRIDGE_ASSUMED,PROVISIONAL_SURROGATE_V0_DO_NOT_USE_FOR_FINAL_PASS
129,2.251474735072685,0.5771428571428571,1.328,-0.026857142857142857,LINEAR_BRIDGE_ASSUMED_POSITIVE_DEEP_STALL_MIRROR_OF_TM88373_DIGITIZED_ANCHOR_APPROX__TO__ASSUMED_POSITIVE_DEEP_STALL_MIRROR_OF_FLAT_PLATE_BRIDGE_ASSUMED,,,0,LINEAR_BRIDGE_ASSUMED_POSITIVE_DEEP_STALL_MIRROR_OF_TM88373_DIGITIZED_ANCHOR_APPROX__TO__ASSUMED_POSITIVE_DEEP_STALL_MIRROR_OF_FLAT_PLATE_BRIDGE_ASSUMED,PROVISIONAL_SURROGATE_V0_DO_NOT_USE_FOR_FINAL_PASS
130,2.2689280275926285,0.5928571428571429,1.33,-0.027142857142857142,LINEAR_BRIDGE_ASSUMED_POSITIVE_DEEP_STALL_MIRROR_OF_TM88373_DIGITIZED_ANCHOR_APPROX__TO__ASSUMED_POSITIVE_DEEP_STALL_MIRROR_OF_FLAT_PLATE_BRIDGE_ASSUMED,,,0,LINEAR_BRIDGE_ASSUMED_POSITIVE_DEEP_STALL_MIRROR_OF_TM88373_DIGITIZED_ANCHOR_APPROX__TO__ASSUMED_POSITIVE_DEEP_STALL_MIRROR_OF_FLAT_PLATE_BRIDGE_ASSUMED,PROVISIONAL_SURROGATE_V0_DO_NOT_USE_FOR_FINAL_PASS
131,2.2863813201125716,0.6085714285714285,1.332,-0.02742857142857143,LINEAR_BRIDGE_ASSUMED_POSITIVE_DEEP_STALL_MIRROR_OF_TM88373_DIGITIZED_ANCHOR_APPROX__TO__ASSUMED_POSITIVE_DEEP_STALL_MIRROR_OF_FLAT_PLATE_BRIDGE_ASSUMED,,,0,LINEAR_BRIDGE_ASSUMED_POSITIVE_DEEP_STALL_MIRROR_OF_TM88373_DIGITIZED_ANCHOR_APPROX__TO__ASSUMED_POSITIVE_DEEP_STALL_MIRROR_OF_FLAT_PLATE_BRIDGE_ASSUMED,PROVISIONAL_SURROGATE_V0_DO_NOT_USE_FOR_FINAL_PASS
132,2.303834612632515,0.6242857142857143,1.334,-0.027714285714285712,LINEAR_BRIDGE_ASSUMED_POSITIVE_DEEP_STALL_MIRROR_OF_TM88373_DIGITIZED_ANCHOR_APPROX__TO__ASSUMED_POSITIVE_DEEP_STALL_MIRROR_OF_FLAT_PLATE_BRIDGE_ASSUMED,,,0,LINEAR_BRIDGE_ASSUMED_POSITIVE_DEEP_STALL_MIRROR_OF_TM88373_DIGITIZED_ANCHOR_APPROX__TO__ASSUMED_POSITIVE_DEEP_STALL_MIRROR_OF_FLAT_PLATE_BRIDGE_ASSUMED,PROVISIONAL_SURROGATE_V0_DO_NOT_USE_FOR_FINAL_PASS
133,2.321287905152458,0.6400000000000001,1.336,-0.028,LINEAR_BRIDGE_ASSUMED_POSITIVE_DEEP_STALL_MIRROR_OF_TM88373_DIGITIZED_ANCHOR_APPROX__TO__ASSUMED_POSITIVE_DEEP_STALL_MIRROR_OF_FLAT_PLATE_BRIDGE_ASSUMED,,,0,LINEAR_BRIDGE_ASSUMED_POSITIVE_DEEP_STALL_MIRROR_OF_TM88373_DIGITIZED_ANCHOR_APPROX__TO__ASSUMED_POSITIVE_DEEP_STALL_MIRROR_OF_FLAT_PLATE_BRIDGE_ASSUMED,PROVISIONAL_SURROGATE_V0_DO_NOT_USE_FOR_FINAL_PASS
134,2.3387411976724017,0.6557142857142857,1.338,-0.028285714285714286,LINEAR_BRIDGE_ASSUMED_POSITIVE_DEEP_STALL_MIRROR_OF_TM88373_DIGITIZED_ANCHOR_APPROX__TO__ASSUMED_POSITIVE_DEEP_STALL_MIRROR_OF_FLAT_PLATE_BRIDGE_ASSUMED,,,0,LINEAR_BRIDGE_ASSUMED_POSITIVE_DEEP_STALL_MIRROR_OF_TM88373_DIGITIZED_ANCHOR_APPROX__TO__ASSUMED_POSITIVE_DEEP_STALL_MIRROR_OF_FLAT_PLATE_BRIDGE_ASSUMED,PROVISIONAL_SURROGATE_V0_DO_NOT_USE_FOR_FINAL_PASS
135,2.356194490192345,0.6714285714285714,1.34,-0.028571428571428567,LINEAR_BRIDGE_ASSUMED_POSITIVE_DEEP_STALL_MIRROR_OF_TM88373_DIGITIZED_ANCHOR_APPROX__TO__ASSUMED_POSITIVE_DEEP_STALL_MIRROR_OF_FLAT_PLATE_BRIDGE_ASSUMED,,,0,LINEAR_BRIDGE_ASSUMED_POSITIVE_DEEP_STALL_MIRROR_OF_TM88373_DIGITIZED_ANCHOR_APPROX__TO__ASSUMED_POSITIVE_DEEP_STALL_MIRROR_OF_FLAT_PLATE_BRIDGE_ASSUMED,PROVISIONAL_SURROGATE_V0_DO_NOT_USE_FOR_FINAL_PASS
136,2.3736477827122884,0.6871428571428572,1.342,-0.028857142857142856,LINEAR_BRIDGE_ASSUMED_POSITIVE_DEEP_STALL_MIRROR_OF_TM88373_DIGITIZED_ANCHOR_APPROX__TO__ASSUMED_POSITIVE_DEEP_STALL_MIRROR_OF_FLAT_PLATE_BRIDGE_ASSUMED,,,0,LINEAR_BRIDGE_ASSUMED_POSITIVE_DEEP_STALL_MIRROR_OF_TM88373_DIGITIZED_ANCHOR_APPROX__TO__ASSUMED_POSITIVE_DEEP_STALL_MIRROR_OF_FLAT_PLATE_BRIDGE_ASSUMED,PROVISIONAL_SURROGATE_V0_DO_NOT_USE_FOR_FINAL_PASS
137,2.3911010752322315,0.7028571428571428,1.344,-0.02914285714285714,LINEAR_BRIDGE_ASSUMED_POSITIVE_DEEP_STALL_MIRROR_OF_TM88373_DIGITIZED_ANCHOR_APPROX__TO__ASSUMED_POSITIVE_DEEP_STALL_MIRROR_OF_FLAT_PLATE_BRIDGE_ASSUMED,,,0,LINEAR_BRIDGE_ASSUMED_POSITIVE_DEEP_STALL_MIRROR_OF_TM88373_DIGITIZED_ANCHOR_APPROX__TO__ASSUMED_POSITIVE_DEEP_STALL_MIRROR_OF_FLAT_PLATE_BRIDGE_ASSUMED,PROVISIONAL_SURROGATE_V0_DO_NOT_USE_FOR_FINAL_PASS
138,2.4085543677521746,0.7185714285714285,1.346,-0.02942857142857143,LINEAR_BRIDGE_ASSUMED_POSITIVE_DEEP_STALL_MIRROR_OF_TM88373_DIGITIZED_ANCHOR_APPROX__TO__ASSUMED_POSITIVE_DEEP_STALL_MIRROR_OF_FLAT_PLATE_BRIDGE_ASSUMED,,,0,LINEAR_BRIDGE_ASSUMED_POSITIVE_DEEP_STALL_MIRROR_OF_TM88373_DIGITIZED_ANCHOR_APPROX__TO__ASSUMED_POSITIVE_DEEP_STALL_MIRROR_OF_FLAT_PLATE_BRIDGE_ASSUMED,PROVISIONAL_SURROGATE_V0_DO_NOT_USE_FOR_FINAL_PASS
139,2.426007660272118,0.7342857142857142,1.348,-0.02971428571428571,LINEAR_BRIDGE_ASSUMED_POSITIVE_DEEP_STALL_MIRROR_OF_TM88373_DIGITIZED_ANCHOR_APPROX__TO__ASSUMED_POSITIVE_DEEP_STALL_MIRROR_OF_FLAT_PLATE_BRIDGE_ASSUMED,,,0,LINEAR_BRIDGE_ASSUMED_POSITIVE_DEEP_STALL_MIRROR_OF_TM88373_DIGITIZED_ANCHOR_APPROX__TO__ASSUMED_POSITIVE_DEEP_STALL_MIRROR_OF_FLAT_PLATE_BRIDGE_ASSUMED,PROVISIONAL_SURROGATE_V0_DO_NOT_USE_FOR_FINAL_PASS
140,2.443460952792061,0.75,1.35,-0.03,ASSUMED_POSITIVE_DEEP_STALL_MIRROR_OF_FLAT_PLATE_BRIDGE_ASSUMED,,,0,ASSUMED_POSITIVE_DEEP_STALL_MIRROR_OF_FLAT_PLATE_BRIDGE_ASSUMED,PROVISIONAL_SURROGATE_V0_DO_NOT_USE_FOR_FINAL_PASS
141,2.4609142453120048,0.73125,1.3182500000000001,-0.029249999999999998,LINEAR_BRIDGE_ASSUMED_POSITIVE_DEEP_STALL_MIRROR_OF_FLAT_PLATE_BRIDGE_ASSUMED__TO__ASSUMED_POSITIVE_DEEP_STALL_MIRROR_OF_PERIODIC_CLOSURE_ASSUMED,,,0,LINEAR_BRIDGE_ASSUMED_POSITIVE_DEEP_STALL_MIRROR_OF_FLAT_PLATE_BRIDGE_ASSUMED__TO__ASSUMED_POSITIVE_DEEP_STALL_MIRROR_OF_PERIODIC_CLOSURE_ASSUMED,PROVISIONAL_SURROGATE_V0_DO_NOT_USE_FOR_FINAL_PASS
142,2.478367537831948,0.7124999999999999,1.2865,-0.028499999999999998,LINEAR_BRIDGE_ASSUMED_POSITIVE_DEEP_STALL_MIRROR_OF_FLAT_PLATE_BRIDGE_ASSUMED__TO__ASSUMED_POSITIVE_DEEP_STALL_MIRROR_OF_PERIODIC_CLOSURE_ASSUMED,,,0,LINEAR_BRIDGE_ASSUMED_POSITIVE_DEEP_STALL_MIRROR_OF_FLAT_PLATE_BRIDGE_ASSUMED__TO__ASSUMED_POSITIVE_DEEP_STALL_MIRROR_OF_PERIODIC_CLOSURE_ASSUMED,PROVISIONAL_SURROGATE_V0_DO_NOT_USE_FOR_FINAL_PASS
143,2.4958208303518914,0.6937500000000001,1.2547500000000003,-0.02775,LINEAR_BRIDGE_ASSUMED_POSITIVE_DEEP_STALL_MIRROR_OF_FLAT_PLATE_BRIDGE_ASSUMED__TO__ASSUMED_POSITIVE_DEEP_STALL_MIRROR_OF_PERIODIC_CLOSURE_ASSUMED,,,0,LINEAR_BRIDGE_ASSUMED_POSITIVE_DEEP_STALL_MIRROR_OF_FLAT_PLATE_BRIDGE_ASSUMED__TO__ASSUMED_POSITIVE_DEEP_STALL_MIRROR_OF_PERIODIC_CLOSURE_ASSUMED,PROVISIONAL_SURROGATE_V0_DO_NOT_USE_FOR_FINAL_PASS
144,2.5132741228718345,0.675,1.223,-0.027,LINEAR_BRIDGE_ASSUMED_POSITIVE_DEEP_STALL_MIRROR_OF_FLAT_PLATE_BRIDGE_ASSUMED__TO__ASSUMED_POSITIVE_DEEP_STALL_MIRROR_OF_PERIODIC_CLOSURE_ASSUMED,,,0,LINEAR_BRIDGE_ASSUMED_POSITIVE_DEEP_STALL_MIRROR_OF_FLAT_PLATE_BRIDGE_ASSUMED__TO__ASSUMED_POSITIVE_DEEP_STALL_MIRROR_OF_PERIODIC_CLOSURE_ASSUMED,PROVISIONAL_SURROGATE_V0_DO_NOT_USE_FOR_FINAL_PASS
145,2.530727415391778,0.65625,1.1912500000000001,-0.02625,LINEAR_BRIDGE_ASSUMED_POSITIVE_DEEP_STALL_MIRROR_OF_FLAT_PLATE_BRIDGE_ASSUMED__TO__ASSUMED_POSITIVE_DEEP_STALL_MIRROR_OF_PERIODIC_CLOSURE_ASSUMED,,,0,LINEAR_BRIDGE_ASSUMED_POSITIVE_DEEP_STALL_MIRROR_OF_FLAT_PLATE_BRIDGE_ASSUMED__TO__ASSUMED_POSITIVE_DEEP_STALL_MIRROR_OF_PERIODIC_CLOSURE_ASSUMED,PROVISIONAL_SURROGATE_V0_DO_NOT_USE_FOR_FINAL_PASS
146,2.548180707911721,0.6375,1.1595,-0.0255,LINEAR_BRIDGE_ASSUMED_POSITIVE_DEEP_STALL_MIRROR_OF_FLAT_PLATE_BRIDGE_ASSUMED__TO__ASSUMED_POSITIVE_DEEP_STALL_MIRROR_OF_PERIODIC_CLOSURE_ASSUMED,,,0,LINEAR_BRIDGE_ASSUMED_POSITIVE_DEEP_STALL_MIRROR_OF_FLAT_PLATE_BRIDGE_ASSUMED__TO__ASSUMED_POSITIVE_DEEP_STALL_MIRROR_OF_PERIODIC_CLOSURE_ASSUMED,PROVISIONAL_SURROGATE_V0_DO_NOT_USE_FOR_FINAL_PASS
147,2.5656340004316642,0.6187499999999999,1.12775,-0.024749999999999998,LINEAR_BRIDGE_ASSUMED_POSITIVE_DEEP_STALL_MIRROR_OF_FLAT_PLATE_BRIDGE_ASSUMED__TO__ASSUMED_POSITIVE_DEEP_STALL_MIRROR_OF_PERIODIC_CLOSURE_ASSUMED,,,0,LINEAR_BRIDGE_ASSUMED_POSITIVE_DEEP_STALL_MIRROR_OF_FLAT_PLATE_BRIDGE_ASSUMED__TO__ASSUMED_POSITIVE_DEEP_STALL_MIRROR_OF_PERIODIC_CLOSURE_ASSUMED,PROVISIONAL_SURROGATE_V0_DO_NOT_USE_FOR_FINAL_PASS
148,2.5830872929516078,0.6000000000000001,1.096,-0.024,LINEAR_BRIDGE_ASSUMED_POSITIVE_DEEP_STALL_MIRROR_OF_FLAT_PLATE_BRIDGE_ASSUMED__TO__ASSUMED_POSITIVE_DEEP_STALL_MIRROR_OF_PERIODIC_CLOSURE_ASSUMED,,,0,LINEAR_BRIDGE_ASSUMED_POSITIVE_DEEP_STALL_MIRROR_OF_FLAT_PLATE_BRIDGE_ASSUMED__TO__ASSUMED_POSITIVE_DEEP_STALL_MIRROR_OF_PERIODIC_CLOSURE_ASSUMED,PROVISIONAL_SURROGATE_V0_DO_NOT_USE_FOR_FINAL_PASS
149,2.600540585471551,0.58125,1.0642500000000001,-0.02325,LINEAR_BRIDGE_ASSUMED_POSITIVE_DEEP_STALL_MIRROR_OF_FLAT_PLATE_BRIDGE_ASSUMED__TO__ASSUMED_POSITIVE_DEEP_STALL_MIRROR_OF_PERIODIC_CLOSURE_ASSUMED,,,0,LINEAR_BRIDGE_ASSUMED_POSITIVE_DEEP_STALL_MIRROR_OF_FLAT_PLATE_BRIDGE_ASSUMED__TO__ASSUMED_POSITIVE_DEEP_STALL_MIRROR_OF_PERIODIC_CLOSURE_ASSUMED,PROVISIONAL_SURROGATE_V0_DO_NOT_USE_FOR_FINAL_PASS
150,2.6179938779914944,0.5625,1.0325000000000002,-0.0225,LINEAR_BRIDGE_ASSUMED_POSITIVE_DEEP_STALL_MIRROR_OF_FLAT_PLATE_BRIDGE_ASSUMED__TO__ASSUMED_POSITIVE_DEEP_STALL_MIRROR_OF_PERIODIC_CLOSURE_ASSUMED,,,0,LINEAR_BRIDGE_ASSUMED_POSITIVE_DEEP_STALL_MIRROR_OF_FLAT_PLATE_BRIDGE_ASSUMED__TO__ASSUMED_POSITIVE_DEEP_STALL_MIRROR_OF_PERIODIC_CLOSURE_ASSUMED,PROVISIONAL_SURROGATE_V0_DO_NOT_USE_FOR_FINAL_PASS
151,2.6354471705114375,0.54375,1.00075,-0.02175,LINEAR_BRIDGE_ASSUMED_POSITIVE_DEEP_STALL_MIRROR_OF_FLAT_PLATE_BRIDGE_ASSUMED__TO__ASSUMED_POSITIVE_DEEP_STALL_MIRROR_OF_PERIODIC_CLOSURE_ASSUMED,,,0,LINEAR_BRIDGE_ASSUMED_POSITIVE_DEEP_STALL_MIRROR_OF_FLAT_PLATE_BRIDGE_ASSUMED__TO__ASSUMED_POSITIVE_DEEP_STALL_MIRROR_OF_PERIODIC_CLOSURE_ASSUMED,PROVISIONAL_SURROGATE_V0_DO_NOT_USE_FOR_FINAL_PASS
152,2.652900463031381,0.5249999999999999,0.969,-0.020999999999999998,LINEAR_BRIDGE_ASSUMED_POSITIVE_DEEP_STALL_MIRROR_OF_FLAT_PLATE_BRIDGE_ASSUMED__TO__ASSUMED_POSITIVE_DEEP_STALL_MIRROR_OF_PERIODIC_CLOSURE_ASSUMED,,,0,LINEAR_BRIDGE_ASSUMED_POSITIVE_DEEP_STALL_MIRROR_OF_FLAT_PLATE_BRIDGE_ASSUMED__TO__ASSUMED_POSITIVE_DEEP_STALL_MIRROR_OF_PERIODIC_CLOSURE_ASSUMED,PROVISIONAL_SURROGATE_V0_DO_NOT_USE_FOR_FINAL_PASS
153,2.670353755551324,0.5062500000000001,0.9372500000000001,-0.02025,LINEAR_BRIDGE_ASSUMED_POSITIVE_DEEP_STALL_MIRROR_OF_FLAT_PLATE_BRIDGE_ASSUMED__TO__ASSUMED_POSITIVE_DEEP_STALL_MIRROR_OF_PERIODIC_CLOSURE_ASSUMED,,,0,LINEAR_BRIDGE_ASSUMED_POSITIVE_DEEP_STALL_MIRROR_OF_FLAT_PLATE_BRIDGE_ASSUMED__TO__ASSUMED_POSITIVE_DEEP_STALL_MIRROR_OF_PERIODIC_CLOSURE_ASSUMED,PROVISIONAL_SURROGATE_V0_DO_NOT_USE_FOR_FINAL_PASS
154,2.6878070480712677,0.48750000000000004,0.9055000000000001,-0.0195,LINEAR_BRIDGE_ASSUMED_POSITIVE_DEEP_STALL_MIRROR_OF_FLAT_PLATE_BRIDGE_ASSUMED__TO__ASSUMED_POSITIVE_DEEP_STALL_MIRROR_OF_PERIODIC_CLOSURE_ASSUMED,,,0,LINEAR_BRIDGE_ASSUMED_POSITIVE_DEEP_STALL_MIRROR_OF_FLAT_PLATE_BRIDGE_ASSUMED__TO__ASSUMED_POSITIVE_DEEP_STALL_MIRROR_OF_PERIODIC_CLOSURE_ASSUMED,PROVISIONAL_SURROGATE_V0_DO_NOT_USE_FOR_FINAL_PASS
155,2.705260340591211,0.46875,0.87375,-0.01875,LINEAR_BRIDGE_ASSUMED_POSITIVE_DEEP_STALL_MIRROR_OF_FLAT_PLATE_BRIDGE_ASSUMED__TO__ASSUMED_POSITIVE_DEEP_STALL_MIRROR_OF_PERIODIC_CLOSURE_ASSUMED,,,0,LINEAR_BRIDGE_ASSUMED_POSITIVE_DEEP_STALL_MIRROR_OF_FLAT_PLATE_BRIDGE_ASSUMED__TO__ASSUMED_POSITIVE_DEEP_STALL_MIRROR_OF_PERIODIC_CLOSURE_ASSUMED,PROVISIONAL_SURROGATE_V0_DO_NOT_USE_FOR_FINAL_PASS
156,2.722713633111154,0.44999999999999996,0.8420000000000001,-0.018,LINEAR_BRIDGE_ASSUMED_POSITIVE_DEEP_STALL_MIRROR_OF_FLAT_PLATE_BRIDGE_ASSUMED__TO__ASSUMED_POSITIVE_DEEP_STALL_MIRROR_OF_PERIODIC_CLOSURE_ASSUMED,,,0,LINEAR_BRIDGE_ASSUMED_POSITIVE_DEEP_STALL_MIRROR_OF_FLAT_PLATE_BRIDGE_ASSUMED__TO__ASSUMED_POSITIVE_DEEP_STALL_MIRROR_OF_PERIODIC_CLOSURE_ASSUMED,PROVISIONAL_SURROGATE_V0_DO_NOT_USE_FOR_FINAL_PASS
157,2.7401669256310974,0.43124999999999997,0.81025,-0.017249999999999998,LINEAR_BRIDGE_ASSUMED_POSITIVE_DEEP_STALL_MIRROR_OF_FLAT_PLATE_BRIDGE_ASSUMED__TO__ASSUMED_POSITIVE_DEEP_STALL_MIRROR_OF_PERIODIC_CLOSURE_ASSUMED,,,0,LINEAR_BRIDGE_ASSUMED_POSITIVE_DEEP_STALL_MIRROR_OF_FLAT_PLATE_BRIDGE_ASSUMED__TO__ASSUMED_POSITIVE_DEEP_STALL_MIRROR_OF_PERIODIC_CLOSURE_ASSUMED,PROVISIONAL_SURROGATE_V0_DO_NOT_USE_FOR_FINAL_PASS
158,2.7576202181510405,0.41250000000000003,0.7785000000000002,-0.0165,LINEAR_BRIDGE_ASSUMED_POSITIVE_DEEP_STALL_MIRROR_OF_FLAT_PLATE_BRIDGE_ASSUMED__TO__ASSUMED_POSITIVE_DEEP_STALL_MIRROR_OF_PERIODIC_CLOSURE_ASSUMED,,,0,LINEAR_BRIDGE_ASSUMED_POSITIVE_DEEP_STALL_MIRROR_OF_FLAT_PLATE_BRIDGE_ASSUMED__TO__ASSUMED_POSITIVE_DEEP_STALL_MIRROR_OF_PERIODIC_CLOSURE_ASSUMED,PROVISIONAL_SURROGATE_V0_DO_NOT_USE_FOR_FINAL_PASS
159,2.775073510670984,0.39375000000000004,0.7467500000000001,-0.01575,LINEAR_BRIDGE_ASSUMED_POSITIVE_DEEP_STALL_MIRROR_OF_FLAT_PLATE_BRIDGE_ASSUMED__TO__ASSUMED_POSITIVE_DEEP_STALL_MIRROR_OF_PERIODIC_CLOSURE_ASSUMED,,,0,LINEAR_BRIDGE_ASSUMED_POSITIVE_DEEP_STALL_MIRROR_OF_FLAT_PLATE_BRIDGE_ASSUMED__TO__ASSUMED_POSITIVE_DEEP_STALL_MIRROR_OF_PERIODIC_CLOSURE_ASSUMED,PROVISIONAL_SURROGATE_V0_DO_NOT_USE_FOR_FINAL_PASS
160,2.792526803190927,0.375,0.7150000000000001,-0.015,LINEAR_BRIDGE_ASSUMED_POSITIVE_DEEP_STALL_MIRROR_OF_FLAT_PLATE_BRIDGE_ASSUMED__TO__ASSUMED_POSITIVE_DEEP_STALL_MIRROR_OF_PERIODIC_CLOSURE_ASSUMED,,,0,LINEAR_BRIDGE_ASSUMED_POSITIVE_DEEP_STALL_MIRROR_OF_FLAT_PLATE_BRIDGE_ASSUMED__TO__ASSUMED_POSITIVE_DEEP_STALL_MIRROR_OF_PERIODIC_CLOSURE_ASSUMED,PROVISIONAL_SURROGATE_V0_DO_NOT_USE_FOR_FINAL_PASS
161,2.8099800957108707,0.35624999999999996,0.68325,-0.014249999999999999,LINEAR_BRIDGE_ASSUMED_POSITIVE_DEEP_STALL_MIRROR_OF_FLAT_PLATE_BRIDGE_ASSUMED__TO__ASSUMED_POSITIVE_DEEP_STALL_MIRROR_OF_PERIODIC_CLOSURE_ASSUMED,,,0,LINEAR_BRIDGE_ASSUMED_POSITIVE_DEEP_STALL_MIRROR_OF_FLAT_PLATE_BRIDGE_ASSUMED__TO__ASSUMED_POSITIVE_DEEP_STALL_MIRROR_OF_PERIODIC_CLOSURE_ASSUMED,PROVISIONAL_SURROGATE_V0_DO_NOT_USE_FOR_FINAL_PASS
162,2.827433388230814,0.33749999999999997,0.6515,-0.013499999999999998,LINEAR_BRIDGE_ASSUMED_POSITIVE_DEEP_STALL_MIRROR_OF_FLAT_PLATE_BRIDGE_ASSUMED__TO__ASSUMED_POSITIVE_DEEP_STALL_MIRROR_OF_PERIODIC_CLOSURE_ASSUMED,,,0,LINEAR_BRIDGE_ASSUMED_POSITIVE_DEEP_STALL_MIRROR_OF_FLAT_PLATE_BRIDGE_ASSUMED__TO__ASSUMED_POSITIVE_DEEP_STALL_MIRROR_OF_PERIODIC_CLOSURE_ASSUMED,PROVISIONAL_SURROGATE_V0_DO_NOT_USE_FOR_FINAL_PASS
163,2.8448866807507573,0.31875000000000003,0.6197500000000001,-0.012750000000000001,LINEAR_BRIDGE_ASSUMED_POSITIVE_DEEP_STALL_MIRROR_OF_FLAT_PLATE_BRIDGE_ASSUMED__TO__ASSUMED_POSITIVE_DEEP_STALL_MIRROR_OF_PERIODIC_CLOSURE_ASSUMED,,,0,LINEAR_BRIDGE_ASSUMED_POSITIVE_DEEP_STALL_MIRROR_OF_FLAT_PLATE_BRIDGE_ASSUMED__TO__ASSUMED_POSITIVE_DEEP_STALL_MIRROR_OF_PERIODIC_CLOSURE_ASSUMED,PROVISIONAL_SURROGATE_V0_DO_NOT_USE_FOR_FINAL_PASS
164,2.8623399732707004,0.30000000000000004,0.5880000000000001,-0.012,LINEAR_BRIDGE_ASSUMED_POSITIVE_DEEP_STALL_MIRROR_OF_FLAT_PLATE_BRIDGE_ASSUMED__TO__ASSUMED_POSITIVE_DEEP_STALL_MIRROR_OF_PERIODIC_CLOSURE_ASSUMED,,,0,LINEAR_BRIDGE_ASSUMED_POSITIVE_DEEP_STALL_MIRROR_OF_FLAT_PLATE_BRIDGE_ASSUMED__TO__ASSUMED_POSITIVE_DEEP_STALL_MIRROR_OF_PERIODIC_CLOSURE_ASSUMED,PROVISIONAL_SURROGATE_V0_DO_NOT_USE_FOR_FINAL_PASS
165,2.8797932657906435,0.28125,0.5562500000000001,-0.01125,LINEAR_BRIDGE_ASSUMED_POSITIVE_DEEP_STALL_MIRROR_OF_FLAT_PLATE_BRIDGE_ASSUMED__TO__ASSUMED_POSITIVE_DEEP_STALL_MIRROR_OF_PERIODIC_CLOSURE_ASSUMED,,,0,LINEAR_BRIDGE_ASSUMED_POSITIVE_DEEP_STALL_MIRROR_OF_FLAT_PLATE_BRIDGE_ASSUMED__TO__ASSUMED_POSITIVE_DEEP_STALL_MIRROR_OF_PERIODIC_CLOSURE_ASSUMED,PROVISIONAL_SURROGATE_V0_DO_NOT_USE_FOR_FINAL_PASS
166,2.897246558310587,0.26249999999999996,0.5245,-0.010499999999999999,LINEAR_BRIDGE_ASSUMED_POSITIVE_DEEP_STALL_MIRROR_OF_FLAT_PLATE_BRIDGE_ASSUMED__TO__ASSUMED_POSITIVE_DEEP_STALL_MIRROR_OF_PERIODIC_CLOSURE_ASSUMED,,,0,LINEAR_BRIDGE_ASSUMED_POSITIVE_DEEP_STALL_MIRROR_OF_FLAT_PLATE_BRIDGE_ASSUMED__TO__ASSUMED_POSITIVE_DEEP_STALL_MIRROR_OF_PERIODIC_CLOSURE_ASSUMED,PROVISIONAL_SURROGATE_V0_DO_NOT_USE_FOR_FINAL_PASS
167,2.91469985083053,0.24374999999999997,0.49274999999999997,-0.009749999999999998,LINEAR_BRIDGE_ASSUMED_POSITIVE_DEEP_STALL_MIRROR_OF_FLAT_PLATE_BRIDGE_ASSUMED__TO__ASSUMED_POSITIVE_DEEP_STALL_MIRROR_OF_PERIODIC_CLOSURE_ASSUMED,,,0,LINEAR_BRIDGE_ASSUMED_POSITIVE_DEEP_STALL_MIRROR_OF_FLAT_PLATE_BRIDGE_ASSUMED__TO__ASSUMED_POSITIVE_DEEP_STALL_MIRROR_OF_PERIODIC_CLOSURE_ASSUMED,PROVISIONAL_SURROGATE_V0_DO_NOT_USE_FOR_FINAL_PASS
168,2.9321531433504737,0.22500000000000003,0.4610000000000001,-0.009000000000000001,LINEAR_BRIDGE_ASSUMED_POSITIVE_DEEP_STALL_MIRROR_OF_FLAT_PLATE_BRIDGE_ASSUMED__TO__ASSUMED_POSITIVE_DEEP_STALL_MIRROR_OF_PERIODIC_CLOSURE_ASSUMED,,,0,LINEAR_BRIDGE_ASSUMED_POSITIVE_DEEP_STALL_MIRROR_OF_FLAT_PLATE_BRIDGE_ASSUMED__TO__ASSUMED_POSITIVE_DEEP_STALL_MIRROR_OF_PERIODIC_CLOSURE_ASSUMED,PROVISIONAL_SURROGATE_V0_DO_NOT_USE_FOR_FINAL_PASS
169,2.949606435870417,0.20625000000000002,0.4292500000000001,-0.00825,LINEAR_BRIDGE_ASSUMED_POSITIVE_DEEP_STALL_MIRROR_OF_FLAT_PLATE_BRIDGE_ASSUMED__TO__ASSUMED_POSITIVE_DEEP_STALL_MIRROR_OF_PERIODIC_CLOSURE_ASSUMED,,,0,LINEAR_BRIDGE_ASSUMED_POSITIVE_DEEP_STALL_MIRROR_OF_FLAT_PLATE_BRIDGE_ASSUMED__TO__ASSUMED_POSITIVE_DEEP_STALL_MIRROR_OF_PERIODIC_CLOSURE_ASSUMED,PROVISIONAL_SURROGATE_V0_DO_NOT_USE_FOR_FINAL_PASS
170,2.9670597283903604,0.1875,0.3975,-0.0075,LINEAR_BRIDGE_ASSUMED_POSITIVE_DEEP_STALL_MIRROR_OF_FLAT_PLATE_BRIDGE_ASSUMED__TO__ASSUMED_POSITIVE_DEEP_STALL_MIRROR_OF_PERIODIC_CLOSURE_ASSUMED,,,0,LINEAR_BRIDGE_ASSUMED_POSITIVE_DEEP_STALL_MIRROR_OF_FLAT_PLATE_BRIDGE_ASSUMED__TO__ASSUMED_POSITIVE_DEEP_STALL_MIRROR_OF_PERIODIC_CLOSURE_ASSUMED,PROVISIONAL_SURROGATE_V0_DO_NOT_USE_FOR_FINAL_PASS
171,2.9845130209103035,0.16874999999999998,0.36574999999999996,-0.006749999999999999,LINEAR_BRIDGE_ASSUMED_POSITIVE_DEEP_STALL_MIRROR_OF_FLAT_PLATE_BRIDGE_ASSUMED__TO__ASSUMED_POSITIVE_DEEP_STALL_MIRROR_OF_PERIODIC_CLOSURE_ASSUMED,,,0,LINEAR_BRIDGE_ASSUMED_POSITIVE_DEEP_STALL_MIRROR_OF_FLAT_PLATE_BRIDGE_ASSUMED__TO__ASSUMED_POSITIVE_DEEP_STALL_MIRROR_OF_PERIODIC_CLOSURE_ASSUMED,PROVISIONAL_SURROGATE_V0_DO_NOT_USE_FOR_FINAL_PASS
172,3.001966313430247,0.14999999999999997,0.33399999999999996,-0.005999999999999998,LINEAR_BRIDGE_ASSUMED_POSITIVE_DEEP_STALL_MIRROR_OF_FLAT_PLATE_BRIDGE_ASSUMED__TO__ASSUMED_POSITIVE_DEEP_STALL_MIRROR_OF_PERIODIC_CLOSURE_ASSUMED,,,0,LINEAR_BRIDGE_ASSUMED_POSITIVE_DEEP_STALL_MIRROR_OF_FLAT_PLATE_BRIDGE_ASSUMED__TO__ASSUMED_POSITIVE_DEEP_STALL_MIRROR_OF_PERIODIC_CLOSURE_ASSUMED,PROVISIONAL_SURROGATE_V0_DO_NOT_USE_FOR_FINAL_PASS
173,3.01941960595019,0.13125000000000003,0.3022500000000001,-0.005250000000000001,LINEAR_BRIDGE_ASSUMED_POSITIVE_DEEP_STALL_MIRROR_OF_FLAT_PLATE_BRIDGE_ASSUMED__TO__ASSUMED_POSITIVE_DEEP_STALL_MIRROR_OF_PERIODIC_CLOSURE_ASSUMED,,,0,LINEAR_BRIDGE_ASSUMED_POSITIVE_DEEP_STALL_MIRROR_OF_FLAT_PLATE_BRIDGE_ASSUMED__TO__ASSUMED_POSITIVE_DEEP_STALL_MIRROR_OF_PERIODIC_CLOSURE_ASSUMED,PROVISIONAL_SURROGATE_V0_DO_NOT_USE_FOR_FINAL_PASS
174,3.036872898470133,0.11250000000000002,0.2705000000000001,-0.0045000000000000005,LINEAR_BRIDGE_ASSUMED_POSITIVE_DEEP_STALL_MIRROR_OF_FLAT_PLATE_BRIDGE_ASSUMED__TO__ASSUMED_POSITIVE_DEEP_STALL_MIRROR_OF_PERIODIC_CLOSURE_ASSUMED,,,0,LINEAR_BRIDGE_ASSUMED_POSITIVE_DEEP_STALL_MIRROR_OF_FLAT_PLATE_BRIDGE_ASSUMED__TO__ASSUMED_POSITIVE_DEEP_STALL_MIRROR_OF_PERIODIC_CLOSURE_ASSUMED,PROVISIONAL_SURROGATE_V0_DO_NOT_USE_FOR_FINAL_PASS
175,3.0543261909900767,0.09375,0.23875000000000002,-0.00375,LINEAR_BRIDGE_ASSUMED_POSITIVE_DEEP_STALL_MIRROR_OF_FLAT_PLATE_BRIDGE_ASSUMED__TO__ASSUMED_POSITIVE_DEEP_STALL_MIRROR_OF_PERIODIC_CLOSURE_ASSUMED,,,0,LINEAR_BRIDGE_ASSUMED_POSITIVE_DEEP_STALL_MIRROR_OF_FLAT_PLATE_BRIDGE_ASSUMED__TO__ASSUMED_POSITIVE_DEEP_STALL_MIRROR_OF_PERIODIC_CLOSURE_ASSUMED,PROVISIONAL_SURROGATE_V0_DO_NOT_USE_FOR_FINAL_PASS
176,3.07177948351002,0.07499999999999998,0.207,-0.002999999999999999,LINEAR_BRIDGE_ASSUMED_POSITIVE_DEEP_STALL_MIRROR_OF_FLAT_PLATE_BRIDGE_ASSUMED__TO__ASSUMED_POSITIVE_DEEP_STALL_MIRROR_OF_PERIODIC_CLOSURE_ASSUMED,,,0,LINEAR_BRIDGE_ASSUMED_POSITIVE_DEEP_STALL_MIRROR_OF_FLAT_PLATE_BRIDGE_ASSUMED__TO__ASSUMED_POSITIVE_DEEP_STALL_MIRROR_OF_PERIODIC_CLOSURE_ASSUMED,PROVISIONAL_SURROGATE_V0_DO_NOT_USE_FOR_FINAL_PASS
177,3.0892327760299634,0.05624999999999997,0.17524999999999996,-0.0022499999999999985,LINEAR_BRIDGE_ASSUMED_POSITIVE_DEEP_STALL_MIRROR_OF_FLAT_PLATE_BRIDGE_ASSUMED__TO__ASSUMED_POSITIVE_DEEP_STALL_MIRROR_OF_PERIODIC_CLOSURE_ASSUMED,,,0,LINEAR_BRIDGE_ASSUMED_POSITIVE_DEEP_STALL_MIRROR_OF_FLAT_PLATE_BRIDGE_ASSUMED__TO__ASSUMED_POSITIVE_DEEP_STALL_MIRROR_OF_PERIODIC_CLOSURE_ASSUMED,PROVISIONAL_SURROGATE_V0_DO_NOT_USE_FOR_FINAL_PASS
178,3.1066860685499065,0.03750000000000003,0.14350000000000007,-0.0015000000000000013,LINEAR_BRIDGE_ASSUMED_POSITIVE_DEEP_STALL_MIRROR_OF_FLAT_PLATE_BRIDGE_ASSUMED__TO__ASSUMED_POSITIVE_DEEP_STALL_MIRROR_OF_PERIODIC_CLOSURE_ASSUMED,,,0,LINEAR_BRIDGE_ASSUMED_POSITIVE_DEEP_STALL_MIRROR_OF_FLAT_PLATE_BRIDGE_ASSUMED__TO__ASSUMED_POSITIVE_DEEP_STALL_MIRROR_OF_PERIODIC_CLOSURE_ASSUMED,PROVISIONAL_SURROGATE_V0_DO_NOT_USE_FOR_FINAL_PASS
179,3.12413936106985,0.018750000000000017,0.11175000000000003,-0.0007500000000000007,LINEAR_BRIDGE_ASSUMED_POSITIVE_DEEP_STALL_MIRROR_OF_FLAT_PLATE_BRIDGE_ASSUMED__TO__ASSUMED_POSITIVE_DEEP_STALL_MIRROR_OF_PERIODIC_CLOSURE_ASSUMED,,,0,LINEAR_BRIDGE_ASSUMED_POSITIVE_DEEP_STALL_MIRROR_OF_FLAT_PLATE_BRIDGE_ASSUMED__TO__ASSUMED_POSITIVE_DEEP_STALL_MIRROR_OF_PERIODIC_CLOSURE_ASSUMED,PROVISIONAL_SURROGATE_V0_DO_NOT_USE_FOR_FINAL_PASS
180,3.141592653589793,-0.0,0.08,-0.0,ASSUMED_POSITIVE_DEEP_STALL_MIRROR_OF_PERIODIC_CLOSURE_ASSUMED,,,0,ASSUMED_POSITIVE_DEEP_STALL_MIRROR_OF_PERIODIC_CLOSURE_ASSUMED,PROVISIONAL_SURROGATE_V0_DO_NOT_USE_FOR_FINAL_PASS
